{"type":"FeatureCollection","features":[{"type":"Feature","properties":{"Name":"Hackney","description":null,"timestamp":null,"begin":null,"end":null,"altitudeMode":null,"tessellate":-1,"extrude":0,"visibility":-1,"drawOrder":"NA","icon":null,"ltla22cd":"E09000012","ltla22nm":"Hackney","ltla22nmw":null,"label":"E92000001E12000007E09000012","stroke-opacity":0.2,"stroke-width":0.25,"stroke":"#388E3C","fill-opacity":0.1,"fill":"#388E3C","LengthInMetres":14281,"Title":null,"Direction":null,"Flow":null,"Protection":null,"RoadOwnership":null,"YearBuilt":null,"Borough":null},"geometry":{"type":"Polygon","coordinates":[[[-0.0913768,51.5281597],[-0.0914181,51.5281703],[-0.0914308,51.5281735],[-0.0914349,51.5281746],[-0.0914839,51.5281871],[-0.0915047,51.5281925],[-0.0916208,51.5282222],[-0.0916522,51.5282303],[-0.0919363,51.5283032],[-0.0920455,51.5283312],[-0.0922228,51.5283766],[-0.0922983,51.528396],[-0.0924519,51.5284354],[-0.0926482,51.5284857],[-0.0926666,51.5284905],[-0.0927666,51.5285163],[-0.0929954,51.5285748],[-0.093077,51.5285957],[-0.0930825,51.5285971],[-0.0932846,51.5286489],[-0.0935309,51.5287121],[-0.0936278,51.528737],[-0.0937053,51.5287568],[-0.0938172,51.5287855],[-0.0939519,51.5288201],[-0.0939605,51.5288223],[-0.0940348,51.5288413],[-0.094045,51.528844],[-0.0943273,51.5289163],[-0.094364,51.5289258],[-0.0944909,51.5289583],[-0.0950298,51.5290965],[-0.0954072,51.5291935],[-0.0954049,51.5291977],[-0.095332,51.5293283],[-0.0953001,51.5293854],[-0.0952738,51.5294326],[-0.0951947,51.5295743],[-0.0951434,51.5296663],[-0.0951079,51.5297545],[-0.0951021,51.5297688],[-0.0950931,51.5297913],[-0.0950903,51.5298102],[-0.0950889,51.5298199],[-0.0950867,51.5298353],[-0.095083,51.5298604],[-0.095083,51.5299051],[-0.0950835,51.5299256],[-0.0950873,51.5299418],[-0.0950975,51.5299847],[-0.0951138,51.5300513],[-0.0951848,51.5301939],[-0.0951917,51.5302077],[-0.0952357,51.5302959],[-0.0952577,51.5303401],[-0.0953058,51.5304364],[-0.0953192,51.5304633],[-0.0953426,51.5305006],[-0.0953669,51.5305391],[-0.0954349,51.530647],[-0.095524,51.5307866],[-0.0957233,51.5310669],[-0.0958047,51.5311806],[-0.0958121,51.5311913],[-0.0958234,51.5312074],[-0.0958949,51.5313081],[-0.0959509,51.5313927],[-0.0959735,51.5314269],[-0.0960037,51.5314725],[-0.0960839,51.5315937],[-0.0960915,51.531605],[-0.0961168,51.5316433],[-0.0961213,51.53165],[-0.0961316,51.5316655],[-0.0962312,51.531816],[-0.0962343,51.5318206],[-0.0962611,51.5318611],[-0.0963303,51.5319614],[-0.0963647,51.5320112],[-0.096372,51.5320217],[-0.0963988,51.5320606],[-0.0964116,51.5320791],[-0.096462,51.5321521],[-0.096476,51.5321724],[-0.0964928,51.5321967],[-0.0964958,51.532201],[-0.0964994,51.5322063],[-0.0965985,51.5323497],[-0.0967153,51.5325188],[-0.096827,51.5326807],[-0.0968742,51.532749],[-0.096898,51.5327835],[-0.0970335,51.5329812],[-0.0965523,51.5331099],[-0.0961259,51.5332452],[-0.0951761,51.5335869],[-0.0950471,51.5336338],[-0.0950506,51.5337042],[-0.0949774,51.5337319],[-0.0949457,51.5337438],[-0.0948417,51.5337832],[-0.0946339,51.5338617],[-0.094554,51.5338917],[-0.0944852,51.533855],[-0.0943361,51.5339095],[-0.0942278,51.5339491],[-0.0942094,51.5339558],[-0.0939877,51.5340369],[-0.093899,51.5340744],[-0.0938168,51.5341088],[-0.0933678,51.5342977],[-0.0932841,51.5343329],[-0.0932796,51.5343349],[-0.0931042,51.534415],[-0.0930123,51.534457],[-0.092998,51.5344635],[-0.0929921,51.5344662],[-0.0928854,51.5345149],[-0.0928813,51.5345168],[-0.0928646,51.5345244],[-0.0928373,51.5345369],[-0.0927881,51.5345593],[-0.0927598,51.5345722],[-0.092708,51.5345959],[-0.0926988,51.5346001],[-0.0926879,51.534605],[-0.092671,51.5346128],[-0.0925603,51.5346633],[-0.0925546,51.5346659],[-0.0925482,51.5346688],[-0.0925017,51.5346914],[-0.0924724,51.5347056],[-0.092419,51.5347315],[-0.0923471,51.5347664],[-0.0923352,51.5347722],[-0.0923316,51.5347739],[-0.0922827,51.5347976],[-0.0922253,51.5348255],[-0.0921483,51.5348628],[-0.0921302,51.5348716],[-0.0921114,51.5348807],[-0.0920889,51.5348916],[-0.0920422,51.5349143],[-0.0920226,51.5349238],[-0.0919979,51.5349358],[-0.0919816,51.5349437],[-0.0919345,51.5349669],[-0.0917862,51.5350398],[-0.0917181,51.5350732],[-0.0916689,51.5350974],[-0.091613,51.5351249],[-0.0915988,51.5351319],[-0.0915881,51.5351371],[-0.0915565,51.5351525],[-0.0915079,51.535176],[-0.0914169,51.5352201],[-0.0913945,51.535231],[-0.0913744,51.5352407],[-0.0913172,51.5352656],[-0.0912389,51.5352997],[-0.0911725,51.5353287],[-0.0911547,51.5353364],[-0.0911289,51.5353477],[-0.0911252,51.5353493],[-0.0911215,51.5353509],[-0.0911007,51.5353599],[-0.0910561,51.5353794],[-0.0909699,51.5354169],[-0.090948,51.5354265],[-0.0909246,51.5354367],[-0.0908891,51.5354522],[-0.0908852,51.5354538],[-0.0908289,51.5354784],[-0.0908007,51.5354906],[-0.0907843,51.5354978],[-0.0907787,51.5355003],[-0.0907731,51.5355027],[-0.0907191,51.5355294],[-0.0906736,51.5355519],[-0.0906654,51.535556],[-0.0906296,51.5355737],[-0.0906172,51.5355798],[-0.0905663,51.5356051],[-0.0905195,51.5356282],[-0.0904792,51.5356481],[-0.0904565,51.5356594],[-0.0904364,51.5356693],[-0.0904011,51.5356868],[-0.0903512,51.5357115],[-0.0903151,51.5357294],[-0.0902578,51.5357577],[-0.0902292,51.5357703],[-0.0902203,51.5357742],[-0.0901702,51.5357962],[-0.0901442,51.5358076],[-0.0901321,51.5358129],[-0.090126,51.5358155],[-0.0901189,51.5358187],[-0.0897846,51.5359654],[-0.0897115,51.5359975],[-0.0897042,51.5360006],[-0.0896906,51.5360077],[-0.0895376,51.5360868],[-0.0895313,51.5360901],[-0.0895018,51.5361053],[-0.0894511,51.5361316],[-0.0893827,51.5361669],[-0.0891414,51.5362917],[-0.0890435,51.5363439],[-0.088977,51.5363794],[-0.0888623,51.5364405],[-0.088663,51.5365467],[-0.0885871,51.5365848],[-0.0885189,51.536619],[-0.0884549,51.5366511],[-0.0884302,51.5366635],[-0.0883427,51.5367074],[-0.0882952,51.5367313],[-0.088199,51.5367796],[-0.0881,51.5368283],[-0.088088,51.5368342],[-0.0880429,51.5368564],[-0.0879933,51.5368808],[-0.0878118,51.5369702],[-0.0877011,51.5370246],[-0.0876175,51.5370573],[-0.0876048,51.5370622],[-0.0875542,51.537082],[-0.0874116,51.5371377],[-0.0872601,51.5371758],[-0.0871595,51.5372012],[-0.0870864,51.5372196],[-0.0870143,51.5372328],[-0.0869531,51.5372439],[-0.0869196,51.53725],[-0.0868176,51.5372686],[-0.0866181,51.5372555],[-0.0866085,51.5372855],[-0.0865973,51.5373205],[-0.0865967,51.537336],[-0.0865804,51.5373987],[-0.0865783,51.5374027],[-0.0865487,51.537436],[-0.0864835,51.5375236],[-0.0864699,51.5375424],[-0.0864633,51.5375516],[-0.0864486,51.5375971],[-0.0864397,51.5376247],[-0.0864053,51.5377315],[-0.0862288,51.5382103],[-0.0861819,51.5383377],[-0.0861764,51.5383527],[-0.0861703,51.5383692],[-0.0861681,51.5383752],[-0.0861651,51.5383834],[-0.0861405,51.5384501],[-0.0860855,51.5385993],[-0.0860361,51.5387335],[-0.0859925,51.5388628],[-0.0859487,51.5389928],[-0.0859239,51.5390664],[-0.0858826,51.5391891],[-0.0858629,51.5392473],[-0.0858487,51.539287],[-0.085837,51.5393243],[-0.0858336,51.5393343],[-0.085807,51.5394134],[-0.085769,51.5395255],[-0.085711,51.5396983],[-0.0856949,51.539746],[-0.0856879,51.5397667],[-0.0856844,51.5397771],[-0.085683,51.5397814],[-0.0856586,51.5398588],[-0.0856517,51.5398807],[-0.0856232,51.5399711],[-0.0855943,51.5400629],[-0.0855895,51.5400779],[-0.0855849,51.5400927],[-0.0855788,51.5401119],[-0.0855423,51.5402279],[-0.0855414,51.5402306],[-0.0855401,51.5402348],[-0.0855274,51.540275],[-0.0855206,51.5402966],[-0.0855065,51.5403414],[-0.0854958,51.5403753],[-0.0854673,51.5404463],[-0.0854519,51.5404849],[-0.0853962,51.5406235],[-0.0853715,51.540684],[-0.0853699,51.5406892],[-0.0853561,51.5407234],[-0.0853211,51.5408108],[-0.085304,51.5408533],[-0.085276,51.5409232],[-0.085255,51.5409755],[-0.0852475,51.5409941],[-0.0852272,51.5410447],[-0.0852185,51.5410663],[-0.0851998,51.541113],[-0.0851873,51.5411441],[-0.085184,51.5411525],[-0.0851464,51.541246],[-0.0851387,51.5412652],[-0.0851005,51.5413604],[-0.0850834,51.5414032],[-0.0850314,51.5415326],[-0.085021,51.5415586],[-0.0850048,51.541599],[-0.0849836,51.5416518],[-0.0849448,51.5417484],[-0.0849409,51.5417581],[-0.0849338,51.5417757],[-0.0848687,51.5419381],[-0.0848315,51.5420309],[-0.0848274,51.5420411],[-0.084824,51.5420495],[-0.0848001,51.542109],[-0.0847964,51.5421183],[-0.0847751,51.5421714],[-0.0847723,51.5421782],[-0.0847618,51.5422043],[-0.0847573,51.5422157],[-0.0847246,51.5422972],[-0.0847211,51.5423058],[-0.0847191,51.5423109],[-0.0847163,51.5423179],[-0.0846905,51.542382],[-0.0846845,51.5423974],[-0.0846795,51.5424103],[-0.0846716,51.5424305],[-0.0846682,51.5424391],[-0.0846627,51.5424532],[-0.084646,51.5424959],[-0.0846438,51.5425002],[-0.0846185,51.5425663],[-0.0845725,51.5426839],[-0.0845679,51.5426959],[-0.0845644,51.5427048],[-0.0845423,51.5427613],[-0.0845289,51.5427956],[-0.084521,51.5428157],[-0.0845199,51.5428187],[-0.0845162,51.5428282],[-0.0845086,51.5428475],[-0.0845006,51.542868],[-0.0844951,51.5428822],[-0.0844715,51.5429424],[-0.0844411,51.5430202],[-0.0844333,51.5430402],[-0.0843988,51.5431278],[-0.0843963,51.543135],[-0.0843821,51.5431712],[-0.0843279,51.54331],[-0.0843268,51.5433128],[-0.0842987,51.5433846],[-0.0842823,51.5434266],[-0.0842695,51.5434595],[-0.0842603,51.543483],[-0.0842561,51.5434936],[-0.0842473,51.5435163],[-0.0842263,51.54357],[-0.0842213,51.5435827],[-0.0842162,51.5435959],[-0.0842061,51.5436215],[-0.0841887,51.5436662],[-0.0841783,51.5436927],[-0.08415,51.5437656],[-0.0841461,51.5437753],[-0.0841426,51.5437841],[-0.0841144,51.5438563],[-0.0840913,51.5439155],[-0.0840892,51.5439208],[-0.0840856,51.5439299],[-0.084065,51.5439852],[-0.0840541,51.5440143],[-0.0840502,51.5440247],[-0.0840346,51.5440664],[-0.0840057,51.5441438],[-0.0839947,51.5441733],[-0.0839799,51.544213],[-0.0839711,51.5442366],[-0.0839679,51.544245],[-0.0839641,51.5442552],[-0.0839533,51.5442843],[-0.0839415,51.5443158],[-0.0839374,51.5443267],[-0.0839152,51.5443863],[-0.0838984,51.5444312],[-0.0838939,51.5444431],[-0.0838838,51.5444703],[-0.0838731,51.5444989],[-0.0838677,51.5445134],[-0.0838425,51.5445809],[-0.0838404,51.5445863],[-0.0838261,51.5446247],[-0.0838224,51.5446347],[-0.0838022,51.5446887],[-0.083798,51.5446999],[-0.0837775,51.5447548],[-0.0837691,51.5447774],[-0.0837632,51.5447932],[-0.0837483,51.5448329],[-0.0837322,51.5448759],[-0.0836985,51.5449664],[-0.0836789,51.5450187],[-0.0836621,51.5450637],[-0.0836599,51.5450744],[-0.0836556,51.5450955],[-0.0836489,51.5451279],[-0.0836439,51.5451521],[-0.0836295,51.545223],[-0.0836389,51.5452867],[-0.0836427,51.5453118],[-0.083648,51.5453461],[-0.0836487,51.5453509],[-0.0836535,51.5453823],[-0.0836547,51.54539],[-0.0836608,51.54543],[-0.0836617,51.5454364],[-0.0836705,51.5454937],[-0.0836782,51.5455442],[-0.0836844,51.5455849],[-0.0836866,51.5455993],[-0.0836887,51.545613],[-0.0836898,51.54562],[-0.0836909,51.545627],[-0.0837023,51.5457022],[-0.0837038,51.5457119],[-0.0837117,51.5457635],[-0.0837182,51.5458057],[-0.0837228,51.545836],[-0.0837752,51.5461788],[-0.08381,51.5464066],[-0.0838364,51.5465799],[-0.0838384,51.5465929],[-0.0838391,51.5465973],[-0.083839,51.5466026],[-0.0838151,51.5466017],[-0.083775,51.5466001],[-0.0836058,51.5465936],[-0.0833881,51.5465851],[-0.0833492,51.5465836],[-0.0832935,51.5465815],[-0.0832723,51.5465807],[-0.0831955,51.5465777],[-0.0831659,51.5465766],[-0.0829467,51.5465621],[-0.0829054,51.5465593],[-0.0827717,51.5465505],[-0.0827378,51.5465482],[-0.0826994,51.5465457],[-0.0826207,51.5465405],[-0.0825268,51.5465343],[-0.0824971,51.5465323],[-0.0824813,51.5465313],[-0.0824395,51.5465285],[-0.082435,51.5465282],[-0.0824018,51.546526],[-0.0823613,51.5465233],[-0.082336,51.5465217],[-0.0823022,51.5465194],[-0.0822382,51.5465152],[-0.082223,51.5465142],[-0.0821296,51.546508],[-0.0820548,51.5465031],[-0.0820401,51.5465021],[-0.0819606,51.5464968],[-0.081905,51.5464932],[-0.0818844,51.5464918],[-0.0818697,51.5464908],[-0.0817631,51.5464838],[-0.0816495,51.5464763],[-0.0815593,51.5464703],[-0.0814544,51.5464633],[-0.0814006,51.5464598],[-0.0813885,51.546459],[-0.0813351,51.5464553],[-0.0812828,51.546452],[-0.0812772,51.5464516],[-0.0812494,51.5464498],[-0.0811668,51.5464443],[-0.0811044,51.5464403],[-0.0810503,51.5464366],[-0.0809796,51.5464319],[-0.0809576,51.5464305],[-0.0806809,51.5464122],[-0.0805848,51.5464058],[-0.0805492,51.5464034],[-0.0805309,51.5464022],[-0.0804923,51.5463997],[-0.0803549,51.5463906],[-0.0803325,51.5463891],[-0.0802769,51.5463854],[-0.0802359,51.5463827],[-0.0801291,51.5463757],[-0.0800859,51.5463728],[-0.0800781,51.5463723],[-0.0800001,51.5463671],[-0.079961,51.5463645],[-0.079934,51.5463627],[-0.0798197,51.5463552],[-0.0798102,51.5463546],[-0.0797957,51.5463536],[-0.0797442,51.5463502],[-0.079736,51.5463496],[-0.0797212,51.5463487],[-0.0796936,51.5463466],[-0.079655,51.5463436],[-0.0795833,51.5463381],[-0.0795672,51.5463369],[-0.0794829,51.5463305],[-0.0794693,51.5463294],[-0.079408,51.5463247],[-0.0792673,51.5463141],[-0.0792604,51.5463134],[-0.079238,51.5463117],[-0.0791023,51.5463014],[-0.0790655,51.5462986],[-0.0790037,51.5462938],[-0.0789278,51.546288],[-0.078909,51.5462866],[-0.0788101,51.546279],[-0.0787278,51.5462727],[-0.0786817,51.5462692],[-0.0786575,51.5462674],[-0.0786533,51.546267],[-0.0786314,51.5462654],[-0.0785176,51.5462567],[-0.0785112,51.5462562],[-0.0783222,51.5462417],[-0.0783044,51.5462398],[-0.0782849,51.5462376],[-0.078266,51.5462356],[-0.078149,51.5462228],[-0.0781007,51.5462175],[-0.0780617,51.5462133],[-0.078022,51.5462089],[-0.0780143,51.5462081],[-0.0779344,51.5461994],[-0.0778888,51.5461944],[-0.0778797,51.5461934],[-0.0777246,51.5461764],[-0.0777009,51.5461738],[-0.0776872,51.5461723],[-0.0776618,51.5461696],[-0.0776418,51.5461674],[-0.0776017,51.546163],[-0.0775389,51.5461561],[-0.0774582,51.5461473],[-0.0774304,51.5461443],[-0.0774165,51.5461428],[-0.0773656,51.5461372],[-0.0773212,51.5461324],[-0.0772432,51.5461238],[-0.0771867,51.5461176],[-0.0771324,51.5461117],[-0.0770617,51.546104],[-0.0768864,51.5460849],[-0.0768396,51.5460798],[-0.0768352,51.5460825],[-0.0768046,51.5461005],[-0.0767559,51.5461292],[-0.0763778,51.5463516],[-0.0763589,51.5464184],[-0.0763576,51.5464227],[-0.0763583,51.546432],[-0.0763642,51.5465141],[-0.0763654,51.5465319],[-0.0763741,51.5466527],[-0.0763746,51.5466563],[-0.0764173,51.5469746],[-0.0764237,51.5470677],[-0.0764353,51.5472381],[-0.0764367,51.5472578],[-0.0764376,51.5472714],[-0.0764407,51.5473167],[-0.0764488,51.547342],[-0.0764706,51.5474106],[-0.0764746,51.5474232],[-0.0765178,51.547559],[-0.0765576,51.547684],[-0.0765651,51.5477076],[-0.0765669,51.5477132],[-0.0765689,51.5477196],[-0.076586,51.5477734],[-0.0766058,51.5478356],[-0.0766195,51.5478784],[-0.076632,51.5479177],[-0.0766373,51.5479345],[-0.0767213,51.548102],[-0.0767264,51.5481121],[-0.0767296,51.5481185],[-0.0767336,51.548124],[-0.0767586,51.5481575],[-0.0767828,51.5481993],[-0.076787,51.5482066],[-0.0768145,51.5482542],[-0.0768948,51.5483933],[-0.0769157,51.5484294],[-0.0769293,51.5484488],[-0.0769351,51.548457],[-0.0769839,51.5485264],[-0.0769915,51.5485372],[-0.0770335,51.548597],[-0.0770691,51.5486475],[-0.0770901,51.5486774],[-0.0770932,51.5486811],[-0.0770968,51.5486853],[-0.0771079,51.5486984],[-0.0771364,51.5487321],[-0.0771596,51.5487596],[-0.0772053,51.5488135],[-0.0772443,51.5488597],[-0.0772647,51.5488838],[-0.077277,51.5488983],[-0.0773414,51.5489745],[-0.0774705,51.5491271],[-0.077503,51.5491656],[-0.0775122,51.5491771],[-0.077515,51.5491797],[-0.0775331,51.5492011],[-0.0775745,51.5492501],[-0.0776421,51.5493299],[-0.0776823,51.5493775],[-0.0777178,51.5494194],[-0.0777424,51.5494525],[-0.077747,51.5494585],[-0.077832,51.5495726],[-0.0778375,51.5495799],[-0.0778913,51.549652],[-0.0778967,51.5496593],[-0.0779072,51.5496733],[-0.0779613,51.5497591],[-0.0780229,51.5498567],[-0.0780286,51.5498657],[-0.0781176,51.5500069],[-0.0781206,51.5500116],[-0.0781434,51.5500478],[-0.0781519,51.5500612],[-0.0781957,51.5501308],[-0.0782076,51.5501496],[-0.0782642,51.5502392],[-0.078282,51.5502675],[-0.0783231,51.5503327],[-0.0783261,51.5503375],[-0.0783806,51.5504239],[-0.0783842,51.5504295],[-0.0784842,51.5505881],[-0.0785614,51.5507095],[-0.0786559,51.5508602],[-0.0787153,51.5509425],[-0.0787174,51.5509455],[-0.0787775,51.5510286],[-0.0787928,51.5510498],[-0.0788024,51.5510631],[-0.0788257,51.5510913],[-0.0788693,51.551144],[-0.0789343,51.551216],[-0.0790163,51.5513069],[-0.0790407,51.551334],[-0.0790461,51.5513387],[-0.0790499,51.5513419],[-0.079135,51.5514151],[-0.0791375,51.5514173],[-0.0793101,51.5515659],[-0.0793361,51.5515879],[-0.0793694,51.5516082],[-0.0794436,51.5516535],[-0.0795088,51.5516931],[-0.079581,51.5517248],[-0.0795899,51.5517286],[-0.0797075,51.5517701],[-0.0798518,51.5518101],[-0.0799807,51.551834],[-0.080046,51.551842],[-0.0803542,51.5518795],[-0.0805143,51.5518991],[-0.0805918,51.5519059],[-0.0810204,51.5519439],[-0.0811137,51.5519522],[-0.0812234,51.5519619],[-0.081234,51.5519629],[-0.081606,51.5519959],[-0.0817487,51.5520085],[-0.081755,51.5520091],[-0.0819341,51.552025],[-0.0820429,51.5520346],[-0.0823703,51.5520636],[-0.0824225,51.5520682],[-0.0824546,51.5520712],[-0.0829044,51.552111],[-0.0829159,51.552112],[-0.0829902,51.5521186],[-0.0830326,51.5521223],[-0.0830481,51.5521237],[-0.0830879,51.5521272],[-0.0830984,51.5521282],[-0.0831381,51.5521317],[-0.0831497,51.5521327],[-0.0832127,51.5521383],[-0.0832196,51.5521389],[-0.0832278,51.5521387],[-0.0832387,51.5521385],[-0.0833332,51.5521366],[-0.0833629,51.552136],[-0.083592,51.5521314],[-0.0836104,51.552131],[-0.0836555,51.5521301],[-0.0836677,51.5521298],[-0.083715,51.5521289],[-0.0840335,51.5520992],[-0.0841794,51.5520856],[-0.0843793,51.5520669],[-0.0844586,51.5520538],[-0.0845119,51.5520449],[-0.0845881,51.5520425],[-0.0846337,51.552041],[-0.0846984,51.5520459],[-0.0847829,51.5520577],[-0.0848207,51.552063],[-0.0850738,51.5520986],[-0.0850949,51.5521016],[-0.0851443,51.5521085],[-0.0851824,51.5521139],[-0.0852304,51.5521179],[-0.0853018,51.552124],[-0.0853818,51.5521365],[-0.0853894,51.5521377],[-0.0854041,51.55214],[-0.0854102,51.5521413],[-0.0854233,51.5521442],[-0.0854274,51.552145],[-0.0854551,51.552151],[-0.0855058,51.5521619],[-0.0855666,51.5521809],[-0.0856402,51.552204],[-0.0857111,51.5522399],[-0.085769,51.5522696],[-0.0858012,51.552286],[-0.0859052,51.5523389],[-0.0859587,51.5523662],[-0.0860798,51.5524278],[-0.0861206,51.5524442],[-0.0861816,51.5524686],[-0.0862185,51.5524834],[-0.0862269,51.5524868],[-0.0862367,51.5524907],[-0.0862722,51.5525049],[-0.086313,51.5525189],[-0.0863306,51.552525],[-0.086352,51.5525324],[-0.0863659,51.5525364],[-0.0864681,51.5525658],[-0.0865023,51.5525756],[-0.0865432,51.5525873],[-0.0866078,51.5526059],[-0.0866488,51.5526124],[-0.0866858,51.5526182],[-0.0867212,51.5526238],[-0.086791,51.5526349],[-0.0868051,51.5526371],[-0.0868416,51.5526429],[-0.0868547,51.552645],[-0.0869181,51.552655],[-0.0869467,51.5526596],[-0.0869539,51.5526607],[-0.0871266,51.552688],[-0.087138,51.5526898],[-0.0871488,51.5526911],[-0.0871894,51.5526958],[-0.0872381,51.5527015],[-0.0872762,51.5527059],[-0.0873127,51.5527135],[-0.0873477,51.5527208],[-0.0874118,51.5527387],[-0.0874503,51.5527543],[-0.087535,51.5527888],[-0.0876091,51.5528363],[-0.0876518,51.5528637],[-0.0876573,51.5528684],[-0.0876972,51.5529022],[-0.0877041,51.5529081],[-0.0877361,51.5529352],[-0.0877822,51.5529743],[-0.0877869,51.5529783],[-0.0878015,51.5529907],[-0.0878209,51.5530132],[-0.0878488,51.5530454],[-0.0878539,51.5530513],[-0.087883,51.553085],[-0.087887,51.5530896],[-0.0879226,51.5531309],[-0.0879473,51.5531595],[-0.0879905,51.5532095],[-0.0880156,51.5532385],[-0.0880403,51.5532671],[-0.0880824,51.5533159],[-0.0881039,51.5533408],[-0.0881213,51.553361],[-0.0881366,51.5533786],[-0.0881533,51.553398],[-0.0881601,51.5534059],[-0.088172,51.5534196],[-0.088229,51.5534856],[-0.0882322,51.5534894],[-0.0882708,51.5535341],[-0.0883411,51.5536154],[-0.0883547,51.5536315],[-0.0884065,51.5536915],[-0.0885534,51.5538612],[-0.088559,51.5538677],[-0.0885715,51.5538822],[-0.0885848,51.5538976],[-0.0885915,51.5538964],[-0.0887015,51.5538767],[-0.0889495,51.5538317],[-0.089023,51.5538185],[-0.0890672,51.5538105],[-0.0892389,51.5537795],[-0.0892887,51.5537703],[-0.0893091,51.5537666],[-0.0894134,51.5538337],[-0.0894243,51.5538407],[-0.0894847,51.5538798],[-0.0895056,51.5538933],[-0.089531,51.5539097],[-0.0895539,51.5539233],[-0.0895916,51.5539458],[-0.0896259,51.5539662],[-0.0896453,51.5539777],[-0.089667,51.553988],[-0.0896836,51.5539958],[-0.0896917,51.5539997],[-0.089711,51.5540088],[-0.0897411,51.5540231],[-0.0897549,51.5540296],[-0.0897847,51.5540405],[-0.0898353,51.5540589],[-0.089873,51.5540726],[-0.089921,51.5540857],[-0.0899387,51.5540906],[-0.0899898,51.5541046],[-0.0900341,51.5541144],[-0.0900535,51.5541187],[-0.0900669,51.5541216],[-0.0900739,51.5541232],[-0.0901179,51.5541284],[-0.090164,51.5541337],[-0.0902595,51.5541446],[-0.0902681,51.5541449],[-0.0902773,51.5541453],[-0.0903366,51.5541472],[-0.0904039,51.5541495],[-0.0904037,51.5541716],[-0.0904033,51.5541808],[-0.0904016,51.5542288],[-0.0903986,51.5543156],[-0.0903971,51.5543572],[-0.0903959,51.5543918],[-0.0903948,51.5544235],[-0.0903936,51.554456],[-0.0903928,51.5544769],[-0.0903924,51.5544879],[-0.0903905,51.5545421],[-0.090389,51.5545812],[-0.0903888,51.5545872],[-0.0903887,51.5545899],[-0.0903885,51.5545958],[-0.0903877,51.5546181],[-0.0903841,51.5547165],[-0.0903835,51.5547337],[-0.0903831,51.5547452],[-0.0903818,51.55478],[-0.0903808,51.554807],[-0.0903801,51.5548264],[-0.0903787,51.5548668],[-0.0903783,51.5548756],[-0.0903772,51.5549073],[-0.0903761,51.5549363],[-0.0903754,51.554958],[-0.0903744,51.554984],[-0.0903738,51.5550002],[-0.0903735,51.5550087],[-0.0903715,51.5550628],[-0.090371,51.5550769],[-0.0903706,51.5550885],[-0.0903698,51.5551109],[-0.0903689,51.5551354],[-0.0903679,51.5551622],[-0.0903676,51.5551721],[-0.0903672,51.5551809],[-0.0903658,51.5552204],[-0.0903656,51.5552258],[-0.0903639,51.5552744],[-0.0903629,51.5553013],[-0.0903626,51.5553078],[-0.0903621,51.5553215],[-0.0903598,51.555385],[-0.0903593,51.5553985],[-0.090359,51.5554209],[-0.090359,51.5554242],[-0.0903586,51.5554539],[-0.0903577,51.5555193],[-0.0903565,51.5556059],[-0.0903559,51.5556492],[-0.0903557,51.5556673],[-0.0903537,51.5558089],[-0.0903535,51.5558214],[-0.0903531,51.5558516],[-0.0903527,51.5558694],[-0.0903519,51.5559421],[-0.0903509,51.5560127],[-0.0903506,51.5560344],[-0.0903499,51.5560831],[-0.090349,51.5561509],[-0.0903475,51.5562632],[-0.090346,51.5563735],[-0.0903459,51.5563797],[-0.0903449,51.5564507],[-0.0903445,51.5564834],[-0.0903442,51.556499],[-0.0903442,51.5565032],[-0.090343,51.5565859],[-0.0903429,51.5565959],[-0.0903425,51.556627],[-0.0903423,51.5566428],[-0.0903421,51.5566519],[-0.0903419,51.5566673],[-0.0903419,51.5566712],[-0.0903418,51.5566793],[-0.0903505,51.5567877],[-0.0903513,51.5567978],[-0.0903524,51.5568111],[-0.0903569,51.5568668],[-0.0903673,51.5569949],[-0.0903726,51.5570613],[-0.0903733,51.5570699],[-0.0903895,51.5572699],[-0.0903918,51.5572985],[-0.0903956,51.5573454],[-0.0903987,51.5573831],[-0.0904007,51.5574079],[-0.0904031,51.5574376],[-0.090408,51.5574983],[-0.0904104,51.5575281],[-0.0904157,51.5575934],[-0.0904211,51.5576714],[-0.090424,51.5576881],[-0.0904333,51.5577634],[-0.0904302,51.5578192],[-0.0904391,51.5578515],[-0.0904771,51.5579031],[-0.0904824,51.5579169],[-0.0905651,51.5581343],[-0.0906331,51.5583131],[-0.0907154,51.5584615],[-0.090717,51.5584644],[-0.0908905,51.5587771],[-0.0909147,51.5588253],[-0.0909381,51.5588718],[-0.0910819,51.559158],[-0.091156,51.5592753],[-0.0915047,51.5598271],[-0.0915593,51.5599135],[-0.0916067,51.5599615],[-0.091609,51.5599651],[-0.0916193,51.5599758],[-0.0916233,51.5599825],[-0.0916449,51.5600188],[-0.091648,51.5600239],[-0.0916593,51.560092],[-0.0916616,51.5601059],[-0.0917038,51.560222],[-0.0917415,51.5602262],[-0.0917643,51.5602289],[-0.0920614,51.5602635],[-0.0921458,51.5602733],[-0.0921676,51.5602758],[-0.0921891,51.5602798],[-0.0922435,51.5602896],[-0.092283,51.5602968],[-0.0923215,51.560308],[-0.0923836,51.560326],[-0.0924537,51.5603464],[-0.0924622,51.5603488],[-0.0925513,51.5603747],[-0.0926989,51.5604177],[-0.0927686,51.5604378],[-0.0928399,51.560447],[-0.0929727,51.5604641],[-0.0929856,51.5604658],[-0.0930312,51.5604697],[-0.0930957,51.5604752],[-0.0931266,51.5604779],[-0.0932269,51.560483],[-0.0932639,51.5604842],[-0.0933408,51.5604888],[-0.0933849,51.5604927],[-0.0934369,51.5604973],[-0.0934506,51.5604985],[-0.0935335,51.5605058],[-0.0935986,51.5605115],[-0.0936364,51.5605148],[-0.0936938,51.5605328],[-0.0937261,51.5605429],[-0.0937509,51.5605507],[-0.0937581,51.5605531],[-0.0938449,51.5605926],[-0.0938618,51.5606003],[-0.0939686,51.5606488],[-0.093997,51.5606617],[-0.0940637,51.5606921],[-0.0941602,51.560736],[-0.094184,51.5607468],[-0.0942059,51.5607567],[-0.0942698,51.5607858],[-0.0942919,51.5607958],[-0.0943476,51.5608154],[-0.0943711,51.5608236],[-0.0944536,51.5608525],[-0.0944594,51.5608545],[-0.0944725,51.5608592],[-0.0945002,51.5608689],[-0.0945288,51.5608772],[-0.0945611,51.5608867],[-0.0946068,51.5609001],[-0.0946483,51.5609122],[-0.0946804,51.5609216],[-0.0946931,51.5609253],[-0.0947154,51.5609319],[-0.0947617,51.5609454],[-0.0947722,51.5609485],[-0.0948118,51.5609601],[-0.0948276,51.5609647],[-0.0948343,51.5609662],[-0.0948771,51.5609759],[-0.0948979,51.5609805],[-0.094908,51.5609828],[-0.094979,51.5609988],[-0.0950233,51.5610088],[-0.095055,51.561016],[-0.0950651,51.5610182],[-0.0950876,51.5610233],[-0.0951173,51.56103],[-0.0951715,51.5610422],[-0.0952065,51.5610501],[-0.0952289,51.5610552],[-0.095254,51.5610608],[-0.0952612,51.5610624],[-0.0953296,51.5610778],[-0.0953631,51.5610854],[-0.0954046,51.5610948],[-0.0954636,51.561108],[-0.0954794,51.5611116],[-0.0956174,51.5611427],[-0.0956739,51.5611554],[-0.0957593,51.5611747],[-0.0957893,51.5611804],[-0.0958375,51.5611896],[-0.0958573,51.5611935],[-0.0960028,51.561221],[-0.0960322,51.5612266],[-0.0960371,51.5612259],[-0.0961753,51.5612049],[-0.0962018,51.5612008],[-0.0962457,51.5611941],[-0.0963284,51.5611815],[-0.0963654,51.5611759],[-0.096489,51.5611571],[-0.0966253,51.5611364],[-0.0967874,51.5611117],[-0.0967964,51.5611103],[-0.0968277,51.5611056],[-0.096907,51.5610935],[-0.096943,51.561088],[-0.0969679,51.5610842],[-0.0970056,51.5610785],[-0.0971052,51.5610633],[-0.0971134,51.5610621],[-0.0972019,51.5610486],[-0.0972745,51.5610376],[-0.0973734,51.5610225],[-0.097404,51.5610178],[-0.0974186,51.5610156],[-0.0974261,51.5610145],[-0.0975094,51.5610018],[-0.0977171,51.5609702],[-0.0977542,51.5609645],[-0.0977695,51.5609622],[-0.0977908,51.560959],[-0.0978891,51.560944],[-0.0979447,51.5609356],[-0.0979767,51.5609307],[-0.0980217,51.5609238],[-0.0980974,51.5609123],[-0.0982069,51.5608957],[-0.0983152,51.5608791],[-0.0984155,51.5608639],[-0.0985876,51.5608376],[-0.098724,51.5609366],[-0.098739,51.5609475],[-0.0987431,51.5609506],[-0.0987638,51.5609655],[-0.0987678,51.5609684],[-0.0987963,51.5609891],[-0.0988442,51.5610239],[-0.0989199,51.5610788],[-0.0989645,51.5611113],[-0.098975,51.5611189],[-0.0989805,51.5611228],[-0.0990276,51.561157],[-0.099043,51.5611682],[-0.0991261,51.5612285],[-0.0991473,51.5612439],[-0.0991942,51.5612779],[-0.0992032,51.5612844],[-0.0992172,51.5612946],[-0.0992678,51.5613313],[-0.0992819,51.5613415],[-0.0992986,51.5613537],[-0.0993336,51.5613791],[-0.0993583,51.561397],[-0.0994371,51.5614542],[-0.0994803,51.5614856],[-0.0994837,51.5614878],[-0.0994886,51.5614911],[-0.0994987,51.5614979],[-0.0995351,51.5615224],[-0.099592,51.5615598],[-0.099601,51.5615665],[-0.0996426,51.5615945],[-0.0996733,51.5616151],[-0.0996963,51.5616306],[-0.0997351,51.5616566],[-0.0997504,51.5616669],[-0.0997724,51.5616817],[-0.0997817,51.5616879],[-0.099823,51.5617157],[-0.0998585,51.5617395],[-0.0999134,51.5617763],[-0.0999268,51.5617853],[-0.0999348,51.5617907],[-0.1000005,51.5618347],[-0.1000246,51.561851],[-0.1000354,51.5618582],[-0.1001658,51.5619458],[-0.1001736,51.561951],[-0.1001777,51.5619537],[-0.1002255,51.5619858],[-0.100229,51.5619882],[-0.1002464,51.5619999],[-0.1002549,51.5620055],[-0.10029,51.5620291],[-0.100308,51.5620412],[-0.1003305,51.5620563],[-0.1003651,51.5620795],[-0.1003694,51.5620824],[-0.1003875,51.5620946],[-0.1004283,51.5621219],[-0.1004512,51.5621374],[-0.1004874,51.5621616],[-0.1005016,51.5621712],[-0.1005067,51.5621746],[-0.1005424,51.5621985],[-0.1005744,51.56222],[-0.1005802,51.562224],[-0.1006041,51.56224],[-0.1006069,51.5622419],[-0.1006125,51.5622456],[-0.1006413,51.562265],[-0.1006843,51.5622938],[-0.100694,51.5623004],[-0.1007284,51.5623234],[-0.1007638,51.5623472],[-0.1007849,51.5623613],[-0.1007944,51.5623678],[-0.1008101,51.5623783],[-0.1008308,51.5623922],[-0.1008366,51.5623961],[-0.1008505,51.5624054],[-0.1008579,51.5624103],[-0.1008654,51.5624154],[-0.1008823,51.5624292],[-0.1008896,51.5624353],[-0.1008984,51.5624425],[-0.1009464,51.562482],[-0.1009604,51.5624935],[-0.1009769,51.5625035],[-0.1009939,51.5625138],[-0.1010038,51.5625198],[-0.101025,51.5625327],[-0.101102,51.5625794],[-0.1011246,51.5625893],[-0.1011383,51.5625954],[-0.1012053,51.5626248],[-0.1012709,51.5626536],[-0.1012847,51.5626597],[-0.1013296,51.5626795],[-0.1013369,51.5626835],[-0.1013489,51.5626902],[-0.1013583,51.5626954],[-0.1014082,51.5627231],[-0.1014177,51.5627284],[-0.1014391,51.5627425],[-0.1014667,51.5627607],[-0.101516,51.5627934],[-0.10154,51.5628112],[-0.1015532,51.562821],[-0.101567,51.5628313],[-0.101574,51.5628365],[-0.1016785,51.5629142],[-0.1017314,51.5629535],[-0.1017779,51.5629881],[-0.1017849,51.5629933],[-0.1018444,51.5630375],[-0.1018984,51.5630777],[-0.1019315,51.5631023],[-0.1019684,51.5631336],[-0.1019786,51.5631436],[-0.1020022,51.5631622],[-0.1020874,51.5632344],[-0.1021,51.5632432],[-0.1021645,51.5632883],[-0.1021993,51.5633082],[-0.1022115,51.5633159],[-0.102242,51.5633338],[-0.1022505,51.563339],[-0.102266,51.5633481],[-0.102538,51.5635077],[-0.1025797,51.5635318],[-0.1026403,51.5635673],[-0.1026504,51.5635732],[-0.1026922,51.5635988],[-0.1027208,51.5636162],[-0.1027597,51.5636401],[-0.1028062,51.5636685],[-0.1028436,51.5636913],[-0.1028607,51.5637018],[-0.1029006,51.5637262],[-0.10293,51.5637441],[-0.1029582,51.5637614],[-0.1030211,51.5637998],[-0.1031116,51.5638551],[-0.1031483,51.5638775],[-0.1031623,51.5638861],[-0.1032022,51.5639105],[-0.1032885,51.5639632],[-0.1032914,51.563965],[-0.1034126,51.5640391],[-0.1034476,51.5640605],[-0.1034619,51.5640693],[-0.1035201,51.5641049],[-0.1035482,51.564122],[-0.1035923,51.564149],[-0.1036058,51.5641572],[-0.1036648,51.5641933],[-0.1037058,51.5642183],[-0.1037112,51.5642216],[-0.1037985,51.564275],[-0.103844,51.5643028],[-0.1038829,51.5643255],[-0.1039266,51.5643533],[-0.1039433,51.5643635],[-0.1040158,51.5644078],[-0.1040506,51.5644291],[-0.1041117,51.5644664],[-0.1042306,51.5645391],[-0.1042916,51.5645764],[-0.1044018,51.5646437],[-0.1044061,51.5646463],[-0.1044266,51.5646588],[-0.1045085,51.5647103],[-0.1045047,51.5647125],[-0.1044954,51.5647185],[-0.1044605,51.5647407],[-0.1043071,51.5648386],[-0.1042543,51.5648722],[-0.1041431,51.5649431],[-0.1039919,51.5650396],[-0.1039058,51.5650945],[-0.103861,51.5651231],[-0.1037801,51.5651747],[-0.1037249,51.5652099],[-0.1036309,51.5652698],[-0.1035614,51.5653142],[-0.1035194,51.565341],[-0.1035003,51.5653531],[-0.1034469,51.5653871],[-0.1034112,51.5654086],[-0.1033053,51.565472],[-0.1032296,51.5655173],[-0.1030095,51.5656491],[-0.1029882,51.5656624],[-0.1025892,51.565917],[-0.1025722,51.5659279],[-0.1024755,51.5659894],[-0.1020606,51.5662539],[-0.1018767,51.5663711],[-0.1017607,51.566445],[-0.1015893,51.5665574],[-0.1015393,51.5665902],[-0.10153,51.5665964],[-0.1012471,51.5667819],[-0.1011099,51.5668841],[-0.1010906,51.5668986],[-0.1010868,51.5669013],[-0.1009501,51.5670032],[-0.100937,51.5670129],[-0.100917,51.5670278],[-0.1009151,51.5670292],[-0.1008239,51.5670972],[-0.1007321,51.5671656],[-0.1006015,51.5672629],[-0.1005549,51.5672976],[-0.1002524,51.567523],[-0.1002489,51.5675256],[-0.1002056,51.5675578],[-0.1001669,51.5675867],[-0.1000052,51.5677071],[-0.0999966,51.5677136],[-0.0998476,51.5678245],[-0.0997439,51.5679018],[-0.0996945,51.5679386],[-0.0994401,51.5681281],[-0.0993998,51.5681581],[-0.0993924,51.5681637],[-0.0993883,51.5681667],[-0.0993354,51.5682062],[-0.099061,51.5684106],[-0.0988782,51.5685467],[-0.0986847,51.5686908],[-0.0986607,51.5687096],[-0.098586,51.568768],[-0.0985765,51.5687754],[-0.098357,51.5689469],[-0.0983518,51.568951],[-0.0981805,51.5690842],[-0.0978807,51.5693192],[-0.0978222,51.5693649],[-0.09771,51.5694526],[-0.0976007,51.569538],[-0.0975903,51.5695461],[-0.0973483,51.5697352],[-0.0973115,51.569764],[-0.0972711,51.5697955],[-0.0971146,51.5699178],[-0.0969796,51.5700233],[-0.0967284,51.5702196],[-0.0966511,51.57028],[-0.0963013,51.5705534],[-0.0961901,51.5706402],[-0.0961442,51.5706761],[-0.0961155,51.5706985],[-0.096176,51.5707411],[-0.0962494,51.5707925],[-0.0962676,51.5708153],[-0.0962787,51.5708293],[-0.0964114,51.5709955],[-0.0964644,51.5710753],[-0.0965834,51.5712991],[-0.0966341,51.5713944],[-0.0969077,51.571909],[-0.0969398,51.5719694],[-0.0971498,51.5723059],[-0.0971575,51.5723183],[-0.0972969,51.5725417],[-0.0973069,51.5725578],[-0.0973701,51.5726591],[-0.0974093,51.5727219],[-0.0976365,51.5730861],[-0.0976643,51.5731307],[-0.0977539,51.5732743],[-0.0978498,51.5736082],[-0.097674,51.5736494],[-0.0975594,51.5736762],[-0.0973987,51.5737236],[-0.0973421,51.5737403],[-0.0973012,51.5737482],[-0.0972276,51.5737612],[-0.0971629,51.5737714],[-0.0971513,51.5737733],[-0.097129,51.5737765],[-0.0970769,51.5737842],[-0.0969998,51.5737932],[-0.096985,51.573795],[-0.09695,51.5737992],[-0.096937,51.5738004],[-0.0969038,51.5738033],[-0.0968666,51.5738071],[-0.0968558,51.5738082],[-0.0968466,51.5738087],[-0.0967925,51.5738117],[-0.0967329,51.5738143],[-0.0966878,51.5738152],[-0.0966291,51.5738153],[-0.0965697,51.5738132],[-0.0965247,51.5738112],[-0.0964583,51.5737973],[-0.0962325,51.5737502],[-0.0961966,51.5737427],[-0.0961277,51.5737283],[-0.0957941,51.5736781],[-0.0957775,51.5736756],[-0.0956695,51.5736593],[-0.09556,51.5736429],[-0.0955538,51.5736419],[-0.095467,51.5736326],[-0.0954445,51.5736302],[-0.0953726,51.5736242],[-0.0953487,51.5736222],[-0.0953442,51.5736219],[-0.0953437,51.5736219],[-0.095252,51.5736162],[-0.0951395,51.5736108],[-0.0951179,51.5736097],[-0.0950981,51.5736086],[-0.0950819,51.5736078],[-0.0950387,51.5736052],[-0.0949955,51.5736029],[-0.0949558,51.5736021],[-0.0949379,51.5736018],[-0.0949356,51.5736018],[-0.0949187,51.5736019],[-0.0948852,51.5736022],[-0.0948801,51.5736022],[-0.0948687,51.573603],[-0.094825,51.5736057],[-0.0947604,51.5736129],[-0.0947006,51.5736242],[-0.0946705,51.5736315],[-0.0946432,51.5736381],[-0.0945893,51.5736532],[-0.0945839,51.5736548],[-0.0945776,51.5736568],[-0.0945432,51.5736682],[-0.0945281,51.5736732],[-0.0944704,51.5736952],[-0.094457,51.5737016],[-0.0944172,51.5737205],[-0.0943865,51.5737355],[-0.0943673,51.5737448],[-0.0943248,51.5737682],[-0.0943211,51.5737702],[-0.0942294,51.5738053],[-0.0941862,51.5738202],[-0.0941489,51.5738332],[-0.0941341,51.5738385],[-0.0941204,51.5738434],[-0.0940674,51.5738623],[-0.0940397,51.5738704],[-0.0940023,51.5738818],[-0.0939843,51.5738873],[-0.0939659,51.5738932],[-0.0939376,51.5739022],[-0.0939094,51.5739105],[-0.0938929,51.5739153],[-0.0938491,51.5739282],[-0.0938196,51.5739374],[-0.0938043,51.5739422],[-0.0937901,51.5739459],[-0.0937578,51.5739543],[-0.0937131,51.5739662],[-0.0936751,51.5739756],[-0.0936684,51.5739772],[-0.0936618,51.5739787],[-0.0936211,51.5739873],[-0.0935747,51.5739972],[-0.0935577,51.5740001],[-0.0935275,51.5740053],[-0.09351,51.5740076],[-0.0934712,51.5740127],[-0.0934337,51.5740167],[-0.0933933,51.5740212],[-0.0933119,51.5740263],[-0.0932831,51.5740277],[-0.0932693,51.5740283],[-0.0932591,51.5740288],[-0.0932297,51.5740303],[-0.0932002,51.5740317],[-0.093186,51.5740324],[-0.0931807,51.5740326],[-0.0931642,51.5740334],[-0.0931474,51.5740343],[-0.0931159,51.5740348],[-0.0931111,51.5740348],[-0.0930563,51.5740357],[-0.0930263,51.5740359],[-0.092988,51.5740361],[-0.0929661,51.5740362],[-0.0928831,51.5740363],[-0.0928011,51.5740333],[-0.0927785,51.5740321],[-0.0927003,51.5740283],[-0.0925126,51.5740092],[-0.0923445,51.5739942],[-0.0922487,51.5739876],[-0.0921656,51.5739818],[-0.0920954,51.5739767],[-0.0920145,51.5739713],[-0.0919979,51.5739705],[-0.0919883,51.57397],[-0.0919524,51.5739682],[-0.0919001,51.5739683],[-0.091864,51.5739689],[-0.0918441,51.5739692],[-0.0918025,51.5739722],[-0.0917591,51.5739753],[-0.0917543,51.5739757],[-0.0917174,51.5739793],[-0.0916712,51.5739843],[-0.0916601,51.5739855],[-0.091625,51.5739893],[-0.0915832,51.5739963],[-0.091551,51.5740018],[-0.0915411,51.5740035],[-0.0915356,51.5740044],[-0.0915024,51.5740103],[-0.0914741,51.5740172],[-0.0914613,51.5740203],[-0.0914213,51.5740292],[-0.0913091,51.574053],[-0.0909954,51.5741193],[-0.090951,51.5741374],[-0.0908899,51.5741624],[-0.0908535,51.5741759],[-0.0907827,51.5742022],[-0.0906827,51.5742386],[-0.0906755,51.5742412],[-0.0906587,51.574247],[-0.0905584,51.5742817],[-0.0905347,51.574289],[-0.0905081,51.5742972],[-0.0904642,51.5743122],[-0.0904221,51.5743262],[-0.0903783,51.5743392],[-0.090353,51.5743461],[-0.0903345,51.5743512],[-0.0903251,51.5743537],[-0.0902898,51.5743632],[-0.0902633,51.5743695],[-0.0902369,51.5743757],[-0.0902327,51.5743766],[-0.0901849,51.5743864],[-0.0901657,51.5743903],[-0.0900933,51.5744027],[-0.0900397,51.5744103],[-0.0899845,51.5744167],[-0.089929,51.5744213],[-0.0898724,51.5744228],[-0.0897984,51.5744238],[-0.0897376,51.5744226],[-0.0897245,51.5744223],[-0.0897181,51.5744218],[-0.0896717,51.574418],[-0.0896498,51.5744162],[-0.089595,51.5744114],[-0.0895791,51.5744087],[-0.0895529,51.5744042],[-0.0894875,51.5743943],[-0.0894318,51.5743875],[-0.089422,51.5743863],[-0.0894042,51.5743842],[-0.0893547,51.5743782],[-0.0893044,51.5743738],[-0.0892873,51.5743723],[-0.0892791,51.5743716],[-0.0892636,51.5743702],[-0.0892217,51.5743664],[-0.0891728,51.5743641],[-0.0891533,51.5743633],[-0.0890857,51.5743603],[-0.0890725,51.5743597],[-0.0890443,51.5743583],[-0.0889992,51.5743589],[-0.0889913,51.5743591],[-0.0889767,51.5743593],[-0.088956,51.5743593],[-0.0889502,51.5743593],[-0.088909,51.5743593],[-0.0888288,51.5743578],[-0.0887695,51.5743532],[-0.0887093,51.5743472],[-0.0886567,51.5743439],[-0.0886508,51.5743436],[-0.0886391,51.5743436],[-0.0886166,51.5743437],[-0.0885922,51.5743439],[-0.0885846,51.5743444],[-0.0885676,51.5743455],[-0.0885406,51.5743472],[-0.0885174,51.5743498],[-0.0884889,51.5743529],[-0.0884533,51.5743579],[-0.0884363,51.5743603],[-0.0883873,51.5743692],[-0.0882357,51.5743923],[-0.0880969,51.5744103],[-0.0880914,51.5744111],[-0.0880846,51.5744121],[-0.0880745,51.5744135],[-0.0880607,51.5744155],[-0.08805,51.574417],[-0.088028,51.5744202],[-0.0880198,51.5744214],[-0.0879824,51.5744249],[-0.0879781,51.5744253],[-0.0879415,51.5744287],[-0.0879283,51.5744299],[-0.0878937,51.5744321],[-0.0878741,51.5744333],[-0.0878108,51.5744362],[-0.0878054,51.5744364],[-0.0877675,51.5744372],[-0.0877634,51.5744373],[-0.087717,51.5744363],[-0.0876889,51.5744357],[-0.0876701,51.5744354],[-0.0876498,51.5744334],[-0.0876234,51.5744308],[-0.0875615,51.5744233],[-0.0875345,51.5744188],[-0.0875015,51.5744134],[-0.0874416,51.5744007],[-0.0871535,51.5743562],[-0.0871294,51.5743524],[-0.0869998,51.5743324],[-0.0869843,51.5743782],[-0.0869867,51.5744026],[-0.0869916,51.5744402],[-0.0869953,51.5744446],[-0.087044,51.5745022],[-0.0870709,51.5745053],[-0.0872012,51.5745197],[-0.0872155,51.5745212],[-0.0872527,51.5746614],[-0.0872607,51.5746919],[-0.0872669,51.5747153],[-0.0872585,51.5747158],[-0.0866646,51.5747542],[-0.0865978,51.5747614],[-0.0862973,51.5747939],[-0.0862823,51.5747955],[-0.0862383,51.5748002],[-0.08609,51.5748163],[-0.0860635,51.5748405],[-0.086003,51.5748958],[-0.0859987,51.5748997],[-0.0859945,51.5749036],[-0.0858359,51.5750483],[-0.0857679,51.5750573],[-0.0856603,51.5750691],[-0.0856358,51.5750717],[-0.0855694,51.575079],[-0.0855663,51.5750794],[-0.0854357,51.5750937],[-0.0852502,51.575114],[-0.0852429,51.5751148],[-0.0851437,51.5751256],[-0.0851155,51.5751287],[-0.0850659,51.5751342],[-0.0850275,51.5751383],[-0.0849831,51.5751432],[-0.0849484,51.575147],[-0.0847799,51.5751654],[-0.0847691,51.5751666],[-0.0847199,51.575172],[-0.084712,51.5751729],[-0.0847118,51.5751729],[-0.0846763,51.5751768],[-0.0846533,51.5751793],[-0.0845231,51.5751819],[-0.0844876,51.5751827],[-0.0843159,51.5751861],[-0.0842963,51.5751865],[-0.0841918,51.5751886],[-0.0841002,51.5751905],[-0.0840906,51.5751907],[-0.0840381,51.5751917],[-0.0838703,51.5751951],[-0.083862,51.5751953],[-0.0838439,51.5751957],[-0.0838185,51.5751962],[-0.0837261,51.5752132],[-0.0836238,51.5752322],[-0.0836132,51.5752337],[-0.0835856,51.5752375],[-0.0835596,51.5752411],[-0.0835178,51.5752468],[-0.0833594,51.5752687],[-0.0833286,51.575273],[-0.083308,51.5752758],[-0.0832692,51.5752812],[-0.0832651,51.5752817],[-0.0831969,51.5752912],[-0.0831878,51.5752924],[-0.0831467,51.5752981],[-0.0830818,51.575307],[-0.0830485,51.5753116],[-0.0830282,51.5753144],[-0.0830128,51.5753166],[-0.0828948,51.5753329],[-0.0828816,51.5753347],[-0.0828302,51.5753418],[-0.0828092,51.5753447],[-0.0827611,51.5753513],[-0.0827015,51.5753596],[-0.0826602,51.5753653],[-0.0826369,51.5753672],[-0.0825707,51.5753727],[-0.0824566,51.5753823],[-0.0824361,51.575384],[-0.0823918,51.5753877],[-0.082386,51.5753882],[-0.0823291,51.5753954],[-0.0822577,51.5754044],[-0.0822525,51.5754051],[-0.0822457,51.575406],[-0.0822003,51.5754117],[-0.0821675,51.5754159],[-0.0821382,51.5754196],[-0.0820778,51.5754272],[-0.0820608,51.5754294],[-0.0819589,51.5754423],[-0.0819288,51.5754486],[-0.0818958,51.5754555],[-0.081761,51.5754837],[-0.0817222,51.5754919],[-0.081623,51.5755126],[-0.0816168,51.5755139],[-0.0815695,51.5755238],[-0.0815005,51.5755383],[-0.0814863,51.5755413],[-0.0814728,51.5755441],[-0.0813768,51.5755641],[-0.0813698,51.5755656],[-0.0813122,51.5755777],[-0.0812431,51.5755921],[-0.0812083,51.5755994],[-0.0811569,51.5756102],[-0.0811366,51.5756144],[-0.0811233,51.5756172],[-0.0810017,51.5756427],[-0.0809356,51.5756565],[-0.0809289,51.5756579],[-0.0809178,51.5756602],[-0.0808074,51.5756451],[-0.0806572,51.5756245],[-0.0806477,51.5756232],[-0.0805664,51.5756121],[-0.0805174,51.5756054],[-0.0804658,51.5755983],[-0.0802465,51.5755788],[-0.0802139,51.5755759],[-0.0801553,51.5755707],[-0.0800901,51.5755649],[-0.0800562,51.5755619],[-0.0799879,51.5755559],[-0.0799145,51.5755493],[-0.079839,51.5755426],[-0.0796144,51.5755227],[-0.0791826,51.5754843],[-0.0790731,51.5754719],[-0.0788262,51.5754433],[-0.0787623,51.5754349],[-0.0786027,51.5754138],[-0.0784701,51.5753963],[-0.078423,51.5753894],[-0.0783684,51.5753814],[-0.0783603,51.5753803],[-0.0782895,51.5753699],[-0.0781517,51.5753497],[-0.078047,51.5753343],[-0.0780486,51.5753315],[-0.078081,51.5752753],[-0.0780305,51.5752657],[-0.0779168,51.5752439],[-0.0778325,51.5752278],[-0.0778097,51.5752234],[-0.0777759,51.575217],[-0.0777166,51.5752056],[-0.077601,51.5751835],[-0.0775683,51.5751773],[-0.0775486,51.5751993],[-0.0774957,51.5752572],[-0.0773661,51.5752292],[-0.0771072,51.5751733],[-0.0769924,51.5751485],[-0.0770032,51.5751354],[-0.0770845,51.5750372],[-0.0770357,51.5750267],[-0.0769595,51.5750104],[-0.0768227,51.5749809],[-0.0767111,51.574957],[-0.0765829,51.5749294],[-0.0764279,51.5748961],[-0.0763328,51.5748756],[-0.0763273,51.5748745],[-0.0762708,51.5748626],[-0.0760505,51.5751263],[-0.0759973,51.57519],[-0.0759704,51.5752221],[-0.0759585,51.5752363],[-0.0759379,51.5752609],[-0.0759335,51.5752662],[-0.0759269,51.5752741],[-0.0759159,51.5752872],[-0.0758979,51.5753086],[-0.0758889,51.5753194],[-0.0758306,51.5753889],[-0.0757947,51.5754317],[-0.0757799,51.5754494],[-0.0757438,51.5754925],[-0.0756975,51.5755476],[-0.0756903,51.5755562],[-0.0756865,51.5755601],[-0.0756775,51.5755543],[-0.0754005,51.5753738],[-0.0753708,51.5753544],[-0.075374,51.5753471],[-0.0753803,51.5753327],[-0.0753931,51.5753034],[-0.0754047,51.5752766],[-0.0753537,51.5752837],[-0.0753388,51.5752862],[-0.0752095,51.5753059],[-0.0752085,51.5753137],[-0.0752079,51.5753181],[-0.0751938,51.5754273],[-0.0751929,51.5754342],[-0.0751766,51.5755535],[-0.0750587,51.5755629],[-0.0750361,51.5755647],[-0.0749604,51.5755707],[-0.0749522,51.5755714],[-0.0748517,51.5755794],[-0.074835,51.5755807],[-0.0747385,51.5755884],[-0.0747296,51.5755891],[-0.0747216,51.5755898],[-0.0746677,51.575594],[-0.0746576,51.5755948],[-0.0746497,51.5755955],[-0.0746412,51.5755962],[-0.0746356,51.5755966],[-0.074535,51.5756046],[-0.0744474,51.5756116],[-0.0744388,51.5756123],[-0.0742871,51.5756244],[-0.0742512,51.5756272],[-0.0742464,51.5756276],[-0.0742372,51.5756285],[-0.0742283,51.5757094],[-0.0742241,51.5757098],[-0.0741513,51.5757158],[-0.0741389,51.5757168],[-0.0741117,51.5757191],[-0.0741072,51.5757194],[-0.0740355,51.5757254],[-0.0739976,51.5756424],[-0.0739195,51.5756439],[-0.0739139,51.575644],[-0.0737733,51.5756468],[-0.0737611,51.575647],[-0.0736768,51.5756487],[-0.0736353,51.5756495],[-0.0734866,51.5756525],[-0.0734546,51.5756531],[-0.0733968,51.5756542],[-0.0733788,51.5756546],[-0.0732826,51.5756565],[-0.0732321,51.5756575],[-0.0732013,51.5756581],[-0.0731172,51.5756597],[-0.0730912,51.5756602],[-0.0730361,51.5756613],[-0.0730147,51.575662],[-0.0729841,51.5756629],[-0.072979,51.5756631],[-0.0727769,51.5756694],[-0.0724623,51.5756394],[-0.072455,51.5756387],[-0.0724245,51.5756363],[-0.0723661,51.5756308],[-0.0722444,51.575656],[-0.0720112,51.5757043],[-0.0719286,51.5757213],[-0.071898,51.5756368],[-0.0718913,51.5756182],[-0.0718899,51.5756144],[-0.071755,51.5756263],[-0.071732,51.5756283],[-0.0717135,51.5756299],[-0.0716645,51.5756342],[-0.0716411,51.5756363],[-0.0715334,51.5756457],[-0.0714859,51.5756499],[-0.0714702,51.5756513],[-0.0713951,51.5756579],[-0.0713818,51.5756591],[-0.0713572,51.5756612],[-0.0712731,51.5756686],[-0.0711724,51.5756775],[-0.0711399,51.5756804],[-0.0711355,51.5756807],[-0.0711064,51.5756833],[-0.0710823,51.5756854],[-0.0710765,51.5756866],[-0.0710392,51.5756938],[-0.0710244,51.5756967],[-0.0709916,51.5757031],[-0.0709629,51.5757087],[-0.0709501,51.5757112],[-0.0709218,51.5757167],[-0.0709028,51.5757204],[-0.0708492,51.5757309],[-0.0708394,51.5757328],[-0.0708321,51.5757342],[-0.0708047,51.5757396],[-0.0707904,51.5757423],[-0.0707658,51.5757471],[-0.0707017,51.5757596],[-0.0706948,51.575761],[-0.0706738,51.5757651],[-0.0706513,51.5757694],[-0.0706432,51.575771],[-0.0705863,51.5757821],[-0.0705713,51.575785],[-0.0705432,51.5757905],[-0.0705196,51.5757951],[-0.0704971,51.5757995],[-0.0704868,51.5758016],[-0.0704758,51.5758041],[-0.0704038,51.5758206],[-0.070392,51.5758233],[-0.070372,51.5758279],[-0.0703332,51.5758368],[-0.0703262,51.5758384],[-0.0702962,51.5758453],[-0.07027,51.5758513],[-0.0702326,51.5758599],[-0.0702146,51.575864],[-0.0701671,51.5758749],[-0.0701512,51.5758786],[-0.070108,51.5758885],[-0.0700995,51.5758904],[-0.0700435,51.5759033],[-0.070036,51.5759048],[-0.0699941,51.5759131],[-0.0699744,51.575917],[-0.0699685,51.5759182],[-0.0698928,51.5759332],[-0.0698791,51.5759354],[-0.0698441,51.5759409],[-0.0698323,51.5759428],[-0.0697755,51.5759518],[-0.0697679,51.575953],[-0.0697402,51.5759574],[-0.0697286,51.5759592],[-0.0697122,51.5759618],[-0.069702,51.5759634],[-0.0696498,51.5759717],[-0.069645,51.5759724],[-0.0696368,51.5759734],[-0.0696098,51.5759766],[-0.0696,51.5759778],[-0.069518,51.5759874],[-0.0694874,51.575991],[-0.0694766,51.5759923],[-0.0694327,51.5759975],[-0.0694255,51.5759984],[-0.0693742,51.5760044],[-0.0693626,51.5760058],[-0.0693267,51.57601],[-0.0693216,51.5760107],[-0.0693006,51.5760142],[-0.0692799,51.5760176],[-0.0692413,51.5760239],[-0.0692246,51.5760268],[-0.0691918,51.5760323],[-0.0691082,51.5760462],[-0.0690873,51.5760497],[-0.0690446,51.5760568],[-0.0690341,51.5760586],[-0.069015,51.5760617],[-0.0689857,51.5760666],[-0.0689583,51.5760712],[-0.0689451,51.5760734],[-0.0689177,51.5760779],[-0.0688765,51.5760848],[-0.0688584,51.5760878],[-0.0688337,51.5760919],[-0.0688141,51.5760952],[-0.0687828,51.5761004],[-0.0687732,51.576102],[-0.0687501,51.5761059],[-0.0687338,51.5761086],[-0.0687258,51.5761099],[-0.068678,51.5761179],[-0.0686487,51.5761227],[-0.0686364,51.5761248],[-0.0686204,51.5761274],[-0.0685934,51.5761319],[-0.06858,51.5761342],[-0.0685724,51.5761354],[-0.0685483,51.5761394],[-0.0685266,51.5761439],[-0.0685102,51.5761474],[-0.0685052,51.5761484],[-0.0684919,51.5761512],[-0.0684858,51.5761524],[-0.0684705,51.5761556],[-0.0684482,51.5761602],[-0.0683818,51.576174],[-0.0683753,51.5761754],[-0.0683606,51.5761784],[-0.0683529,51.57618],[-0.0683086,51.5761892],[-0.0682866,51.5761938],[-0.0682749,51.5761962],[-0.0682635,51.5761981],[-0.0682511,51.5762],[-0.0682219,51.5762047],[-0.0681768,51.5762118],[-0.0681553,51.5762152],[-0.0681397,51.5762177],[-0.0681287,51.5762194],[-0.0681185,51.576221],[-0.0680849,51.5762264],[-0.068079,51.5762273],[-0.0680646,51.5762295],[-0.0680121,51.5762354],[-0.0679854,51.5762384],[-0.0679483,51.5762425],[-0.0679146,51.5762463],[-0.0678563,51.5762528],[-0.0678396,51.5762547],[-0.067826,51.5762562],[-0.0678031,51.5762587],[-0.0677878,51.5762604],[-0.0677817,51.5762611],[-0.0677346,51.5762664],[-0.0677303,51.5762668],[-0.0676377,51.5762772],[-0.0676069,51.5762806],[-0.06758,51.5762836],[-0.0675698,51.5762848],[-0.067543,51.5762878],[-0.0674873,51.576294],[-0.0674406,51.5762992],[-0.0674175,51.576298],[-0.0674121,51.5762977],[-0.0673939,51.5762966],[-0.0673663,51.5762949],[-0.0673549,51.5762942],[-0.0673227,51.5762923],[-0.0673088,51.5762914],[-0.0672301,51.5762917],[-0.067224,51.5762913],[-0.0671846,51.5762943],[-0.0671777,51.5762948],[-0.0671229,51.5762989],[-0.067091,51.5763013],[-0.0668828,51.5763293],[-0.0667517,51.5763469],[-0.0666476,51.5763698],[-0.0666361,51.5763726],[-0.0666361,51.5763841],[-0.0666361,51.5763922],[-0.0666361,51.5764028],[-0.066636,51.5764863],[-0.066636,51.5764903],[-0.066636,51.5765302],[-0.0666359,51.5765874],[-0.0666359,51.5765912],[-0.0666359,51.5766258],[-0.0666357,51.5766308],[-0.0666216,51.5766338],[-0.06651,51.5766526],[-0.0664983,51.5766546],[-0.0664637,51.5766605],[-0.0663466,51.5766803],[-0.0663365,51.576682],[-0.0662858,51.5766905],[-0.0662169,51.5767022],[-0.0661741,51.5767094],[-0.0660659,51.5767277],[-0.0659715,51.5767437],[-0.0659576,51.576746],[-0.0659153,51.5767532],[-0.0658846,51.5767584],[-0.0658441,51.5767652],[-0.0658394,51.576766],[-0.0658029,51.5767722],[-0.0657919,51.576774],[-0.0657808,51.5767759],[-0.065512,51.5768213],[-0.0653622,51.5768523],[-0.0652878,51.5768677],[-0.0649641,51.5769345],[-0.0649595,51.5769355],[-0.0648947,51.5769489],[-0.0646503,51.5769993],[-0.0645664,51.5770299],[-0.0645231,51.5770458],[-0.0642948,51.5771289],[-0.0642334,51.5771512],[-0.064153,51.5771673],[-0.0640591,51.5771861],[-0.0640527,51.5771873],[-0.0640435,51.5771892],[-0.064033,51.5771913],[-0.0640167,51.5771945],[-0.0639966,51.5771986],[-0.0639899,51.5771999],[-0.063986,51.5772007],[-0.0638823,51.5772214],[-0.0638749,51.5772229],[-0.0637722,51.5772434],[-0.0637676,51.5772443],[-0.063626,51.5772743],[-0.063612,51.5772773],[-0.0635155,51.5772978],[-0.0635028,51.5773004],[-0.0631137,51.5773829],[-0.0630975,51.5773863],[-0.0630639,51.5773935],[-0.0630562,51.5773951],[-0.0630337,51.5773999],[-0.0629596,51.5774156],[-0.0629337,51.5774211],[-0.0628177,51.5774456],[-0.0628068,51.577448],[-0.0627946,51.5774506],[-0.0627558,51.5774588],[-0.0627154,51.5774673],[-0.0626497,51.577481],[-0.062644,51.5774821],[-0.0625405,51.5775036],[-0.0625138,51.5775091],[-0.0625082,51.5775103],[-0.0625005,51.5775119],[-0.0624265,51.5775272],[-0.0624216,51.5775282],[-0.0623868,51.5775354],[-0.0623456,51.577544],[-0.0622519,51.5775634],[-0.0622404,51.5775658],[-0.0622215,51.5775696],[-0.0621997,51.5775742],[-0.0621918,51.5775758],[-0.0621054,51.5775937],[-0.0620799,51.577599],[-0.0620733,51.5776004],[-0.0620674,51.5776016],[-0.0620269,51.57761],[-0.0620165,51.5776122],[-0.0619117,51.5776339],[-0.0619057,51.5776351],[-0.061901,51.5776361],[-0.0617696,51.5776633],[-0.0616411,51.57769],[-0.0612156,51.5777781],[-0.0611855,51.5777842],[-0.0609963,51.5774193],[-0.060983,51.5773937],[-0.0609806,51.5773893],[-0.0609788,51.5773858],[-0.0606918,51.5768384],[-0.0606731,51.5768029],[-0.0605942,51.5766535],[-0.0604625,51.5764038],[-0.0604208,51.5763247],[-0.0603346,51.5761615],[-0.0602486,51.5759685],[-0.0600994,51.5756336],[-0.0600851,51.5756016],[-0.0600114,51.5754365],[-0.0600053,51.5754227],[-0.0599286,51.5753057],[-0.0596877,51.5749376],[-0.0593728,51.5744308],[-0.0593055,51.5743474],[-0.0590807,51.5740688],[-0.0588658,51.5737547],[-0.0587465,51.5735079],[-0.0587221,51.573459],[-0.05872,51.5734549],[-0.0585952,51.5732049],[-0.058588,51.5731735],[-0.0585344,51.5729389],[-0.0584962,51.5727129],[-0.0584634,51.5726176],[-0.0584494,51.5725771],[-0.0584321,51.572525],[-0.0582688,51.5723666],[-0.0582259,51.572325],[-0.0575903,51.5718982],[-0.0571123,51.5716146],[-0.0571064,51.5716111],[-0.0568983,51.5714519],[-0.0567719,51.5713552],[-0.0566232,51.5709922],[-0.056399,51.5707932],[-0.0561725,51.5706703],[-0.0560471,51.5706224],[-0.0560101,51.5706083],[-0.0559394,51.5705828],[-0.0558689,51.5705573],[-0.05578,51.5705483],[-0.0556938,51.570544],[-0.0555766,51.5705383],[-0.0554437,51.5705382],[-0.0552916,51.5705382],[-0.0549857,51.5704999],[-0.0549812,51.5704993],[-0.0548423,51.5704682],[-0.0547936,51.5704573],[-0.0546798,51.5704182],[-0.054564,51.5703656],[-0.0545568,51.5703623],[-0.0544405,51.5702983],[-0.0542916,51.5701954],[-0.0541768,51.5700733],[-0.0541732,51.5700672],[-0.0539926,51.5697663],[-0.0538644,51.5695526],[-0.0537581,51.5693754],[-0.0536697,51.5692281],[-0.0536437,51.5691847],[-0.0535361,51.5690055],[-0.0533859,51.5687435],[-0.0532947,51.5686615],[-0.0531605,51.5685735],[-0.0528889,51.5684271],[-0.0528246,51.5683925],[-0.0525247,51.5682574],[-0.0524044,51.5682032],[-0.0523044,51.5681582],[-0.0522931,51.5681531],[-0.0520562,51.5680464],[-0.0520327,51.5680358],[-0.0519345,51.5679916],[-0.0518962,51.567978],[-0.0518892,51.5679755],[-0.0518559,51.5679636],[-0.0516589,51.5678936],[-0.0516436,51.5678881],[-0.0515157,51.5678426],[-0.0515111,51.567841],[-0.0514738,51.5678277],[-0.0511765,51.5677215],[-0.0510441,51.5676624],[-0.0508607,51.5675798],[-0.0508538,51.5675767],[-0.0508112,51.5675522],[-0.0507877,51.5675388],[-0.0507647,51.5675218],[-0.0506898,51.5674668],[-0.0504472,51.5672137],[-0.0498539,51.5668528],[-0.0496741,51.5667347],[-0.0491522,51.5663919],[-0.0490535,51.5663169],[-0.0489688,51.5662373],[-0.0489599,51.5662289],[-0.0489513,51.566222],[-0.0487069,51.5660251],[-0.0485676,51.5659129],[-0.0485559,51.5659034],[-0.0484351,51.5658058],[-0.0483818,51.5657668],[-0.048378,51.565764],[-0.0483083,51.565713],[-0.0482392,51.5656649],[-0.0480371,51.565544],[-0.0480327,51.5655414],[-0.0477586,51.5653773],[-0.0476775,51.5653288],[-0.0476676,51.5653229],[-0.0475477,51.565238],[-0.0474852,51.5651821],[-0.0472752,51.5649662],[-0.0472702,51.5649611],[-0.0470481,51.5647328],[-0.0470438,51.5647283],[-0.0468842,51.5645643],[-0.0468382,51.5645171],[-0.0468021,51.5644551],[-0.0467703,51.5644182],[-0.046727,51.5643781],[-0.0467084,51.5643286],[-0.0467011,51.5643092],[-0.0466874,51.5642824],[-0.0466753,51.5642571],[-0.0466633,51.5642319],[-0.0466545,51.5642096],[-0.0466524,51.5642042],[-0.0466413,51.5641682],[-0.046632,51.5641322],[-0.0466308,51.5641275],[-0.0466251,51.5641041],[-0.0466228,51.5640922],[-0.0466199,51.5640772],[-0.0466183,51.5640595],[-0.0466175,51.5640501],[-0.046616,51.5640222],[-0.0466171,51.5639952],[-0.0466193,51.5639652],[-0.0466235,51.5639428],[-0.0466252,51.5639337],[-0.0466282,51.5639255],[-0.0466395,51.5638951],[-0.0466564,51.5638572],[-0.0466769,51.5638201],[-0.0466937,51.5637928],[-0.0466992,51.5637837],[-0.0467039,51.5637773],[-0.0467224,51.563752],[-0.0467528,51.5637132],[-0.0467821,51.5636803],[-0.0467952,51.5636664],[-0.0468029,51.5636581],[-0.0468093,51.5636521],[-0.0468264,51.5636362],[-0.0468508,51.5636137],[-0.0470194,51.5634266],[-0.047028,51.5634171],[-0.047061,51.5633839],[-0.0472009,51.5632435],[-0.0472097,51.5632347],[-0.0472324,51.5632093],[-0.0472534,51.5631821],[-0.0472571,51.5631766],[-0.0472776,51.5631452],[-0.0472981,51.5631077],[-0.0473112,51.5630793],[-0.047314,51.5630733],[-0.0473264,51.5630372],[-0.0473277,51.5630321],[-0.0473303,51.5630218],[-0.047334,51.5630073],[-0.0473388,51.5629777],[-0.0473392,51.5629749],[-0.0473406,51.5629619],[-0.0473432,51.5629383],[-0.0473422,51.5628988],[-0.0473341,51.5628578],[-0.0473332,51.5628546],[-0.0473302,51.5628433],[-0.0473232,51.5628167],[-0.0473137,51.5627961],[-0.0473091,51.5627861],[-0.0473075,51.5627827],[-0.0472901,51.5627483],[-0.0472731,51.5627233],[-0.0472576,51.5627021],[-0.0472552,51.5626988],[-0.0472277,51.5626679],[-0.0472273,51.5626675],[-0.0472234,51.5626636],[-0.0471939,51.5626343],[-0.0471599,51.5626079],[-0.0471512,51.5626016],[-0.0471328,51.5625883],[-0.0471038,51.5625703],[-0.047073,51.5625533],[-0.0470577,51.5625458],[-0.0470403,51.5625373],[-0.0469961,51.5625163],[-0.0469501,51.5624967],[-0.0469102,51.5624803],[-0.0468543,51.5624599],[-0.0468018,51.5624424],[-0.0467742,51.5624341],[-0.0467484,51.5624264],[-0.0467066,51.5624158],[-0.0466931,51.5624124],[-0.04665,51.5624023],[-0.0466377,51.5623994],[-0.0465742,51.5623874],[-0.0460662,51.5623113],[-0.045998,51.5622962],[-0.0456885,51.5622279],[-0.045659,51.5622214],[-0.0456142,51.5622115],[-0.0456049,51.5622032],[-0.045581,51.5621819],[-0.045104,51.5617574],[-0.0446323,51.5617264],[-0.0443516,51.5617127],[-0.0442241,51.5617065],[-0.0437347,51.5617192],[-0.0433752,51.5616016],[-0.0431194,51.5615299],[-0.0427934,51.5614386],[-0.0427475,51.5614295],[-0.0426307,51.5614065],[-0.0425194,51.5613935],[-0.0423357,51.5613875],[-0.0422427,51.5613915],[-0.0418477,51.5614335],[-0.0415553,51.5615015],[-0.0412633,51.5615825],[-0.0407427,51.5617156],[-0.0406905,51.5617267],[-0.0406486,51.5617356],[-0.0406117,51.5617435],[-0.0405829,51.5617475],[-0.0404765,51.5617626],[-0.0403143,51.5617795],[-0.0402046,51.5617868],[-0.0401921,51.5617876],[-0.039996,51.5617796],[-0.0398973,51.5617476],[-0.0397523,51.5616805],[-0.0391349,51.561294],[-0.0390815,51.5612605],[-0.039014,51.5612302],[-0.0390081,51.5612276],[-0.0389945,51.5612227],[-0.0389889,51.5612207],[-0.0389326,51.5612006],[-0.0388497,51.5611815],[-0.0387276,51.5611655],[-0.0384861,51.5611616],[-0.0383668,51.5611677],[-0.0381377,51.5611895],[-0.03795,51.5612156],[-0.0378844,51.5612288],[-0.0376853,51.5612687],[-0.0373857,51.5613703],[-0.0372433,51.5614187],[-0.0370884,51.5614555],[-0.0369657,51.5614775],[-0.0368152,51.5614976],[-0.0366921,51.5615086],[-0.0366081,51.5615106],[-0.0364614,51.561506],[-0.0364163,51.5615046],[-0.0360163,51.5614536],[-0.0357686,51.5613961],[-0.0352628,51.5612786],[-0.0350279,51.5612066],[-0.0349092,51.5611567],[-0.0347299,51.5610707],[-0.0346289,51.5610267],[-0.034268,51.5608668],[-0.033981,51.5607582],[-0.0338794,51.5607198],[-0.0336716,51.5606657],[-0.0335177,51.5606388],[-0.0333084,51.5606208],[-0.0328155,51.5606757],[-0.0326358,51.5607027],[-0.0321102,51.5607959],[-0.0316202,51.5609665],[-0.0311997,51.5611128],[-0.0311464,51.5611347],[-0.0310933,51.5611547],[-0.0310401,51.5611748],[-0.0310134,51.5611845],[-0.0309851,51.5611948],[-0.0309294,51.5612127],[-0.0308842,51.561226],[-0.0308639,51.561232],[-0.0308563,51.5612342],[-0.0308401,51.5612386],[-0.0307842,51.5612537],[-0.0307249,51.5612687],[-0.0306977,51.561275],[-0.0306648,51.5612827],[-0.0306539,51.5612852],[-0.0306066,51.5612958],[-0.0305472,51.5613066],[-0.0304866,51.5613168],[-0.0304249,51.5613267],[-0.030365,51.5613347],[-0.0302979,51.5613427],[-0.0302327,51.5613496],[-0.0302047,51.5613524],[-0.030172,51.5613556],[-0.0301565,51.5613566],[-0.0301161,51.5613595],[-0.0300491,51.5613637],[-0.0299877,51.5613658],[-0.0299272,51.5613657],[-0.0298513,51.5613629],[-0.0298458,51.5613625],[-0.0297762,51.5613548],[-0.0297215,51.5613488],[-0.0296723,51.5613402],[-0.0291821,51.5612277],[-0.0286301,51.5610438],[-0.0279986,51.5608418],[-0.02798,51.5608354],[-0.0277971,51.5607721],[-0.0277916,51.5607702],[-0.0277818,51.5607668],[-0.0277235,51.5607417],[-0.0272142,51.5605221],[-0.0271187,51.560481],[-0.0268541,51.5603669],[-0.0264994,51.5602089],[-0.0262984,51.560102],[-0.0260076,51.559947],[-0.0257542,51.5597983],[-0.0257467,51.5597939],[-0.025597,51.559706],[-0.02552,51.5596519],[-0.0254709,51.5596173],[-0.0252644,51.5594721],[-0.0249949,51.5592411],[-0.0246504,51.558993],[-0.0245561,51.5588984],[-0.0245139,51.5588561],[-0.0244332,51.5587622],[-0.0243761,51.5586862],[-0.0243724,51.5586801],[-0.0243306,51.5586122],[-0.0242698,51.5584961],[-0.0241947,51.5583161],[-0.02401,51.5579371],[-0.0239459,51.5576272],[-0.0239156,51.5573234],[-0.0238458,51.5573249],[-0.023553,51.5573313],[-0.0235118,51.5573321],[-0.0235034,51.5573323],[-0.0231387,51.5573003],[-0.0225813,51.5570144],[-0.0220204,51.5567254],[-0.0219622,51.5566954],[-0.0216222,51.5565431],[-0.021037,51.556281],[-0.0204656,51.556025],[-0.0203552,51.5559756],[-0.0200048,51.555814],[-0.0198916,51.5557618],[-0.019574,51.5556154],[-0.0195203,51.5555906],[-0.0194182,51.5555436],[-0.0188516,51.5552826],[-0.018484,51.5551126],[-0.0184362,51.5549819],[-0.0183919,51.5548608],[-0.0181911,51.5543113],[-0.0180987,51.5540589],[-0.0179438,51.5541943],[-0.0179113,51.5541403],[-0.0179089,51.5541368],[-0.0179056,51.554132],[-0.0178819,51.5540917],[-0.0178319,51.5539908],[-0.0178214,51.5539696],[-0.017712,51.5537488],[-0.0177059,51.5537385],[-0.0176923,51.553715],[-0.0175131,51.5534075],[-0.0175039,51.5533918],[-0.0174168,51.5529468],[-0.0173705,51.5527104],[-0.0173695,51.5527054],[-0.0173069,51.5523859],[-0.0172627,51.5521266],[-0.0171913,51.5517083],[-0.0173127,51.5517024],[-0.0178628,51.5516771],[-0.0180831,51.5516671],[-0.0185576,51.5516452],[-0.0191128,51.5516196],[-0.0191234,51.5516189],[-0.0191204,51.5516158],[-0.0189762,51.5514976],[-0.0189425,51.55147],[-0.0189118,51.5513997],[-0.0188941,51.5513591],[-0.0189012,51.551215],[-0.0189206,51.5511561],[-0.0189343,51.5511142],[-0.0189537,51.551055],[-0.0189563,51.5510471],[-0.0189713,51.5509601],[-0.0189932,51.5508326],[-0.0190022,51.5507802],[-0.0190033,51.5507407],[-0.0190043,51.5507082],[-0.0190076,51.5505931],[-0.0189576,51.5504389],[-0.0189424,51.5503922],[-0.0189031,51.550326],[-0.0186988,51.5499823],[-0.0186898,51.5499631],[-0.0184336,51.5494183],[-0.0183959,51.5493383],[-0.0181686,51.5488095],[-0.0181229,51.548703],[-0.0181192,51.5486944],[-0.0180574,51.5485858],[-0.018001,51.5484865],[-0.017935,51.5483704],[-0.0178778,51.548275],[-0.0178676,51.5482579],[-0.017666,51.5479214],[-0.0176092,51.5478245],[-0.0174983,51.5476355],[-0.0174386,51.5475336],[-0.0174254,51.5474775],[-0.0173684,51.5472353],[-0.0173465,51.5471425],[-0.0173435,51.5471295],[-0.0172903,51.5468931],[-0.0172868,51.5468776],[-0.0172205,51.5466642],[-0.0171423,51.5464127],[-0.0170765,51.5462007],[-0.0170637,51.54613],[-0.016982,51.5456777],[-0.016974,51.5456198],[-0.0169286,51.5452897],[-0.0169025,51.5451004],[-0.0169005,51.5450858],[-0.0168974,51.545063],[-0.0168766,51.5449089],[-0.0168106,51.5446144],[-0.0167823,51.5444879],[-0.016705,51.5442366],[-0.0166725,51.5441309],[-0.0166714,51.5441271],[-0.0165351,51.543643],[-0.0165105,51.5433552],[-0.01651,51.5433494],[-0.0165041,51.5432796],[-0.0170212,51.5433454],[-0.0171826,51.5433661],[-0.0174733,51.5433979],[-0.0178024,51.543434],[-0.0178114,51.543435],[-0.0181837,51.5434722],[-0.0182925,51.543483],[-0.0189081,51.5435079],[-0.01894,51.5435102],[-0.0193869,51.5435418],[-0.0194846,51.5435389],[-0.0200141,51.5435229],[-0.0204821,51.5435112],[-0.0207306,51.5435049],[-0.021076,51.5434806],[-0.0210802,51.5434803],[-0.0216103,51.5434429],[-0.0224315,51.5434209],[-0.0228168,51.5433994],[-0.0230965,51.5433838],[-0.0231249,51.5433816],[-0.0233291,51.5433656],[-0.023344,51.5433645],[-0.0234398,51.543357],[-0.0238635,51.5433238],[-0.0240649,51.5433099],[-0.0248914,51.5432529],[-0.0252812,51.5432225],[-0.0253527,51.543217],[-0.0256282,51.5432914],[-0.0256342,51.5432929],[-0.0256425,51.5432776],[-0.0256526,51.5432589],[-0.0256568,51.5432511],[-0.0256607,51.5432439],[-0.0257075,51.5432],[-0.0257626,51.543158],[-0.0258598,51.5431208],[-0.0261289,51.5430285],[-0.0262287,51.5429942],[-0.0265066,51.5428989],[-0.0265626,51.5428822],[-0.0265802,51.542877],[-0.0266347,51.5428615],[-0.0269541,51.5427657],[-0.0272125,51.5426889],[-0.0272573,51.5426765],[-0.0273366,51.5426546],[-0.0274442,51.5426249],[-0.0277239,51.542557],[-0.0278056,51.5425371],[-0.0278945,51.5425155],[-0.0278998,51.5425142],[-0.0280372,51.5424809],[-0.0281478,51.5424569],[-0.0282691,51.5424307],[-0.0283884,51.5424049],[-0.02851,51.5423812],[-0.0286289,51.542358],[-0.0288647,51.542312],[-0.0289584,51.5423007],[-0.0289632,51.5423001],[-0.0290891,51.542285],[-0.0291871,51.5424807],[-0.0292198,51.5425462],[-0.0292553,51.5426173],[-0.0292611,51.5426289],[-0.0293801,51.5427997],[-0.0294283,51.5428689],[-0.0295779,51.5429949],[-0.0297493,51.5430959],[-0.0298245,51.5431242],[-0.0298477,51.5431333],[-0.0300438,51.5432069],[-0.0305382,51.5433199],[-0.0305615,51.5433253],[-0.030996,51.5434269],[-0.0310135,51.5434329],[-0.0310724,51.5434532],[-0.0311497,51.5434798],[-0.0312315,51.5435309],[-0.0313535,51.5436071],[-0.031449,51.5436667],[-0.0316205,51.5437738],[-0.0317179,51.5438346],[-0.0317382,51.5438473],[-0.0318001,51.543886],[-0.0318538,51.5439196],[-0.0318957,51.5439457],[-0.0319196,51.5439595],[-0.0320001,51.544006],[-0.0320632,51.5440426],[-0.0321213,51.5440761],[-0.0322299,51.5441389],[-0.0322675,51.5441607],[-0.032352,51.5442095],[-0.0324384,51.5442595],[-0.0324418,51.5442615],[-0.0325041,51.5442975],[-0.0325579,51.5443286],[-0.0326014,51.5443581],[-0.0326061,51.5443613],[-0.032677,51.5444094],[-0.0328433,51.5445222],[-0.0328469,51.5445247],[-0.0328848,51.5445666],[-0.0329312,51.5445989],[-0.032978,51.5446202],[-0.0330234,51.5446334],[-0.0330642,51.5446415],[-0.03307,51.5446422],[-0.0330812,51.544644],[-0.0330912,51.5446446],[-0.0331616,51.5446481],[-0.0332231,51.5446435],[-0.0332785,51.5446349],[-0.0333349,51.5446229],[-0.0334023,51.5446051],[-0.0334371,51.5445942],[-0.0334517,51.5445896],[-0.0334605,51.5445859],[-0.0334921,51.5445726],[-0.0335455,51.5445468],[-0.0335814,51.5445268],[-0.033587,51.5445236],[-0.0335963,51.5445173],[-0.0336128,51.5445061],[-0.0336229,51.5444993],[-0.0336308,51.544493],[-0.0336687,51.5444623],[-0.0336764,51.5444561],[-0.0336815,51.5444506],[-0.0337022,51.5444284],[-0.0337133,51.5444164],[-0.0337375,51.5443863],[-0.0337498,51.5443667],[-0.033753,51.5443615],[-0.033755,51.5443584],[-0.033759,51.5443519],[-0.0337608,51.544349],[-0.0337623,51.5443466],[-0.0337759,51.5443162],[-0.0337773,51.5443131],[-0.0337787,51.5443081],[-0.0337803,51.5443026],[-0.0337868,51.5442801],[-0.0337976,51.5442707],[-0.0338098,51.5442602],[-0.0338956,51.5441859],[-0.0339158,51.5441684],[-0.0339233,51.5441619],[-0.0341772,51.5439421],[-0.03419,51.543931],[-0.0342896,51.5438448],[-0.0344151,51.5437463],[-0.0344728,51.543701],[-0.0345463,51.5436433],[-0.0346,51.5436012],[-0.0347033,51.5435201],[-0.0348599,51.5434466],[-0.0350713,51.5433478],[-0.0350802,51.5433436],[-0.0351233,51.5433234],[-0.0351617,51.5433054],[-0.0352753,51.5432523],[-0.0353072,51.5432374],[-0.035429,51.5431804],[-0.0355179,51.5431388],[-0.0357506,51.5430048],[-0.036045,51.5428349],[-0.0360801,51.5428147],[-0.0361326,51.5427844],[-0.036242,51.5427214],[-0.0363036,51.5426859],[-0.0363321,51.5426678],[-0.0363712,51.5426431],[-0.0365556,51.5425268],[-0.0366228,51.5424843],[-0.0367071,51.5424311],[-0.0368238,51.5423575],[-0.0368689,51.542329],[-0.0369007,51.5423089],[-0.036904,51.5423068],[-0.0369491,51.5422799],[-0.0369562,51.5422756],[-0.0370817,51.5422007],[-0.0371333,51.54217],[-0.0372154,51.542121],[-0.0373212,51.5420578],[-0.0374771,51.5419648],[-0.0375244,51.5419366],[-0.037592,51.5418962],[-0.0376147,51.5418826],[-0.0376244,51.5418768],[-0.0376995,51.541832],[-0.0377634,51.5417939],[-0.037751,51.5417861],[-0.0371693,51.5414189],[-0.0372419,51.5413488],[-0.0372518,51.5413393],[-0.0373638,51.5412311],[-0.0377136,51.5409017],[-0.0377274,51.5408889],[-0.0379107,51.5407194],[-0.0379967,51.5406397],[-0.0380351,51.5406042],[-0.0380435,51.5405965],[-0.038057,51.540584],[-0.0381925,51.5404629],[-0.0382025,51.540454],[-0.0382916,51.5403743],[-0.0382977,51.5403688],[-0.0383605,51.5403127],[-0.0383736,51.5403011],[-0.0384042,51.5402737],[-0.0384384,51.5402432],[-0.0384474,51.5402351],[-0.0384679,51.5402168],[-0.038508,51.5401809],[-0.0385738,51.5401222],[-0.0385861,51.5401112],[-0.0385913,51.5401066],[-0.0385945,51.5401037],[-0.0386107,51.5400892],[-0.0387308,51.5399819],[-0.0387349,51.5399782],[-0.0388344,51.5398893],[-0.0388423,51.5398823],[-0.0388795,51.539849],[-0.038882,51.5398468],[-0.0388973,51.5398332],[-0.0389119,51.5398201],[-0.038931,51.539803],[-0.0389389,51.5397959],[-0.0389654,51.5397722],[-0.0389782,51.5397609],[-0.0390096,51.5397328],[-0.0390121,51.5397306],[-0.0390554,51.5396918],[-0.039093,51.5396582],[-0.0391098,51.5396432],[-0.0391136,51.5396398],[-0.0391442,51.5396103],[-0.0391544,51.5396005],[-0.0391821,51.5395737],[-0.0392008,51.5395556],[-0.0392079,51.5395488],[-0.0392278,51.5395295],[-0.0392411,51.5395167],[-0.0393096,51.5394505],[-0.0393236,51.539437],[-0.0393404,51.5394209],[-0.0393518,51.5394098],[-0.0393635,51.5393985],[-0.0393801,51.5393824],[-0.0394084,51.5393551],[-0.0394138,51.5393499],[-0.0394286,51.5393357],[-0.0394682,51.5392974],[-0.0394713,51.5392944],[-0.0394951,51.5392714],[-0.0395202,51.5392472],[-0.0396314,51.5391398],[-0.0396947,51.5390788],[-0.0396971,51.5390763],[-0.0397026,51.539071],[-0.0397138,51.5390602],[-0.0397515,51.5390238],[-0.0397599,51.5390156],[-0.039768,51.5390078],[-0.0397883,51.5389882],[-0.0398165,51.538961],[-0.0398204,51.5389572],[-0.0398264,51.5389514],[-0.0398433,51.5389351],[-0.039905,51.5388756],[-0.0399075,51.5388731],[-0.0399144,51.5388664],[-0.0399187,51.5388623],[-0.0399924,51.5387911],[-0.0399987,51.5387851],[-0.0400583,51.5387275],[-0.0401063,51.5386812],[-0.0401324,51.5386571],[-0.0401858,51.5386079],[-0.0402064,51.5385889],[-0.040215,51.538581],[-0.0402224,51.5385741],[-0.0402533,51.5385457],[-0.0402731,51.5385275],[-0.0402801,51.5385211],[-0.040418,51.538394],[-0.0404415,51.5383723],[-0.0405787,51.538246],[-0.0405816,51.5382433],[-0.0407369,51.5381003],[-0.0407907,51.5380505],[-0.0409555,51.5378984],[-0.0409732,51.537882],[-0.0409784,51.5378773],[-0.0409989,51.5378583],[-0.0410302,51.5378294],[-0.0411029,51.5377623],[-0.0412685,51.537601],[-0.0413093,51.5375613],[-0.0413162,51.5375545],[-0.0413537,51.5375181],[-0.0413668,51.5375053],[-0.0413698,51.5375024],[-0.0413769,51.5374955],[-0.0413852,51.5374875],[-0.0414202,51.5374533],[-0.0414297,51.5374441],[-0.0414341,51.5374398],[-0.0414603,51.5374143],[-0.0414748,51.5374079],[-0.0415076,51.5373933],[-0.0415292,51.5373837],[-0.0416159,51.5373451],[-0.0416823,51.5373155],[-0.0416869,51.5373135],[-0.0417207,51.5372985],[-0.0417326,51.5372932],[-0.0417437,51.5372882],[-0.0417833,51.5372706],[-0.0418499,51.537241],[-0.0418626,51.5372353],[-0.0418761,51.5372294],[-0.0419037,51.5372171],[-0.0419219,51.537209],[-0.0419253,51.5372075],[-0.0419574,51.5371932],[-0.0421147,51.5371232],[-0.0421528,51.5371063],[-0.0421635,51.5371015],[-0.0421953,51.5370874],[-0.0422026,51.5370841],[-0.0422515,51.5370624],[-0.0423021,51.5370398],[-0.0423411,51.5370225],[-0.0423778,51.5370062],[-0.0423914,51.5370001],[-0.042472,51.5369629],[-0.0424811,51.5369586],[-0.0424943,51.5369526],[-0.0425521,51.5369258],[-0.0425703,51.5369174],[-0.0425923,51.5369072],[-0.042596,51.5369055],[-0.0426271,51.5368911],[-0.0426338,51.536888],[-0.0426403,51.536885],[-0.0426828,51.5368653],[-0.0427092,51.5368531],[-0.0427243,51.5368461],[-0.0430026,51.5367174],[-0.0433647,51.5365499],[-0.0434454,51.5365126],[-0.0434515,51.5365098],[-0.0434553,51.536508],[-0.0434695,51.5365014],[-0.0435132,51.5364848],[-0.0435776,51.5364605],[-0.043695,51.5364895],[-0.0437307,51.5364983],[-0.0437866,51.5364904],[-0.0438,51.5364884],[-0.0438338,51.5364835],[-0.0439704,51.5364243],[-0.043992,51.5364056],[-0.0440538,51.5363524],[-0.0441019,51.5363109],[-0.0441877,51.5362369],[-0.0442056,51.5362215],[-0.044232,51.5361987],[-0.0442488,51.5361843],[-0.0442885,51.53615],[-0.0442997,51.5361403],[-0.0443474,51.5361076],[-0.0443699,51.5360922],[-0.0444328,51.5360489],[-0.0444604,51.53603],[-0.0444917,51.5360085],[-0.0444977,51.5360044],[-0.0445441,51.5359725],[-0.0445822,51.5359464],[-0.0445916,51.5359399],[-0.0446433,51.5359044],[-0.044707,51.5358695],[-0.0447274,51.5358602],[-0.0447888,51.5358325],[-0.0448097,51.5358253],[-0.0448235,51.5358206],[-0.0448479,51.5358122],[-0.0448619,51.5358074],[-0.0448896,51.5358001],[-0.0449257,51.5357905],[-0.0450985,51.53576],[-0.0451229,51.5357556],[-0.0452858,51.5357268],[-0.0454012,51.5357064],[-0.0454115,51.5357046],[-0.0455531,51.5356795],[-0.0456207,51.5356676],[-0.0457739,51.5356405],[-0.0458065,51.5356347],[-0.0458779,51.5356221],[-0.0459052,51.5356173],[-0.0459632,51.535607],[-0.0459838,51.5356034],[-0.046083,51.5355914],[-0.0460947,51.5355899],[-0.046166,51.5355813],[-0.046193,51.535578],[-0.0462598,51.5355699],[-0.0463802,51.5355553],[-0.0464278,51.5355495],[-0.0464985,51.5355409],[-0.0465688,51.5355324],[-0.0465824,51.5355307],[-0.0466496,51.5355226],[-0.0467407,51.5355115],[-0.0468845,51.5354941],[-0.0469231,51.5354894],[-0.0469986,51.5354913],[-0.0471062,51.535494],[-0.0471608,51.5354954],[-0.0472026,51.5354982],[-0.0472327,51.5355001],[-0.0473058,51.5355049],[-0.0473161,51.5355056],[-0.0473279,51.5355064],[-0.0474103,51.535514],[-0.0475196,51.5355242],[-0.0475757,51.5355295],[-0.0475876,51.5355318],[-0.0475927,51.5355327],[-0.0477182,51.535557],[-0.0477372,51.5355607],[-0.0478545,51.5355834],[-0.0479202,51.5355868],[-0.047937,51.5355877],[-0.047992,51.5355905],[-0.0480809,51.5355994],[-0.0481447,51.5356114],[-0.0481829,51.5356186],[-0.0481873,51.5356194],[-0.0482909,51.535647],[-0.0483112,51.5356524],[-0.0483225,51.5356566],[-0.0484283,51.5356954],[-0.0484395,51.5357007],[-0.0485149,51.5357365],[-0.0485878,51.5357794],[-0.0488969,51.5359864],[-0.0489032,51.5359904],[-0.0492902,51.5361942],[-0.0492999,51.5361993],[-0.0493165,51.5362067],[-0.0493261,51.5362109],[-0.0494446,51.5362633],[-0.0495495,51.5363097],[-0.0496259,51.5363313],[-0.0496366,51.5363337],[-0.0496756,51.5363425],[-0.0498362,51.5363786],[-0.0498506,51.5363818],[-0.0499089,51.5363949],[-0.0499195,51.5363973],[-0.0499405,51.5364008],[-0.0500418,51.5364176],[-0.0500998,51.5364273],[-0.0501952,51.5364432],[-0.0502497,51.5364523],[-0.0503583,51.5364633],[-0.0503868,51.5364651],[-0.050418,51.5364671],[-0.0504289,51.5364678],[-0.0504392,51.5364685],[-0.0504994,51.5364723],[-0.0505656,51.5364736],[-0.0505817,51.5364739],[-0.0506233,51.5364747],[-0.0506543,51.5364753],[-0.0506624,51.536475],[-0.0507327,51.5364723],[-0.0507591,51.5364713],[-0.0508105,51.5364693],[-0.0509059,51.5364616],[-0.0509588,51.5364573],[-0.0510958,51.5364361],[-0.0511071,51.5364343],[-0.0512678,51.5364094],[-0.0512805,51.5364074],[-0.0513576,51.5363955],[-0.05143,51.5363843],[-0.0516041,51.5363302],[-0.0516223,51.5363233],[-0.0516592,51.5363093],[-0.0517653,51.5362692],[-0.0517711,51.5362667],[-0.0518297,51.5362414],[-0.0518521,51.5362317],[-0.051881,51.5362193],[-0.0518866,51.5362164],[-0.0520279,51.5361433],[-0.0520397,51.5361372],[-0.0521436,51.5360834],[-0.0522075,51.5360403],[-0.0522198,51.536032],[-0.0522418,51.5360172],[-0.0523641,51.5359346],[-0.0523688,51.5359315],[-0.0523742,51.5359278],[-0.0523796,51.5359241],[-0.0523942,51.5359143],[-0.0523971,51.5359113],[-0.0524004,51.5359079],[-0.0524515,51.5358553],[-0.0524624,51.5358441],[-0.0524766,51.5358295],[-0.0525836,51.5357193],[-0.0525947,51.535703],[-0.0525976,51.5356987],[-0.052641,51.5356341],[-0.0527107,51.5355304],[-0.0527116,51.5355269],[-0.052714,51.5355185],[-0.0527411,51.535421],[-0.0527639,51.5353388],[-0.052766,51.5353316],[-0.0527764,51.535294],[-0.0527818,51.5352743],[-0.0527953,51.535226],[-0.0528107,51.5351704],[-0.0528408,51.5348886],[-0.052927,51.5349117],[-0.0533513,51.5350265],[-0.0533768,51.5350297],[-0.0533867,51.535031],[-0.0534588,51.5350401],[-0.0536744,51.5350675],[-0.0536817,51.5350684],[-0.0536935,51.5350699],[-0.0538125,51.535085],[-0.0538165,51.5350855],[-0.053873,51.5350926],[-0.0538919,51.535095],[-0.0539259,51.5350994],[-0.0539912,51.5351039],[-0.0540094,51.5351052],[-0.0540783,51.53511],[-0.0540941,51.5351111],[-0.0541198,51.5351129],[-0.0541262,51.5351134],[-0.0541669,51.5351156],[-0.0542738,51.5351193],[-0.0543807,51.535118],[-0.0544343,51.5351173],[-0.054532,51.535111],[-0.0546746,51.5351016],[-0.0547551,51.5350964],[-0.054803,51.5350956],[-0.0549833,51.5350924],[-0.0550199,51.5350912],[-0.0552247,51.5350842],[-0.0552486,51.5350834],[-0.0553832,51.5350517],[-0.0553984,51.5350481],[-0.055427,51.5350414],[-0.0554904,51.5350248],[-0.0555059,51.5350208],[-0.0555195,51.5350172],[-0.0555289,51.5350148],[-0.0556141,51.5349926],[-0.0556494,51.5349834],[-0.0556546,51.5349818],[-0.0557201,51.5349626],[-0.055768,51.5349486],[-0.0561405,51.5348393],[-0.0561778,51.5348283],[-0.0562115,51.5348184],[-0.0562722,51.534797],[-0.0567447,51.5346297],[-0.0568163,51.5346043],[-0.0572422,51.5344476],[-0.0572998,51.5344264],[-0.0573136,51.534422],[-0.0573263,51.5344179],[-0.0575656,51.5343404],[-0.0578494,51.5342679],[-0.0579317,51.5342469],[-0.0580105,51.5342268],[-0.0580214,51.534224],[-0.0581141,51.5342004],[-0.0584155,51.5341585],[-0.0587346,51.5341141],[-0.0587532,51.5341115],[-0.0587702,51.5341102],[-0.0588518,51.5341039],[-0.0588717,51.5341023],[-0.0588951,51.5341005],[-0.0590232,51.5340906],[-0.0590633,51.5340875],[-0.0591046,51.5340883],[-0.0591426,51.5340891],[-0.0592146,51.5340905],[-0.0592794,51.5340918],[-0.0593443,51.5340931],[-0.0593578,51.5340934],[-0.0593957,51.534097],[-0.0595509,51.5341116],[-0.0596863,51.5341244],[-0.0599094,51.5341553],[-0.0601348,51.5342145],[-0.060199,51.5342314],[-0.0603287,51.5342749],[-0.0603368,51.5342777],[-0.0603714,51.5342893],[-0.0604599,51.5343274],[-0.0605085,51.5343526],[-0.060526,51.5343616],[-0.0606547,51.5344283],[-0.0606846,51.5344464],[-0.060857,51.5346039],[-0.0609405,51.5346803],[-0.0610498,51.5347716],[-0.0612114,51.5349064],[-0.0613418,51.5350152],[-0.0613721,51.5350379],[-0.0617033,51.5352863],[-0.0617205,51.5352938],[-0.061725,51.5352957],[-0.0617451,51.5353045],[-0.0618709,51.5353593],[-0.0619588,51.5353976],[-0.0620467,51.535436],[-0.0620844,51.5354524],[-0.0620953,51.5354572],[-0.0622591,51.5354829],[-0.0623974,51.5355047],[-0.0624717,51.5355163],[-0.0625821,51.5353912],[-0.06259,51.5353824],[-0.0626643,51.5352992],[-0.0626886,51.5352631],[-0.062705,51.5352388],[-0.0627981,51.5351002],[-0.0628247,51.5350448],[-0.0628505,51.5349912],[-0.0628503,51.5349849],[-0.062849,51.5349473],[-0.06284,51.5346798],[-0.0628396,51.534666],[-0.0628388,51.5346438],[-0.0628385,51.5346354],[-0.0628223,51.5345584],[-0.0628139,51.5345189],[-0.0628092,51.5344968],[-0.0627876,51.5343948],[-0.0627832,51.5343736],[-0.0627634,51.5342802],[-0.0627625,51.5342758],[-0.0627537,51.5342344],[-0.0627459,51.5342047],[-0.0627452,51.5342017],[-0.0627417,51.5341901],[-0.0627325,51.5341534],[-0.062718,51.5340983],[-0.0627014,51.5340628],[-0.0626974,51.5340543],[-0.0626686,51.5339929],[-0.0626638,51.5339827],[-0.0626327,51.5339164],[-0.0626266,51.5339034],[-0.0626214,51.5338924],[-0.0625726,51.5337884],[-0.0625212,51.5337085],[-0.0624986,51.5336734],[-0.0623407,51.5334284],[-0.0623254,51.5334046],[-0.0623156,51.5333894],[-0.0623037,51.5333676],[-0.0622484,51.5332661],[-0.0622383,51.5332472],[-0.0622497,51.5332456],[-0.0623658,51.5332288],[-0.0623889,51.5332246],[-0.0626749,51.5331835],[-0.0628083,51.5331597],[-0.0628142,51.5331586],[-0.063087,51.5331099],[-0.0632633,51.5330784],[-0.0638394,51.5330184],[-0.0638605,51.5330162],[-0.0638662,51.5330156],[-0.06427,51.5329736],[-0.0642758,51.532973],[-0.0644038,51.5329596],[-0.0645123,51.5329491],[-0.0646065,51.5329396],[-0.0649807,51.5329004],[-0.0649827,51.5329035],[-0.065076,51.5331017],[-0.0650995,51.5331519],[-0.065111,51.5331765],[-0.0651404,51.5332158],[-0.0651461,51.5332105],[-0.0651506,51.5332049],[-0.0651567,51.5331985],[-0.0651733,51.5331775],[-0.0652141,51.5331259],[-0.0652243,51.5331129],[-0.0652547,51.5330744],[-0.0653102,51.5330043],[-0.0653141,51.5329993],[-0.0653224,51.5329888],[-0.0653265,51.5329836],[-0.0653645,51.5329355],[-0.0653913,51.5328868],[-0.0654718,51.5327401],[-0.0654743,51.5327356],[-0.0654907,51.5327056],[-0.0655354,51.5326242],[-0.065557,51.5325849],[-0.065583,51.5325375],[-0.0656253,51.5324605],[-0.0656684,51.5323915],[-0.0656783,51.532375],[-0.065701,51.5323368],[-0.0657975,51.5321794],[-0.0658379,51.5321135],[-0.0658973,51.5320166],[-0.0659194,51.5319765],[-0.0660403,51.5317563],[-0.0660818,51.5316808],[-0.0661795,51.5315036],[-0.0662532,51.5313527],[-0.0662569,51.531345],[-0.0662575,51.5313415],[-0.0663026,51.5312483],[-0.0663137,51.5312268],[-0.0663219,51.531226],[-0.0663423,51.5312243],[-0.0664418,51.5312155],[-0.0665028,51.5312102],[-0.0666966,51.5311933],[-0.0667247,51.5311908],[-0.066853,51.5311796],[-0.0668927,51.5311761],[-0.067054,51.531162],[-0.0670626,51.5311612],[-0.0671896,51.5311501],[-0.067309,51.5311397],[-0.0674531,51.53113],[-0.0675679,51.5311223],[-0.0676706,51.5311154],[-0.0677111,51.5311127],[-0.0677343,51.5311112],[-0.0677891,51.5311075],[-0.0678003,51.5311067],[-0.067996,51.5310936],[-0.0680343,51.5310917],[-0.068065,51.5310903],[-0.0681043,51.5310884],[-0.0681183,51.5310877],[-0.0681436,51.5310864],[-0.0682737,51.5310801],[-0.0683131,51.5310782],[-0.0683281,51.5310775],[-0.0685048,51.531069],[-0.0685555,51.5310665],[-0.068641,51.5310624],[-0.0686677,51.5310611],[-0.0686755,51.5310607],[-0.0687372,51.5310577],[-0.0687485,51.5310572],[-0.0688469,51.5310524],[-0.0689055,51.5310495],[-0.068983,51.5310458],[-0.0690103,51.5310445],[-0.0690336,51.5310434],[-0.0690868,51.5310408],[-0.0691199,51.5310392],[-0.0691518,51.5310376],[-0.069255,51.5310326],[-0.0692703,51.5310321],[-0.0692946,51.531031],[-0.0693141,51.5310308],[-0.0693285,51.5310304],[-0.069339,51.5310303],[-0.0693632,51.5310302],[-0.0694326,51.5310297],[-0.0695606,51.5310289],[-0.0695963,51.5310286],[-0.0696752,51.5310281],[-0.0697365,51.5310277],[-0.0697473,51.5310277],[-0.0697588,51.5310276],[-0.0697954,51.5310274],[-0.0698597,51.5310269],[-0.069915,51.5310266],[-0.0699693,51.5310245],[-0.0700248,51.5310223],[-0.0700502,51.5310213],[-0.070163,51.5310169],[-0.0704358,51.5310063],[-0.0705306,51.5310026],[-0.0705582,51.5310008],[-0.0705739,51.5309998],[-0.0705849,51.5309991],[-0.0710466,51.5309695],[-0.0710978,51.5309663],[-0.0711085,51.5309656],[-0.0711891,51.5309604],[-0.0712326,51.5309576],[-0.0712777,51.5309537],[-0.0713218,51.5309498],[-0.0714056,51.5309425],[-0.0716351,51.5309225],[-0.0716521,51.5309198],[-0.0718318,51.5308915],[-0.0719272,51.5308766],[-0.0722015,51.5308466],[-0.0722375,51.5308427],[-0.0722658,51.5308396],[-0.0722791,51.5308358],[-0.0723998,51.5308018],[-0.0724286,51.5307929],[-0.0725996,51.5307439],[-0.0726907,51.5307178],[-0.0727891,51.5306896],[-0.0728874,51.5306582],[-0.0729236,51.5306467],[-0.0729589,51.5306345],[-0.0731221,51.5305783],[-0.0731391,51.5305725],[-0.0731504,51.5305686],[-0.0732056,51.5305484],[-0.0732424,51.5305349],[-0.073366,51.5304896],[-0.0733802,51.5304845],[-0.0734798,51.5304479],[-0.0735756,51.5304129],[-0.0736287,51.5303934],[-0.0736563,51.5303833],[-0.0737264,51.5303576],[-0.0737728,51.5303407],[-0.0739151,51.5302744],[-0.0739801,51.5302442],[-0.0739934,51.530238],[-0.0740457,51.5302136],[-0.0740908,51.5301883],[-0.0741722,51.5301426],[-0.0742434,51.5300965],[-0.074314,51.5300509],[-0.0743171,51.5300489],[-0.0743741,51.5300119],[-0.0744249,51.5299713],[-0.0745985,51.5298324],[-0.0746493,51.5297917],[-0.0747355,51.5296774],[-0.0747596,51.5296454],[-0.0747674,51.529635],[-0.074879,51.5294868],[-0.0749327,51.5294158],[-0.0749506,51.5293874],[-0.0749594,51.5293735],[-0.0749895,51.5293259],[-0.0749965,51.5293149],[-0.0750199,51.5292778],[-0.0750623,51.5292106],[-0.0750945,51.5291597],[-0.0751363,51.5290935],[-0.075143,51.5290829],[-0.0751515,51.5290694],[-0.0751714,51.5290379],[-0.0752017,51.52899],[-0.0752192,51.5289623],[-0.0752416,51.5289267],[-0.07526,51.5288977],[-0.0753182,51.5288056],[-0.0753628,51.5287479],[-0.0753729,51.5287348],[-0.0754449,51.5286417],[-0.075479,51.5285979],[-0.0755422,51.5285327],[-0.0755899,51.5284836],[-0.0756227,51.5284498],[-0.0756373,51.5284348],[-0.0756823,51.5283928],[-0.0757026,51.528377],[-0.0757212,51.5283633],[-0.075739,51.5283499],[-0.0757845,51.5283154],[-0.075822,51.528287],[-0.0759144,51.528217],[-0.0759295,51.5282056],[-0.0759504,51.5281898],[-0.0759702,51.5281748],[-0.0759969,51.5281546],[-0.0760388,51.5281228],[-0.0760701,51.5280979],[-0.0760826,51.528088],[-0.0761359,51.5280457],[-0.0762269,51.5279735],[-0.0762575,51.5279492],[-0.0763511,51.5278749],[-0.0763581,51.5278701],[-0.0764181,51.5278287],[-0.0764727,51.527791],[-0.0764865,51.5277812],[-0.0765045,51.527768],[-0.0765812,51.5277162],[-0.0766474,51.5276705],[-0.0766546,51.5276655],[-0.0767157,51.5276234],[-0.0767325,51.5276118],[-0.0768302,51.5275444],[-0.0768364,51.5275402],[-0.0768903,51.527503],[-0.0769049,51.5274947],[-0.0769693,51.5274581],[-0.0769828,51.5274504],[-0.0770647,51.5274039],[-0.0770934,51.5273876],[-0.0771394,51.5273615],[-0.0772036,51.527325],[-0.0772442,51.5273019],[-0.077253,51.5272969],[-0.077142,51.527279],[-0.0771061,51.5272732],[-0.0770087,51.5272575],[-0.0769878,51.5272541],[-0.076828,51.5272283],[-0.0768119,51.5272257],[-0.0766906,51.5272062],[-0.0766288,51.5271962],[-0.0765348,51.5271811],[-0.0764689,51.5271704],[-0.076317,51.5271459],[-0.0763172,51.5271399],[-0.0763408,51.5269839],[-0.0763482,51.5269342],[-0.0763486,51.526931],[-0.0763529,51.5269023],[-0.0763544,51.526892],[-0.0763553,51.5268859],[-0.0763563,51.5268791],[-0.0763573,51.526872],[-0.0763695,51.526848],[-0.0763948,51.5267983],[-0.0764164,51.5267557],[-0.0764296,51.5267296],[-0.0764377,51.5267137],[-0.0764681,51.5266537],[-0.0765382,51.5265157],[-0.0765411,51.52651],[-0.076547,51.5265024],[-0.0766364,51.5263871],[-0.0766367,51.5263783],[-0.0766394,51.5262973],[-0.0766399,51.5262833],[-0.0766402,51.526274],[-0.0766406,51.5262646],[-0.0766427,51.5262028],[-0.0766441,51.5261616],[-0.0766443,51.5261551],[-0.0766313,51.5260184],[-0.0766287,51.5259911],[-0.0766165,51.5258705],[-0.0765962,51.525671],[-0.0765798,51.5255069],[-0.0765662,51.525378],[-0.076562,51.5253301],[-0.0765556,51.5252739],[-0.0765149,51.5249182],[-0.0764878,51.5246852],[-0.0764798,51.5246104],[-0.0764754,51.5245719],[-0.0764483,51.5243353],[-0.0764457,51.5243123],[-0.0764436,51.5242939],[-0.0764422,51.5242873],[-0.0763905,51.5242905],[-0.0763407,51.5242936],[-0.0760486,51.524312],[-0.0759492,51.5243188],[-0.0759153,51.5243203],[-0.0758968,51.5242587],[-0.0758884,51.5242304],[-0.075845,51.5240858],[-0.0757763,51.5238563],[-0.0757592,51.523776],[-0.0757401,51.5236862],[-0.0757306,51.5236414],[-0.0757291,51.5236343],[-0.0757191,51.5235873],[-0.075725,51.5235119],[-0.0757271,51.5234844],[-0.0757316,51.5234542],[-0.0757399,51.5233982],[-0.0757499,51.5233303],[-0.0757507,51.5233252],[-0.0757544,51.5232998],[-0.0757578,51.5232773],[-0.0757724,51.5231784],[-0.0758076,51.5230635],[-0.0758102,51.523055],[-0.0758153,51.5230384],[-0.0758251,51.5230095],[-0.0758353,51.52298],[-0.0758646,51.5228944],[-0.0760151,51.5225504],[-0.0760872,51.5223786],[-0.0761703,51.5221926],[-0.0761881,51.5221515],[-0.0763845,51.5220485],[-0.0763893,51.522046],[-0.0764234,51.5220281],[-0.0764394,51.5220196],[-0.076448,51.5220152],[-0.0764547,51.5220116],[-0.0764765,51.5220277],[-0.0765223,51.5220622],[-0.0765252,51.5220643],[-0.0765514,51.522084],[-0.0765622,51.5220922],[-0.0765829,51.5221077],[-0.0767196,51.5222106],[-0.0771182,51.5221167],[-0.0771318,51.5221135],[-0.0771476,51.52211],[-0.0772705,51.5220832],[-0.0776602,51.5219982],[-0.0777549,51.5219775],[-0.0779247,51.5219404],[-0.0779279,51.5219395],[-0.0779751,51.5219264],[-0.0780193,51.5219141],[-0.0781315,51.521883],[-0.0782373,51.5218535],[-0.078243,51.5218453],[-0.0783931,51.5216289],[-0.0784067,51.5216092],[-0.0784142,51.5215984],[-0.0784301,51.5215754],[-0.0784346,51.521569],[-0.0784522,51.5215436],[-0.0784594,51.5215311],[-0.0784716,51.5215099],[-0.0785371,51.5215179],[-0.0785483,51.5215193],[-0.0785533,51.5215199],[-0.078692,51.5215371],[-0.0787712,51.5215469],[-0.0787958,51.52155],[-0.0788462,51.5215562],[-0.0791025,51.521588],[-0.0792806,51.5216101],[-0.0797015,51.5216623],[-0.0797694,51.5216707],[-0.0798914,51.5216975],[-0.0801914,51.5217637],[-0.0802299,51.5217722],[-0.0802305,51.5217723],[-0.0807007,51.5218759],[-0.0807011,51.521876],[-0.0808416,51.521907],[-0.0809423,51.5219292],[-0.0810504,51.521953],[-0.0810717,51.5219057],[-0.081091,51.5218628],[-0.0812849,51.5214323],[-0.0813589,51.5213171],[-0.0813914,51.5212665],[-0.081423,51.5212173],[-0.0815996,51.5209588],[-0.0816178,51.5209364],[-0.0816465,51.5209009],[-0.0816625,51.5208813],[-0.0816711,51.5208705],[-0.0817628,51.5207575],[-0.081874,51.5206691],[-0.0818851,51.5206603],[-0.0819103,51.5206402],[-0.081953,51.5206062],[-0.081963,51.5205983],[-0.0819767,51.5205874],[-0.0820173,51.5205551],[-0.0822959,51.5203376],[-0.0823256,51.5203144],[-0.0827341,51.5200683],[-0.0828678,51.5200111],[-0.0829332,51.5199831],[-0.0832967,51.5198274],[-0.0833265,51.5198147],[-0.083378,51.5198288],[-0.0838487,51.5199579],[-0.0846422,51.5201757],[-0.0846512,51.5201782],[-0.0849275,51.520254],[-0.0849482,51.5202597],[-0.0851102,51.5203042],[-0.0852184,51.5203339],[-0.0852156,51.5203393],[-0.0850858,51.5205933],[-0.085077,51.5206105],[-0.0850673,51.5206296],[-0.0850187,51.5207406],[-0.0849079,51.5209935],[-0.0848719,51.521102],[-0.0847987,51.5213229],[-0.0847455,51.5214833],[-0.0847047,51.5216064],[-0.0846651,51.5217085],[-0.0846542,51.5217367],[-0.0845767,51.5219367],[-0.0845248,51.5220705],[-0.0845203,51.5220934],[-0.0844952,51.5222198],[-0.0844616,51.5223889],[-0.0844521,51.5224367],[-0.0844414,51.5224904],[-0.0844372,51.5225276],[-0.084399,51.5228645],[-0.0843835,51.5230014],[-0.0843438,51.5233516],[-0.0843323,51.5234532],[-0.0843156,51.5236013],[-0.0843121,51.5236123],[-0.0842982,51.5236571],[-0.0842968,51.5236616],[-0.0842641,51.5237671],[-0.0842458,51.523826],[-0.0842414,51.5238404],[-0.0842233,51.5239002],[-0.084253,51.5239],[-0.0842608,51.5238999],[-0.0843574,51.5238993],[-0.0844073,51.523899],[-0.0845148,51.5238984],[-0.0845283,51.5238983],[-0.0847993,51.5239098],[-0.0848151,51.5239105],[-0.085139,51.5239245],[-0.0851381,51.5239401],[-0.0851277,51.5241309],[-0.0851205,51.5242643],[-0.0851133,51.5243962],[-0.0851116,51.5244261],[-0.0851624,51.5244391],[-0.0851889,51.5244459],[-0.0854432,51.5245111],[-0.085437,51.5245264],[-0.0854101,51.5245919],[-0.0853981,51.5246142],[-0.0853778,51.5246519],[-0.0853512,51.5247012],[-0.0853331,51.5247347],[-0.0853208,51.5247575],[-0.0852714,51.5248491],[-0.0852345,51.5249038],[-0.0850311,51.5252052],[-0.0849844,51.5252404],[-0.0849299,51.5252814],[-0.08482,51.5253642],[-0.0847511,51.525416],[-0.0847585,51.5254376],[-0.0848436,51.5256858],[-0.0848577,51.525727],[-0.0850209,51.5262031],[-0.0850268,51.5262015],[-0.0850914,51.5261863],[-0.0855749,51.5260726],[-0.085591,51.5260688],[-0.0860434,51.5259623],[-0.086412,51.5258756],[-0.0864237,51.5258729],[-0.0864577,51.5258648],[-0.0864626,51.5258637],[-0.0867173,51.5258065],[-0.086783,51.5257917],[-0.0867952,51.525789],[-0.0868219,51.5257958],[-0.0870315,51.5258489],[-0.0870614,51.5258568],[-0.0870913,51.5258647],[-0.0871843,51.5258893],[-0.0874409,51.5259574],[-0.0875246,51.5259921],[-0.0875818,51.5260159],[-0.0876617,51.5260491],[-0.0878036,51.5261079],[-0.0878115,51.5261362],[-0.0878214,51.5261722],[-0.0878251,51.5261854],[-0.0878293,51.5262004],[-0.0878345,51.526219],[-0.0878378,51.5262309],[-0.0879007,51.5263566],[-0.0879172,51.5263893],[-0.0879203,51.5263955],[-0.0879217,51.5263982],[-0.087923,51.5264009],[-0.0879359,51.5264272],[-0.0880318,51.5266179],[-0.0880668,51.5266875],[-0.0880903,51.5267355],[-0.0880953,51.5267439],[-0.0881028,51.5267585],[-0.0881232,51.526799],[-0.0881316,51.5268158],[-0.0882015,51.5269153],[-0.0882057,51.5269213],[-0.0882202,51.5269418],[-0.0883094,51.5270687],[-0.088347,51.5271049],[-0.088385,51.5271415],[-0.0884762,51.5272293],[-0.088486,51.5272388],[-0.0885348,51.5272933],[-0.088554,51.5273148],[-0.0886002,51.5273538],[-0.0886624,51.5273885],[-0.0887812,51.5274417],[-0.0888179,51.527456],[-0.0888439,51.5274661],[-0.0888797,51.52748],[-0.0889088,51.5274913],[-0.0889405,51.5275036],[-0.0890084,51.5275299],[-0.0890292,51.527538],[-0.0890453,51.5275443],[-0.0890516,51.5275467],[-0.0891414,51.5275725],[-0.0892302,51.5275979],[-0.0894338,51.5276562],[-0.0895451,51.5276881],[-0.0895777,51.5276975],[-0.0896027,51.5277046],[-0.0898405,51.5277656],[-0.0898787,51.5277754],[-0.0898945,51.5277795],[-0.0899254,51.5277874],[-0.0899706,51.527799],[-0.0902169,51.5278622],[-0.0902522,51.5278712],[-0.0904227,51.527915],[-0.090665,51.5279869],[-0.0909001,51.5280374],[-0.0909985,51.5280626],[-0.0910443,51.5280744],[-0.0911881,51.5281113],[-0.0912477,51.5281266],[-0.0912555,51.5281285],[-0.0912936,51.5281383],[-0.0913768,51.5281597]]]}},{"type":"Feature","properties":{"Name":null,"description":null,"timestamp":null,"begin":null,"end":null,"altitudeMode":null,"tessellate":"NA","extrude":"NA","visibility":"NA","drawOrder":"NA","icon":null,"ltla22cd":null,"ltla22nm":null,"ltla22nmw":null,"label":null,"stroke-opacity":"NA","stroke-width":2,"stroke":"#388E3C","fill-opacity":"NA","fill":null,"LengthInMetres":444,"Title":"C1","Direction":"OneWay","Flow":null,"Protection":null,"RoadOwnership":null,"YearBuilt":null,"Borough":"Hackney"},"geometry":{"type":"LineString","coordinates":[[-0.0787198,51.57056],[-0.0787344,51.57079],[-0.0787422,51.57103],[-0.0787412,51.57131],[-0.0787386,51.57146],[-0.0786796,51.57192],[-0.0786366,51.57213],[-0.0785816,51.57231],[-0.0783451,51.57286],[-0.0782591,51.57302],[-0.0781625,51.57318],[-0.0779289,51.57349],[-0.0776905,51.57382],[-0.0775078,51.57403],[-0.077384,51.57419],[-0.0773637,51.57423],[-0.0773455,51.57428],[-0.0772683,51.57438]]}},{"type":"Feature","properties":{"Name":null,"description":null,"timestamp":null,"begin":null,"end":null,"altitudeMode":null,"tessellate":"NA","extrude":"NA","visibility":"NA","drawOrder":"NA","icon":null,"ltla22cd":null,"ltla22nm":null,"ltla22nmw":null,"label":null,"stroke-opacity":"NA","stroke-width":4,"stroke":"#388E3C","fill-opacity":"NA","fill":null,"LengthInMetres":45,"Title":"C1","Direction":"TwoWay","Flow":null,"Protection":null,"RoadOwnership":null,"YearBuilt":null,"Borough":"Hackney"},"geometry":{"type":"LineString","coordinates":[[-0.0791615,51.5547],[-0.0791753,51.55481],[-0.0791642,51.55495],[-0.0791743,51.55502],[-0.0791931,51.5551]]}},{"type":"Feature","properties":{"Name":null,"description":null,"timestamp":null,"begin":null,"end":null,"altitudeMode":null,"tessellate":"NA","extrude":"NA","visibility":"NA","drawOrder":"NA","icon":null,"ltla22cd":null,"ltla22nm":null,"ltla22nmw":null,"label":null,"stroke-opacity":"NA","stroke-width":4,"stroke":"#388E3C","fill-opacity":"NA","fill":null,"LengthInMetres":29,"Title":"C1","Direction":"TwoWay","Flow":null,"Protection":null,"RoadOwnership":null,"YearBuilt":null,"Borough":"Hackney"},"geometry":{"type":"LineString","coordinates":[[-0.0793871,51.55172],[-0.079245,51.55184],[-0.0791407,51.55193]]}},{"type":"Feature","properties":{"Name":null,"description":null,"timestamp":null,"begin":null,"end":null,"altitudeMode":null,"tessellate":"NA","extrude":"NA","visibility":"NA","drawOrder":"NA","icon":null,"ltla22cd":null,"ltla22nm":null,"ltla22nmw":null,"label":null,"stroke-opacity":"NA","stroke-width":4,"stroke":"#388E3C","fill-opacity":"NA","fill":null,"LengthInMetres":59,"Title":"C1","Direction":"TwoWay","Flow":null,"Protection":null,"RoadOwnership":null,"YearBuilt":null,"Borough":"Hackney"},"geometry":{"type":"LineString","coordinates":[[-0.0800696,51.54637],[-0.0792199,51.5463]]}},{"type":"Feature","properties":{"Name":null,"description":null,"timestamp":null,"begin":null,"end":null,"altitudeMode":null,"tessellate":"NA","extrude":"NA","visibility":"NA","drawOrder":"NA","icon":null,"ltla22cd":null,"ltla22nm":null,"ltla22nmw":null,"label":null,"stroke-opacity":"NA","stroke-width":4,"stroke":"#388E3C","fill-opacity":"NA","fill":null,"LengthInMetres":28,"Title":"C1","Direction":"TwoWay","Flow":null,"Protection":null,"RoadOwnership":null,"YearBuilt":null,"Borough":"Hackney"},"geometry":{"type":"LineString","coordinates":[[-0.0818914,51.5412],[-0.081827,51.54145]]}},{"type":"Feature","properties":{"Name":null,"description":null,"timestamp":null,"begin":null,"end":null,"altitudeMode":null,"tessellate":"NA","extrude":"NA","visibility":"NA","drawOrder":"NA","icon":null,"ltla22cd":null,"ltla22nm":null,"ltla22nmw":null,"label":null,"stroke-opacity":"NA","stroke-width":4,"stroke":"#388E3C","fill-opacity":"NA","fill":null,"LengthInMetres":125,"Title":"C1","Direction":"TwoWay","Flow":null,"Protection":null,"RoadOwnership":null,"YearBuilt":null,"Borough":"Hackney"},"geometry":{"type":"LineString","coordinates":[[-0.0838368,51.5259],[-0.0839306,51.52593],[-0.0839843,51.52594],[-0.0838596,51.52609],[-0.0837375,51.52623],[-0.0837094,51.52627],[-0.0837758,51.52639],[-0.0838288,51.52654],[-0.0838328,51.5266],[-0.0837855,51.52665],[-0.0837221,51.52668],[-0.0836651,51.52675],[-0.083649,51.52687]]}},{"type":"Feature","properties":{"Name":null,"description":null,"timestamp":null,"begin":null,"end":null,"altitudeMode":null,"tessellate":"NA","extrude":"NA","visibility":"NA","drawOrder":"NA","icon":null,"ltla22cd":null,"ltla22nm":null,"ltla22nmw":null,"label":null,"stroke-opacity":"NA","stroke-width":4,"stroke":"#388E3C","fill-opacity":"NA","fill":null,"LengthInMetres":93,"Title":"C13","Direction":"TwoWay","Flow":null,"Protection":null,"RoadOwnership":null,"YearBuilt":null,"Borough":"Hackney"},"geometry":{"type":"LineString","coordinates":[[-0.0662531,51.5314],[-0.0673152,51.5313],[-0.0673528,51.53125],[-0.0673307,51.53114]]}},{"type":"Feature","properties":{"Name":null,"description":null,"timestamp":null,"begin":null,"end":null,"altitudeMode":null,"tessellate":"NA","extrude":"NA","visibility":"NA","drawOrder":"NA","icon":null,"ltla22cd":null,"ltla22nm":null,"ltla22nmw":null,"label":null,"stroke-opacity":"NA","stroke-width":2,"stroke":"#388E3C","fill-opacity":"NA","fill":null,"LengthInMetres":318,"Title":"C23","Direction":"OneWay","Flow":null,"Protection":null,"RoadOwnership":null,"YearBuilt":null,"Borough":"Hackney"},"geometry":{"type":"LineString","coordinates":[[-0.0530617,51.55912],[-0.0529356,51.55917],[-0.0526862,51.55928],[-0.0521551,51.5595],[-0.0518386,51.55963],[-0.0513799,51.55983],[-0.05116,51.55992],[-0.0508006,51.56007],[-0.0504519,51.56022],[-0.050122,51.56036],[-0.0496419,51.56058],[-0.0493441,51.56071],[-0.0492771,51.56073]]}},{"type":"Feature","properties":{"Name":null,"description":null,"timestamp":null,"begin":null,"end":null,"altitudeMode":null,"tessellate":"NA","extrude":"NA","visibility":"NA","drawOrder":"NA","icon":null,"ltla22cd":null,"ltla22nm":null,"ltla22nmw":null,"label":null,"stroke-opacity":"NA","stroke-width":2,"stroke":"#388E3C","fill-opacity":"NA","fill":null,"LengthInMetres":232,"Title":"C23","Direction":"OneWay","Flow":null,"Protection":null,"RoadOwnership":null,"YearBuilt":null,"Borough":"Hackney"},"geometry":{"type":"LineString","coordinates":[[-0.0490834,51.56082],[-0.0487073,51.56098],[-0.0484954,51.56107],[-0.0482017,51.5612],[-0.0478208,51.56136],[-0.047456,51.56153],[-0.0468767,51.56178],[-0.0466594,51.56186],[-0.0464448,51.56193],[-0.0462864,51.56196]]}},{"type":"Feature","properties":{"Name":null,"description":null,"timestamp":null,"begin":null,"end":null,"altitudeMode":null,"tessellate":"NA","extrude":"NA","visibility":"NA","drawOrder":"NA","icon":null,"ltla22cd":null,"ltla22nm":null,"ltla22nmw":null,"label":null,"stroke-opacity":"NA","stroke-width":4,"stroke":"#388E3C","fill-opacity":"NA","fill":null,"LengthInMetres":20,"Title":"C27","Direction":"TwoWay","Flow":null,"Protection":null,"RoadOwnership":null,"YearBuilt":null,"Borough":"Hackney"},"geometry":{"type":"LineString","coordinates":[[-0.08479,51.54176],[-0.0845204,51.54171]]}},{"type":"Feature","properties":{"Name":null,"description":null,"timestamp":null,"begin":null,"end":null,"altitudeMode":null,"tessellate":"NA","extrude":"NA","visibility":"NA","drawOrder":"NA","icon":null,"ltla22cd":null,"ltla22nm":null,"ltla22nmw":null,"label":null,"stroke-opacity":"NA","stroke-width":4,"stroke":"#388E3C","fill-opacity":"NA","fill":null,"LengthInMetres":46,"Title":"C27","Direction":"TwoWay","Flow":null,"Protection":null,"RoadOwnership":null,"YearBuilt":null,"Borough":"Hackney"},"geometry":{"type":"LineString","coordinates":[[-0.0823103,51.54126],[-0.08168,51.54112]]}},{"type":"Feature","properties":{"Name":null,"description":null,"timestamp":null,"begin":null,"end":null,"altitudeMode":null,"tessellate":"NA","extrude":"NA","visibility":"NA","drawOrder":"NA","icon":null,"ltla22cd":null,"ltla22nm":null,"ltla22nmw":null,"label":null,"stroke-opacity":"NA","stroke-width":4,"stroke":"#388E3C","fill-opacity":"NA","fill":null,"LengthInMetres":57,"Title":"C27","Direction":"TwoWay","Flow":null,"Protection":null,"RoadOwnership":null,"YearBuilt":null,"Borough":"Hackney"},"geometry":{"type":"LineString","coordinates":[[-0.0803335,51.54102],[-0.0795128,51.54098]]}},{"type":"Feature","properties":{"Name":null,"description":null,"timestamp":null,"begin":null,"end":null,"altitudeMode":null,"tessellate":"NA","extrude":"NA","visibility":"NA","drawOrder":"NA","icon":null,"ltla22cd":null,"ltla22nm":null,"ltla22nmw":null,"label":null,"stroke-opacity":"NA","stroke-width":4,"stroke":"#388E3C","fill-opacity":"NA","fill":null,"LengthInMetres":18,"Title":"C27","Direction":"TwoWay","Flow":null,"Protection":null,"RoadOwnership":null,"YearBuilt":null,"Borough":"Hackney"},"geometry":{"type":"LineString","coordinates":[[-0.0781666,51.54091],[-0.0779145,51.54089]]}},{"type":"Feature","properties":{"Name":null,"description":null,"timestamp":null,"begin":null,"end":null,"altitudeMode":null,"tessellate":"NA","extrude":"NA","visibility":"NA","drawOrder":"NA","icon":null,"ltla22cd":null,"ltla22nm":null,"ltla22nmw":null,"label":null,"stroke-opacity":"NA","stroke-width":4,"stroke":"#388E3C","fill-opacity":"NA","fill":null,"LengthInMetres":78,"Title":"C27","Direction":"TwoWay","Flow":null,"Protection":null,"RoadOwnership":null,"YearBuilt":null,"Borough":"Hackney"},"geometry":{"type":"LineString","coordinates":[[-0.0531742,51.54298],[-0.0523373,51.54345]]}},{"type":"Feature","properties":{"Name":null,"description":null,"timestamp":null,"begin":null,"end":null,"altitudeMode":null,"tessellate":"NA","extrude":"NA","visibility":"NA","drawOrder":"NA","icon":null,"ltla22cd":null,"ltla22nm":null,"ltla22nmw":null,"label":null,"stroke-opacity":"NA","stroke-width":4,"stroke":"#388E3C","fill-opacity":"NA","fill":null,"LengthInMetres":8,"Title":"C27","Direction":"TwoWay","Flow":null,"Protection":null,"RoadOwnership":null,"YearBuilt":null,"Borough":"Hackney"},"geometry":{"type":"LineString","coordinates":[[-0.0503017,51.54372],[-0.0501917,51.54373]]}},{"type":"Feature","properties":{"Name":null,"description":null,"timestamp":null,"begin":null,"end":null,"altitudeMode":null,"tessellate":"NA","extrude":"NA","visibility":"NA","drawOrder":"NA","icon":null,"ltla22cd":null,"ltla22nm":null,"ltla22nmw":null,"label":null,"stroke-opacity":"NA","stroke-width":4,"stroke":"#388E3C","fill-opacity":"NA","fill":null,"LengthInMetres":29,"Title":"C38","Direction":"TwoWay","Flow":null,"Protection":null,"RoadOwnership":null,"YearBuilt":null,"Borough":"Hackney"},"geometry":{"type":"LineString","coordinates":[[-0.1033254,51.5649],[-0.1030289,51.56471]]}},{"type":"Feature","properties":{"Name":null,"description":null,"timestamp":null,"begin":null,"end":null,"altitudeMode":null,"tessellate":"NA","extrude":"NA","visibility":"NA","drawOrder":"NA","icon":null,"ltla22cd":null,"ltla22nm":null,"ltla22nmw":null,"label":null,"stroke-opacity":"NA","stroke-width":2,"stroke":"#388E3C","fill-opacity":"NA","fill":null,"LengthInMetres":47,"Title":"Quietway Link (Hoxton-Broadway Market)","Direction":"OneWay","Flow":null,"Protection":null,"RoadOwnership":null,"YearBuilt":null,"Borough":"Hackney"},"geometry":{"type":"LineString","coordinates":[[-0.0782292,51.53453],[-0.0779248,51.53456],[-0.0777196,51.53457],[-0.0775573,51.53457]]}},{"type":"Feature","properties":{"Name":null,"description":null,"timestamp":null,"begin":null,"end":null,"altitudeMode":null,"tessellate":"NA","extrude":"NA","visibility":"NA","drawOrder":"NA","icon":null,"ltla22cd":null,"ltla22nm":null,"ltla22nmw":null,"label":null,"stroke-opacity":"NA","stroke-width":4,"stroke":"#388E3C","fill-opacity":"NA","fill":null,"LengthInMetres":707,"Title":"QE Park","Direction":"TwoWay","Flow":null,"Protection":null,"RoadOwnership":null,"YearBuilt":null,"Borough":"Hackney"},"geometry":{"type":"LineString","coordinates":[[-0.0166967,51.54421],[-0.0171742,51.54419],[-0.0176329,51.5442],[-0.0180486,51.54425],[-0.0184054,51.54449],[-0.0186977,51.54477],[-0.0199208,51.54626],[-0.0211438,51.54765],[-0.0224099,51.54902]]}},{"type":"Feature","properties":{"Name":null,"description":null,"timestamp":null,"begin":null,"end":null,"altitudeMode":null,"tessellate":"NA","extrude":"NA","visibility":"NA","drawOrder":"NA","icon":null,"ltla22cd":null,"ltla22nm":null,"ltla22nmw":null,"label":null,"stroke-opacity":"NA","stroke-width":4,"stroke":"#388E3C","fill-opacity":"NA","fill":null,"LengthInMetres":671,"Title":"Wick Road","Direction":"TwoWay","Flow":null,"Protection":null,"RoadOwnership":null,"YearBuilt":null,"Borough":"Hackney"},"geometry":{"type":"LineString","coordinates":[[-0.0457375,51.54495],[-0.0456168,51.54498],[-0.0448631,51.54499],[-0.0442381,51.54498],[-0.0437688,51.54498],[-0.0434898,51.54501],[-0.0429909,51.54508],[-0.0422292,51.5452],[-0.0419181,51.54525],[-0.0417035,51.54526],[-0.0398796,51.54522],[-0.0375192,51.54519],[-0.0361245,51.5452]]}},{"type":"Feature","properties":{"Name":null,"description":null,"timestamp":null,"begin":null,"end":null,"altitudeMode":null,"tessellate":"NA","extrude":"NA","visibility":"NA","drawOrder":"NA","icon":null,"ltla22cd":null,"ltla22nm":null,"ltla22nmw":null,"label":null,"stroke-opacity":"NA","stroke-width":2,"stroke":"#388E3C","fill-opacity":"NA","fill":null,"LengthInMetres":68,"Title":"Old Street","Direction":"OneWay","Flow":null,"Protection":null,"RoadOwnership":null,"YearBuilt":null,"Borough":"Hackney"},"geometry":{"type":"LineString","coordinates":[[-0.0849945,51.52638],[-0.0845332,51.52637],[-0.0842542,51.5264],[-0.0840397,51.52647]]}},{"type":"Feature","properties":{"Name":null,"description":null,"timestamp":null,"begin":null,"end":null,"altitudeMode":null,"tessellate":"NA","extrude":"NA","visibility":"NA","drawOrder":"NA","icon":null,"ltla22cd":null,"ltla22nm":null,"ltla22nmw":null,"label":null,"stroke-opacity":"NA","stroke-width":4,"stroke":"#388E3C","fill-opacity":"NA","fill":null,"LengthInMetres":324,"Title":"Queensbridge Road","Direction":"TwoWay","Flow":null,"Protection":null,"RoadOwnership":null,"YearBuilt":null,"Borough":"Hackney"},"geometry":{"type":"LineString","coordinates":[[-0.0702067,51.53645],[-0.0702925,51.53727],[-0.070271,51.53841],[-0.0701852,51.53936]]}},{"type":"Feature","properties":{"Name":null,"description":null,"timestamp":null,"begin":null,"end":null,"altitudeMode":null,"tessellate":"NA","extrude":"NA","visibility":"NA","drawOrder":"NA","icon":null,"ltla22cd":null,"ltla22nm":null,"ltla22nmw":null,"label":null,"stroke-opacity":"NA","stroke-width":4,"stroke":"#388E3C","fill-opacity":"NA","fill":null,"LengthInMetres":348,"Title":"Red Path","Direction":"TwoWay","Flow":null,"Protection":null,"RoadOwnership":null,"YearBuilt":null,"Borough":"Hackney"},"geometry":{"type":"LineString","coordinates":[[-0.0348444,51.54691],[-0.0348122,51.54694],[-0.0341685,51.54709],[-0.0340237,51.54712],[-0.033852,51.54713],[-0.0336213,51.5471],[-0.0334604,51.54706],[-0.0332244,51.54697],[-0.0329937,51.54685],[-0.0327416,51.54675],[-0.0323929,51.54665],[-0.0321944,51.54661],[-0.0318618,51.54656],[-0.0311859,51.54649],[-0.030282,51.5464],[-0.0301613,51.54637]]}},{"type":"Feature","properties":{"Name":null,"description":null,"timestamp":null,"begin":null,"end":null,"altitudeMode":null,"tessellate":"NA","extrude":"NA","visibility":"NA","drawOrder":"NA","icon":null,"ltla22cd":null,"ltla22nm":null,"ltla22nmw":null,"label":null,"stroke-opacity":"NA","stroke-width":4,"stroke":"#388E3C","fill-opacity":"NA","fill":null,"LengthInMetres":14,"Title":"Old St Roundabout - Safer Junctions","Direction":"TwoWay","Flow":null,"Protection":null,"RoadOwnership":null,"YearBuilt":null,"Borough":"Hackney"},"geometry":{"type":"LineString","coordinates":[[-0.0868726,51.52581],[-0.0867058,51.52588]]}},{"type":"Feature","properties":{"Name":null,"description":null,"timestamp":null,"begin":null,"end":null,"altitudeMode":null,"tessellate":"NA","extrude":"NA","visibility":"NA","drawOrder":"NA","icon":null,"ltla22cd":null,"ltla22nm":null,"ltla22nmw":null,"label":null,"stroke-opacity":"NA","stroke-width":4,"stroke":"#388E3C","fill-opacity":"NA","fill":null,"LengthInMetres":24,"Title":"Old St Roundabout - Safer Junctions","Direction":"TwoWay","Flow":null,"Protection":null,"RoadOwnership":null,"YearBuilt":null,"Borough":"Hackney"},"geometry":{"type":"LineString","coordinates":[[-0.0867058,51.52588],[-0.0863973,51.52597]]}},{"type":"Feature","properties":{"Name":null,"description":null,"timestamp":null,"begin":null,"end":null,"altitudeMode":null,"tessellate":"NA","extrude":"NA","visibility":"NA","drawOrder":"NA","icon":null,"ltla22cd":null,"ltla22nm":null,"ltla22nmw":null,"label":null,"stroke-opacity":"NA","stroke-width":4,"stroke":"#388E3C","fill-opacity":"NA","fill":null,"LengthInMetres":63,"Title":"Old St Roundabout - Safer Junctions","Direction":"TwoWay","Flow":null,"Protection":null,"RoadOwnership":null,"YearBuilt":null,"Borough":"Hackney"},"geometry":{"type":"LineString","coordinates":[[-0.087084,51.52586],[-0.0873535,51.52599],[-0.0876231,51.52609],[-0.0877291,51.52614],[-0.087776,51.52621]]}},{"type":"Feature","properties":{"Name":null,"description":null,"timestamp":null,"begin":null,"end":null,"altitudeMode":null,"tessellate":"NA","extrude":"NA","visibility":"NA","drawOrder":"NA","icon":null,"ltla22cd":null,"ltla22nm":null,"ltla22nmw":null,"label":null,"stroke-opacity":"NA","stroke-width":4,"stroke":"#388E3C","fill-opacity":"NA","fill":null,"LengthInMetres":434,"Title":"Haggerston Road","Direction":"TwoWay","Flow":null,"Protection":null,"RoadOwnership":null,"YearBuilt":null,"Borough":"Hackney"},"geometry":{"type":"LineString","coordinates":[[-0.0700877,51.53498],[-0.0698302,51.53265],[-0.0697337,51.53186],[-0.0696478,51.53109]]}},{"type":"Feature","properties":{"Name":null,"description":null,"timestamp":null,"begin":null,"end":null,"altitudeMode":null,"tessellate":"NA","extrude":"NA","visibility":"NA","drawOrder":"NA","icon":null,"ltla22cd":null,"ltla22nm":null,"ltla22nmw":null,"label":null,"stroke-opacity":"NA","stroke-width":2,"stroke":"#388E3C","fill-opacity":"NA","fill":null,"LengthInMetres":73,"Title":"Bradstock Road","Direction":"OneWay","Flow":null,"Protection":null,"RoadOwnership":null,"YearBuilt":null,"Borough":"Hackney"},"geometry":{"type":"LineString","coordinates":[[-0.0422899,51.54519],[-0.0422524,51.54508],[-0.0422497,51.5449],[-0.042239,51.5447],[-0.0422256,51.54462],[-0.0421961,51.54454]]}},{"type":"Feature","properties":{"Name":null,"description":null,"timestamp":null,"begin":null,"end":null,"altitudeMode":null,"tessellate":"NA","extrude":"NA","visibility":"NA","drawOrder":"NA","icon":null,"ltla22cd":null,"ltla22nm":null,"ltla22nmw":null,"label":null,"stroke-opacity":"NA","stroke-width":2,"stroke":"#388E3C","fill-opacity":"NA","fill":null,"LengthInMetres":80,"Title":"Paragon Road","Direction":"OneWay","Flow":null,"Protection":null,"RoadOwnership":null,"YearBuilt":null,"Borough":"Hackney"},"geometry":{"type":"LineString","coordinates":[[-0.0545139,51.54459],[-0.0534035,51.54478]]}},{"type":"Feature","properties":{"Name":null,"description":null,"timestamp":null,"begin":null,"end":null,"altitudeMode":null,"tessellate":"NA","extrude":"NA","visibility":"NA","drawOrder":"NA","icon":null,"ltla22cd":null,"ltla22nm":null,"ltla22nmw":null,"label":null,"stroke-opacity":"NA","stroke-width":4,"stroke":"#388E3C","fill-opacity":"NA","fill":null,"LengthInMetres":36,"Title":"Albion Drive","Direction":"TwoWay","Flow":null,"Protection":null,"RoadOwnership":null,"YearBuilt":null,"Borough":"Hackney"},"geometry":{"type":"LineString","coordinates":[[-0.0743784,51.53957],[-0.0742631,51.53959],[-0.0738581,51.53958]]}},{"type":"Feature","properties":{"Name":null,"description":null,"timestamp":null,"begin":null,"end":null,"altitudeMode":null,"tessellate":"NA","extrude":"NA","visibility":"NA","drawOrder":"NA","icon":null,"ltla22cd":null,"ltla22nm":null,"ltla22nmw":null,"label":null,"stroke-opacity":"NA","stroke-width":2,"stroke":"#388E3C","fill-opacity":"NA","fill":null,"LengthInMetres":78,"Title":"New North Road","Direction":"OneWay","Flow":null,"Protection":null,"RoadOwnership":null,"YearBuilt":null,"Borough":"Hackney"},"geometry":{"type":"LineString","coordinates":[[-0.0862344,51.53131],[-0.0855531,51.53097],[-0.0853654,51.53086]]}},{"type":"Feature","properties":{"Name":null,"description":null,"timestamp":null,"begin":null,"end":null,"altitudeMode":null,"tessellate":"NA","extrude":"NA","visibility":"NA","drawOrder":"NA","icon":null,"ltla22cd":null,"ltla22nm":null,"ltla22nmw":null,"label":null,"stroke-opacity":"NA","stroke-width":4,"stroke":"#388E3C","fill-opacity":"NA","fill":null,"LengthInMetres":52,"Title":"Downs Road","Direction":"TwoWay","Flow":null,"Protection":null,"RoadOwnership":null,"YearBuilt":null,"Borough":"Hackney"},"geometry":{"type":"LineString","coordinates":[[-0.058906,51.55558],[-0.0587239,51.55563],[-0.058563,51.55564],[-0.0581821,51.55567]]}},{"type":"Feature","properties":{"Name":null,"description":null,"timestamp":null,"begin":null,"end":null,"altitudeMode":null,"tessellate":"NA","extrude":"NA","visibility":"NA","drawOrder":"NA","icon":null,"ltla22cd":null,"ltla22nm":null,"ltla22nmw":null,"label":null,"stroke-opacity":"NA","stroke-width":4,"stroke":"#388E3C","fill-opacity":"NA","fill":null,"LengthInMetres":89,"Title":"QE Olympic Park","Direction":"TwoWay","Flow":null,"Protection":null,"RoadOwnership":null,"YearBuilt":null,"Borough":"Hackney"},"geometry":{"type":"LineString","coordinates":[[-0.0178221,51.54423],[-0.0178275,51.54403],[-0.0177907,51.54343]]}},{"type":"Feature","properties":{"Name":null,"description":null,"timestamp":null,"begin":null,"end":null,"altitudeMode":null,"tessellate":"NA","extrude":"NA","visibility":"NA","drawOrder":"NA","icon":null,"ltla22cd":null,"ltla22nm":null,"ltla22nmw":null,"label":null,"stroke-opacity":"NA","stroke-width":2,"stroke":"#388E3C","fill-opacity":"NA","fill":null,"LengthInMetres":12,"Title":"Willow Street","Direction":"OneWay","Flow":null,"Protection":null,"RoadOwnership":null,"YearBuilt":null,"Borough":"Hackney"},"geometry":{"type":"LineString","coordinates":[[-0.0818312,51.52516],[-0.0818902,51.52515],[-0.0819519,51.52513],[-0.0819868,51.52511]]}},{"type":"Feature","properties":{"Name":null,"description":null,"timestamp":null,"begin":null,"end":null,"altitudeMode":null,"tessellate":"NA","extrude":"NA","visibility":"NA","drawOrder":"NA","icon":null,"ltla22cd":null,"ltla22nm":null,"ltla22nmw":null,"label":null,"stroke-opacity":"NA","stroke-width":2,"stroke":"#388E3C","fill-opacity":"NA","fill":null,"LengthInMetres":67,"Title":"Holywell Lane","Direction":"OneWay","Flow":null,"Protection":null,"RoadOwnership":null,"YearBuilt":null,"Borough":"Hackney"},"geometry":{"type":"LineString","coordinates":[[-0.0793311,51.52369],[-0.0793666,51.5237],[-0.0794055,51.52371],[-0.0798548,51.52367],[-0.0802826,51.52363]]}},{"type":"Feature","properties":{"Name":null,"description":null,"timestamp":null,"begin":null,"end":null,"altitudeMode":null,"tessellate":"NA","extrude":"NA","visibility":"NA","drawOrder":"NA","icon":null,"ltla22cd":null,"ltla22nm":null,"ltla22nmw":null,"label":null,"stroke-opacity":"NA","stroke-width":4,"stroke":"#388E3C","fill-opacity":"NA","fill":null,"LengthInMetres":47,"Title":"Swimmers Lane","Direction":"TwoWay","Flow":null,"Protection":null,"RoadOwnership":null,"YearBuilt":null,"Borough":"Hackney"},"geometry":{"type":"LineString","coordinates":[[-0.0715403,51.53504],[-0.0715912,51.53546]]}},{"type":"Feature","properties":{"Name":null,"description":null,"timestamp":null,"begin":null,"end":null,"altitudeMode":null,"tessellate":"NA","extrude":"NA","visibility":"NA","drawOrder":"NA","icon":null,"ltla22cd":null,"ltla22nm":null,"ltla22nmw":null,"label":null,"stroke-opacity":"NA","stroke-width":4,"stroke":"#388E3C","fill-opacity":"NA","fill":null,"LengthInMetres":19,"Title":"Primrose Square/Moulins Road","Direction":"TwoWay","Flow":null,"Protection":null,"RoadOwnership":null,"YearBuilt":null,"Borough":"Hackney"},"geometry":{"type":"LineString","coordinates":[[-0.048744,51.53899],[-0.0486662,51.539],[-0.0485696,51.53903],[-0.0484919,51.53905]]}},{"type":"Feature","properties":{"Name":null,"description":null,"timestamp":null,"begin":null,"end":null,"altitudeMode":null,"tessellate":"NA","extrude":"NA","visibility":"NA","drawOrder":"NA","icon":null,"ltla22cd":null,"ltla22nm":null,"ltla22nmw":null,"label":null,"stroke-opacity":"NA","stroke-width":2,"stroke":"#388E3C","fill-opacity":"NA","fill":null,"LengthInMetres":30,"Title":"Victoria Park Road","Direction":"OneWay","Flow":null,"Protection":null,"RoadOwnership":null,"YearBuilt":null,"Borough":"Hackney"},"geometry":{"type":"LineString","coordinates":[[-0.051911,51.5368],[-0.0518628,51.53679],[-0.051498,51.53685]]}},{"type":"Feature","properties":{"Name":null,"description":null,"timestamp":null,"begin":null,"end":null,"altitudeMode":null,"tessellate":"NA","extrude":"NA","visibility":"NA","drawOrder":"NA","icon":null,"ltla22cd":null,"ltla22nm":null,"ltla22nmw":null,"label":null,"stroke-opacity":"NA","stroke-width":4,"stroke":"#388E3C","fill-opacity":"NA","fill":null,"LengthInMetres":3,"Title":"Frampton Park Road","Direction":"TwoWay","Flow":null,"Protection":null,"RoadOwnership":null,"YearBuilt":null,"Borough":"Hackney"},"geometry":{"type":"LineString","coordinates":[[-0.052006,51.5426],[-0.051998,51.54257]]}},{"type":"Feature","properties":{"Name":null,"description":null,"timestamp":null,"begin":null,"end":null,"altitudeMode":null,"tessellate":"NA","extrude":"NA","visibility":"NA","drawOrder":"NA","icon":null,"ltla22cd":null,"ltla22nm":null,"ltla22nmw":null,"label":null,"stroke-opacity":"NA","stroke-width":4,"stroke":"#388E3C","fill-opacity":"NA","fill":null,"LengthInMetres":318,"Title":"Northwall Road","Direction":"TwoWay","Flow":null,"Protection":null,"RoadOwnership":null,"YearBuilt":null,"Borough":"Hackney"},"geometry":{"type":"LineString","coordinates":[[-0.0223429,51.54931],[-0.0221954,51.54937],[-0.0221149,51.54941],[-0.0220372,51.5495],[-0.0219996,51.54956],[-0.0219889,51.54964],[-0.0219889,51.5497],[-0.0219647,51.54979],[-0.0219191,51.54988],[-0.0218601,51.54999],[-0.0217984,51.55009],[-0.0217368,51.55017],[-0.0216885,51.55022],[-0.021608,51.55028],[-0.0215088,51.55032],[-0.0214095,51.55034],[-0.021313,51.55036],[-0.0211708,51.55037],[-0.020975,51.55039],[-0.0208543,51.55041],[-0.0207417,51.55043],[-0.0206451,51.55045],[-0.0205378,51.55047],[-0.0204573,51.5505],[-0.0203286,51.55053],[-0.020232,51.55058],[-0.0201569,51.55061],[-0.0200604,51.55065],[-0.0199182,51.55069],[-0.0197948,51.55072],[-0.0196446,51.55075],[-0.019422,51.55078],[-0.0191994,51.55081],[-0.0189922,51.55084]]}},{"type":"Feature","properties":{"Name":null,"description":null,"timestamp":null,"begin":null,"end":null,"altitudeMode":null,"tessellate":"NA","extrude":"NA","visibility":"NA","drawOrder":"NA","icon":null,"ltla22cd":null,"ltla22nm":null,"ltla22nmw":null,"label":null,"stroke-opacity":"NA","stroke-width":4,"stroke":"#388E3C","fill-opacity":"NA","fill":null,"LengthInMetres":34,"Title":"Lamb Lane","Direction":"TwoWay","Flow":null,"Protection":null,"RoadOwnership":null,"YearBuilt":null,"Borough":"Hackney"},"geometry":{"type":"LineString","coordinates":[[-0.056093,51.54022],[-0.055737,51.54018],[-0.055615,51.54016]]}},{"type":"Feature","properties":{"Name":null,"description":null,"timestamp":null,"begin":null,"end":null,"altitudeMode":null,"tessellate":"NA","extrude":"NA","visibility":"NA","drawOrder":"NA","icon":null,"ltla22cd":null,"ltla22nm":null,"ltla22nmw":null,"label":null,"stroke-opacity":"NA","stroke-width":4,"stroke":"#388E3C","fill-opacity":"NA","fill":null,"LengthInMetres":129,"Title":"Clapton Common","Direction":"TwoWay","Flow":null,"Protection":null,"RoadOwnership":null,"YearBuilt":null,"Borough":"Hackney"},"geometry":{"type":"LineString","coordinates":[[-0.065385,51.5721],[-0.065312,51.57201],[-0.064107,51.57126]]}},{"type":"Feature","properties":{"Name":null,"description":null,"timestamp":null,"begin":null,"end":null,"altitudeMode":null,"tessellate":"NA","extrude":"NA","visibility":"NA","drawOrder":"NA","icon":null,"ltla22cd":null,"ltla22nm":null,"ltla22nmw":null,"label":null,"stroke-opacity":"NA","stroke-width":4,"stroke":"#388E3C","fill-opacity":"NA","fill":null,"LengthInMetres":10,"Title":"Seven Sisters","Direction":"TwoWay","Flow":null,"Protection":null,"RoadOwnership":null,"YearBuilt":null,"Borough":"Hackney"},"geometry":{"type":"LineString","coordinates":[[-0.103667,51.56512],[-0.1037203,51.56515],[-0.103774,51.56518]]}},{"type":"Feature","properties":{"Name":null,"description":null,"timestamp":null,"begin":null,"end":null,"altitudeMode":null,"tessellate":"NA","extrude":"NA","visibility":"NA","drawOrder":"NA","icon":null,"ltla22cd":null,"ltla22nm":null,"ltla22nmw":null,"label":null,"stroke-opacity":"NA","stroke-width":4,"stroke":"#388E3C","fill-opacity":"NA","fill":null,"LengthInMetres":6,"Title":"Hemsworth Street","Direction":"TwoWay","Flow":null,"Protection":null,"RoadOwnership":null,"YearBuilt":null,"Borough":"Hackney"},"geometry":{"type":"LineString","coordinates":[[-0.082909,51.53389],[-0.082821,51.53389]]}},{"type":"Feature","properties":{"Name":null,"description":null,"timestamp":null,"begin":null,"end":null,"altitudeMode":null,"tessellate":"NA","extrude":"NA","visibility":"NA","drawOrder":"NA","icon":null,"ltla22cd":null,"ltla22nm":null,"ltla22nmw":null,"label":null,"stroke-opacity":"NA","stroke-width":4,"stroke":"#388E3C","fill-opacity":"NA","fill":null,"LengthInMetres":45,"Title":"Mundy Street","Direction":"TwoWay","Flow":null,"Protection":null,"RoadOwnership":null,"YearBuilt":null,"Borough":"Hackney"},"geometry":{"type":"LineString","coordinates":[[-0.0808137,51.52814],[-0.0805108,51.52816],[-0.0801676,51.52816]]}},{"type":"Feature","properties":{"Name":null,"description":null,"timestamp":null,"begin":null,"end":null,"altitudeMode":null,"tessellate":"NA","extrude":"NA","visibility":"NA","drawOrder":"NA","icon":null,"ltla22cd":null,"ltla22nm":null,"ltla22nmw":null,"label":null,"stroke-opacity":"NA","stroke-width":4,"stroke":"#388E3C","fill-opacity":"NA","fill":null,"LengthInMetres":6,"Title":"Worship Street and Curtain Road","Direction":"TwoWay","Flow":null,"Protection":null,"RoadOwnership":null,"YearBuilt":null,"Borough":"Hackney"},"geometry":{"type":"LineString","coordinates":[[-0.0811306,51.52198],[-0.0810837,51.52193]]}},{"type":"Feature","properties":{"Name":null,"description":null,"timestamp":null,"begin":null,"end":null,"altitudeMode":null,"tessellate":"NA","extrude":"NA","visibility":"NA","drawOrder":"NA","icon":null,"ltla22cd":null,"ltla22nm":null,"ltla22nmw":null,"label":null,"stroke-opacity":"NA","stroke-width":4,"stroke":"#388E3C","fill-opacity":"NA","fill":null,"LengthInMetres":12,"Title":"Phillipp Street","Direction":"TwoWay","Flow":null,"Protection":null,"RoadOwnership":null,"YearBuilt":null,"Borough":"Hackney"},"geometry":{"type":"LineString","coordinates":[[-0.080072,51.53549],[-0.079904,51.53551]]}},{"type":"Feature","properties":{"Name":null,"description":null,"timestamp":null,"begin":null,"end":null,"altitudeMode":null,"tessellate":"NA","extrude":"NA","visibility":"NA","drawOrder":"NA","icon":null,"ltla22cd":null,"ltla22nm":null,"ltla22nmw":null,"label":null,"stroke-opacity":"NA","stroke-width":4,"stroke":"#388E3C","fill-opacity":"NA","fill":null,"LengthInMetres":6,"Title":"Green Lanes - LB Haringey","Direction":"TwoWay","Flow":null,"Protection":null,"RoadOwnership":null,"YearBuilt":null,"Borough":"Hackney"},"geometry":{"type":"LineString","coordinates":[[-0.0976687,51.57365],[-0.0976413,51.5736]]}},{"type":"Feature","properties":{"Name":null,"description":null,"timestamp":null,"begin":null,"end":null,"altitudeMode":null,"tessellate":"NA","extrude":"NA","visibility":"NA","drawOrder":"NA","icon":null,"ltla22cd":null,"ltla22nm":null,"ltla22nmw":null,"label":null,"stroke-opacity":"NA","stroke-width":4,"stroke":"#388E3C","fill-opacity":"NA","fill":null,"LengthInMetres":1362,"Title":"Green Lanes Cycleway - LB Hackney","Direction":"TwoWay","Flow":null,"Protection":null,"RoadOwnership":null,"YearBuilt":null,"Borough":"Hackney"},"geometry":{"type":"LineString","coordinates":[[-0.0955233,51.57024],[-0.095019,51.56958],[-0.0943806,51.56871],[-0.0942465,51.56844],[-0.0941312,51.56809],[-0.094091,51.56768],[-0.094032,51.56686],[-0.0939032,51.5664],[-0.0934365,51.56549],[-0.0930918,51.565],[-0.0928384,51.56458],[-0.0924065,51.5639],[-0.0921303,51.56336],[-0.0919774,51.56294],[-0.0917602,51.5623],[-0.0916984,51.56202],[-0.0917306,51.56045],[-0.0916984,51.56021],[-0.0915402,51.55991],[-0.0912532,51.55945],[-0.090926,51.5589],[-0.0907435,51.55851]]}},{"type":"Feature","properties":{"Name":null,"description":null,"timestamp":null,"begin":null,"end":null,"altitudeMode":null,"tessellate":"NA","extrude":"NA","visibility":"NA","drawOrder":"NA","icon":null,"ltla22cd":null,"ltla22nm":null,"ltla22nmw":null,"label":null,"stroke-opacity":"NA","stroke-width":4,"stroke":"#388E3C","fill-opacity":"NA","fill":null,"LengthInMetres":168,"Title":"Green Lanes Cycleway - LB Hackney","Direction":"TwoWay","Flow":null,"Protection":null,"RoadOwnership":null,"YearBuilt":null,"Borough":"Hackney"},"geometry":{"type":"LineString","coordinates":[[-0.0905559,51.55811],[-0.0903922,51.55776],[-0.090368,51.55758],[-0.090301,51.55685],[-0.0902822,51.55662]]}},{"type":"Feature","properties":{"Name":null,"description":null,"timestamp":null,"begin":null,"end":null,"altitudeMode":null,"tessellate":"NA","extrude":"NA","visibility":"NA","drawOrder":"NA","icon":null,"ltla22cd":null,"ltla22nm":null,"ltla22nmw":null,"label":null,"stroke-opacity":"NA","stroke-width":4,"stroke":"#388E3C","fill-opacity":"NA","fill":null,"LengthInMetres":15,"Title":"Ufton Road","Direction":"TwoWay","Flow":null,"Protection":null,"RoadOwnership":null,"YearBuilt":null,"Borough":"Hackney"},"geometry":{"type":"LineString","coordinates":[[-0.0837605,51.53948],[-0.0837176,51.53961]]}},{"type":"Feature","properties":{"Name":null,"description":null,"timestamp":null,"begin":null,"end":null,"altitudeMode":null,"tessellate":"NA","extrude":"NA","visibility":"NA","drawOrder":"NA","icon":null,"ltla22cd":null,"ltla22nm":null,"ltla22nmw":null,"label":null,"stroke-opacity":"NA","stroke-width":4,"stroke":"#388E3C","fill-opacity":"NA","fill":null,"LengthInMetres":226,"Title":"C23 - WF to Lea Bridge Roundabout","Direction":"TwoWay","Flow":null,"Protection":null,"RoadOwnership":null,"YearBuilt":null,"Borough":"Hackney"},"geometry":{"type":"LineString","coordinates":[[-0.0462028,51.56188],[-0.0475815,51.5613],[-0.0482949,51.56099],[-0.0488904,51.56073]]}},{"type":"Feature","properties":{"Name":null,"description":null,"timestamp":null,"begin":null,"end":null,"altitudeMode":null,"tessellate":"NA","extrude":"NA","visibility":"NA","drawOrder":"NA","icon":null,"ltla22cd":null,"ltla22nm":null,"ltla22nmw":null,"label":null,"stroke-opacity":"NA","stroke-width":4,"stroke":"#388E3C","fill-opacity":"NA","fill":null,"LengthInMetres":249,"Title":"Lea Bridge Roundabout","Direction":"TwoWay","Flow":null,"Protection":null,"RoadOwnership":null,"YearBuilt":null,"Borough":"Hackney"},"geometry":{"type":"LineString","coordinates":[[-0.0563694,51.55858],[-0.0563211,51.55866],[-0.0562675,51.5587],[-0.0562004,51.55874],[-0.0561307,51.55878],[-0.0560153,51.55881],[-0.0559188,51.55883],[-0.0557981,51.55883],[-0.0557123,51.55883],[-0.0556452,51.5588],[-0.0555916,51.55877],[-0.0555352,51.55874],[-0.0554709,51.55869],[-0.0553931,51.55863],[-0.0553341,51.55857],[-0.0552831,51.55851],[-0.0552616,51.55844],[-0.055267,51.55839],[-0.0553046,51.55832],[-0.0553475,51.55826],[-0.0554306,51.5582],[-0.0554789,51.55816],[-0.0555326,51.55814],[-0.0555942,51.55812],[-0.0556693,51.5581],[-0.0558035,51.55809],[-0.0559483,51.5581],[-0.0560958,51.55813],[-0.0561843,51.55818],[-0.0562675,51.55824],[-0.0563184,51.5583],[-0.0563614,51.55836],[-0.0563855,51.55843],[-0.0563962,51.5585],[-0.0563882,51.55852],[-0.0563801,51.55857]]}},{"type":"Feature","properties":{"Name":null,"description":null,"timestamp":null,"begin":null,"end":null,"altitudeMode":null,"tessellate":"NA","extrude":"NA","visibility":"NA","drawOrder":"NA","icon":null,"ltla22cd":null,"ltla22nm":null,"ltla22nmw":null,"label":null,"stroke-opacity":"NA","stroke-width":4,"stroke":"#388E3C","fill-opacity":"NA","fill":null,"LengthInMetres":121,"Title":"Lea Bridge Roundabout","Direction":"TwoWay","Flow":null,"Protection":null,"RoadOwnership":null,"YearBuilt":null,"Borough":"Hackney"},"geometry":{"type":"LineString","coordinates":[[-0.05315,51.55899],[-0.0547745,51.5586]]}},{"type":"Feature","properties":{"Name":null,"description":null,"timestamp":null,"begin":null,"end":null,"altitudeMode":null,"tessellate":"NA","extrude":"NA","visibility":"NA","drawOrder":"NA","icon":null,"ltla22cd":null,"ltla22nm":null,"ltla22nmw":null,"label":null,"stroke-opacity":"NA","stroke-width":4,"stroke":"#388E3C","fill-opacity":"NA","fill":null,"LengthInMetres":43,"Title":"Lea Bridge Roundabout","Direction":"TwoWay","Flow":null,"Protection":null,"RoadOwnership":null,"YearBuilt":null,"Borough":"Hackney"},"geometry":{"type":"LineString","coordinates":[[-0.0547745,51.5586],[-0.0552637,51.55836]]}},{"type":"Feature","properties":{"Name":null,"description":null,"timestamp":null,"begin":null,"end":null,"altitudeMode":null,"tessellate":"NA","extrude":"NA","visibility":"NA","drawOrder":"NA","icon":null,"ltla22cd":null,"ltla22nm":null,"ltla22nmw":null,"label":null,"stroke-opacity":"NA","stroke-width":4,"stroke":"#388E3C","fill-opacity":"NA","fill":null,"LengthInMetres":45,"Title":"Lea Bridge Roundabout","Direction":"TwoWay","Flow":null,"Protection":null,"RoadOwnership":null,"YearBuilt":null,"Borough":"Hackney"},"geometry":{"type":"LineString","coordinates":[[-0.0547745,51.5586],[-0.0554145,51.55866]]}},{"type":"Feature","properties":{"Name":null,"description":null,"timestamp":null,"begin":null,"end":null,"altitudeMode":null,"tessellate":"NA","extrude":"NA","visibility":"NA","drawOrder":"NA","icon":null,"ltla22cd":null,"ltla22nm":null,"ltla22nmw":null,"label":null,"stroke-opacity":"NA","stroke-width":4,"stroke":"#388E3C","fill-opacity":"NA","fill":null,"LengthInMetres":52,"Title":"Lea Bridge Roundabout","Direction":"TwoWay","Flow":null,"Protection":null,"RoadOwnership":null,"YearBuilt":null,"Borough":"Hackney"},"geometry":{"type":"LineString","coordinates":[[-0.0570198,51.5584],[-0.056621,51.55836],[-0.0564243,51.55829],[-0.056303,51.55827]]}},{"type":"Feature","properties":{"Name":null,"description":null,"timestamp":null,"begin":null,"end":null,"altitudeMode":null,"tessellate":"NA","extrude":"NA","visibility":"NA","drawOrder":"NA","icon":null,"ltla22cd":null,"ltla22nm":null,"ltla22nmw":null,"label":null,"stroke-opacity":"NA","stroke-width":4,"stroke":"#388E3C","fill-opacity":"NA","fill":null,"LengthInMetres":47,"Title":"Lea Bridge Roundabout","Direction":"TwoWay","Flow":null,"Protection":null,"RoadOwnership":null,"YearBuilt":null,"Borough":"Hackney"},"geometry":{"type":"LineString","coordinates":[[-0.0570198,51.5584],[-0.056826,51.55843],[-0.0566566,51.55845],[-0.056493,51.5585],[-0.0563915,51.55854]]}},{"type":"Feature","properties":{"Name":null,"description":null,"timestamp":null,"begin":null,"end":null,"altitudeMode":null,"tessellate":"NA","extrude":"NA","visibility":"NA","drawOrder":"NA","icon":null,"ltla22cd":null,"ltla22nm":null,"ltla22nmw":null,"label":null,"stroke-opacity":"NA","stroke-width":4,"stroke":"#388E3C","fill-opacity":"NA","fill":null,"LengthInMetres":56,"Title":"Lea Bridge Roundabout","Direction":"TwoWay","Flow":null,"Protection":null,"RoadOwnership":null,"YearBuilt":null,"Borough":"Hackney"},"geometry":{"type":"LineString","coordinates":[[-0.057827,51.5584],[-0.0576211,51.55841],[-0.0574252,51.55841],[-0.057176,51.5584],[-0.0570198,51.5584]]}}]}