{"type":"FeatureCollection","features":[{"type":"Feature","properties":{"Name":"Hillingdon","description":null,"timestamp":null,"begin":null,"end":null,"altitudeMode":null,"tessellate":-1,"extrude":0,"visibility":-1,"drawOrder":"NA","icon":null,"ltla22cd":"E09000017","ltla22nm":"Hillingdon","ltla22nmw":null,"label":"E92000001E12000007E09000017","stroke-opacity":0.2,"stroke-width":0.25,"stroke":"#388E3C","fill-opacity":0.1,"fill":"#388E3C","LengthInMetres":18010,"Title":null,"Direction":null,"Flow":null,"Protection":null,"RoadOwnership":null,"YearBuilt":null,"Borough":null},"geometry":{"type":"Polygon","coordinates":[[[-0.4943579,51.4634155],[-0.4945598,51.4636328],[-0.494918,51.4639307],[-0.495224,51.4642315],[-0.4953091,51.4643115],[-0.4954069,51.4644277],[-0.4955941,51.4646028],[-0.4958997,51.4648595],[-0.4962125,51.4651144],[-0.4966415,51.4654625],[-0.4970546,51.4657356],[-0.4970266,51.4658145],[-0.4970076,51.4658682],[-0.497005,51.4658755],[-0.4970083,51.4658776],[-0.4970587,51.4659104],[-0.4972804,51.4660373],[-0.4975609,51.4661803],[-0.4980228,51.4663809],[-0.4980291,51.4663836],[-0.4980894,51.4664098],[-0.4981368,51.4664303],[-0.4982669,51.4664231],[-0.498355,51.4664636],[-0.498366,51.4664686],[-0.4984701,51.4665164],[-0.4985024,51.4665313],[-0.4985307,51.4665443],[-0.4988954,51.4666991],[-0.4993957,51.4668621],[-0.4997186,51.4669546],[-0.4998392,51.4669891],[-0.5000296,51.4670393],[-0.5003705,51.4671291],[-0.5007592,51.4672105],[-0.5009236,51.4672449],[-0.5010935,51.4672818],[-0.5014129,51.4673512],[-0.5014593,51.4673612],[-0.50213,51.4674613],[-0.5025606,51.4675314],[-0.5025703,51.467533],[-0.5027565,51.4675634],[-0.5027941,51.4675695],[-0.5029319,51.4675926],[-0.5030523,51.467613],[-0.5031739,51.4676341],[-0.5031804,51.4676351],[-0.5032957,51.4676539],[-0.5033701,51.4676643],[-0.5034188,51.4676712],[-0.503542,51.4676863],[-0.503756,51.4677052],[-0.5039518,51.4677157],[-0.5040691,51.4677221],[-0.5041056,51.4677234],[-0.5043841,51.4677331],[-0.5044298,51.4677354],[-0.5044407,51.4677359],[-0.504754,51.4677451],[-0.5047737,51.4677454],[-0.5050692,51.4677492],[-0.5051279,51.4677561],[-0.505197,51.4677633],[-0.505267,51.4677688],[-0.5053362,51.4677731],[-0.5054001,51.4677766],[-0.5054067,51.4677769],[-0.5054158,51.4677772],[-0.5054759,51.4677788],[-0.505546,51.4677793],[-0.5056149,51.4677793],[-0.5056698,51.4677789],[-0.505686,51.4677788],[-0.5057549,51.4677759],[-0.5057652,51.4677753],[-0.5058401,51.4677711],[-0.5058977,51.4677672],[-0.5059021,51.4677668],[-0.5059484,51.467763],[-0.5059972,51.4677588],[-0.5060422,51.4677541],[-0.5060648,51.4677515],[-0.5060887,51.4677488],[-0.5061256,51.4677433],[-0.5061349,51.4677419],[-0.5061914,51.4677323],[-0.5062503,51.4677211],[-0.5063146,51.4677076],[-0.5063785,51.4676917],[-0.5064417,51.4676735],[-0.5064858,51.4676582],[-0.5065186,51.4676465],[-0.5065227,51.467645],[-0.5065788,51.4676204],[-0.5065871,51.4676162],[-0.5066392,51.4675892],[-0.5066609,51.4675773],[-0.5066837,51.4675647],[-0.5067246,51.4675381],[-0.5067332,51.4675323],[-0.5067414,51.4675267],[-0.5067646,51.467511],[-0.5067997,51.4674837],[-0.5068067,51.4674778],[-0.5068325,51.467456],[-0.5068514,51.4674394],[-0.5068664,51.4674261],[-0.5068719,51.4674206],[-0.5068975,51.4673949],[-0.506923,51.467367],[-0.5069269,51.4673627],[-0.5069289,51.4673597],[-0.5069514,51.4673256],[-0.5069652,51.4673048],[-0.5070457,51.4671828],[-0.5071247,51.4670234],[-0.5071359,51.467012],[-0.5071699,51.4669776],[-0.5072106,51.4669363],[-0.5072139,51.4669329],[-0.5072236,51.4669228],[-0.5072985,51.4668472],[-0.5074073,51.4668967],[-0.507457,51.4669187],[-0.5075064,51.4669356],[-0.507676,51.4669631],[-0.5077324,51.4669724],[-0.5077912,51.466978],[-0.5078527,51.46698],[-0.5080275,51.4669583],[-0.5081543,51.466962],[-0.508282,51.4669761],[-0.5083084,51.466979],[-0.5085246,51.4670028],[-0.5088577,51.4670694],[-0.5090638,51.4671297],[-0.5090702,51.4671316],[-0.5091713,51.4671611],[-0.5092821,51.4672236],[-0.5094245,51.4673038],[-0.5094451,51.4673164],[-0.5097364,51.4674938],[-0.5098244,51.4675354],[-0.5099567,51.4675979],[-0.5102995,51.4677599],[-0.5103395,51.4678449],[-0.5103635,51.4679516],[-0.5103639,51.4679551],[-0.5103766,51.4680867],[-0.5103559,51.4682026],[-0.5103535,51.4682157],[-0.5103166,51.4682939],[-0.5102832,51.4683644],[-0.510281,51.4683692],[-0.5102096,51.4685718],[-0.5101731,51.4687671],[-0.5099952,51.4689275],[-0.5099648,51.4689549],[-0.5098964,51.4690166],[-0.5097197,51.469176],[-0.5096771,51.4692029],[-0.509665,51.4692013],[-0.5096291,51.4691982],[-0.5095945,51.4691959],[-0.5095754,51.4691948],[-0.5095599,51.4691942],[-0.5095303,51.4691934],[-0.509524,51.4691932],[-0.5095077,51.4691931],[-0.509488,51.469193],[-0.5094538,51.4691936],[-0.5094412,51.4691938],[-0.5094277,51.4691943],[-0.5093889,51.4691964],[-0.5093701,51.4691974],[-0.5093498,51.4691988],[-0.509311,51.4692027],[-0.5092943,51.4692044],[-0.5092733,51.4692069],[-0.5092558,51.4692094],[-0.5092342,51.4692124],[-0.5092157,51.469215],[-0.5091966,51.4692179],[-0.509189,51.4692193],[-0.5091722,51.4692222],[-0.5091637,51.4692238],[-0.5091562,51.4692251],[-0.5091354,51.4692295],[-0.5091023,51.4692366],[-0.5090977,51.4692376],[-0.5090502,51.4692484],[-0.5090015,51.4692629],[-0.5089498,51.4692786],[-0.5089016,51.469295],[-0.5088825,51.469302],[-0.5088537,51.4693127],[-0.5088119,51.4693283],[-0.5088055,51.4693307],[-0.5087884,51.4693378],[-0.5087589,51.46935],[-0.5087019,51.4693771],[-0.5086227,51.4694147],[-0.5085211,51.4694758],[-0.5084966,51.4694905],[-0.5084388,51.4695308],[-0.5083778,51.4695736],[-0.508292,51.4696378],[-0.5082634,51.4696592],[-0.5081498,51.469745],[-0.5081471,51.469747],[-0.5081439,51.4697495],[-0.5080258,51.4698387],[-0.5079104,51.469929],[-0.507798,51.470022],[-0.5076901,51.4701159],[-0.5075849,51.4702109],[-0.5074576,51.4703349],[-0.5073286,51.4704694],[-0.5073084,51.4704916],[-0.5072049,51.4706053],[-0.5070866,51.4707431],[-0.5070717,51.4707607],[-0.5070309,51.4708089],[-0.5069945,51.4708539],[-0.506931,51.4709327],[-0.506854,51.4710318],[-0.5068342,51.4710573],[-0.5067437,51.4711839],[-0.5065925,51.4714205],[-0.5064981,51.4715683],[-0.5063713,51.471773],[-0.5061648,51.4721153],[-0.5060808,51.4722635],[-0.5060227,51.4723675],[-0.5059613,51.4724778],[-0.5058965,51.4726025],[-0.5058494,51.4726931],[-0.5057939,51.4728092],[-0.5057117,51.4729996],[-0.5056329,51.4731818],[-0.5055412,51.4733941],[-0.5055177,51.4734507],[-0.5055007,51.4734915],[-0.5054724,51.4735586],[-0.5054134,51.4736991],[-0.505377,51.4737904],[-0.5053301,51.4739085],[-0.5053019,51.4739862],[-0.5052589,51.4741053],[-0.5052543,51.4741179],[-0.5052327,51.4741831],[-0.5052303,51.4741902],[-0.5052189,51.4742245],[-0.5051929,51.4743111],[-0.5051543,51.4744394],[-0.5051411,51.4744904],[-0.5050982,51.4746555],[-0.5050875,51.4747016],[-0.5050713,51.4747713],[-0.5050479,51.4748715],[-0.5050447,51.4748886],[-0.5050425,51.4749004],[-0.5050414,51.4749066],[-0.5050005,51.4751234],[-0.5049691,51.4753244],[-0.5049664,51.4753417],[-0.5049462,51.4754386],[-0.5048746,51.475783],[-0.5047428,51.4764134],[-0.5046272,51.4770146],[-0.5045834,51.4772422],[-0.5045503,51.4773733],[-0.5045354,51.4774323],[-0.5045194,51.4774585],[-0.5044757,51.4775303],[-0.5044683,51.4775424],[-0.5042926,51.4777558],[-0.5042596,51.4778883],[-0.5042449,51.4779474],[-0.5042306,51.4780507],[-0.504203,51.4782508],[-0.5042283,51.4783591],[-0.5042636,51.4785573],[-0.504244,51.4787586],[-0.5042074,51.4789559],[-0.504189,51.4790096],[-0.5041844,51.4790231],[-0.5041739,51.4790537],[-0.5041726,51.4790575],[-0.5041457,51.4791362],[-0.5041173,51.4792055],[-0.5040689,51.4793237],[-0.503971,51.4795271],[-0.5039313,51.4796097],[-0.5037392,51.4800209],[-0.5035937,51.4803428],[-0.5035141,51.4805189],[-0.5032215,51.4810159],[-0.5031836,51.4810748],[-0.5031739,51.4810898],[-0.5030645,51.4812603],[-0.5030604,51.4812666],[-0.5030071,51.4813495],[-0.5029024,51.4815164],[-0.5027041,51.4818321],[-0.5027019,51.4818357],[-0.5026262,51.4819545],[-0.502622,51.481961],[-0.5024998,51.4821523],[-0.5023928,51.4823128],[-0.5022792,51.4824832],[-0.5019744,51.4828569],[-0.5017264,51.4831334],[-0.5015408,51.483328],[-0.5013815,51.483495],[-0.5012118,51.4836703],[-0.5011954,51.4836873],[-0.5010866,51.4837997],[-0.5009548,51.4839294],[-0.500835,51.4840473],[-0.5008091,51.4840705],[-0.5004473,51.4843959],[-0.499869,51.4849567],[-0.4997095,51.4851057],[-0.4993002,51.485488],[-0.4991024,51.4856725],[-0.499048,51.4856635],[-0.4990205,51.4856589],[-0.4989982,51.485659],[-0.4989898,51.4856591],[-0.498971,51.4856592],[-0.4989276,51.4856715],[-0.4988974,51.4857015],[-0.4988962,51.4857209],[-0.4988956,51.4857489],[-0.4989325,51.4858298],[-0.4989358,51.4858349],[-0.4989822,51.4859076],[-0.4989538,51.4859359],[-0.4988535,51.4859623],[-0.4988276,51.4859766],[-0.4988104,51.4859861],[-0.4987831,51.4860059],[-0.4987652,51.4860189],[-0.4987372,51.4860482],[-0.4987191,51.4860786],[-0.4987137,51.4861064],[-0.4987214,51.4861325],[-0.4987395,51.4861571],[-0.4987689,51.4861791],[-0.4987726,51.4861809],[-0.4988101,51.4861993],[-0.498899,51.4862247],[-0.4990426,51.4862224],[-0.4990861,51.4862475],[-0.4990903,51.4862554],[-0.4990955,51.4862713],[-0.4990862,51.4863444],[-0.4990561,51.4864669],[-0.4990543,51.4864721],[-0.4990371,51.4865232],[-0.4989875,51.4866181],[-0.4989799,51.4866328],[-0.4989775,51.4866712],[-0.4990162,51.4867236],[-0.4990797,51.4867612],[-0.4991229,51.4867765],[-0.4991601,51.4867846],[-0.49917,51.4867853],[-0.499217,51.4867881],[-0.499318,51.4867841],[-0.499406,51.4867762],[-0.499482,51.4867601],[-0.4995424,51.4867473],[-0.4995924,51.4867493],[-0.4996465,51.4867728],[-0.4996928,51.4868404],[-0.4996754,51.4868668],[-0.4996575,51.4868783],[-0.4996032,51.4869133],[-0.4995682,51.4869358],[-0.4995593,51.486976],[-0.4996444,51.4870544],[-0.4996594,51.4870924],[-0.4996589,51.4871472],[-0.4996489,51.487192],[-0.4996168,51.4872449],[-0.4996137,51.48725],[-0.4995184,51.4873435],[-0.4994916,51.4873611],[-0.4994743,51.4873724],[-0.4993702,51.4874407],[-0.4993438,51.4874912],[-0.4993635,51.4875603],[-0.4993733,51.4875949],[-0.4993728,51.4875978],[-0.4993617,51.4876334],[-0.4992926,51.4876812],[-0.4992126,51.4877252],[-0.4990978,51.4877884],[-0.4990518,51.4878318],[-0.4990438,51.4878568],[-0.4990501,51.4878831],[-0.4990735,51.4879103],[-0.4991949,51.487982],[-0.4992035,51.4879911],[-0.4992355,51.4880293],[-0.4992351,51.4880405],[-0.4992286,51.4881558],[-0.4992281,51.4881641],[-0.4991938,51.488376],[-0.4991881,51.4884111],[-0.4991931,51.4885682],[-0.4991589,51.4885982],[-0.4990896,51.488594],[-0.4989949,51.4885331],[-0.4988938,51.4884319],[-0.4988477,51.4884281],[-0.4988313,51.4884338],[-0.4988053,51.4884428],[-0.4987164,51.4885111],[-0.4986165,51.4885879],[-0.4985908,51.4885998],[-0.4985826,51.4886036],[-0.4985373,51.488612],[-0.4984996,51.4886055],[-0.4984757,51.4885852],[-0.4984599,51.4885714],[-0.4984584,51.4885681],[-0.4984064,51.4884584],[-0.4983595,51.4884434],[-0.4983269,51.4884538],[-0.4983108,51.4884682],[-0.4983001,51.4884778],[-0.4982124,51.4885957],[-0.498163,51.4886622],[-0.4980404,51.4887639],[-0.4980023,51.4888205],[-0.4979974,51.4888812],[-0.4980186,51.4889328],[-0.4980544,51.48898],[-0.4980953,51.4890092],[-0.4981101,51.4890136],[-0.4981368,51.4890215],[-0.4981652,51.4890212],[-0.4981773,51.4890211],[-0.4982455,51.4890013],[-0.4983137,51.4889815],[-0.4983579,51.4889777],[-0.4984032,51.4889863],[-0.4984706,51.4890266],[-0.4986068,51.4891601],[-0.4986381,51.4891906],[-0.4986583,51.4892332],[-0.4986489,51.48926],[-0.4984029,51.4894073],[-0.4983486,51.4894283],[-0.4981904,51.4894439],[-0.4981274,51.4894626],[-0.4980924,51.4894947],[-0.4980846,51.4895135],[-0.4980519,51.4895923],[-0.4980159,51.4896323],[-0.4979355,51.4896669],[-0.4977583,51.4897036],[-0.497639,51.4897462],[-0.4975627,51.4897819],[-0.497506,51.4898134],[-0.4974897,51.4898225],[-0.4974854,51.4898253],[-0.4974178,51.4898687],[-0.4973963,51.4898814],[-0.497057,51.4897044],[-0.4968523,51.4897567],[-0.496749,51.4897904],[-0.496714,51.4898059],[-0.49667,51.4898255],[-0.4965998,51.4898651],[-0.496551,51.4898977],[-0.4964961,51.4899537],[-0.4964498,51.4900191],[-0.4964541,51.4900643],[-0.4964816,51.4900958],[-0.4965137,51.4901151],[-0.4966187,51.4901513],[-0.4967894,51.4901534],[-0.4968167,51.4901575],[-0.4969657,51.4901807],[-0.4969719,51.4901915],[-0.4969869,51.4902174],[-0.4969892,51.4902214],[-0.4969907,51.4902271],[-0.4969947,51.490245],[-0.496986,51.4902889],[-0.496965,51.4903112],[-0.4969292,51.4903392],[-0.4968577,51.490395],[-0.496781,51.490486],[-0.4967218,51.4905328],[-0.4966482,51.4905513],[-0.496528,51.4905529],[-0.4962617,51.4905387],[-0.4960995,51.4905182],[-0.4960424,51.4905268],[-0.4960054,51.4905417],[-0.4959435,51.4905904],[-0.4959392,51.4905949],[-0.4959178,51.4906179],[-0.4959024,51.4906483],[-0.4958838,51.4907766],[-0.4958724,51.4907974],[-0.4958579,51.490824],[-0.4958033,51.4908799],[-0.4957597,51.4909244],[-0.4955688,51.4910756],[-0.4954724,51.4911598],[-0.495423,51.4911856],[-0.4954019,51.4911967],[-0.495357,51.4912051],[-0.4953517,51.491205],[-0.4951951,51.4912014],[-0.4951175,51.4912191],[-0.4950601,51.4912465],[-0.4950252,51.4912631],[-0.4950216,51.4912656],[-0.4949617,51.491316],[-0.494935,51.4913751],[-0.4949239,51.4914581],[-0.4949124,51.4915438],[-0.4949221,51.4916455],[-0.4949284,51.4916621],[-0.4949366,51.4916835],[-0.4949695,51.491729],[-0.494993,51.4917616],[-0.4951134,51.4918638],[-0.4951199,51.4918672],[-0.4951674,51.4918923],[-0.495287,51.4919361],[-0.4953505,51.4919765],[-0.4953603,51.491995],[-0.4953679,51.4920092],[-0.4953681,51.4920452],[-0.4953508,51.4920769],[-0.4953316,51.492112],[-0.4952865,51.492156],[-0.4952242,51.4922167],[-0.4951743,51.4922536],[-0.4951019,51.492307],[-0.4949373,51.492402],[-0.494909,51.4924241],[-0.4949061,51.4924278],[-0.4948893,51.4924486],[-0.4948822,51.4924655],[-0.4948786,51.4924741],[-0.494879,51.4925844],[-0.4948791,51.4925963],[-0.494869,51.4926295],[-0.4948496,51.4926562],[-0.4948367,51.4926643],[-0.4948147,51.4926782],[-0.4947692,51.4926965],[-0.4947617,51.4926984],[-0.4947082,51.492712],[-0.4946499,51.4927212],[-0.4945765,51.4927328],[-0.4943583,51.4927319],[-0.4938636,51.4927299],[-0.4938541,51.4927294],[-0.4936821,51.4927195],[-0.4935732,51.4927244],[-0.4935644,51.4927261],[-0.4935317,51.4927328],[-0.4934104,51.4927866],[-0.4933581,51.4928097],[-0.4932846,51.4928266],[-0.4932657,51.4928268],[-0.4932333,51.4928272],[-0.4932083,51.4928245],[-0.4932041,51.4928241],[-0.4931714,51.4928205],[-0.4929128,51.4927734],[-0.4927864,51.4927556],[-0.4927446,51.492755],[-0.4927403,51.4927557],[-0.4926866,51.492767],[-0.4925848,51.4928511],[-0.4925462,51.4928747],[-0.4923681,51.4929517],[-0.4923547,51.4929559],[-0.4922389,51.4929912],[-0.4922289,51.4929943],[-0.4922228,51.492995],[-0.4917733,51.4930213],[-0.4916841,51.4930265],[-0.491649,51.4930294],[-0.4915517,51.4930376],[-0.4915042,51.4930465],[-0.4914897,51.4930527],[-0.4914651,51.4930632],[-0.4914561,51.4930671],[-0.4913018,51.4932487],[-0.4911134,51.4934707],[-0.4910999,51.4934866],[-0.4910556,51.4935272],[-0.4909527,51.4936214],[-0.4908701,51.4936841],[-0.4908039,51.4937246],[-0.4907368,51.4937525],[-0.4905204,51.4938037],[-0.4904823,51.4938248],[-0.4904755,51.493832],[-0.4904557,51.4938524],[-0.4904428,51.4938777],[-0.4904385,51.4939039],[-0.4904377,51.4939088],[-0.4904416,51.493968],[-0.4904498,51.4940071],[-0.4904746,51.494064],[-0.4904916,51.494103],[-0.4904843,51.4941375],[-0.4904459,51.494166],[-0.4903139,51.4942161],[-0.4902752,51.4942552],[-0.4902664,51.4942642],[-0.4902077,51.4943872],[-0.4901704,51.4944656],[-0.4901515,51.4945276],[-0.4901504,51.4945311],[-0.4901363,51.4945769],[-0.4900837,51.4946728],[-0.4900504,51.4947338],[-0.490012,51.4948051],[-0.4899951,51.4948365],[-0.4899816,51.4948539],[-0.4899383,51.4949095],[-0.4898732,51.4949466],[-0.4898382,51.4949666],[-0.4896679,51.495051],[-0.4896346,51.4950675],[-0.4896208,51.4950769],[-0.4896037,51.4950891],[-0.4895756,51.4951211],[-0.4895623,51.4951472],[-0.4895571,51.4951573],[-0.489552,51.4951676],[-0.489543,51.4952074],[-0.489542,51.4952121],[-0.4895441,51.4952446],[-0.4895589,51.4952804],[-0.4895908,51.4953061],[-0.4896762,51.4953748],[-0.4896797,51.4953776],[-0.4896853,51.4953842],[-0.4896902,51.4953904],[-0.4896987,51.4954012],[-0.4897005,51.4954298],[-0.489663,51.4954743],[-0.4896586,51.4954776],[-0.4896228,51.4955047],[-0.4895262,51.4955552],[-0.4894596,51.495579],[-0.4893454,51.4956133],[-0.4892474,51.4956427],[-0.4892309,51.4956476],[-0.4892269,51.4956493],[-0.4891704,51.4956777],[-0.4890845,51.4957844],[-0.4890804,51.4957895],[-0.4890139,51.495839],[-0.4889781,51.495852],[-0.488974,51.4958535],[-0.4889151,51.4958747],[-0.4888402,51.4958973],[-0.488765,51.4959204],[-0.4887217,51.4959419],[-0.4886891,51.4959756],[-0.4887672,51.4963183],[-0.4887705,51.4963324],[-0.4887715,51.4963368],[-0.4887811,51.4964374],[-0.4887751,51.4964843],[-0.4887678,51.496502],[-0.4887614,51.4965173],[-0.4887362,51.496541],[-0.4887075,51.4965681],[-0.4886769,51.4965969],[-0.4886411,51.4966507],[-0.4886309,51.496666],[-0.4886258,51.4966808],[-0.4886105,51.496725],[-0.4886075,51.4967533],[-0.4886059,51.4967679],[-0.4886074,51.4967726],[-0.4886223,51.4968193],[-0.4886861,51.4968906],[-0.4888053,51.4969739],[-0.4888156,51.4969825],[-0.4888754,51.4970323],[-0.4889015,51.4970565],[-0.4889549,51.4971061],[-0.4889786,51.4971439],[-0.488993,51.4971669],[-0.4889982,51.4971865],[-0.4890031,51.4972048],[-0.4890087,51.4972261],[-0.489023,51.4972798],[-0.4890942,51.4973877],[-0.4891071,51.4973995],[-0.489134,51.4974237],[-0.4891742,51.4974462],[-0.4892129,51.4974599],[-0.4893589,51.4974818],[-0.489363,51.4974835],[-0.4894047,51.4975008],[-0.4894719,51.4975499],[-0.4894742,51.4975532],[-0.4894886,51.4975755],[-0.4894845,51.4976095],[-0.4894553,51.4976321],[-0.4893413,51.4976606],[-0.4893265,51.4976692],[-0.4893064,51.4976808],[-0.4892901,51.4977391],[-0.4892935,51.4978235],[-0.489297,51.497911],[-0.4892839,51.4979524],[-0.4892657,51.4979875],[-0.4892599,51.4979986],[-0.4892238,51.4980438],[-0.4892199,51.498047],[-0.4892174,51.4980491],[-0.4891807,51.4980793],[-0.4890531,51.4981397],[-0.4890442,51.4981454],[-0.4890412,51.4981473],[-0.4890158,51.4981636],[-0.4889897,51.4981907],[-0.4889851,51.4981957],[-0.4889781,51.4982061],[-0.4889372,51.4982677],[-0.488892,51.4983548],[-0.4888647,51.4984448],[-0.4888606,51.4984674],[-0.488852,51.4985149],[-0.4888532,51.4985222],[-0.4888564,51.4985412],[-0.4888784,51.498574],[-0.4889218,51.4985994],[-0.4890004,51.4986139],[-0.489163,51.498616],[-0.489371,51.4986007],[-0.4893757,51.4986009],[-0.489397,51.498602],[-0.4895508,51.4986102],[-0.4895908,51.4986194],[-0.4896659,51.4986558],[-0.4897019,51.4986984],[-0.489775,51.4988457],[-0.4897835,51.4988847],[-0.4897824,51.498918],[-0.48977,51.4989495],[-0.4897637,51.4989654],[-0.489709,51.4990528],[-0.4895999,51.4991912],[-0.4895899,51.4992038],[-0.4895826,51.499213],[-0.4894441,51.4993335],[-0.4892582,51.4994952],[-0.4891912,51.499548],[-0.4890978,51.4996218],[-0.4890626,51.4996496],[-0.4889136,51.4997565],[-0.4889083,51.4997616],[-0.4889046,51.4997652],[-0.4888811,51.4997886],[-0.4888088,51.4998927],[-0.4888007,51.4999045],[-0.4887858,51.4999792],[-0.4888099,51.5000362],[-0.4888386,51.5001051],[-0.4888257,51.5001421],[-0.4887999,51.5001745],[-0.4887819,51.5001905],[-0.4887646,51.5002051],[-0.4887051,51.5002001],[-0.4886996,51.5001997],[-0.4885446,51.5002804],[-0.4884063,51.5003524],[-0.4883867,51.5003667],[-0.4883646,51.5003829],[-0.488312,51.5004211],[-0.4882551,51.5004306],[-0.4882164,51.500417],[-0.4881519,51.5003546],[-0.4881389,51.5003474],[-0.488098,51.5003245],[-0.4880939,51.5003228],[-0.4880191,51.500294],[-0.4879311,51.5002915],[-0.4879246,51.5002927],[-0.4877876,51.5003197],[-0.4875938,51.5003204],[-0.4875282,51.50033],[-0.4874776,51.5003486],[-0.487429,51.5003767],[-0.4874094,51.5003927],[-0.487379,51.5004175],[-0.4873415,51.500462],[-0.4873203,51.5005035],[-0.48731,51.5005434],[-0.4873126,51.5005722],[-0.487313,51.5005762],[-0.4873915,51.5007436],[-0.4874274,51.50082],[-0.4874198,51.5008518],[-0.4874059,51.5009097],[-0.4873919,51.5009261],[-0.487376,51.5009448],[-0.4873279,51.5009727],[-0.487256,51.5009905],[-0.4871635,51.5010001],[-0.4870887,51.5010007],[-0.4870729,51.5010008],[-0.4869966,51.5009935],[-0.4869885,51.5009919],[-0.4869214,51.5009787],[-0.486838,51.5009563],[-0.4868024,51.5009442],[-0.4867668,51.500932],[-0.4866672,51.5008887],[-0.4866007,51.5008598],[-0.4865179,51.5008334],[-0.4864553,51.5008207],[-0.486435,51.5008205],[-0.4864164,51.5008205],[-0.4863945,51.5008205],[-0.4863266,51.5008315],[-0.4862606,51.5008546],[-0.4862128,51.5008834],[-0.4861937,51.5009023],[-0.4861867,51.5009092],[-0.4861834,51.500915],[-0.4861724,51.5009348],[-0.4861631,51.5010363],[-0.486181,51.501065],[-0.4862031,51.5011002],[-0.4862233,51.5011325],[-0.4862265,51.5011377],[-0.4862416,51.5011942],[-0.4862432,51.5012005],[-0.48623,51.5012731],[-0.4862223,51.5013154],[-0.4862208,51.501362],[-0.4862231,51.5013771],[-0.4862261,51.5013971],[-0.4862431,51.5015095],[-0.4862479,51.501541],[-0.4862574,51.5016034],[-0.4862634,51.5016692],[-0.4862696,51.5017374],[-0.4862688,51.5017838],[-0.4862685,51.5017962],[-0.486263,51.5018147],[-0.4862598,51.5018244],[-0.4862341,51.5018553],[-0.4862177,51.5018621],[-0.4861841,51.501876],[-0.4861342,51.5018967],[-0.4860777,51.5019202],[-0.4860544,51.50193],[-0.486008,51.5019686],[-0.4859624,51.5020259],[-0.4859361,51.5020703],[-0.4859273,51.5020855],[-0.4859259,51.5020886],[-0.4858889,51.5021695],[-0.4858704,51.5022099],[-0.4858105,51.5022622],[-0.4856915,51.5023353],[-0.4856888,51.5023376],[-0.4855935,51.5024207],[-0.4855654,51.5024452],[-0.48551,51.5024778],[-0.4854616,51.5025063],[-0.4854152,51.5025252],[-0.4853694,51.5025437],[-0.4853512,51.5025489],[-0.4852862,51.5025677],[-0.4851806,51.5025982],[-0.4851454,51.5026391],[-0.485144,51.5027034],[-0.4851406,51.5028696],[-0.4851405,51.5028738],[-0.4851335,51.5029081],[-0.4851135,51.5029403],[-0.4850961,51.5029579],[-0.4850828,51.5029713],[-0.4850399,51.5030025],[-0.4850219,51.5030155],[-0.4848695,51.5031102],[-0.4848234,51.5031627],[-0.484837,51.5032126],[-0.4848503,51.5032261],[-0.4848535,51.5032293],[-0.4849255,51.5033023],[-0.4849403,51.5033272],[-0.4849425,51.5033309],[-0.4849427,51.5033335],[-0.4849387,51.503369],[-0.4849127,51.5034009],[-0.4848879,51.503419],[-0.4846856,51.503567],[-0.484673,51.5036064],[-0.4846722,51.503609],[-0.4846763,51.5036261],[-0.4846789,51.5036369],[-0.4847177,51.5036884],[-0.4847593,51.5037145],[-0.4849283,51.5037588],[-0.4850507,51.5038035],[-0.4851046,51.5038321],[-0.485138,51.5038586],[-0.4851618,51.5038884],[-0.4851795,51.5039258],[-0.4851891,51.5039735],[-0.4851901,51.5040257],[-0.48518,51.5040732],[-0.4851734,51.5040869],[-0.4851602,51.5041143],[-0.485138,51.5041349],[-0.4851035,51.5041671],[-0.4848975,51.504297],[-0.4848932,51.504303],[-0.484863,51.5043451],[-0.4848582,51.5043766],[-0.4848578,51.5043798],[-0.4848635,51.5044109],[-0.4848783,51.5044398],[-0.4848972,51.5044623],[-0.4849004,51.5044662],[-0.4849299,51.5044872],[-0.4849516,51.5044959],[-0.484956,51.5044977],[-0.4852456,51.5046192],[-0.4852573,51.5046515],[-0.485255,51.5046697],[-0.4852536,51.5046792],[-0.4852146,51.5047606],[-0.4851138,51.5049712],[-0.4850648,51.5050733],[-0.4850339,51.5050978],[-0.485013,51.505114],[-0.4849647,51.5051313],[-0.4848452,51.5051742],[-0.4848313,51.5051792],[-0.4847946,51.5052092],[-0.4847779,51.5052531],[-0.484779,51.5052745],[-0.4847796,51.5052861],[-0.4848243,51.5054165],[-0.4848247,51.5054457],[-0.4848077,51.5054828],[-0.4847686,51.505535],[-0.48474,51.505563],[-0.4847303,51.5055724],[-0.4847165,51.505586],[-0.4846952,51.505601],[-0.4846676,51.5056204],[-0.4846195,51.5056439],[-0.484574,51.5056588],[-0.4845569,51.5056612],[-0.4844976,51.5056694],[-0.4844316,51.5056623],[-0.4843299,51.5056302],[-0.4842801,51.5056145],[-0.4842013,51.5056018],[-0.4840677,51.5055944],[-0.4840518,51.5055938],[-0.4840074,51.5055986],[-0.4839561,51.5056162],[-0.4839221,51.5056422],[-0.4839082,51.5056673],[-0.4838989,51.5057839],[-0.4838585,51.5059967],[-0.4838521,51.5060112],[-0.483734,51.5062774],[-0.4837163,51.5063537],[-0.4836982,51.5064324],[-0.483681,51.5064572],[-0.4836757,51.5064628],[-0.4836458,51.506492],[-0.4836109,51.5065125],[-0.4835566,51.5065349],[-0.4834688,51.5065621],[-0.4834203,51.5065771],[-0.4834002,51.5065806],[-0.4833952,51.5065814],[-0.4832752,51.5066019],[-0.4832629,51.5066038],[-0.4832292,51.5066187],[-0.4832108,51.5066268],[-0.4832047,51.5066338],[-0.4832025,51.5066362],[-0.483194,51.5066459],[-0.4831791,51.5067034],[-0.4831812,51.5067174],[-0.4831947,51.5068013],[-0.4831884,51.5068976],[-0.483188,51.5069038],[-0.4831841,51.5069627],[-0.4831837,51.5069696],[-0.4831801,51.5070247],[-0.483182,51.507105],[-0.4831821,51.5071077],[-0.4831827,51.5071266],[-0.4832085,51.5072],[-0.4832285,51.5072312],[-0.483232,51.5072366],[-0.4832408,51.5072461],[-0.4832436,51.507249],[-0.4832742,51.5072818],[-0.4832882,51.5072939],[-0.4833225,51.5073238],[-0.4833271,51.5073278],[-0.4833906,51.5073691],[-0.4834029,51.5073753],[-0.4834236,51.5073859],[-0.483457,51.5074029],[-0.4834844,51.5074125],[-0.4835674,51.5074411],[-0.4837471,51.5074643],[-0.4837668,51.5074688],[-0.4837962,51.5074759],[-0.4838579,51.5074967],[-0.4838822,51.5075078],[-0.4839159,51.5075233],[-0.4839399,51.5075396],[-0.4839538,51.5075491],[-0.4839626,51.5075589],[-0.483979,51.5075772],[-0.483991,51.5075997],[-0.4839964,51.5076098],[-0.4840013,51.507639],[-0.4840035,51.5076522],[-0.4840029,51.5076643],[-0.4840012,51.5076962],[-0.4839998,51.5077232],[-0.4839888,51.5077857],[-0.48398,51.5078039],[-0.4839738,51.5078163],[-0.4839694,51.5078202],[-0.4839491,51.5078381],[-0.4838931,51.5078592],[-0.4836098,51.5078869],[-0.4836054,51.5078889],[-0.4835263,51.5079245],[-0.4835193,51.5079278],[-0.4834947,51.5079651],[-0.4834939,51.5079692],[-0.4834876,51.5080055],[-0.4835008,51.5080507],[-0.4835034,51.5080547],[-0.4835221,51.5080824],[-0.4835294,51.5080931],[-0.483533,51.5080985],[-0.4835671,51.5081282],[-0.4835736,51.508134],[-0.4836312,51.5081536],[-0.4838088,51.5081737],[-0.4838256,51.508177],[-0.4838549,51.5081827],[-0.4839035,51.5081985],[-0.4839785,51.508232],[-0.4840205,51.5082508],[-0.4840299,51.508255],[-0.4840424,51.5082629],[-0.4840961,51.5082972],[-0.4841609,51.5083384],[-0.4841897,51.5083673],[-0.4842009,51.5083786],[-0.4842177,51.5083955],[-0.4842251,51.508403],[-0.4842269,51.5084074],[-0.4842387,51.5084357],[-0.4842305,51.5085489],[-0.484237,51.5085684],[-0.484262,51.508642],[-0.4842945,51.5086869],[-0.4843052,51.5087014],[-0.4843359,51.5087241],[-0.4843709,51.5087413],[-0.4844264,51.5087568],[-0.4844467,51.5087625],[-0.4845086,51.5087798],[-0.4845806,51.5088114],[-0.4846207,51.5088331],[-0.4846314,51.5088389],[-0.4846528,51.5088504],[-0.4846642,51.5088566],[-0.4847161,51.5088959],[-0.4847213,51.5089021],[-0.4847282,51.50891],[-0.4847438,51.5089283],[-0.484759,51.508946],[-0.4848057,51.5090195],[-0.4848212,51.5090379],[-0.4849057,51.5091385],[-0.4849389,51.5092213],[-0.4849718,51.5093038],[-0.4851624,51.5093836],[-0.4851931,51.5093985],[-0.4852293,51.509416],[-0.4852522,51.5094301],[-0.4852553,51.509432],[-0.4852814,51.5094481],[-0.4853028,51.5094629],[-0.4854352,51.5095542],[-0.485516,51.5096099],[-0.485585,51.5096508],[-0.4856689,51.5097006],[-0.4856736,51.5097034],[-0.485709,51.5097244],[-0.4857954,51.5097756],[-0.4858373,51.5098005],[-0.4855609,51.5098113],[-0.4855057,51.5098135],[-0.4855565,51.5100268],[-0.4855709,51.5100861],[-0.4857265,51.5101931],[-0.4857355,51.5101994],[-0.4860753,51.510117],[-0.4862689,51.510152],[-0.4862981,51.5101574],[-0.4864026,51.5104833],[-0.4864889,51.510482],[-0.4868167,51.5104767],[-0.4868817,51.5105232],[-0.4873551,51.5108615],[-0.4875354,51.5108268],[-0.4875473,51.5108245],[-0.4879537,51.5109969],[-0.4881365,51.5110511],[-0.4883376,51.5111108],[-0.4883839,51.5111505],[-0.488444,51.5112021],[-0.4886767,51.5113156],[-0.4887606,51.5113523],[-0.4888239,51.5113738],[-0.4888293,51.5113756],[-0.488876,51.5113911],[-0.4889606,51.5114019],[-0.4889692,51.511403],[-0.4889747,51.511403],[-0.4890261,51.5114028],[-0.4890859,51.5114027],[-0.4891729,51.5113997],[-0.4892985,51.5113893],[-0.4893558,51.5113845],[-0.4894081,51.5113834],[-0.4894664,51.5113892],[-0.4895552,51.5114046],[-0.4895598,51.5114056],[-0.4896573,51.5114322],[-0.4896854,51.5114438],[-0.4897182,51.5114572],[-0.4897535,51.511477],[-0.4897779,51.5114991],[-0.4898069,51.5115253],[-0.4898231,51.5115516],[-0.4898477,51.5116814],[-0.4898609,51.5117076],[-0.4899571,51.5118986],[-0.4899608,51.5119123],[-0.4899912,51.5120255],[-0.4899943,51.5120853],[-0.489995,51.5120996],[-0.4899915,51.5121265],[-0.4899711,51.5121693],[-0.4899501,51.512191],[-0.4899357,51.5122059],[-0.4897957,51.5123002],[-0.4897533,51.5123564],[-0.4897492,51.5123722],[-0.4897473,51.5123794],[-0.4897285,51.5124513],[-0.4897299,51.5125075],[-0.4897302,51.5125191],[-0.4897335,51.5126547],[-0.4897638,51.5128286],[-0.4898117,51.5129852],[-0.4898597,51.5131418],[-0.489875,51.5131787],[-0.4899377,51.5133304],[-0.4899395,51.5133724],[-0.4899413,51.5134129],[-0.4899151,51.5134648],[-0.4899003,51.513494],[-0.4897337,51.5136787],[-0.4896927,51.5137242],[-0.4896502,51.5137714],[-0.4896408,51.5137848],[-0.4896247,51.5138078],[-0.4895986,51.5138612],[-0.489587,51.5138952],[-0.4895746,51.5139329],[-0.4895704,51.5139658],[-0.4895661,51.5139996],[-0.4895704,51.5140446],[-0.4895725,51.5140502],[-0.489582,51.5140761],[-0.4896357,51.514156],[-0.4897518,51.5142678],[-0.4897701,51.5142855],[-0.4899321,51.5144149],[-0.4899851,51.5144572],[-0.4904672,51.5148717],[-0.490595,51.5149722],[-0.4906999,51.5150417],[-0.4907528,51.5150768],[-0.4908463,51.5151248],[-0.4908604,51.5151321],[-0.4908898,51.5151427],[-0.4908953,51.5151447],[-0.4909014,51.5151468],[-0.4909998,51.5151654],[-0.4910925,51.5151829],[-0.4911359,51.5151976],[-0.4911479,51.5152017],[-0.4912193,51.5152557],[-0.4912445,51.5152846],[-0.491258,51.5153059],[-0.4913472,51.5154456],[-0.4916489,51.5157474],[-0.4917195,51.5158248],[-0.4917502,51.5158584],[-0.4917556,51.5158655],[-0.4918132,51.5159409],[-0.4918838,51.5160696],[-0.4919026,51.5161526],[-0.4918979,51.5162946],[-0.4919078,51.5163515],[-0.4919372,51.5164304],[-0.4919383,51.5164335],[-0.4919401,51.516438],[-0.4919501,51.5164592],[-0.4920007,51.5165661],[-0.4920648,51.5166843],[-0.4921235,51.5167756],[-0.492147,51.5168073],[-0.4921942,51.51687],[-0.4922441,51.5169283],[-0.4922729,51.516962],[-0.492313,51.5170087],[-0.492323,51.5170204],[-0.4923505,51.5170756],[-0.4923559,51.5171171],[-0.4923534,51.5171795],[-0.4923393,51.5172516],[-0.4923349,51.5172741],[-0.4923333,51.5172822],[-0.4920973,51.5179229],[-0.4919097,51.5183675],[-0.4918152,51.5185677],[-0.4917177,51.5187574],[-0.4916655,51.5188589],[-0.4916354,51.5189373],[-0.4916272,51.5189553],[-0.4916107,51.5189908],[-0.4915833,51.5190306],[-0.4915686,51.5190519],[-0.4915648,51.519056],[-0.491543,51.5190797],[-0.4914504,51.5191798],[-0.4912296,51.5193605],[-0.4911559,51.5194097],[-0.4911398,51.5194205],[-0.4911003,51.5194427],[-0.4910631,51.5194636],[-0.4908118,51.5195743],[-0.490694,51.5196368],[-0.4906857,51.5196412],[-0.4905945,51.5197023],[-0.4905569,51.5197362],[-0.4905341,51.5197572],[-0.4905003,51.5197997],[-0.490445,51.5199184],[-0.4904186,51.5200083],[-0.4903876,51.5201681],[-0.4903718,51.5204572],[-0.4903769,51.5205203],[-0.4903854,51.5205639],[-0.4904076,51.5206151],[-0.4904496,51.5206776],[-0.4904789,51.5207072],[-0.4905011,51.5207296],[-0.4905312,51.5207531],[-0.4905555,51.5207722],[-0.4905872,51.5207925],[-0.4906177,51.520812],[-0.4906745,51.520842],[-0.4906859,51.520848],[-0.49074,51.520872],[-0.4909217,51.5209184],[-0.4909677,51.5209341],[-0.4910137,51.520961],[-0.4910682,51.5210065],[-0.4910724,51.5210101],[-0.4910769,51.5210155],[-0.4911253,51.521073],[-0.4911476,51.5211112],[-0.4911624,51.5211364],[-0.4911858,51.5212033],[-0.4911864,51.5212086],[-0.4911937,51.521278],[-0.4911903,51.5213149],[-0.4911868,51.5213525],[-0.4911833,51.5213675],[-0.4911683,51.5214332],[-0.4911671,51.5214365],[-0.4911416,51.5215058],[-0.4911297,51.5215259],[-0.4910947,51.5215842],[-0.4910324,51.521688],[-0.4908072,51.5219956],[-0.4908011,51.5220038],[-0.4907423,51.5220841],[-0.4906978,51.5221449],[-0.4906678,51.5221859],[-0.4906457,51.5222262],[-0.490604,51.5223024],[-0.4905963,51.5223203],[-0.4905786,51.5223629],[-0.4905569,51.5224342],[-0.4905432,51.5224805],[-0.4905225,51.5226157],[-0.4906047,51.5232212],[-0.4906048,51.5232242],[-0.4906075,51.5233152],[-0.4905248,51.5235977],[-0.4903418,51.5242232],[-0.4902947,51.524459],[-0.4902933,51.5244658],[-0.4902908,51.5244786],[-0.4902898,51.5244855],[-0.490285,51.5245232],[-0.4902817,51.524549],[-0.4902772,51.5245836],[-0.4902749,51.5246554],[-0.4902775,51.5246838],[-0.4902832,51.5247444],[-0.4902922,51.5247831],[-0.4903072,51.5248479],[-0.4903444,51.5249504],[-0.4903975,51.5250481],[-0.4905524,51.5252699],[-0.490576,51.5253036],[-0.4905962,51.5253363],[-0.4906062,51.5253526],[-0.4906927,51.5254924],[-0.4907297,51.5255564],[-0.4907423,51.5255782],[-0.4907839,51.5256501],[-0.4908347,51.525774],[-0.490872,51.5259567],[-0.490882,51.5261289],[-0.4908829,51.5261445],[-0.4908786,51.5262323],[-0.4908401,51.5264421],[-0.4908166,51.526514],[-0.4908078,51.5265338],[-0.4907952,51.5265619],[-0.4907319,51.5267033],[-0.4906592,51.5268068],[-0.4906549,51.5268109],[-0.4906191,51.5268458],[-0.4905868,51.5268685],[-0.4905668,51.5268777],[-0.4905228,51.5268977],[-0.4904999,51.526908],[-0.4902496,51.5269849],[-0.490124,51.5270354],[-0.490104,51.527044],[-0.4900471,51.5270685],[-0.4900381,51.5270723],[-0.4900195,51.5270831],[-0.4899468,51.5271248],[-0.4899422,51.5271275],[-0.4899251,51.5271432],[-0.489906,51.5271608],[-0.4898901,51.5271754],[-0.4898379,51.5272337],[-0.4898086,51.5272661],[-0.489803,51.5272724],[-0.4897479,51.5273331],[-0.4897424,51.5273391],[-0.4897127,51.5273676],[-0.4896692,51.5274091],[-0.4896522,51.5274254],[-0.4895733,51.5275012],[-0.4895524,51.5275263],[-0.4895036,51.5275851],[-0.4894763,51.5276179],[-0.4894199,51.5277089],[-0.4894142,51.5277181],[-0.489403,51.5277361],[-0.489401,51.5277394],[-0.4893703,51.5277889],[-0.4893446,51.5278308],[-0.4893413,51.527836],[-0.4893331,51.5278494],[-0.4893172,51.5278831],[-0.4893059,51.5279072],[-0.4892948,51.5279307],[-0.4892699,51.5279837],[-0.4892465,51.5280333],[-0.4892221,51.5280852],[-0.4891692,51.5281976],[-0.4891631,51.5282105],[-0.4891558,51.5282261],[-0.4891126,51.5283178],[-0.4891053,51.5283333],[-0.4890941,51.528362],[-0.4890787,51.5284013],[-0.4890601,51.5284489],[-0.4890237,51.5285418],[-0.4890225,51.5285449],[-0.488998,51.5286073],[-0.4889878,51.5286496],[-0.4889849,51.5286621],[-0.4889768,51.5287375],[-0.48897,51.5288001],[-0.4889913,51.5290693],[-0.4889961,51.5290982],[-0.4889987,51.5291135],[-0.4890033,51.5291413],[-0.4890066,51.5291523],[-0.4890175,51.5291891],[-0.4890269,51.5292053],[-0.4890502,51.5292453],[-0.4890832,51.5293022],[-0.48917,51.5294016],[-0.4893872,51.5296497],[-0.4893941,51.5296592],[-0.4897323,51.5301236],[-0.4897504,51.5301521],[-0.4898458,51.5302987],[-0.489908,51.5304351],[-0.4899086,51.5304389],[-0.4899201,51.5305061],[-0.4899195,51.5305817],[-0.4899193,51.5306116],[-0.4899182,51.5306303],[-0.489915,51.530687],[-0.4898948,51.5308385],[-0.4898886,51.5308855],[-0.4898923,51.531003],[-0.4898952,51.5310172],[-0.4899488,51.5312864],[-0.4899816,51.5313831],[-0.4899993,51.5314198],[-0.4900385,51.5314772],[-0.4900499,51.5314938],[-0.490117,51.5315919],[-0.4901471,51.5316496],[-0.4901719,51.5317315],[-0.4901902,51.5317922],[-0.4901955,51.5318481],[-0.4901901,51.5318798],[-0.4901883,51.5318908],[-0.4901794,51.5319109],[-0.4901715,51.531929],[-0.4901342,51.5320137],[-0.4901342,51.5320358],[-0.4901342,51.5320408],[-0.490149,51.5320696],[-0.4901689,51.5320871],[-0.4901801,51.5320968],[-0.4902236,51.5321171],[-0.4903793,51.5321659],[-0.4904273,51.532188],[-0.4904667,51.5322212],[-0.4904836,51.5322868],[-0.490463,51.5323521],[-0.4904451,51.5324078],[-0.4904476,51.53244],[-0.4904634,51.5324656],[-0.4904802,51.5324762],[-0.4904952,51.5324857],[-0.49054,51.5324963],[-0.4905866,51.5324978],[-0.4907504,51.5324747],[-0.4908037,51.5324785],[-0.4908487,51.5325042],[-0.4908659,51.532542],[-0.4908681,51.532547],[-0.4908415,51.5326733],[-0.4908799,51.5327335],[-0.4909101,51.5327573],[-0.4909711,51.5328053],[-0.490995,51.532824],[-0.4910558,51.5329067],[-0.4911716,51.5331492],[-0.4912091,51.5332706],[-0.4912196,51.5333405],[-0.4912249,51.5333763],[-0.491225,51.533396],[-0.491225,51.5334427],[-0.4912212,51.5334637],[-0.4912187,51.5334776],[-0.4912173,51.5334849],[-0.4911888,51.5335387],[-0.4911736,51.5335673],[-0.49116,51.533585],[-0.4911439,51.5336058],[-0.4911256,51.5336291],[-0.4911101,51.5336487],[-0.4910457,51.5337284],[-0.4909403,51.5338352],[-0.4908578,51.5338976],[-0.490774,51.5339605],[-0.4907298,51.5339896],[-0.4907187,51.5339969],[-0.4906934,51.5340134],[-0.4905461,51.534086],[-0.4905093,51.534116],[-0.4905105,51.5341663],[-0.490563,51.53421],[-0.4906557,51.5342396],[-0.4906736,51.5342409],[-0.4906811,51.5342414],[-0.4910544,51.5342687],[-0.4911045,51.5342781],[-0.4911283,51.5342826],[-0.4911849,51.5343016],[-0.4912279,51.5343234],[-0.4912355,51.5343287],[-0.4912847,51.5343637],[-0.4913274,51.5344058],[-0.4913558,51.5344338],[-0.4913631,51.5344427],[-0.4913892,51.5344745],[-0.4914131,51.5345137],[-0.4914148,51.5345164],[-0.4914399,51.5345731],[-0.4914592,51.5346168],[-0.4915169,51.5347937],[-0.4915429,51.5348397],[-0.4916174,51.5349155],[-0.4917184,51.5349845],[-0.4917531,51.5350082],[-0.4918776,51.5350747],[-0.492279,51.5352892],[-0.4924704,51.5353914],[-0.4926159,51.535462],[-0.4929086,51.5356039],[-0.4931547,51.5357104],[-0.4931607,51.5357137],[-0.4932146,51.5357427],[-0.4932671,51.5357713],[-0.4933118,51.5358057],[-0.4933497,51.5358352],[-0.4934306,51.5359254],[-0.4934715,51.535971],[-0.4935218,51.5360272],[-0.4936173,51.5361032],[-0.493733,51.5361953],[-0.4937606,51.5362212],[-0.4938151,51.5362723],[-0.4939579,51.5364393],[-0.4940021,51.5365053],[-0.4940178,51.5365348],[-0.4940568,51.5366082],[-0.494131,51.5368461],[-0.4943163,51.5371298],[-0.4944065,51.5372904],[-0.494444,51.5373571],[-0.494448,51.537363],[-0.4944522,51.5373689],[-0.4944999,51.5374366],[-0.4946283,51.5375724],[-0.4946545,51.5376],[-0.4947105,51.5376511],[-0.4949683,51.5378344],[-0.4950028,51.537859],[-0.4950173,51.5378722],[-0.4950588,51.5379101],[-0.4950765,51.5379299],[-0.4952061,51.5380747],[-0.4952664,51.5381321],[-0.4953924,51.5382206],[-0.4954087,51.538232],[-0.4954373,51.5382562],[-0.4954411,51.5382594],[-0.4954649,51.5382891],[-0.4954878,51.5383328],[-0.4955029,51.5383959],[-0.4955104,51.5384275],[-0.4955102,51.5384365],[-0.4955077,51.5385438],[-0.4954805,51.5386221],[-0.495445,51.5386494],[-0.4953773,51.5387012],[-0.4952795,51.5387758],[-0.4952165,51.538814],[-0.4951647,51.5388556],[-0.4951591,51.538862],[-0.4951554,51.5388663],[-0.4950841,51.5389479],[-0.4950779,51.5389524],[-0.4950471,51.538975],[-0.4949947,51.5390011],[-0.4948927,51.5390519],[-0.4948559,51.5390759],[-0.4947897,51.5391279],[-0.4946858,51.5392451],[-0.4946756,51.5392567],[-0.4943702,51.5397302],[-0.4938994,51.540285],[-0.4938465,51.5403562],[-0.4938098,51.5404056],[-0.4937653,51.5404795],[-0.4937627,51.5404838],[-0.493738,51.5405249],[-0.4936892,51.540633],[-0.4936508,51.5407917],[-0.4936501,51.5407948],[-0.493648,51.5408372],[-0.4936473,51.5408524],[-0.4936461,51.5408787],[-0.4936457,51.5408853],[-0.4936422,51.5409509],[-0.4936379,51.5409602],[-0.4936311,51.5409747],[-0.4936238,51.5409832],[-0.4936147,51.5409935],[-0.4936067,51.5410025],[-0.4935462,51.5410492],[-0.4935357,51.5410573],[-0.4935276,51.5410634],[-0.4935091,51.541072],[-0.4934941,51.5410789],[-0.4934698,51.5410902],[-0.493432,51.5411077],[-0.4932687,51.541154],[-0.4931786,51.5411796],[-0.493066,51.5412065],[-0.4930568,51.5412087],[-0.4930484,51.5412102],[-0.4927491,51.5412639],[-0.4924787,51.5412934],[-0.4924669,51.5412947],[-0.4923216,51.5413261],[-0.4922576,51.5413455],[-0.4921906,51.5413657],[-0.4920705,51.5414128],[-0.4920147,51.5414439],[-0.4919075,51.5415037],[-0.4918648,51.5415399],[-0.4918278,51.5415714],[-0.4918256,51.5415745],[-0.4918185,51.5415848],[-0.4918092,51.5415986],[-0.491806,51.5416038],[-0.4917926,51.5416479],[-0.4918043,51.54172],[-0.491934,51.5420252],[-0.4919511,51.5420582],[-0.4919624,51.54208],[-0.49197,51.5420942],[-0.4919814,51.5421157],[-0.4920041,51.5421486],[-0.4920253,51.5421793],[-0.4920459,51.5422092],[-0.4920526,51.5422189],[-0.4920993,51.5422867],[-0.4921195,51.5423425],[-0.49212,51.5423485],[-0.4921244,51.5423976],[-0.492122,51.5424209],[-0.4921196,51.5424428],[-0.4921192,51.5424461],[-0.4920523,51.5426705],[-0.492048,51.5426812],[-0.4919114,51.5430218],[-0.4918637,51.5431025],[-0.491814,51.5431616],[-0.4917215,51.5432715],[-0.4916431,51.5434027],[-0.4916218,51.5434383],[-0.4916075,51.5434744],[-0.491579,51.5435466],[-0.4915524,51.5436563],[-0.4915502,51.5436719],[-0.4915453,51.5437075],[-0.4915452,51.5437115],[-0.4915434,51.5437603],[-0.491543,51.5437743],[-0.4915385,51.5439003],[-0.4915299,51.5439349],[-0.4915265,51.5439485],[-0.4915062,51.5440033],[-0.4913325,51.5443243],[-0.4913176,51.5443462],[-0.4913148,51.5443502],[-0.4913013,51.5443693],[-0.4912271,51.5444397],[-0.4912161,51.5444502],[-0.4912132,51.5444522],[-0.4911529,51.5444943],[-0.4910956,51.5445295],[-0.4910816,51.5445243],[-0.4910513,51.5445567],[-0.4908753,51.5448198],[-0.4908131,51.5449584],[-0.4908074,51.5449796],[-0.4908017,51.5450023],[-0.4908032,51.5450401],[-0.4908082,51.5450542],[-0.4908147,51.5450726],[-0.4908266,51.5450884],[-0.4908371,51.5451025],[-0.4908757,51.5451349],[-0.4909221,51.5451641],[-0.4909403,51.5451721],[-0.4909767,51.5451881],[-0.4910816,51.5452192],[-0.4911247,51.5452243],[-0.491131,51.5452243],[-0.4912559,51.5452244],[-0.4913009,51.5452244],[-0.4913892,51.545239],[-0.4914607,51.5452571],[-0.4915164,51.5452766],[-0.4915584,51.5453004],[-0.4915651,51.545307],[-0.4915698,51.5453117],[-0.4915855,51.5453275],[-0.4915862,51.5453309],[-0.4915952,51.5453753],[-0.4915579,51.5455064],[-0.4915518,51.5455278],[-0.4915664,51.5456847],[-0.4915674,51.5456962],[-0.4915571,51.5457249],[-0.4915416,51.5457682],[-0.4914898,51.5458439],[-0.4914692,51.545874],[-0.4914526,51.5459119],[-0.4914336,51.54604],[-0.4914222,51.5460607],[-0.4914134,51.546076],[-0.4913812,51.5461154],[-0.4913758,51.5461219],[-0.4913628,51.5461339],[-0.4913298,51.5461646],[-0.4913212,51.5461699],[-0.4912796,51.5461957],[-0.4912106,51.5462214],[-0.4905757,51.5461356],[-0.4905574,51.546133],[-0.4905415,51.5461316],[-0.4904109,51.5461202],[-0.4903064,51.5461164],[-0.4902682,51.546115],[-0.4902466,51.5461152],[-0.490191,51.5461157],[-0.4901249,51.5461164],[-0.4899984,51.546124],[-0.489955,51.5461298],[-0.4899115,51.5461355],[-0.4899064,51.5461367],[-0.4897299,51.5461763],[-0.4897074,51.5461835],[-0.489667,51.5461965],[-0.4896397,51.5462052],[-0.489501,51.5462636],[-0.4894976,51.5462651],[-0.4894752,51.5462793],[-0.4894337,51.5463055],[-0.4893942,51.5463306],[-0.4893324,51.5463817],[-0.4892851,51.5464355],[-0.4892674,51.5464705],[-0.4892609,51.5464832],[-0.4892599,51.5464967],[-0.4892571,51.5465322],[-0.4892608,51.5465514],[-0.4892671,51.5465822],[-0.4892949,51.546642],[-0.4893279,51.5466935],[-0.4894278,51.5467952],[-0.4894444,51.5468201],[-0.4894707,51.5468599],[-0.4894741,51.5468686],[-0.4894831,51.5468916],[-0.4894875,51.5469027],[-0.4895081,51.5469549],[-0.4895429,51.5471147],[-0.4895364,51.5471673],[-0.4895349,51.5471791],[-0.4895302,51.5471854],[-0.4895109,51.5472111],[-0.4895046,51.5472146],[-0.4894603,51.5472391],[-0.489323,51.5472641],[-0.4891551,51.547284],[-0.4890113,51.5472902],[-0.4888676,51.5472964],[-0.4888237,51.5472957],[-0.4887192,51.5472941],[-0.4885635,51.5472917],[-0.4885454,51.547293],[-0.4884727,51.5472985],[-0.4884347,51.5473081],[-0.4884014,51.5473165],[-0.4883369,51.547339],[-0.4883088,51.5473491],[-0.4882485,51.5473777],[-0.488236,51.5473837],[-0.4882193,51.5473951],[-0.4881705,51.5474284],[-0.4880918,51.5475124],[-0.4880888,51.5475155],[-0.4880845,51.5475201],[-0.4880321,51.5475993],[-0.4878962,51.5478045],[-0.4877482,51.548079],[-0.4876935,51.5482092],[-0.487674,51.548266],[-0.4876484,51.5483956],[-0.4876453,51.548411],[-0.4876144,51.5485944],[-0.4876115,51.5486117],[-0.4875791,51.548804],[-0.4875,51.5490161],[-0.4874079,51.5491831],[-0.4873092,51.5493302],[-0.4872701,51.5493791],[-0.4871583,51.5495189],[-0.4870781,51.5496349],[-0.4870603,51.5496605],[-0.4870214,51.5496935],[-0.4867422,51.5499298],[-0.4866968,51.5499676],[-0.486618,51.5500325],[-0.4863715,51.5502073],[-0.4862084,51.5503002],[-0.4859782,51.5504064],[-0.4859363,51.5504302],[-0.48589,51.5504565],[-0.4858742,51.5504675],[-0.4856893,51.550596],[-0.4855307,51.5506749],[-0.4854657,51.5506984],[-0.485418,51.5507157],[-0.4853681,51.5507336],[-0.4851094,51.5508187],[-0.4848968,51.5508699],[-0.4848,51.5509148],[-0.4847929,51.5509181],[-0.4847619,51.5509415],[-0.4847397,51.5509587],[-0.4844994,51.5512064],[-0.4843872,51.551367],[-0.4843773,51.5513773],[-0.4843573,51.5513981],[-0.484345,51.5514054],[-0.4842957,51.5514346],[-0.484247,51.5514537],[-0.4841486,51.5514797],[-0.4841405,51.5514814],[-0.4840048,51.551509],[-0.4839225,51.55152],[-0.483859,51.5515285],[-0.4836895,51.5515361],[-0.483677,51.5515367],[-0.4835315,51.5515253],[-0.4834437,51.5515185],[-0.4833226,51.5515017],[-0.4832343,51.5514827],[-0.4831169,51.5514573],[-0.4830769,51.5514487],[-0.4830158,51.5514435],[-0.4829655,51.5514451],[-0.4829502,51.5514458],[-0.4828742,51.551458],[-0.4828625,51.5514608],[-0.4828556,51.5514625],[-0.4828374,51.5514669],[-0.4828222,51.5514708],[-0.4828,51.5514764],[-0.4827939,51.5514786],[-0.482686,51.5515203],[-0.482605,51.5515959],[-0.4825477,51.5516493],[-0.4825392,51.5516573],[-0.4825228,51.5516726],[-0.4824865,51.5517064],[-0.4824676,51.551724],[-0.4824447,51.5517454],[-0.4823882,51.5517981],[-0.4823853,51.5518008],[-0.4822499,51.5519271],[-0.4822416,51.5519349],[-0.4821426,51.5520271],[-0.4821326,51.5520358],[-0.4821239,51.5520433],[-0.482106,51.5520585],[-0.4820537,51.5521035],[-0.4820448,51.5521111],[-0.4819979,51.5521513],[-0.4819742,51.5521716],[-0.4819288,51.5522106],[-0.4819247,51.5522142],[-0.4819091,51.5522275],[-0.4818924,51.5522419],[-0.4818623,51.5522677],[-0.4818579,51.5522715],[-0.4818024,51.552319],[-0.4817991,51.5523219],[-0.4817581,51.5523571],[-0.4817334,51.5523783],[-0.4817298,51.5523818],[-0.4816798,51.55243],[-0.4816426,51.5524658],[-0.4816255,51.5524823],[-0.481585,51.5525214],[-0.4815817,51.5525245],[-0.4815498,51.5525552],[-0.4815465,51.5525585],[-0.4814665,51.5526356],[-0.4814602,51.5526417],[-0.4814177,51.5526826],[-0.4813806,51.5527128],[-0.481377,51.5527154],[-0.4812287,51.5528359],[-0.4811815,51.5528744],[-0.4811182,51.5529259],[-0.4810399,51.5529897],[-0.4810095,51.5530144],[-0.4809739,51.5530434],[-0.4808787,51.553121],[-0.4808015,51.5531838],[-0.480726,51.5532453],[-0.4806404,51.553315],[-0.4805818,51.5533628],[-0.4802634,51.553622],[-0.4799579,51.5538708],[-0.4799486,51.5538784],[-0.4799074,51.553912],[-0.4798671,51.5539447],[-0.4798171,51.5539855],[-0.4797668,51.5540264],[-0.4797594,51.5540324],[-0.479709,51.5540796],[-0.4796756,51.554111],[-0.4795884,51.5541926],[-0.4795436,51.5542346],[-0.4794544,51.5543181],[-0.4793988,51.5543702],[-0.4793892,51.5543791],[-0.4793455,51.5544201],[-0.4792443,51.5545149],[-0.4791701,51.5545844],[-0.4791455,51.5546074],[-0.4791157,51.5546353],[-0.4789859,51.5547569],[-0.4789033,51.5548343],[-0.4785126,51.5546618],[-0.4782673,51.554809],[-0.4782351,51.5548283],[-0.4780588,51.554934],[-0.4780025,51.5548919],[-0.4779462,51.5548498],[-0.4779424,51.5548486],[-0.4778963,51.5548372],[-0.4778816,51.5548337],[-0.4778433,51.5548369],[-0.4777857,51.5548418],[-0.4777402,51.5548647],[-0.4776054,51.5550414],[-0.4775367,51.5551547],[-0.477526,51.555164],[-0.4775023,51.5551845],[-0.4774905,51.5551909],[-0.4773752,51.5552533],[-0.4773597,51.5552616],[-0.4773399,51.5552987],[-0.4773437,51.5553859],[-0.4773439,51.5553902],[-0.4773354,51.5554327],[-0.4773121,51.5554757],[-0.477271,51.555552],[-0.4772638,51.5555653],[-0.4772509,51.5556089],[-0.4772419,51.5556392],[-0.4772344,51.5556903],[-0.4772344,51.5557008],[-0.4772348,51.5557441],[-0.4772349,51.5557521],[-0.4772351,51.5557769],[-0.4772728,51.5559338],[-0.4772763,51.555948],[-0.4772771,51.5559867],[-0.4772794,51.5560963],[-0.4772797,51.5561133],[-0.4772653,51.5561974],[-0.4772131,51.5565009],[-0.4772098,51.5565201],[-0.4772035,51.5565334],[-0.4772013,51.5565379],[-0.4771812,51.5565797],[-0.4771797,51.5565829],[-0.4771565,51.5566311],[-0.4770925,51.5567233],[-0.4770632,51.5567655],[-0.4770063,51.5568474],[-0.4769682,51.5569022],[-0.4769463,51.5569338],[-0.4769353,51.5569472],[-0.4768574,51.5570423],[-0.4768343,51.5570839],[-0.4768162,51.5571165],[-0.4768157,51.55717],[-0.4768153,51.5572244],[-0.4768499,51.5573585],[-0.4768574,51.5573878],[-0.4768593,51.5573952],[-0.4768867,51.5575014],[-0.476892,51.5575575],[-0.4768944,51.5575824],[-0.4768941,51.5575961],[-0.4768925,51.557665],[-0.4768843,51.557709],[-0.4768707,51.557739],[-0.4768371,51.5577858],[-0.4767772,51.5578515],[-0.4766493,51.5579686],[-0.4766337,51.5579908],[-0.4766294,51.557997],[-0.4766167,51.5580293],[-0.4766163,51.5580446],[-0.4766158,51.558068],[-0.4766248,51.5581079],[-0.4766318,51.558124],[-0.476671,51.5582104],[-0.4769668,51.558612],[-0.4769835,51.5586576],[-0.4769982,51.5586978],[-0.4770037,51.5587489],[-0.4770001,51.5587704],[-0.4769987,51.5587787],[-0.4769961,51.5587828],[-0.4769706,51.5588239],[-0.4769247,51.5588497],[-0.4769141,51.5588555],[-0.4767915,51.5588956],[-0.4767769,51.5589037],[-0.4767455,51.5589212],[-0.4767086,51.5589564],[-0.4766751,51.5590039],[-0.476673,51.5590092],[-0.47665,51.5590674],[-0.4766385,51.5591301],[-0.4766424,51.5591869],[-0.4766551,51.55924],[-0.476695,51.5593261],[-0.4767013,51.5593397],[-0.4768054,51.5594651],[-0.4769104,51.5595591],[-0.4769359,51.5595759],[-0.4769422,51.55958],[-0.4770079,51.5596233],[-0.4770879,51.5596828],[-0.4771109,51.5597012],[-0.4771752,51.5597529],[-0.477358,51.5599],[-0.4775298,51.560276],[-0.4778381,51.5603501],[-0.4778648,51.5603566],[-0.4781186,51.5604083],[-0.478132,51.5604107],[-0.4783235,51.5604447],[-0.4784488,51.5604584],[-0.4784584,51.5604588],[-0.4785091,51.560461],[-0.4788604,51.5604431],[-0.478994,51.5604396],[-0.4791875,51.5604518],[-0.4792723,51.5604652],[-0.479318,51.5604724],[-0.479516,51.5605091],[-0.4796876,51.5605538],[-0.4797846,51.5605791],[-0.4799777,51.5606499],[-0.4803164,51.560774],[-0.4803264,51.5607774],[-0.4804024,51.5608027],[-0.4804276,51.5608089],[-0.4804438,51.5608126],[-0.4805265,51.5608193],[-0.4806115,51.5608019],[-0.4808403,51.5606949],[-0.4808531,51.5606896],[-0.4809068,51.560677],[-0.4809143,51.5606757],[-0.4809661,51.5606772],[-0.4810163,51.5606867],[-0.4810327,51.5606928],[-0.4810617,51.5607036],[-0.4811126,51.5607336],[-0.4811383,51.5607532],[-0.481149,51.5607613],[-0.4811563,51.5607729],[-0.4811645,51.5607858],[-0.4811874,51.5608548],[-0.4811909,51.5608656],[-0.4811944,51.5608761],[-0.4811962,51.5608831],[-0.4811969,51.5608857],[-0.4812175,51.5609665],[-0.4812181,51.5609847],[-0.481218,51.5609933],[-0.4812145,51.5610041],[-0.4812085,51.5610202],[-0.4812064,51.5610231],[-0.4811778,51.5610548],[-0.4810643,51.5611117],[-0.481,51.5611757],[-0.4809841,51.5612107],[-0.4809669,51.5612482],[-0.4809857,51.5613169],[-0.4809954,51.5613528],[-0.480994,51.5613597],[-0.4809864,51.5613946],[-0.4809523,51.5614305],[-0.4808329,51.5615089],[-0.4808048,51.561541],[-0.4807954,51.5615517],[-0.4807583,51.5616091],[-0.4807413,51.5616471],[-0.4807369,51.561657],[-0.4807348,51.5617208],[-0.4807734,51.5617789],[-0.4809837,51.5619411],[-0.4811066,51.5620358],[-0.4811178,51.5620457],[-0.4811644,51.5620867],[-0.4812893,51.5622352],[-0.4813482,51.562281],[-0.4814259,51.5623314],[-0.4815025,51.5623714],[-0.4815825,51.5624052],[-0.481586,51.5624066],[-0.4815899,51.5624079],[-0.4828148,51.5628194],[-0.4828142,51.5628228],[-0.4827758,51.5630331],[-0.4827307,51.5631825],[-0.4827104,51.5632336],[-0.4825776,51.5635674],[-0.4825383,51.5636263],[-0.4825054,51.5636533],[-0.4823772,51.5637383],[-0.4823604,51.5637551],[-0.4823417,51.5637739],[-0.4822985,51.5638313],[-0.4822842,51.5638503],[-0.4822801,51.5638647],[-0.4822668,51.5639132],[-0.4822787,51.5639611],[-0.4823176,51.564038],[-0.4823556,51.5640933],[-0.4823636,51.5641051],[-0.482395,51.5641391],[-0.4824224,51.5641688],[-0.4825158,51.5642616],[-0.4826603,51.5643894],[-0.4829403,51.5646053],[-0.4829586,51.5646239],[-0.4830702,51.5647382],[-0.4831136,51.564793],[-0.4831295,51.5648132],[-0.4831362,51.5648249],[-0.4831785,51.5648991],[-0.4832197,51.5650017],[-0.4832413,51.5650981],[-0.4832417,51.5651159],[-0.4832423,51.565138],[-0.4830383,51.5651291],[-0.4829981,51.5652948],[-0.4828288,51.5655026],[-0.4826361,51.5656888],[-0.4825996,51.5657241],[-0.4826408,51.5657623],[-0.4826548,51.5657754],[-0.4826784,51.5657973],[-0.4828743,51.5659794],[-0.4829621,51.566054],[-0.4829765,51.5660661],[-0.4830884,51.5661475],[-0.4832107,51.5662363],[-0.483424,51.566369],[-0.4834691,51.5663971],[-0.4835352,51.5664299],[-0.4835899,51.5664507],[-0.4836329,51.5664611],[-0.483645,51.5664626],[-0.4836839,51.5664673],[-0.483878,51.5664671],[-0.4839414,51.5664724],[-0.4839527,51.5664759],[-0.4841342,51.566532],[-0.484335,51.5666078],[-0.4845011,51.5666558],[-0.4845565,51.5666719],[-0.4846511,51.5667159],[-0.4846911,51.5667448],[-0.4846991,51.5667526],[-0.4847331,51.5667856],[-0.4847718,51.56684],[-0.4847749,51.5668478],[-0.4847831,51.5668688],[-0.4847645,51.5669298],[-0.4846524,51.5672989],[-0.4846395,51.5673362],[-0.4845607,51.5675638],[-0.4845574,51.5675741],[-0.484438,51.5679746],[-0.4843909,51.5681326],[-0.4843861,51.5681489],[-0.4843797,51.5681636],[-0.4843046,51.5683362],[-0.4842979,51.5683853],[-0.4842975,51.5683889],[-0.4843023,51.5684166],[-0.4843205,51.5684538],[-0.4843319,51.5684772],[-0.4843496,51.5684946],[-0.4844734,51.5686156],[-0.4845605,51.5687211],[-0.4845681,51.5687382],[-0.4845819,51.568769],[-0.4845833,51.5687948],[-0.4845847,51.5688205],[-0.4845826,51.5688317],[-0.4845792,51.5688503],[-0.4845227,51.5689896],[-0.4845165,51.5690261],[-0.4845121,51.5690524],[-0.4845107,51.569134],[-0.4845093,51.569216],[-0.4844957,51.5692714],[-0.4844929,51.5692828],[-0.4844812,51.5693306],[-0.4843702,51.5695504],[-0.4843593,51.5695825],[-0.4842597,51.5698755],[-0.4841695,51.5700953],[-0.4841385,51.5701707],[-0.4841327,51.5701907],[-0.4841176,51.5702424],[-0.4841082,51.5703087],[-0.4841024,51.5705774],[-0.4840538,51.5708222],[-0.4840429,51.570877],[-0.4840241,51.5710468],[-0.4840281,51.5711051],[-0.4840329,51.5711752],[-0.4840341,51.5711935],[-0.4840585,51.5712733],[-0.4840701,51.5712965],[-0.4840801,51.5713164],[-0.4841017,51.5713592],[-0.4841094,51.5713706],[-0.4841528,51.5714351],[-0.4842129,51.5714997],[-0.4842414,51.5715257],[-0.4842518,51.5715353],[-0.4842572,51.5715394],[-0.4843772,51.5716322],[-0.4846079,51.5718105],[-0.4848323,51.5720077],[-0.4849691,51.5721497],[-0.4850072,51.5721949],[-0.485019,51.5722093],[-0.4850355,51.5722293],[-0.4850717,51.5722815],[-0.4850824,51.5722969],[-0.485091,51.5723127],[-0.4851253,51.5723763],[-0.4851778,51.5725049],[-0.4852286,51.5727293],[-0.4853234,51.5729348],[-0.4853573,51.5730079],[-0.4853583,51.5730135],[-0.4854635,51.5736239],[-0.4854935,51.5737121],[-0.4855502,51.5738101],[-0.4855556,51.5738389],[-0.4855525,51.5738447],[-0.485536,51.573875],[-0.4854557,51.5739219],[-0.4849128,51.5741021],[-0.4848772,51.5741171],[-0.4848218,51.5741404],[-0.4847337,51.5741852],[-0.4846353,51.5742424],[-0.4845846,51.5742784],[-0.4845705,51.5742885],[-0.4845636,51.5742934],[-0.4844359,51.5744275],[-0.4843745,51.5744919],[-0.484293,51.5745699],[-0.4841942,51.5746647],[-0.4840936,51.5747888],[-0.4840558,51.5748355],[-0.4840075,51.5749341],[-0.4840029,51.5749655],[-0.4840158,51.5750536],[-0.4840398,51.5751083],[-0.4840472,51.575125],[-0.484145,51.575263],[-0.4841778,51.5752902],[-0.4842042,51.5753121],[-0.4842892,51.5753474],[-0.4843975,51.5753588],[-0.4847955,51.5753243],[-0.4848641,51.5753239],[-0.4848707,51.5753239],[-0.4849326,51.5753239],[-0.4850144,51.5753308],[-0.485065,51.5753395],[-0.4851898,51.5753609],[-0.4853341,51.5754024],[-0.4854635,51.5754569],[-0.4855068,51.5754825],[-0.4855515,51.5755089],[-0.4856761,51.5756145],[-0.4857313,51.5756503],[-0.4857377,51.5756537],[-0.4858057,51.5756898],[-0.4858911,51.5757257],[-0.4859229,51.5757391],[-0.4859743,51.5757606],[-0.4860528,51.5757848],[-0.4861914,51.5758352],[-0.4862702,51.5758403],[-0.4864497,51.5758519],[-0.48648,51.5758567],[-0.4865131,51.575862],[-0.4866484,51.5758838],[-0.4869778,51.5759613],[-0.4869854,51.5759634],[-0.4870935,51.575994],[-0.4871861,51.5760246],[-0.4873764,51.5760878],[-0.4874373,51.5761118],[-0.4876203,51.5761837],[-0.4877393,51.5762391],[-0.487762,51.576251],[-0.4879166,51.5763322],[-0.4880812,51.5764557],[-0.4881275,51.5765013],[-0.4881391,51.5765179],[-0.488158,51.5765448],[-0.4881726,51.576581],[-0.4881758,51.576607],[-0.4881252,51.5767467],[-0.4881193,51.5767889],[-0.4881193,51.5768504],[-0.4881192,51.5768846],[-0.4881422,51.5769396],[-0.488151,51.5769473],[-0.4882023,51.576992],[-0.4882481,51.5770153],[-0.4882701,51.5770265],[-0.488364,51.5770645],[-0.4884358,51.5770871],[-0.4886814,51.5771289],[-0.4887455,51.5771477],[-0.4888038,51.5771718],[-0.4888817,51.5772151],[-0.4889566,51.577269],[-0.4890342,51.5773627],[-0.4892303,51.5777563],[-0.4892317,51.5777591],[-0.4894343,51.5780549],[-0.4894834,51.5781459],[-0.489487,51.5781527],[-0.4894994,51.578213],[-0.4895006,51.5782456],[-0.4895017,51.5782796],[-0.4894861,51.5783464],[-0.4894781,51.5783809],[-0.4894309,51.578457],[-0.4892825,51.5786156],[-0.48922,51.5786824],[-0.4891851,51.5787565],[-0.4891724,51.578834],[-0.4891659,51.5788742],[-0.4891551,51.5788991],[-0.4891278,51.5789423],[-0.489117,51.5789594],[-0.48911,51.5789682],[-0.489098,51.5789831],[-0.4890663,51.5790217],[-0.4890506,51.5790368],[-0.4889749,51.5791099],[-0.4888151,51.5792248],[-0.488796,51.5792415],[-0.4887856,51.5792507],[-0.4887394,51.5792914],[-0.4886834,51.5793489],[-0.4886661,51.5793667],[-0.4886235,51.5794256],[-0.4885861,51.5795188],[-0.4885823,51.5795492],[-0.48858,51.5795674],[-0.4885791,51.5795752],[-0.4885743,51.5796163],[-0.4885885,51.5796933],[-0.4885953,51.5797306],[-0.4885969,51.5797394],[-0.4885984,51.5797473],[-0.4886533,51.5799153],[-0.4886816,51.5800351],[-0.4886893,51.5800677],[-0.4887225,51.5802083],[-0.4888574,51.5805226],[-0.488888,51.5805939],[-0.4889347,51.5807028],[-0.4889656,51.5807519],[-0.4890287,51.5808524],[-0.4890461,51.5808802],[-0.4890895,51.5809321],[-0.4891937,51.5810568],[-0.4892248,51.5810941],[-0.4893181,51.5812483],[-0.4893425,51.581297],[-0.4893631,51.5813379],[-0.4894522,51.5815151],[-0.4896241,51.5817701],[-0.4897117,51.5818706],[-0.4897367,51.5818993],[-0.4897984,51.5819558],[-0.4898321,51.5819823],[-0.4899123,51.5820454],[-0.4900546,51.582147],[-0.4905289,51.5824651],[-0.4906755,51.5825713],[-0.4908548,51.5827013],[-0.4910426,51.582812],[-0.4910584,51.5828214],[-0.4911905,51.5828899],[-0.491397,51.5829869],[-0.4916384,51.5830935],[-0.4917452,51.5831369],[-0.4924459,51.5834039],[-0.4925862,51.5834574],[-0.4927572,51.5835256],[-0.4929281,51.5835938],[-0.4932189,51.5837188],[-0.493399,51.5838137],[-0.4934241,51.5838265],[-0.4938503,51.5840499],[-0.4942463,51.5842429],[-0.4943694,51.5843119],[-0.4944061,51.5843378],[-0.4944694,51.5843826],[-0.4945622,51.5844565],[-0.494601,51.5844915],[-0.494638,51.5845247],[-0.4946919,51.5845808],[-0.494723,51.5846132],[-0.4947436,51.5846401],[-0.4948467,51.5847746],[-0.4949151,51.5848896],[-0.4950351,51.5850911],[-0.4950684,51.5851683],[-0.4950953,51.5852304],[-0.495098,51.5852367],[-0.4951196,51.5853196],[-0.4951338,51.5854215],[-0.4951377,51.5855206],[-0.495132,51.5855995],[-0.4951176,51.5856818],[-0.4951068,51.5857433],[-0.495092,51.5858276],[-0.494978,51.5861775],[-0.494953,51.5863601],[-0.4949489,51.5863902],[-0.4949539,51.5864973],[-0.4949544,51.5864999],[-0.4949623,51.5865443],[-0.4949842,51.5865818],[-0.495043,51.5866825],[-0.4950523,51.5866943],[-0.4950837,51.586734],[-0.4952341,51.5869241],[-0.4952646,51.5869626],[-0.4952694,51.5869687],[-0.4952855,51.5869889],[-0.4953567,51.5871004],[-0.4953744,51.5871376],[-0.4954165,51.5872797],[-0.4954314,51.58733],[-0.4954811,51.5874978],[-0.4955843,51.5877655],[-0.4955907,51.5877824],[-0.4956033,51.5878149],[-0.495634,51.5878828],[-0.4957621,51.5881136],[-0.4958495,51.5882272],[-0.4958689,51.5882455],[-0.4959252,51.5882983],[-0.495957,51.5883227],[-0.4960206,51.5883715],[-0.4961056,51.5884256],[-0.4962369,51.5884882],[-0.4964182,51.5885412],[-0.4964308,51.5885449],[-0.4964406,51.5885485],[-0.4964848,51.5885651],[-0.4965277,51.5885901],[-0.496549,51.588609],[-0.4965597,51.5886185],[-0.4965683,51.5886287],[-0.4965849,51.5886483],[-0.4966599,51.5887789],[-0.4966734,51.5887937],[-0.496703,51.5888263],[-0.4967388,51.5888585],[-0.4968671,51.588974],[-0.4969764,51.5890724],[-0.4971137,51.5892056],[-0.4971774,51.5892771],[-0.4972302,51.5893365],[-0.4973336,51.5894845],[-0.4975266,51.5897947],[-0.4975399,51.5898159],[-0.4975902,51.5898969],[-0.4976652,51.5900505],[-0.4976883,51.5900979],[-0.4977142,51.5901651],[-0.4977182,51.5901754],[-0.4977251,51.5901995],[-0.4977745,51.5903699],[-0.4977849,51.5904239],[-0.4978053,51.5906342],[-0.4978206,51.5907917],[-0.4978196,51.590819],[-0.4978156,51.5909279],[-0.4978224,51.5909469],[-0.497837,51.5909856],[-0.4978743,51.5910168],[-0.4982348,51.5910494],[-0.4984456,51.5910566],[-0.4985074,51.5910587],[-0.4985595,51.5910647],[-0.4985709,51.5910678],[-0.4985913,51.5910732],[-0.4986163,51.5910798],[-0.498625,51.591083],[-0.4986294,51.5910847],[-0.4986974,51.5911109],[-0.4987676,51.5911448],[-0.4988138,51.5911798],[-0.4988424,51.5912159],[-0.498856,51.5912527],[-0.4988527,51.5913121],[-0.498848,51.591334],[-0.4988394,51.5913739],[-0.4988153,51.5914252],[-0.4988131,51.59143],[-0.4988113,51.5914338],[-0.4987594,51.5915124],[-0.4987484,51.5915289],[-0.4987035,51.591597],[-0.4985662,51.5917779],[-0.4985619,51.5917863],[-0.4985489,51.5918118],[-0.4985446,51.59183],[-0.4985426,51.5918387],[-0.4985587,51.5918827],[-0.4985681,51.5918915],[-0.4985857,51.591908],[-0.4985885,51.5919098],[-0.4986359,51.5919364],[-0.4986899,51.5919562],[-0.4987019,51.5919606],[-0.4987815,51.5919775],[-0.4987866,51.5919786],[-0.4988576,51.5919867],[-0.4989018,51.5919846],[-0.4989704,51.5919731],[-0.4990484,51.59196],[-0.4991089,51.5919497],[-0.4991656,51.5919468],[-0.49927,51.5919596],[-0.4992872,51.5919617],[-0.4993151,51.591968],[-0.4993707,51.5919806],[-0.4993776,51.5919833],[-0.4994357,51.5920062],[-0.4994887,51.5920398],[-0.4994926,51.592044],[-0.4995026,51.5920552],[-0.4995314,51.5920878],[-0.4995491,51.5921165],[-0.4995635,51.5921403],[-0.4995716,51.5921665],[-0.4995761,51.592181],[-0.4995791,51.592216],[-0.4995794,51.5922197],[-0.4995734,51.5922647],[-0.4995493,51.5923387],[-0.499522,51.5924005],[-0.4994947,51.592462],[-0.499441,51.5925577],[-0.4994076,51.5926002],[-0.4993783,51.5926272],[-0.4993364,51.5926527],[-0.4992111,51.5927196],[-0.4991937,51.5927289],[-0.4991136,51.5927716],[-0.4990077,51.5928387],[-0.4989467,51.5928872],[-0.4989437,51.5928896],[-0.498938,51.5928952],[-0.4989348,51.5928984],[-0.4988888,51.5929437],[-0.4988497,51.5929918],[-0.4988365,51.5930151],[-0.4988032,51.5930739],[-0.4987988,51.5930972],[-0.4987966,51.5931088],[-0.4988005,51.5931552],[-0.4988086,51.5932516],[-0.4988053,51.5932706],[-0.4988042,51.5932769],[-0.4988027,51.5932834],[-0.4988021,51.5932862],[-0.4987902,51.5933122],[-0.49876,51.5933783],[-0.498734,51.5934354],[-0.498701,51.593636],[-0.4986995,51.5936448],[-0.4986906,51.5936739],[-0.4986268,51.5938805],[-0.4986098,51.593958],[-0.4985905,51.5941467],[-0.4985896,51.5944054],[-0.4985894,51.5944416],[-0.49859,51.5944449],[-0.4985994,51.5944947],[-0.4986219,51.5945505],[-0.4986563,51.5946034],[-0.4987068,51.5946591],[-0.4987402,51.5946933],[-0.4987592,51.5947072],[-0.4987638,51.5947105],[-0.4989026,51.5948094],[-0.4991776,51.5950054],[-0.499234,51.5950547],[-0.499239,51.5950599],[-0.4992848,51.5951074],[-0.4993377,51.5951734],[-0.4993622,51.5952093],[-0.4993846,51.5952421],[-0.4993949,51.5952611],[-0.4994229,51.5953126],[-0.4994478,51.5953776],[-0.4994544,51.595395],[-0.4994717,51.5954723],[-0.4994835,51.5955684],[-0.4994998,51.5957012],[-0.4995136,51.5959054],[-0.4995159,51.5959398],[-0.4995193,51.5960879],[-0.4995261,51.5963814],[-0.4996033,51.5965784],[-0.4996298,51.5966462],[-0.499684,51.5967611],[-0.4997757,51.5969556],[-0.5000516,51.5975271],[-0.5001216,51.5976722],[-0.5005215,51.5984091],[-0.5005656,51.5985199],[-0.5005788,51.5985642],[-0.5005868,51.5985909],[-0.5006002,51.5986621],[-0.5006035,51.5987061],[-0.5006071,51.5987548],[-0.5006054,51.5988474],[-0.5005895,51.5989701],[-0.5005521,51.59926],[-0.5005572,51.5993393],[-0.5005627,51.5994188],[-0.5005701,51.5994739],[-0.5005802,51.5995443],[-0.5006171,51.5996877],[-0.5006842,51.5998366],[-0.5007865,51.59998],[-0.5008877,51.600099],[-0.5009024,51.6001317],[-0.5009026,51.6001537],[-0.5009028,51.6001757],[-0.5008959,51.6002051],[-0.5007616,51.6003798],[-0.5007601,51.6003825],[-0.5006477,51.6005905],[-0.5005592,51.6009346],[-0.5005421,51.601001],[-0.5005168,51.6010583],[-0.5004377,51.6011752],[-0.5004319,51.6011839],[-0.5003932,51.6012212],[-0.5003824,51.6012286],[-0.5003535,51.6012487],[-0.5003206,51.6012624],[-0.500307,51.6012681],[-0.5003011,51.6012699],[-0.5002526,51.6012842],[-0.5000809,51.601317],[-0.4999344,51.6013421],[-0.4995632,51.6013904],[-0.4995276,51.6013927],[-0.4994574,51.6013972],[-0.4993975,51.6013969],[-0.4993361,51.6013965],[-0.4992537,51.6013906],[-0.499215,51.6013878],[-0.4991828,51.6013836],[-0.4991247,51.6013759],[-0.4990614,51.6013634],[-0.4989498,51.6013267],[-0.4988534,51.6012736],[-0.4988266,51.6012588],[-0.4984747,51.601025],[-0.4983465,51.6009739],[-0.4982176,51.600942],[-0.4980495,51.6009144],[-0.4978701,51.6008851],[-0.4977334,51.6008735],[-0.4977037,51.6008748],[-0.4976579,51.6008769],[-0.4975025,51.6009236],[-0.4973017,51.6010216],[-0.497091,51.6011114],[-0.4970531,51.6011275],[-0.4970094,51.6011497],[-0.4969829,51.6011633],[-0.4969284,51.6012003],[-0.4967881,51.6012957],[-0.4967224,51.6013614],[-0.4967074,51.6013764],[-0.4966874,51.6014082],[-0.4966795,51.6014387],[-0.4966721,51.601467],[-0.4966712,51.6014704],[-0.4966781,51.6014939],[-0.4966863,51.6015227],[-0.4967197,51.6015712],[-0.4967406,51.6016016],[-0.496752,51.6016372],[-0.4967508,51.6016747],[-0.4967103,51.6017658],[-0.4965766,51.6019745],[-0.4965731,51.6019968],[-0.4965505,51.6021386],[-0.4965332,51.6021838],[-0.4965258,51.6022032],[-0.496521,51.6022089],[-0.4965037,51.6022297],[-0.4963814,51.6023378],[-0.4963661,51.6023513],[-0.4963344,51.6023958],[-0.4963276,51.6024269],[-0.4963309,51.6024738],[-0.4963495,51.6025274],[-0.4963803,51.6025771],[-0.4964208,51.6026209],[-0.4964715,51.6026575],[-0.4966504,51.6027604],[-0.4968617,51.6028657],[-0.4969812,51.6029511],[-0.4970256,51.6029939],[-0.4970445,51.6030121],[-0.497049,51.6030165],[-0.4970781,51.603051],[-0.4971072,51.6030855],[-0.4971608,51.6031698],[-0.4971849,51.6032187],[-0.497215,51.6033198],[-0.4972295,51.6034136],[-0.4972399,51.603481],[-0.4974543,51.6041195],[-0.4974751,51.6042554],[-0.4974517,51.6044181],[-0.4974252,51.6045093],[-0.4974024,51.6045636],[-0.4973929,51.6045863],[-0.4973544,51.6046457],[-0.4972997,51.6047298],[-0.4972898,51.6047563],[-0.4972686,51.6048128],[-0.4972691,51.6048185],[-0.4972699,51.604827],[-0.4972701,51.6048296],[-0.4972731,51.6048621],[-0.4972735,51.6048672],[-0.4972762,51.6048755],[-0.4972842,51.6049006],[-0.4973262,51.60496],[-0.4973317,51.6049677],[-0.4973404,51.60498],[-0.4973788,51.6050341],[-0.4974385,51.6051184],[-0.4974408,51.6051216],[-0.4974767,51.6051723],[-0.4974799,51.6051768],[-0.4975363,51.6052564],[-0.497542,51.6052645],[-0.4975477,51.6052775],[-0.4975676,51.6053231],[-0.4975715,51.6053321],[-0.4976406,51.6054908],[-0.4976426,51.6054954],[-0.4977123,51.6056553],[-0.4977165,51.605665],[-0.4977681,51.6057836],[-0.4977855,51.6058316],[-0.4977915,51.605848],[-0.4978446,51.6059939],[-0.4978469,51.6060001],[-0.497867,51.6060554],[-0.4979154,51.6061673],[-0.4979207,51.6061796],[-0.4979528,51.6062539],[-0.4979651,51.6062823],[-0.4979728,51.6063292],[-0.4979876,51.6064203],[-0.4979924,51.6064619],[-0.4979946,51.6064815],[-0.4979957,51.6064906],[-0.4980216,51.6067183],[-0.4980233,51.6067338],[-0.4980268,51.6067643],[-0.49803,51.6067777],[-0.4980319,51.6067859],[-0.4980511,51.6068673],[-0.4980522,51.6068721],[-0.4980585,51.6068986],[-0.4981189,51.6070416],[-0.4981455,51.6071047],[-0.4981858,51.6071733],[-0.4981899,51.6071804],[-0.4982601,51.6072999],[-0.4982923,51.6073549],[-0.4983107,51.6073862],[-0.498323,51.6074073],[-0.4984137,51.6075619],[-0.4984165,51.6075666],[-0.4984549,51.607632],[-0.4984948,51.6077103],[-0.4985074,51.607735],[-0.4985282,51.6077887],[-0.4985351,51.6078677],[-0.49852,51.608051],[-0.4985351,51.6081294],[-0.4985451,51.6081817],[-0.4985919,51.6082947],[-0.4985961,51.6083],[-0.4986064,51.6083127],[-0.49865,51.6083665],[-0.4987168,51.6084172],[-0.4987235,51.6084223],[-0.4987652,51.6084462],[-0.4989219,51.6085362],[-0.498936,51.608543],[-0.4989992,51.6085733],[-0.499105,51.6086241],[-0.4991094,51.6086272],[-0.4991351,51.6086446],[-0.4991733,51.608681],[-0.4991931,51.6087071],[-0.4992172,51.6087392],[-0.4992304,51.6087684],[-0.4992449,51.6088003],[-0.499256,51.6088615],[-0.4992556,51.6088682],[-0.4992525,51.6089254],[-0.4992495,51.6089358],[-0.4992363,51.60898],[-0.4992336,51.6089839],[-0.4992031,51.6090269],[-0.49919,51.6090449],[-0.4991565,51.6090721],[-0.4991375,51.6090836],[-0.4990875,51.6091138],[-0.4989141,51.609197],[-0.4987483,51.6092558],[-0.4987362,51.6092601],[-0.4987069,51.6092705],[-0.4985296,51.6093333],[-0.4984839,51.6093495],[-0.4984438,51.6093637],[-0.4984042,51.609388],[-0.4983834,51.6094007],[-0.4983608,51.6094232],[-0.4983555,51.6094347],[-0.4983539,51.6094383],[-0.4983526,51.6094412],[-0.4983435,51.6094617],[-0.4983377,51.6094747],[-0.498338,51.6095073],[-0.4983474,51.6095486],[-0.4983622,51.609583],[-0.4983797,51.6096237],[-0.4984909,51.6097166],[-0.4985545,51.6097697],[-0.4987065,51.6098967],[-0.4987101,51.6098992],[-0.4988032,51.6099635],[-0.4989042,51.6100332],[-0.4989094,51.6100376],[-0.4989467,51.6100693],[-0.4989804,51.6101127],[-0.4989822,51.6101151],[-0.4989877,51.6101264],[-0.498997,51.6101459],[-0.4989815,51.6102608],[-0.4988414,51.6105666],[-0.4988278,51.6106383],[-0.4989007,51.6108917],[-0.4989564,51.6110364],[-0.4989672,51.6111043],[-0.4989614,51.6111436],[-0.4989453,51.6111945],[-0.4989331,51.6112172],[-0.498916,51.6112491],[-0.498909,51.6112578],[-0.4988684,51.6113092],[-0.4988114,51.6113665],[-0.4987958,51.6113793],[-0.4987716,51.6113994],[-0.4987347,51.6114206],[-0.4986319,51.6114694],[-0.4985729,51.6114974],[-0.4985511,51.6115146],[-0.4985358,51.6115266],[-0.498529,51.6115352],[-0.498501,51.6115703],[-0.4984727,51.6116337],[-0.4984647,51.6116778],[-0.4984606,51.6117006],[-0.4984674,51.6117542],[-0.4984937,51.6118115],[-0.4985177,51.6118637],[-0.498531,51.6118926],[-0.4985362,51.6119075],[-0.4985528,51.6119551],[-0.4985777,51.612091],[-0.4985736,51.6121278],[-0.4985722,51.6121403],[-0.4985713,51.6121485],[-0.4985507,51.6121938],[-0.4985172,51.6122672],[-0.4983949,51.6124791],[-0.4983822,51.6125012],[-0.4983009,51.6126421],[-0.4982704,51.6126886],[-0.4982342,51.6127437],[-0.4982277,51.6127536],[-0.4982205,51.6127645],[-0.4981699,51.6128313],[-0.4981633,51.6128401],[-0.4981606,51.6128436],[-0.4981318,51.6128816],[-0.4980681,51.6129657],[-0.4980236,51.6130351],[-0.497963,51.6131297],[-0.4979143,51.6132352],[-0.4979046,51.6132871],[-0.4978978,51.6133235],[-0.4978961,51.6133324],[-0.4978886,51.6133728],[-0.4978882,51.6134031],[-0.4978877,51.6134408],[-0.4978929,51.6134819],[-0.4978977,51.61352],[-0.4979455,51.6136985],[-0.4979484,51.6137178],[-0.4979573,51.6137789],[-0.4979589,51.6138183],[-0.497959,51.6138217],[-0.4979644,51.6139616],[-0.4979556,51.6140513],[-0.4979366,51.6141473],[-0.4979333,51.6141583],[-0.4979072,51.614245],[-0.4978902,51.6142852],[-0.4978029,51.6144914],[-0.4977834,51.6145375],[-0.4977796,51.6145437],[-0.4977499,51.6145934],[-0.4977278,51.6146176],[-0.4977026,51.6146452],[-0.4976717,51.6146692],[-0.4976243,51.6146963],[-0.4975822,51.6147201],[-0.4975298,51.6147404],[-0.4975243,51.6147425],[-0.4974246,51.614781],[-0.4972193,51.6148188],[-0.4971805,51.6148308],[-0.4971259,51.6148477],[-0.4970875,51.6148756],[-0.4970671,51.6149099],[-0.497065,51.6149135],[-0.4970488,51.6150467],[-0.4970427,51.6150971],[-0.4968816,51.6154241],[-0.4967123,51.6158628],[-0.4966687,51.6159451],[-0.4966386,51.6160018],[-0.4965167,51.6162085],[-0.4965081,51.6162231],[-0.4964907,51.6162484],[-0.4961354,51.6167634],[-0.4961061,51.6168179],[-0.4960981,51.6168372],[-0.496086,51.6168666],[-0.4960846,51.6168733],[-0.4960741,51.6169247],[-0.4960711,51.616963],[-0.4960801,51.6170635],[-0.4960902,51.6171764],[-0.4960817,51.6172546],[-0.4960779,51.617265],[-0.4960579,51.617319],[-0.4959748,51.617519],[-0.4959702,51.6175301],[-0.4959529,51.6175841],[-0.4959183,51.6176923],[-0.4958787,51.6177705],[-0.4958565,51.6178145],[-0.495848,51.617826],[-0.495831,51.617849],[-0.495668,51.6180145],[-0.4956226,51.618076],[-0.4954345,51.6185636],[-0.4954226,51.6186241],[-0.4954106,51.6186847],[-0.4954099,51.6187902],[-0.4954174,51.6188367],[-0.4954188,51.6188453],[-0.4954262,51.6188912],[-0.4954301,51.6189152],[-0.4954515,51.6189877],[-0.4954589,51.6190127],[-0.4954847,51.619067],[-0.4955095,51.6191024],[-0.4955381,51.6191431],[-0.4955703,51.6191786],[-0.4957432,51.6193301],[-0.495926,51.6195415],[-0.4959532,51.6195728],[-0.4960315,51.6196485],[-0.4960344,51.6196509],[-0.4961313,51.6197307],[-0.4962187,51.6197935],[-0.4962331,51.6198039],[-0.4963239,51.6198579],[-0.4963961,51.6198917],[-0.4966374,51.6199719],[-0.4966736,51.619992],[-0.4966871,51.6199995],[-0.4967222,51.6200296],[-0.4967426,51.620062],[-0.4967638,51.6200958],[-0.4967813,51.6201863],[-0.4967993,51.6202797],[-0.4968139,51.6203149],[-0.4968995,51.6204568],[-0.496939,51.6205053],[-0.4969797,51.6205436],[-0.4970063,51.6205603],[-0.4970336,51.6205775],[-0.4970564,51.6205887],[-0.4970905,51.6206055],[-0.4971762,51.6206354],[-0.4974696,51.6207163],[-0.4976031,51.6207468],[-0.4976773,51.6207621],[-0.4978726,51.6208024],[-0.4981917,51.6208577],[-0.4988958,51.6209319],[-0.4989766,51.6209443],[-0.4990908,51.6209734],[-0.499102,51.6209763],[-0.4992077,51.6210199],[-0.4993197,51.6210816],[-0.4994834,51.6211961],[-0.4995494,51.6212474],[-0.4996897,51.621377],[-0.499722,51.6214068],[-0.4997285,51.6214158],[-0.4999348,51.6217028],[-0.5000847,51.6218984],[-0.5000872,51.6219017],[-0.5001268,51.6219747],[-0.5001439,51.6220063],[-0.5001757,51.6220648],[-0.5001953,51.6221261],[-0.5001977,51.6221408],[-0.5002047,51.6221839],[-0.5002005,51.6222336],[-0.5001959,51.6222869],[-0.5001692,51.622384],[-0.5001662,51.6223953],[-0.5000657,51.6225955],[-0.5000648,51.6226002],[-0.5000464,51.6227005],[-0.5000492,51.6227647],[-0.500069,51.6228967],[-0.5000711,51.6229103],[-0.5001214,51.6230511],[-0.5001492,51.6231289],[-0.5001621,51.6232585],[-0.5001591,51.6233167],[-0.5001583,51.6233312],[-0.500153,51.6233634],[-0.5001442,51.6234166],[-0.500125,51.6234853],[-0.5001161,51.623517],[-0.5000459,51.6236753],[-0.5000427,51.6236805],[-0.4999554,51.6238256],[-0.4999326,51.6238635],[-0.4999161,51.6238859],[-0.4998197,51.6240163],[-0.4997653,51.6240737],[-0.4996739,51.6241523],[-0.4995898,51.6242168],[-0.4995757,51.6242276],[-0.4994998,51.6242746],[-0.4994619,51.6242981],[-0.499305,51.6243732],[-0.4990817,51.6244641],[-0.4988577,51.6245552],[-0.4987733,51.6245895],[-0.4987205,51.6246146],[-0.4986678,51.6246396],[-0.4985624,51.6246976],[-0.4985339,51.6247132],[-0.4984267,51.6248057],[-0.4984178,51.6248167],[-0.4983904,51.6248509],[-0.4983638,51.624918],[-0.4983962,51.625207],[-0.4983919,51.625242],[-0.498366,51.6252894],[-0.498362,51.6252946],[-0.4983408,51.6253226],[-0.498164,51.6254809],[-0.4981237,51.625517],[-0.4980144,51.6256149],[-0.4979817,51.6256523],[-0.4979728,51.6256625],[-0.497891,51.6257562],[-0.4978697,51.6257894],[-0.497841,51.6258342],[-0.4978245,51.6258778],[-0.4978014,51.6259385],[-0.4977871,51.6260218],[-0.4977609,51.6261748],[-0.4977601,51.6261794],[-0.4977459,51.6262307],[-0.4976934,51.6264209],[-0.4976661,51.6265955],[-0.4976582,51.6266461],[-0.4976545,51.6266696],[-0.497657,51.6267288],[-0.4976608,51.6267419],[-0.4976716,51.6267796],[-0.4976956,51.6268194],[-0.4977774,51.6268852],[-0.4982562,51.6271241],[-0.4982832,51.6271395],[-0.4983373,51.6271701],[-0.4983556,51.6271838],[-0.4986528,51.6274053],[-0.498989,51.6275958],[-0.4990034,51.6276039],[-0.4990627,51.6276411],[-0.4991206,51.6276774],[-0.4991411,51.627691],[-0.4992143,51.6277395],[-0.4992326,51.6277544],[-0.499271,51.6277855],[-0.4995086,51.62802],[-0.499532,51.6280432],[-0.4996979,51.6281883],[-0.4997296,51.6282139],[-0.5000849,51.6285008],[-0.5002019,51.6286005],[-0.500207,51.6286048],[-0.5002524,51.6286519],[-0.5002892,51.6287012],[-0.5003292,51.6288025],[-0.5003274,51.6288253],[-0.5003237,51.6288707],[-0.500328,51.6289191],[-0.5003249,51.6289252],[-0.5002985,51.6289749],[-0.5002895,51.6289916],[-0.5002247,51.629055],[-0.5001268,51.6291074],[-0.4998367,51.6292376],[-0.4997881,51.6292755],[-0.4997653,51.6292933],[-0.4997324,51.6293325],[-0.4997121,51.6293746],[-0.4996684,51.629547],[-0.4996646,51.6295926],[-0.499664,51.6296004],[-0.4996697,51.6297833],[-0.4996601,51.6298825],[-0.4996511,51.6299491],[-0.4996352,51.6300031],[-0.4996247,51.6300387],[-0.499617,51.6300646],[-0.4995831,51.6301248],[-0.4995633,51.6301599],[-0.4995389,51.6302033],[-0.4994904,51.6302688],[-0.4994823,51.6302797],[-0.499477,51.6302869],[-0.4993946,51.6303758],[-0.4993323,51.6304321],[-0.4993291,51.6304349],[-0.4992829,51.6304768],[-0.4992575,51.6304957],[-0.4991985,51.6305399],[-0.4991892,51.6305469],[-0.4991815,51.6305526],[-0.499147,51.6305785],[-0.4991389,51.6305845],[-0.4988636,51.6307497],[-0.4986261,51.6308921],[-0.4986195,51.630896],[-0.498588,51.630915],[-0.4984688,51.6309682],[-0.4982529,51.6310374],[-0.498209,51.6310557],[-0.4981711,51.6310809],[-0.4981459,51.6310978],[-0.4978725,51.631305],[-0.4976449,51.6314576],[-0.4975836,51.63149],[-0.4975506,51.6315075],[-0.4975408,51.6315127],[-0.4974243,51.6315743],[-0.4973506,51.6316075],[-0.4972471,51.631654],[-0.4970172,51.631705],[-0.4968674,51.6317301],[-0.496715,51.6317506],[-0.496637,51.6317565],[-0.4966036,51.631759],[-0.4964764,51.6317555],[-0.4963396,51.6317421],[-0.4963346,51.6317413],[-0.4962395,51.6317244],[-0.4961637,51.6317028],[-0.4961545,51.6317001],[-0.4961495,51.631698],[-0.4960806,51.6316679],[-0.4960184,51.6316221],[-0.4960123,51.6316161],[-0.4959878,51.6315919],[-0.4959255,51.6315084],[-0.4958754,51.6314413],[-0.4958268,51.6313887],[-0.4957878,51.6313466],[-0.4957818,51.6313407],[-0.4956898,51.6312501],[-0.4956291,51.6312017],[-0.4955555,51.6311612],[-0.4954105,51.6311349],[-0.4953042,51.6311156],[-0.4952506,51.6311119],[-0.4951588,51.6311055],[-0.4950186,51.6310958],[-0.4948369,51.6310693],[-0.4947067,51.6310503],[-0.4946286,51.631044],[-0.4945711,51.6310424],[-0.4943405,51.6310658],[-0.4943346,51.6310663],[-0.4942727,51.6310664],[-0.4942655,51.6310655],[-0.4942169,51.6310598],[-0.494169,51.6310489],[-0.4941248,51.6310336],[-0.4940354,51.6309885],[-0.4940213,51.6309814],[-0.4939973,51.6309642],[-0.4938193,51.6308368],[-0.4937825,51.6307931],[-0.4937763,51.6307858],[-0.4937658,51.6307669],[-0.4937051,51.6306581],[-0.4936426,51.6305863],[-0.4935698,51.6305552],[-0.4935645,51.6305544],[-0.4935253,51.6305516],[-0.4934701,51.6305554],[-0.4934213,51.6305698],[-0.493409,51.6305757],[-0.4932526,51.6306514],[-0.4932382,51.6306558],[-0.4932104,51.6306632],[-0.4931937,51.6306677],[-0.4931372,51.6306688],[-0.4931286,51.6306682],[-0.4930939,51.6306656],[-0.4930151,51.6306466],[-0.4927619,51.6305768],[-0.4927421,51.6305721],[-0.4925392,51.6305244],[-0.4924213,51.6305131],[-0.4923621,51.630515],[-0.4922704,51.6305283],[-0.492136,51.6305591],[-0.4920885,51.6305699],[-0.4920808,51.6305726],[-0.4920067,51.630598],[-0.4918747,51.6306563],[-0.4915578,51.6307636],[-0.4915231,51.6307187],[-0.4911517,51.6302387],[-0.4905787,51.6295173],[-0.4898433,51.6286738],[-0.4897763,51.628597],[-0.4895487,51.6282942],[-0.4895191,51.6282548],[-0.4895129,51.6282465],[-0.4895034,51.6282346],[-0.4895014,51.6282321],[-0.4894958,51.6282252],[-0.4892862,51.6279639],[-0.4892357,51.6278941],[-0.4891072,51.6276722],[-0.4890475,51.6275913],[-0.4889389,51.6274781],[-0.4888516,51.6274018],[-0.4888239,51.6273796],[-0.4886682,51.6272551],[-0.4885717,51.6271842],[-0.4881472,51.6269143],[-0.4878792,51.6267598],[-0.4875154,51.6265789],[-0.4871406,51.6264194],[-0.487134,51.6264169],[-0.4867576,51.6262736],[-0.4866674,51.6262354],[-0.4865404,51.6261816],[-0.4861204,51.6259554],[-0.4856267,51.6257184],[-0.4853967,51.6256012],[-0.4849605,51.6253717],[-0.4845504,51.6251623],[-0.4844152,51.6250984],[-0.4842491,51.6250036],[-0.484238,51.6249972],[-0.4841386,51.624947],[-0.4839184,51.6248359],[-0.4838361,51.6247985],[-0.4837378,51.6247538],[-0.483573,51.6246925],[-0.4835536,51.6246853],[-0.4833633,51.6246263],[-0.4830958,51.62455],[-0.4826901,51.6244504],[-0.4825725,51.6244096],[-0.482475,51.6243758],[-0.4823876,51.624335],[-0.4823835,51.624333],[-0.4823738,51.6243271],[-0.4820943,51.6241554],[-0.4820636,51.6241365],[-0.4819627,51.6240858],[-0.4817157,51.623997],[-0.4816952,51.6239885],[-0.4816386,51.6239648],[-0.4813889,51.6238319],[-0.4809704,51.6236507],[-0.4808834,51.623613],[-0.4808184,51.6235849],[-0.4807564,51.6236135],[-0.4807341,51.6236238],[-0.4806998,51.6236036],[-0.4804418,51.623452],[-0.480309,51.6233739],[-0.480268,51.6233498],[-0.4801775,51.6232965],[-0.4794118,51.6229071],[-0.4783712,51.6223639],[-0.4783142,51.6224442],[-0.4782664,51.6224305],[-0.4781748,51.6224043],[-0.4781472,51.6223963],[-0.4779536,51.6223346],[-0.4776407,51.6222348],[-0.4773162,51.6221498],[-0.4772263,51.6221263],[-0.4770344,51.6220613],[-0.4769719,51.6220401],[-0.4769473,51.6220304],[-0.476885,51.6220058],[-0.4767759,51.6219526],[-0.4767486,51.6219393],[-0.4764999,51.6217777],[-0.4761872,51.6216226],[-0.4761087,51.6215696],[-0.475898,51.6213207],[-0.4757925,51.6211961],[-0.4756565,51.6210067],[-0.4756338,51.6209752],[-0.4754828,51.620975],[-0.4750606,51.6206806],[-0.4748528,51.6205355],[-0.4741908,51.620149],[-0.4739298,51.6199149],[-0.4739274,51.6199127],[-0.4734723,51.619566],[-0.4729413,51.619247],[-0.4729597,51.6192069],[-0.4729695,51.6191853],[-0.4727362,51.6190607],[-0.4726043,51.6189903],[-0.4725536,51.6189632],[-0.4724724,51.6189213],[-0.4723411,51.6188535],[-0.471548,51.6184439],[-0.4714945,51.6184162],[-0.4711505,51.6182639],[-0.4711075,51.6182448],[-0.4710436,51.6182067],[-0.4709676,51.6181614],[-0.4707517,51.6180325],[-0.4699995,51.6174523],[-0.4695581,51.6171117],[-0.4691902,51.6168279],[-0.4689804,51.616728],[-0.4689263,51.6167022],[-0.4686588,51.6165772],[-0.4684293,51.6164737],[-0.4682586,51.6163967],[-0.4680656,51.6163096],[-0.4679301,51.6162485],[-0.4676989,51.6161578],[-0.4675166,51.6160862],[-0.4671291,51.6159341],[-0.4666166,51.6156889],[-0.4665835,51.6156731],[-0.4663815,51.6155764],[-0.4662678,51.6155299],[-0.4651054,51.615055],[-0.4650285,51.6150242],[-0.4649493,51.6149925],[-0.4648244,51.6149426],[-0.4645046,51.6148146],[-0.4644963,51.6148113],[-0.4640853,51.6146483],[-0.463902,51.6145756],[-0.463262,51.6143346],[-0.4626206,51.6140944],[-0.4624725,51.6141242],[-0.4624176,51.6141353],[-0.4624134,51.6141361],[-0.4622449,51.6140232],[-0.4622373,51.6140183],[-0.4621891,51.6139911],[-0.4621531,51.6139709],[-0.4620478,51.6139281],[-0.4619679,51.6138956],[-0.4607031,51.6134774],[-0.4606994,51.6134761],[-0.4603554,51.6133556],[-0.4602859,51.6133291],[-0.4601848,51.6132906],[-0.4599472,51.6132001],[-0.4598265,51.6131542],[-0.4596065,51.6130815],[-0.4595969,51.6130782],[-0.4593653,51.6130017],[-0.4593611,51.6130003],[-0.4591237,51.6129218],[-0.4589056,51.6128497],[-0.458901,51.6128482],[-0.4587994,51.6128146],[-0.4582926,51.6126558],[-0.4580747,51.6125875],[-0.4578419,51.6125146],[-0.4577733,51.6124906],[-0.4577631,51.612487],[-0.4573994,51.6123601],[-0.4572636,51.6123223],[-0.4571517,51.6122912],[-0.4568474,51.61236],[-0.4565101,51.612432],[-0.4560866,51.6125432],[-0.4560085,51.61256],[-0.4559866,51.6125648],[-0.455812,51.6125922],[-0.4556612,51.612616],[-0.4555776,51.6126329],[-0.4553686,51.6126984],[-0.4549072,51.6128893],[-0.4545815,51.6130451],[-0.4543229,51.6131469],[-0.4538056,51.6133506],[-0.4524885,51.6138955],[-0.4517938,51.614163],[-0.4513383,51.6143433],[-0.4508729,51.6145276],[-0.4507262,51.6145856],[-0.450721,51.6145877],[-0.450628,51.6146245],[-0.4506095,51.6146319],[-0.4505915,51.614639],[-0.4505099,51.6146688],[-0.4502034,51.6147807],[-0.450183,51.6147881],[-0.4501352,51.6148055],[-0.4498833,51.6148868],[-0.4497812,51.6149196],[-0.4497597,51.6149266],[-0.4496788,51.6149558],[-0.4496427,51.6149689],[-0.449524,51.6150159],[-0.4494112,51.6150607],[-0.4491916,51.6151609],[-0.4488999,51.6153225],[-0.4488579,51.615351],[-0.4487622,51.615416],[-0.4486373,51.61551],[-0.4486321,51.6155139],[-0.4485222,51.6155966],[-0.4482647,51.6157903],[-0.4482182,51.6158297],[-0.4482005,51.6158447],[-0.4481456,51.6159042],[-0.4481316,51.6159193],[-0.4480588,51.6160172],[-0.4480463,51.6160383],[-0.4479975,51.6161212],[-0.4479445,51.6162324],[-0.4478274,51.6165681],[-0.4478151,51.6165967],[-0.4478084,51.6166123],[-0.4477921,51.6166503],[-0.447787,51.6166624],[-0.4477254,51.616806],[-0.4476205,51.616969],[-0.4474675,51.6171611],[-0.4474574,51.6171738],[-0.4473936,51.6172703],[-0.4472081,51.6175985],[-0.4469672,51.6179532],[-0.4469495,51.6179806],[-0.4468657,51.6181108],[-0.4467899,51.6182287],[-0.4466271,51.6184818],[-0.4464986,51.6186815],[-0.4463856,51.618833],[-0.4462885,51.6189631],[-0.4461328,51.6191437],[-0.4461184,51.6191603],[-0.4461051,51.6191736],[-0.446098,51.6191807],[-0.4459614,51.6193166],[-0.4457245,51.6195256],[-0.4456287,51.6195907],[-0.4455705,51.6196215],[-0.4455341,51.6196367],[-0.445483,51.6196582],[-0.4453838,51.6196928],[-0.445379,51.6196939],[-0.4452615,51.61972],[-0.4452325,51.6197213],[-0.4452248,51.6197217],[-0.44515,51.6197252],[-0.4451412,51.6197256],[-0.4450339,51.6197192],[-0.4450221,51.6197184],[-0.4449319,51.6197074],[-0.4448229,51.6196942],[-0.4448107,51.6196927],[-0.4446776,51.6196766],[-0.4445597,51.6196622],[-0.4444286,51.6196433],[-0.4443284,51.6196289],[-0.4441801,51.6196075],[-0.4439208,51.6195761],[-0.4436242,51.6195402],[-0.4435476,51.6195309],[-0.443506,51.6195187],[-0.4434645,51.6195065],[-0.4433078,51.6194811],[-0.4433005,51.6194809],[-0.4432618,51.6194795],[-0.4431546,51.6194862],[-0.4428519,51.6195577],[-0.4425118,51.6196026],[-0.4424062,51.6196165],[-0.4420476,51.6196729],[-0.441826,51.6197257],[-0.4413429,51.619874],[-0.4413162,51.6198807],[-0.4412052,51.6199086],[-0.441193,51.6199117],[-0.4410055,51.6199589],[-0.4409839,51.6199653],[-0.4409756,51.6199678],[-0.4408842,51.6199952],[-0.4408799,51.6199964],[-0.4408095,51.6200175],[-0.4407856,51.6200246],[-0.4407072,51.6200481],[-0.4406576,51.620058],[-0.4406472,51.6200601],[-0.4405254,51.6200844],[-0.4402898,51.620084],[-0.4402744,51.6200822],[-0.4401648,51.6200697],[-0.4400903,51.6200592],[-0.4398458,51.6200247],[-0.4398293,51.6200224],[-0.4394991,51.6199759],[-0.4394843,51.6199738],[-0.4394028,51.6199623],[-0.4393574,51.6199582],[-0.4391711,51.6199414],[-0.43892,51.619938],[-0.4387044,51.619935],[-0.4384627,51.6199317],[-0.4383126,51.6199198],[-0.4383037,51.619919],[-0.4382906,51.6199158],[-0.4381945,51.6198924],[-0.4381748,51.619884],[-0.4381198,51.6198607],[-0.4379486,51.6197773],[-0.4379302,51.6197684],[-0.4378785,51.6197473],[-0.4378388,51.6197312],[-0.4378207,51.6197238],[-0.43706,51.6195485],[-0.436788,51.6194858],[-0.4367731,51.6194824],[-0.4367562,51.619478],[-0.4366786,51.6194577],[-0.4363253,51.6193656],[-0.4362999,51.6193582],[-0.4362019,51.6193299],[-0.436176,51.6192854],[-0.4361226,51.619194],[-0.4358006,51.6191447],[-0.4355445,51.6190978],[-0.435531,51.6190953],[-0.4355244,51.619094],[-0.4351822,51.6190262],[-0.4350042,51.6189872],[-0.4349972,51.6189857],[-0.4349272,51.6189704],[-0.4347828,51.6189333],[-0.4347373,51.6189189],[-0.4347272,51.6189157],[-0.4347231,51.6189144],[-0.434376,51.6188043],[-0.4342493,51.6187725],[-0.43385,51.618692],[-0.4337997,51.6186792],[-0.433762,51.6186696],[-0.4337534,51.6186674],[-0.4337443,51.618665],[-0.4337163,51.6186549],[-0.4337041,51.6186504],[-0.4336921,51.6186461],[-0.4336691,51.6186378],[-0.4335976,51.6186118],[-0.4335861,51.6186065],[-0.4333159,51.6184813],[-0.4332162,51.6184422],[-0.4331258,51.6184158],[-0.4331213,51.6184145],[-0.4330991,51.618408],[-0.4329476,51.6183771],[-0.4329399,51.6183756],[-0.4328594,51.6183625],[-0.4327514,51.6183451],[-0.4326149,51.6183285],[-0.432303,51.6182905],[-0.4322502,51.6182841],[-0.4322084,51.618279],[-0.4319791,51.6182512],[-0.4317083,51.6182084],[-0.4315059,51.6181765],[-0.431488,51.6181736],[-0.4313503,51.6182239],[-0.4313431,51.6182236],[-0.4312576,51.6182189],[-0.4312174,51.6182168],[-0.430936,51.6181893],[-0.4308449,51.6181804],[-0.4305763,51.6181382],[-0.4304084,51.6181119],[-0.4304038,51.6181112],[-0.4303493,51.6181027],[-0.4301057,51.6180584],[-0.4298443,51.6180029],[-0.429835,51.6180009],[-0.4294568,51.6179207],[-0.4294471,51.6179188],[-0.4294412,51.6179177],[-0.4294368,51.6179169],[-0.42916,51.6178638],[-0.4290402,51.6178426],[-0.4289949,51.6178346],[-0.4287427,51.6178011],[-0.4287315,51.6177996],[-0.4287129,51.6177971],[-0.4286712,51.6177916],[-0.4286664,51.617791],[-0.4285738,51.6177786],[-0.4285003,51.6177646],[-0.4284926,51.6177631],[-0.4284177,51.6177487],[-0.4284082,51.617746],[-0.4283725,51.6177359],[-0.4283687,51.6177349],[-0.428289,51.6177123],[-0.428258,51.6177017],[-0.4280302,51.6176234],[-0.4279714,51.6176033],[-0.4278197,51.6175313],[-0.4277984,51.6175212],[-0.4276786,51.6174643],[-0.4276724,51.6174614],[-0.4276313,51.6174419],[-0.4275061,51.6173826],[-0.4272789,51.6172748],[-0.4272743,51.6172726],[-0.4272137,51.6172438],[-0.4271871,51.6172312],[-0.4271669,51.6172228],[-0.427106,51.6171974],[-0.4270358,51.6171681],[-0.4269291,51.6171268],[-0.4268535,51.6170977],[-0.426842,51.6170932],[-0.4268336,51.6170899],[-0.4267029,51.6170453],[-0.426612,51.617023],[-0.4265035,51.6170033],[-0.4263811,51.6169905],[-0.4263703,51.6169894],[-0.426359,51.6169882],[-0.4263445,51.6169873],[-0.4263309,51.6169864],[-0.4262081,51.6169787],[-0.4261946,51.6169778],[-0.4261875,51.6169777],[-0.4261347,51.6169768],[-0.4261163,51.6169765],[-0.4259336,51.6169825],[-0.425836,51.6169858],[-0.42578,51.6169841],[-0.4257745,51.6169839],[-0.4257161,51.6169821],[-0.4253634,51.6169482],[-0.4252729,51.6169395],[-0.4251749,51.6169353],[-0.4251668,51.616935],[-0.4250221,51.6169289],[-0.4247179,51.616916],[-0.4247061,51.6169155],[-0.4244954,51.6169066],[-0.4243123,51.6169032],[-0.4242473,51.616902],[-0.4242388,51.6169018],[-0.4242267,51.6169016],[-0.4241435,51.6169],[-0.4239358,51.6169033],[-0.4239152,51.6169037],[-0.4238384,51.6169049],[-0.4235777,51.6169285],[-0.4235726,51.616929],[-0.423424,51.6169425],[-0.4233114,51.6169457],[-0.4233064,51.6169458],[-0.4232799,51.6169466],[-0.4232301,51.616948],[-0.4232076,51.6169479],[-0.4231612,51.6169476],[-0.4231239,51.6169474],[-0.4231196,51.6169473],[-0.4228331,51.6169456],[-0.4228095,51.6169455],[-0.4227716,51.6169461],[-0.4227608,51.6169463],[-0.4226424,51.6169484],[-0.4225949,51.6169492],[-0.4224494,51.6169517],[-0.4224227,51.6169522],[-0.4224171,51.6169523],[-0.4223213,51.6169539],[-0.4221656,51.6169513],[-0.4221483,51.616951],[-0.4217512,51.6169443],[-0.4215381,51.6169434],[-0.4215309,51.6169434],[-0.4214697,51.6169431],[-0.4214623,51.6169431],[-0.421436,51.616943],[-0.4214082,51.6169429],[-0.4211815,51.6169419],[-0.4211772,51.6169419],[-0.421145,51.6169404],[-0.4211046,51.6169384],[-0.4209369,51.6169302],[-0.4209242,51.6169295],[-0.4208563,51.6169236],[-0.4206389,51.6169047],[-0.4205943,51.6169008],[-0.4203317,51.6168812],[-0.4203197,51.6168803],[-0.4203113,51.6168796],[-0.4203051,51.6168792],[-0.4201794,51.6168698],[-0.4201716,51.6168692],[-0.4198978,51.6168487],[-0.4197819,51.6168355],[-0.4197562,51.6168325],[-0.4197431,51.616831],[-0.4195064,51.6167969],[-0.4194871,51.6167941],[-0.4192963,51.6167666],[-0.4191126,51.6167435],[-0.4191004,51.6167419],[-0.419003,51.6167297],[-0.4187754,51.6167011],[-0.4187246,51.6166898],[-0.4186893,51.6166819],[-0.4186227,51.616667],[-0.4185377,51.616648],[-0.4184572,51.61663],[-0.418442,51.6166267],[-0.4184143,51.6166204],[-0.4184072,51.6166189],[-0.4183964,51.6166165],[-0.4182528,51.6165937],[-0.4182434,51.6165922],[-0.4181029,51.6165826],[-0.4180473,51.616583],[-0.4180139,51.6165832],[-0.4179715,51.6165835],[-0.4179506,51.6165837],[-0.417915,51.6165839],[-0.4177818,51.6165849],[-0.4177646,51.616585],[-0.4177457,51.6165851],[-0.4177294,51.6165853],[-0.4177009,51.6165828],[-0.4176099,51.6165744],[-0.4176043,51.6165739],[-0.4174409,51.6165588],[-0.4174082,51.6165558],[-0.4171266,51.6165125],[-0.4171227,51.6165118],[-0.4169813,51.6164901],[-0.4169741,51.616489],[-0.416837,51.6164613],[-0.4168292,51.6164597],[-0.4167149,51.6164366],[-0.4167105,51.6164357],[-0.4166392,51.6164212],[-0.4165389,51.6163941],[-0.4164437,51.6163684],[-0.4164333,51.6163656],[-0.4163213,51.6163353],[-0.4163152,51.6163332],[-0.4162947,51.6163262],[-0.4162888,51.6163242],[-0.4161727,51.6162845],[-0.41616,51.6162801],[-0.4160638,51.6162472],[-0.4160594,51.6162457],[-0.4160327,51.6162301],[-0.4160238,51.6162249],[-0.4160134,51.6162187],[-0.4158431,51.6161184],[-0.4157913,51.6160897],[-0.4157846,51.616086],[-0.4157116,51.6160457],[-0.4155598,51.6159717],[-0.4154365,51.6159153],[-0.41535,51.6158757],[-0.4153408,51.6158715],[-0.4152541,51.6158351],[-0.4152399,51.6158291],[-0.4151638,51.6157972],[-0.4151594,51.6157954],[-0.4151542,51.6157932],[-0.4150097,51.6157326],[-0.41479,51.6156403],[-0.4147144,51.6156086],[-0.4147111,51.6156071],[-0.4144903,51.6155067],[-0.4144864,51.6155049],[-0.4144559,51.615491],[-0.4143155,51.6154272],[-0.4141608,51.6153568],[-0.4141549,51.6153541],[-0.4137491,51.6151696],[-0.4137165,51.6151548],[-0.4133552,51.6149904],[-0.4133027,51.6149626],[-0.4132846,51.6149529],[-0.4132642,51.6149421],[-0.4132063,51.6149113],[-0.4131865,51.6148977],[-0.4131719,51.6148878],[-0.4131581,51.6148784],[-0.4131513,51.6148738],[-0.4131318,51.6148605],[-0.4130071,51.6147754],[-0.4129727,51.6147519],[-0.4129694,51.6147496],[-0.4128845,51.6146917],[-0.4128493,51.6146713],[-0.4126849,51.6145759],[-0.412634,51.6145481],[-0.4126282,51.6145449],[-0.4125506,51.6145026],[-0.4125434,51.6144987],[-0.4124694,51.6144583],[-0.411985,51.6141941],[-0.4119293,51.6141637],[-0.4118585,51.6141342],[-0.4116112,51.6140313],[-0.4115385,51.614001],[-0.4113122,51.6139068],[-0.4112919,51.6138982],[-0.4112369,51.6138718],[-0.4112266,51.6138668],[-0.4112224,51.6138648],[-0.4112065,51.6138572],[-0.4111967,51.6138543],[-0.411182,51.61385],[-0.411165,51.613845],[-0.4111464,51.6138421],[-0.4111134,51.6138371],[-0.4109892,51.6138338],[-0.4109715,51.6138334],[-0.4108938,51.6138313],[-0.4107989,51.6138273],[-0.410791,51.6138269],[-0.4106134,51.6138194],[-0.4106093,51.6138192],[-0.4104814,51.6138137],[-0.4104607,51.6138128],[-0.4103012,51.6138061],[-0.4102008,51.6138018],[-0.4101834,51.613801],[-0.4101785,51.6138008],[-0.4101599,51.6138],[-0.4100577,51.6137957],[-0.4099927,51.6137911],[-0.4098363,51.6137799],[-0.4096585,51.6137673],[-0.4095959,51.6137628],[-0.4095011,51.6137561],[-0.4091216,51.6137291],[-0.4090825,51.6137263],[-0.4089997,51.6137204],[-0.4088899,51.6137008],[-0.4088811,51.6136993],[-0.4086341,51.6136553],[-0.4086257,51.6136538],[-0.408372,51.6136087],[-0.4083641,51.6136073],[-0.4083268,51.6136007],[-0.4081365,51.6135836],[-0.408016,51.6135857],[-0.4077506,51.6135902],[-0.4076411,51.6135921],[-0.4072023,51.613543],[-0.4067166,51.6135101],[-0.4067083,51.6135095],[-0.4064266,51.6134904],[-0.4064184,51.6134898],[-0.4059937,51.613461],[-0.4059872,51.6134606],[-0.4059359,51.6134571],[-0.4053966,51.6134205],[-0.4053225,51.613406],[-0.4051349,51.6133691],[-0.4051222,51.6133666],[-0.4050474,51.6133519],[-0.404925,51.6133304],[-0.4048008,51.6133085],[-0.4040718,51.6131804],[-0.4040289,51.612952],[-0.4040275,51.6129448],[-0.4039876,51.6127319],[-0.4039868,51.6127275],[-0.4039694,51.6126352],[-0.4039509,51.6125367],[-0.4039063,51.6122989],[-0.403885,51.6122268],[-0.4038339,51.6120543],[-0.4038325,51.6120494],[-0.4037863,51.6118932],[-0.4037832,51.6118829],[-0.4036993,51.6115996],[-0.4036983,51.611596],[-0.4036969,51.6115912],[-0.4036521,51.6114399],[-0.403638,51.6113745],[-0.4036371,51.61137],[-0.4035592,51.6110076],[-0.4035076,51.6107679],[-0.4035062,51.6107615],[-0.4035057,51.6107589],[-0.4034946,51.6107074],[-0.403493,51.6107],[-0.4034885,51.6106345],[-0.4034733,51.6104121],[-0.4034817,51.610276],[-0.4034823,51.6102675],[-0.403488,51.610174],[-0.4034876,51.6101685],[-0.4034714,51.6099698],[-0.4034596,51.6098248],[-0.4034483,51.6096861],[-0.4034218,51.6095712],[-0.4034207,51.6095665],[-0.4033446,51.6092356],[-0.4033436,51.6092313],[-0.4033194,51.6091263],[-0.4031727,51.6089316],[-0.4031638,51.6089199],[-0.4031408,51.6088893],[-0.4031344,51.6088808],[-0.403095,51.6088285],[-0.4030844,51.6088144],[-0.4030654,51.6087893],[-0.4029211,51.6086714],[-0.4028631,51.608613],[-0.4028474,51.6085973],[-0.4028352,51.6085837],[-0.4028256,51.608573],[-0.4028044,51.6085495],[-0.4027972,51.6085415],[-0.4027928,51.608535],[-0.4027696,51.6085008],[-0.4027624,51.6084901],[-0.4027524,51.6084753],[-0.4027163,51.6084136],[-0.4027103,51.6084032],[-0.4026992,51.6083843],[-0.4026473,51.6082684],[-0.4025942,51.6081224],[-0.4025913,51.6081121],[-0.4025893,51.6081051],[-0.4025806,51.6080743],[-0.402571,51.6080403],[-0.4025667,51.608025],[-0.4025586,51.6079339],[-0.402558,51.6079267],[-0.4025557,51.6079005],[-0.4025515,51.6078519],[-0.4025502,51.6078363],[-0.402544,51.6077653],[-0.4025438,51.6077625],[-0.4025387,51.607704],[-0.4025312,51.607618],[-0.4025263,51.6075614],[-0.4024322,51.6074405],[-0.402431,51.6074233],[-0.4024305,51.607417],[-0.4024301,51.6074116],[-0.4024254,51.6073454],[-0.402424,51.6073265],[-0.4024195,51.6073135],[-0.4024147,51.6072996],[-0.4023908,51.6072305],[-0.4023872,51.6072231],[-0.4023498,51.6071481],[-0.4023479,51.6071443],[-0.4023453,51.6071391],[-0.402336,51.6071204],[-0.4022778,51.6070438],[-0.4022601,51.6070205],[-0.4021681,51.6069146],[-0.4020602,51.6068275],[-0.4018942,51.6067095],[-0.4018913,51.6067032],[-0.4018673,51.606652],[-0.4018498,51.6066144],[-0.4018446,51.6066034],[-0.4018528,51.6065943],[-0.4018752,51.6065725],[-0.4018841,51.6065638],[-0.40195,51.6064995],[-0.4019685,51.6064814],[-0.4020215,51.6064298],[-0.4020324,51.6064191],[-0.4021804,51.6062748],[-0.4021867,51.6062686],[-0.402197,51.6062585],[-0.4023083,51.6061695],[-0.4023731,51.6061169],[-0.4023749,51.6060954],[-0.4023957,51.6058529],[-0.4023974,51.6058336],[-0.402407,51.6057213],[-0.4024077,51.6057132],[-0.402415,51.6056278],[-0.4024159,51.6056178],[-0.4024166,51.6056093],[-0.4024182,51.6055913],[-0.4024217,51.6055499],[-0.4024222,51.6055467],[-0.4024359,51.6055013],[-0.4024373,51.6054963],[-0.4024384,51.6054928],[-0.4024654,51.6054029],[-0.402467,51.6053975],[-0.4024907,51.6053186],[-0.4024969,51.6052981],[-0.4025123,51.6052465],[-0.4025163,51.6052332],[-0.4025222,51.6052136],[-0.4025246,51.6052054],[-0.4025303,51.6051867],[-0.4025301,51.6051551],[-0.4025301,51.605141],[-0.4025296,51.6050224],[-0.4025296,51.6050193],[-0.4025295,51.6050126],[-0.4025293,51.6049397],[-0.4025292,51.6049258],[-0.4025292,51.6049228],[-0.402529,51.604885],[-0.402529,51.6048732],[-0.4025289,51.6048408],[-0.4025282,51.6048314],[-0.4025278,51.6048253],[-0.4025264,51.6048057],[-0.4025215,51.6047372],[-0.4025207,51.6047264],[-0.40252,51.6047157],[-0.4025187,51.6046985],[-0.4025175,51.6046806],[-0.402513,51.6046173],[-0.4025126,51.6046122],[-0.4025115,51.6045957],[-0.4025107,51.6045849],[-0.4025052,51.6045082],[-0.4025046,51.6044988],[-0.4024986,51.6044142],[-0.402497,51.6043919],[-0.4024929,51.6043348],[-0.4024913,51.6043175],[-0.4024905,51.6043099],[-0.4024895,51.6042989],[-0.402489,51.6042939],[-0.4024841,51.6042427],[-0.4024837,51.6042387],[-0.4024795,51.6041951],[-0.4024789,51.6041883],[-0.4024785,51.6041839],[-0.4024712,51.604108],[-0.4024703,51.6040989],[-0.4024695,51.6040898],[-0.4024682,51.6040766],[-0.4024633,51.6040256],[-0.4024622,51.6040144],[-0.4024606,51.6039969],[-0.4024592,51.6039822],[-0.4024548,51.603937],[-0.4024544,51.6039331],[-0.4024534,51.6039219],[-0.4024528,51.6039162],[-0.402448,51.6038658],[-0.4024577,51.6038307],[-0.402459,51.6038262],[-0.4024623,51.603814],[-0.4024635,51.6038099],[-0.4024712,51.6037817],[-0.4024827,51.6037401],[-0.4024858,51.6037291],[-0.4024878,51.6037217],[-0.4025047,51.6036606],[-0.4025054,51.6036579],[-0.4025098,51.6036419],[-0.4025129,51.6036309],[-0.402538,51.6035399],[-0.4025429,51.6035221],[-0.4025498,51.603497],[-0.4025508,51.6034894],[-0.4025527,51.6034739],[-0.4025532,51.6034698],[-0.4025539,51.6034645],[-0.4025589,51.6034243],[-0.4025593,51.6034216],[-0.4025602,51.6034143],[-0.4025693,51.6033414],[-0.4025798,51.6032573],[-0.4025808,51.6032488],[-0.40259,51.603175],[-0.4025886,51.6031478],[-0.4025884,51.6031431],[-0.4025843,51.603062],[-0.4025836,51.6030486],[-0.4025768,51.6029151],[-0.4025764,51.6029056],[-0.4025749,51.6028754],[-0.4025746,51.6028697],[-0.4025722,51.6028219],[-0.4025551,51.6027265],[-0.4025409,51.6026471],[-0.4025126,51.6024883],[-0.4025086,51.6024662],[-0.4025069,51.6024564],[-0.402506,51.6024516],[-0.4024955,51.6023925],[-0.4024949,51.6023895],[-0.402494,51.6023843],[-0.4024889,51.6023561],[-0.4024786,51.6022978],[-0.4024776,51.6022924],[-0.4024769,51.6022887],[-0.4024736,51.60227],[-0.402462,51.6022052],[-0.4024389,51.6020758],[-0.4024367,51.6020634],[-0.4024356,51.6020576],[-0.40243,51.602026],[-0.402363,51.6018823],[-0.4023604,51.6018766],[-0.4023244,51.6017994],[-0.4023067,51.6017615],[-0.4022847,51.6017142],[-0.402279,51.6017021],[-0.4022503,51.6016404],[-0.4022369,51.6016118],[-0.4022253,51.6015868],[-0.4022223,51.6015805],[-0.4022136,51.6015617],[-0.4022123,51.6015589],[-0.4021766,51.6014823],[-0.4021655,51.6014586],[-0.4021639,51.6014552],[-0.4021605,51.6014483],[-0.4021241,51.6013769],[-0.402023,51.6011789],[-0.4019828,51.6010992],[-0.4018936,51.6009296],[-0.4018919,51.6009265],[-0.4018881,51.6009192],[-0.4018541,51.6008643],[-0.4018044,51.6007841],[-0.4017868,51.6007556],[-0.4017553,51.6007048],[-0.4017526,51.6007005],[-0.4017273,51.6006596],[-0.4016977,51.6005428],[-0.4016931,51.6005247],[-0.4016887,51.6005073],[-0.4016756,51.6004551],[-0.4016499,51.6003533],[-0.4015458,51.6001549],[-0.4015274,51.6001197],[-0.4015147,51.6000956],[-0.4015097,51.6000859],[-0.4014629,51.5999967],[-0.4014488,51.5999699],[-0.4014071,51.5998904],[-0.4013975,51.5998742],[-0.4013595,51.5998108],[-0.4013497,51.599794],[-0.4013457,51.5997873],[-0.4013436,51.5997838],[-0.4013012,51.5997126],[-0.4012978,51.599707],[-0.401288,51.5996905],[-0.4012865,51.599688],[-0.4012831,51.5996823],[-0.4012807,51.5996786],[-0.4012514,51.5996346],[-0.4012371,51.5996131],[-0.401224,51.5995934],[-0.4011834,51.5995422],[-0.4011091,51.5994485],[-0.4010729,51.5994029],[-0.4010692,51.5993982],[-0.4010635,51.599391],[-0.4010215,51.599338],[-0.401018,51.5993336],[-0.40096,51.5992605],[-0.4009475,51.5992483],[-0.4009363,51.5992374],[-0.4008872,51.5991897],[-0.4008773,51.59918],[-0.4008694,51.5991724],[-0.4008327,51.5991366],[-0.4008295,51.5991336],[-0.400783,51.5990883],[-0.4007648,51.5990706],[-0.4007381,51.5990445],[-0.4007331,51.5990397],[-0.4007151,51.5990222],[-0.4006962,51.5990038],[-0.4006874,51.5989952],[-0.4006815,51.5989895],[-0.4006433,51.5989523],[-0.4005695,51.5988806],[-0.4005612,51.5988724],[-0.4005145,51.5988242],[-0.4005057,51.598815],[-0.4004872,51.5987958],[-0.4004846,51.5987932],[-0.4003868,51.598692],[-0.4003702,51.5986748],[-0.4003488,51.5986527],[-0.4003298,51.598633],[-0.4003184,51.5986212],[-0.4002751,51.5985764],[-0.4002647,51.5985642],[-0.4001819,51.5984681],[-0.4001787,51.5984643],[-0.4001386,51.5984177],[-0.4001319,51.5984099],[-0.4000589,51.598325],[-0.4000558,51.5983214],[-0.4000474,51.5983116],[-0.3999675,51.5982187],[-0.3999853,51.5981757],[-0.400047,51.5980284],[-0.4000513,51.5980183],[-0.4000654,51.5979846],[-0.4000672,51.5979321],[-0.4000755,51.5979123],[-0.4001667,51.5976929],[-0.4001778,51.5976661],[-0.4002366,51.5975246],[-0.4002688,51.5974471],[-0.4002703,51.5974436],[-0.4002632,51.5974422],[-0.4002428,51.5974379],[-0.4002153,51.5974322],[-0.4001751,51.5974238],[-0.4001371,51.5974159],[-0.3999971,51.5973867],[-0.3999677,51.597382],[-0.3999327,51.5973764],[-0.3997969,51.5973546],[-0.3997848,51.5973526],[-0.3993967,51.5972904],[-0.3993866,51.5972888],[-0.3993672,51.5972857],[-0.3992993,51.5972748],[-0.3992076,51.5972601],[-0.3991756,51.597255],[-0.3991627,51.5972529],[-0.3991568,51.597252],[-0.3989741,51.5972227],[-0.3989501,51.5972192],[-0.3989213,51.5972151],[-0.3988487,51.5972048],[-0.3988281,51.5972018],[-0.3988167,51.5972002],[-0.3987631,51.5971925],[-0.3987502,51.5971907],[-0.3987267,51.5971873],[-0.3986342,51.5971741],[-0.3986127,51.597171],[-0.3986069,51.5971702],[-0.3986009,51.5971694],[-0.3984592,51.5971491],[-0.3984546,51.5971485],[-0.3983197,51.5971292],[-0.3983063,51.5971273],[-0.3982524,51.5971196],[-0.3982468,51.5971188],[-0.3980713,51.5970937],[-0.3978213,51.5970642],[-0.3977745,51.5970588],[-0.3977019,51.5970501],[-0.3976723,51.5970466],[-0.3976669,51.597046],[-0.3976233,51.5970408],[-0.39768,51.5969426],[-0.3977017,51.5968516],[-0.3977054,51.5968353],[-0.3977077,51.5968256],[-0.3977124,51.5968057],[-0.3977133,51.5967889],[-0.3977157,51.5967483],[-0.397716,51.5967425],[-0.3977204,51.5966672],[-0.3977136,51.5966513],[-0.3976849,51.5965854],[-0.3976743,51.5965613],[-0.3976673,51.5965451],[-0.397666,51.5965421],[-0.3976589,51.596526],[-0.3976532,51.5965128],[-0.3976495,51.596507],[-0.3976311,51.5964783],[-0.3975813,51.5964002],[-0.3975767,51.596393],[-0.3975702,51.5963828],[-0.3975477,51.5963475],[-0.3975416,51.5963379],[-0.3975393,51.5963352],[-0.3974497,51.5962285],[-0.3974208,51.5961942],[-0.3973601,51.5961219],[-0.3973124,51.5960757],[-0.3973043,51.5960678],[-0.3972982,51.5960619],[-0.3972022,51.5959688],[-0.3971374,51.5959053],[-0.3970892,51.595858],[-0.3970845,51.5958544],[-0.3970752,51.5958473],[-0.3970075,51.595796],[-0.3969238,51.5957318],[-0.3968943,51.5957091],[-0.3968728,51.5956927],[-0.3968635,51.5956856],[-0.3968472,51.595673],[-0.3967325,51.5955514],[-0.3967304,51.5955492],[-0.3966968,51.5955136],[-0.3966647,51.5954796],[-0.3966619,51.5954763],[-0.3966246,51.5954159],[-0.3966194,51.5954073],[-0.3965693,51.5953259],[-0.396561,51.5953074],[-0.3965565,51.5952976],[-0.3965023,51.5951769],[-0.3964633,51.5950181],[-0.3964622,51.5950028],[-0.3964533,51.594877],[-0.3964503,51.5948179],[-0.3964458,51.5947277],[-0.3964408,51.5946276],[-0.3964393,51.5945988],[-0.3964384,51.594582],[-0.3964398,51.5945271],[-0.396441,51.5944758],[-0.3964412,51.5944681],[-0.3964414,51.5944611],[-0.3964362,51.5943752],[-0.3964255,51.5941969],[-0.3964251,51.5941901],[-0.3964195,51.5940961],[-0.3964114,51.5940429],[-0.3964106,51.5940375],[-0.396402,51.5939802],[-0.39639,51.5939012],[-0.3963894,51.5938974],[-0.3963887,51.5938924],[-0.3963873,51.5938441],[-0.3963865,51.5938021],[-0.3963859,51.5937838],[-0.3963852,51.5937622],[-0.3963629,51.5936871],[-0.3963608,51.5936798],[-0.3963368,51.593599],[-0.3963345,51.5935911],[-0.3963324,51.5935841],[-0.3962741,51.5934817],[-0.3962711,51.5934765],[-0.3962326,51.5934088],[-0.3962307,51.5934055],[-0.3961832,51.5933222],[-0.3961684,51.5932971],[-0.396159,51.5932787],[-0.3960882,51.5931382],[-0.3960862,51.5931343],[-0.39606,51.5930823],[-0.3960577,51.5930778],[-0.3960473,51.5930572],[-0.3960132,51.5929905],[-0.3960108,51.5929855],[-0.3959799,51.5929206],[-0.3959782,51.592917],[-0.3959343,51.592825],[-0.3958441,51.5926357],[-0.3958406,51.5926285],[-0.3957752,51.5924912],[-0.3957732,51.5924871],[-0.3957717,51.592484],[-0.3956982,51.5923297],[-0.3956957,51.5923245],[-0.3956703,51.5922712],[-0.3956122,51.5921143],[-0.3955948,51.5920556],[-0.3955922,51.5920464],[-0.3955831,51.5920137],[-0.3955821,51.5920104],[-0.3955757,51.5919877],[-0.3955513,51.5919007],[-0.3955492,51.5918933],[-0.3955374,51.5918379],[-0.3954923,51.5916267],[-0.3954903,51.5916174],[-0.3954901,51.5916132],[-0.3954885,51.591587],[-0.395486,51.5915463],[-0.3954793,51.591434],[-0.395479,51.5914295],[-0.3954788,51.5914262],[-0.395477,51.5913967],[-0.3954727,51.591325],[-0.3954722,51.5913174],[-0.3954712,51.5913014],[-0.3954833,51.591173],[-0.3954985,51.5910118],[-0.3954988,51.5910083],[-0.3955041,51.5909525],[-0.3955053,51.5909405],[-0.3955189,51.5908351],[-0.3955195,51.5908309],[-0.39552,51.5908267],[-0.3955212,51.5908174],[-0.3955239,51.5908046],[-0.3955258,51.590795],[-0.3955383,51.5907343],[-0.3955496,51.5906795],[-0.3955495,51.5906346],[-0.3955495,51.5906307],[-0.3955495,51.5906044],[-0.3955495,51.5905795],[-0.3955494,51.5905425],[-0.3955372,51.5904035],[-0.3955263,51.5903551],[-0.3954905,51.5902],[-0.3951593,51.5903076],[-0.3950359,51.590283],[-0.3949877,51.5902734],[-0.3949715,51.5902702],[-0.3948925,51.5902547],[-0.3948836,51.590257],[-0.3947142,51.590301],[-0.3946649,51.5903138],[-0.3946465,51.5903186],[-0.3946514,51.5903273],[-0.3946994,51.5904124],[-0.3946894,51.5904142],[-0.3945398,51.590438],[-0.3944735,51.5904485],[-0.3944067,51.590401],[-0.3943357,51.5903505],[-0.3943164,51.5903368],[-0.3942004,51.5902543],[-0.3941475,51.5902166],[-0.3941359,51.590203],[-0.3940927,51.5901538],[-0.3939942,51.5900371],[-0.3939754,51.5900151],[-0.3936974,51.5896895],[-0.3936907,51.5896817],[-0.3936727,51.5896606],[-0.3935777,51.5895182],[-0.3935129,51.5894212],[-0.3934953,51.5893948],[-0.3931207,51.5890618],[-0.3931127,51.5890546],[-0.3930724,51.5890188],[-0.392872,51.5888671],[-0.3928685,51.5888653],[-0.3928585,51.5888605],[-0.3926342,51.5887527],[-0.3925885,51.5887307],[-0.392578,51.5887257],[-0.3925366,51.5887058],[-0.3922571,51.588541],[-0.3921787,51.5884948],[-0.392144,51.5884548],[-0.3920747,51.5883751],[-0.3920341,51.5883287],[-0.3920299,51.5882999],[-0.3920262,51.5882755],[-0.3920088,51.588159],[-0.3920017,51.5881063],[-0.3919975,51.5880787],[-0.391993,51.5880485],[-0.3919926,51.5880457],[-0.3919618,51.5878385],[-0.3919592,51.5878213],[-0.3919473,51.5877412],[-0.3919436,51.5877169],[-0.3919431,51.5877142],[-0.3919145,51.5875786],[-0.3919137,51.5875749],[-0.3919093,51.5875544],[-0.3918907,51.5874659],[-0.3918858,51.5874432],[-0.3918734,51.5873864],[-0.3918657,51.5873508],[-0.3918645,51.5873454],[-0.3918567,51.5873093],[-0.3918403,51.5872336],[-0.3918389,51.5872271],[-0.3918375,51.587221],[-0.3917938,51.5871281],[-0.3917916,51.5871234],[-0.3917669,51.5870709],[-0.3917582,51.5870524],[-0.3917543,51.587044],[-0.391753,51.5870412],[-0.3917497,51.5870343],[-0.3917406,51.587015],[-0.3917334,51.5869799],[-0.3917291,51.5869589],[-0.3917121,51.5868758],[-0.3917109,51.5868701],[-0.3916961,51.586798],[-0.3916926,51.5867807],[-0.3916918,51.586777],[-0.3916881,51.5867587],[-0.3916862,51.5867493],[-0.3916712,51.5866761],[-0.391667,51.586656],[-0.3916553,51.5865989],[-0.391641,51.586529],[-0.3916316,51.5864832],[-0.3916286,51.5864684],[-0.391626,51.5864557],[-0.3916109,51.586382],[-0.39161,51.586378],[-0.391595,51.5863046],[-0.3915934,51.586297],[-0.3915847,51.5862543],[-0.3915819,51.5862404],[-0.3915798,51.5862305],[-0.3915781,51.5862222],[-0.3915717,51.5861909],[-0.3915698,51.5861818],[-0.3915551,51.5861097],[-0.3915504,51.5860871],[-0.3915442,51.5860566],[-0.3915424,51.5860473],[-0.3915399,51.585979],[-0.3915396,51.5859703],[-0.3915384,51.5859368],[-0.3915382,51.5859301],[-0.3915347,51.5858341],[-0.3915346,51.5858306],[-0.3915298,51.5856995],[-0.3915293,51.5856855],[-0.3915292,51.5856813],[-0.3915288,51.5856701],[-0.3915286,51.5856669],[-0.3915276,51.5856383],[-0.3915243,51.5855468],[-0.391524,51.5855393],[-0.3915237,51.5855299],[-0.3915214,51.5854673],[-0.3915213,51.5854626],[-0.3915205,51.5854422],[-0.3915212,51.5853957],[-0.3915213,51.5853898],[-0.3915217,51.5853646],[-0.3915219,51.5853548],[-0.3915224,51.5852639],[-0.3915234,51.5852292],[-0.391525,51.585145],[-0.3915274,51.5849932],[-0.391452,51.5846496],[-0.3914498,51.5846396],[-0.3914479,51.584631],[-0.3914472,51.5846276],[-0.3914279,51.58454],[-0.3914271,51.5845361],[-0.3914135,51.5844743],[-0.3913568,51.584149],[-0.3913494,51.5841064],[-0.3913246,51.5841055],[-0.3912097,51.5841012],[-0.3912068,51.5840836],[-0.3912034,51.5840638],[-0.3911941,51.5840083],[-0.3911922,51.5839971],[-0.3911917,51.5839944],[-0.3911851,51.5839551],[-0.3911842,51.5839497],[-0.3911691,51.5838603],[-0.3911675,51.5838508],[-0.3911643,51.5838316],[-0.3911566,51.5837859],[-0.3911549,51.5837757],[-0.3911457,51.5837212],[-0.3911438,51.5837099],[-0.3911366,51.5836671],[-0.3911354,51.58366],[-0.3911324,51.5836421],[-0.3911312,51.5836352],[-0.391123,51.5835865],[-0.3911225,51.5835834],[-0.3911134,51.5835302],[-0.3911091,51.5835048],[-0.3911078,51.5834972],[-0.391103,51.5834688],[-0.3911008,51.5834563],[-0.3910961,51.5834282],[-0.3910913,51.5834003],[-0.3910875,51.5833779],[-0.391074,51.5832983],[-0.3910699,51.5832745],[-0.3910674,51.5832601],[-0.3910646,51.5832435],[-0.3910635,51.5832372],[-0.3910623,51.5832299],[-0.3910493,51.5831533],[-0.3910423,51.5831121],[-0.3910415,51.5831074],[-0.3910343,51.5830656],[-0.391069,51.5830629],[-0.391095,51.5830611],[-0.3911551,51.5830567],[-0.3911711,51.5830551],[-0.3911626,51.5830028],[-0.3911616,51.5829968],[-0.3911529,51.5829442],[-0.3911518,51.5829377],[-0.3911453,51.5828985],[-0.3911405,51.5828452],[-0.39114,51.5828398],[-0.3911354,51.5827897],[-0.3911345,51.5827796],[-0.3911305,51.5827361],[-0.3911301,51.5827315],[-0.3911261,51.5826868],[-0.3911251,51.5826762],[-0.3911217,51.5826392],[-0.3911207,51.5826281],[-0.3911203,51.5826237],[-0.3911164,51.5825803],[-0.3911121,51.5825337],[-0.3911108,51.5825195],[-0.3911087,51.5824965],[-0.3911006,51.5824074],[-0.3910986,51.5823852],[-0.3910979,51.5823774],[-0.391097,51.5823672],[-0.391096,51.5823564],[-0.3910916,51.5823079],[-0.3910906,51.5822971],[-0.3910871,51.5822586],[-0.3910855,51.5822414],[-0.3910828,51.5822119],[-0.3910825,51.5822086],[-0.3910822,51.582205],[-0.3910762,51.582139],[-0.3910758,51.5821343],[-0.3910696,51.5820665],[-0.391069,51.5820563],[-0.3910687,51.5820513],[-0.3910672,51.5820266],[-0.3910665,51.5820159],[-0.3910603,51.5819153],[-0.3910559,51.5818429],[-0.3910556,51.5818391],[-0.3910489,51.5817307],[-0.3910484,51.5817217],[-0.3910556,51.5817214],[-0.3912171,51.5817164],[-0.3912953,51.5817141],[-0.3915053,51.5817076],[-0.3915428,51.5816255],[-0.3915574,51.5815929],[-0.3915733,51.5815577],[-0.3915208,51.5815055],[-0.3914244,51.58141],[-0.3914156,51.5814012],[-0.3913849,51.5813707],[-0.3913646,51.5813507],[-0.3913368,51.5813229],[-0.3913088,51.581295],[-0.3912955,51.5812817],[-0.3912744,51.5812606],[-0.3912441,51.5812307],[-0.3912161,51.5812031],[-0.3911536,51.5811415],[-0.3911154,51.5811038],[-0.3911485,51.5810954],[-0.3912269,51.5810757],[-0.3912029,51.5810403],[-0.3911668,51.5809878],[-0.391142,51.580952],[-0.3911073,51.5809016],[-0.3910953,51.5808842],[-0.3909837,51.5807223],[-0.3908324,51.5805027],[-0.3905347,51.5801064],[-0.3904902,51.5800472],[-0.390484,51.5800389],[-0.3904702,51.5800205],[-0.3904675,51.5800169],[-0.3903757,51.5798947],[-0.390372,51.5798897],[-0.3903469,51.5798563],[-0.3902447,51.5797203],[-0.3902358,51.5797085],[-0.3902298,51.5797005],[-0.3901963,51.5796559],[-0.390162,51.5796088],[-0.3901546,51.5795986],[-0.3901516,51.5795944],[-0.3900923,51.5795131],[-0.3900853,51.5795035],[-0.3900445,51.5794474],[-0.3900423,51.5794444],[-0.3900389,51.5794398],[-0.3900003,51.5793868],[-0.3899684,51.579343],[-0.3899012,51.5792506],[-0.3898938,51.5792405],[-0.3897994,51.5791108],[-0.3897173,51.5789981],[-0.3897136,51.578993],[-0.3896787,51.5789451],[-0.3896699,51.5789331],[-0.3896604,51.5789199],[-0.3895672,51.5788043],[-0.3895587,51.5787937],[-0.3894652,51.5786777],[-0.3894175,51.5786186],[-0.3894152,51.5786156],[-0.3893322,51.5785128],[-0.3893302,51.5785103],[-0.3891778,51.5783211],[-0.3891009,51.5782256],[-0.3890835,51.5782041],[-0.3890214,51.578127],[-0.3889919,51.5781003],[-0.3887302,51.5778614],[-0.3887239,51.5778556],[-0.3886873,51.5778222],[-0.3886802,51.5778158],[-0.3886703,51.5778067],[-0.3886462,51.5777848],[-0.3886138,51.5777552],[-0.3885161,51.5775107],[-0.3884136,51.5772542],[-0.3883647,51.5770865],[-0.3883633,51.5770819],[-0.3883436,51.5770143],[-0.388342,51.5770088],[-0.3883199,51.5769332],[-0.3882839,51.57681],[-0.3882806,51.5767985],[-0.3882784,51.5767911],[-0.3882609,51.5767414],[-0.3882551,51.5767251],[-0.3882431,51.5766912],[-0.3882118,51.5766027],[-0.3882072,51.5765897],[-0.3881912,51.5765444],[-0.3881841,51.5765244],[-0.3881647,51.5764696],[-0.3881612,51.5764597],[-0.3881528,51.5764359],[-0.3881512,51.5764314],[-0.3881429,51.5764078],[-0.3881223,51.5763498],[-0.3881199,51.5763428],[-0.3881006,51.5762884],[-0.3880997,51.5762858],[-0.3880786,51.576226],[-0.3880726,51.5762091],[-0.3880708,51.576204],[-0.3880687,51.5761981],[-0.3880283,51.576084],[-0.3880173,51.5760529],[-0.388015,51.5760464],[-0.3879879,51.5759698],[-0.3879866,51.5759659],[-0.3879732,51.5759281],[-0.3879709,51.5759217],[-0.3879496,51.5758614],[-0.3879452,51.5758489],[-0.387935,51.5758201],[-0.3879316,51.5758104],[-0.3878957,51.5757091],[-0.3878886,51.5756889],[-0.3878858,51.5756811],[-0.3878834,51.5756743],[-0.3878814,51.5756685],[-0.3878792,51.5756627],[-0.3878698,51.5756449],[-0.3878623,51.5756307],[-0.3878582,51.5756229],[-0.3878516,51.5756104],[-0.3877792,51.5755187],[-0.3877735,51.5755114],[-0.3877679,51.5755065],[-0.3877248,51.5754694],[-0.3877044,51.5754519],[-0.3876902,51.5754396],[-0.3876826,51.575433],[-0.3876607,51.5754142],[-0.387559,51.5753265],[-0.3875137,51.5752875],[-0.387611,51.5752323],[-0.387663,51.5752028],[-0.3879508,51.57504],[-0.3879806,51.5750231],[-0.3880754,51.5749695],[-0.3880684,51.5749627],[-0.3880185,51.5749153],[-0.3880117,51.5749089],[-0.3879504,51.5748507],[-0.3879301,51.5748314],[-0.3879025,51.5748052],[-0.3878845,51.5747881],[-0.3877678,51.5746772],[-0.3877641,51.5746737],[-0.3877475,51.5746579],[-0.3876343,51.5745504],[-0.3876178,51.5745348],[-0.3875526,51.5744729],[-0.3875481,51.5744686],[-0.3875296,51.574451],[-0.3875268,51.5744482],[-0.3874749,51.574399],[-0.3874618,51.5743866],[-0.387458,51.5743829],[-0.3874136,51.5743279],[-0.3873715,51.5742759],[-0.3873359,51.574232],[-0.3873337,51.5742293],[-0.3872972,51.5741842],[-0.3872808,51.5741639],[-0.3872041,51.5740691],[-0.3871867,51.5740476],[-0.3871803,51.5740382],[-0.3870991,51.5739199],[-0.3870962,51.5739157],[-0.3870865,51.5739016],[-0.3869962,51.5737701],[-0.386968,51.5737289],[-0.3869543,51.573709],[-0.3869061,51.5736388],[-0.3869031,51.5736345],[-0.3868675,51.5735827],[-0.3868611,51.5735733],[-0.3868565,51.5735666],[-0.3868124,51.5735034],[-0.3867399,51.5733997],[-0.3867311,51.573387],[-0.3867279,51.5733825],[-0.3867196,51.5733706],[-0.3866955,51.5733362],[-0.3866617,51.5732877],[-0.3866244,51.5732447],[-0.3866137,51.5732324],[-0.3866079,51.5732257],[-0.3865796,51.573193],[-0.386573,51.5731854],[-0.386564,51.573175],[-0.3865334,51.5731397],[-0.386463,51.5730585],[-0.3864563,51.5730507],[-0.3864204,51.5730093],[-0.3864158,51.5730039],[-0.3864122,51.5729998],[-0.3863717,51.572953],[-0.3862743,51.5728407],[-0.3862715,51.5728375],[-0.3862626,51.5728272],[-0.3862573,51.572821],[-0.3862434,51.572805],[-0.3862396,51.5728006],[-0.3861935,51.5727475],[-0.3861803,51.5727322],[-0.3861355,51.5726805],[-0.3860833,51.5726203],[-0.3860757,51.5726115],[-0.3860537,51.5725861],[-0.3860432,51.572574],[-0.3860388,51.5725689],[-0.3859867,51.5725088],[-0.3859569,51.5724699],[-0.3859432,51.5724519],[-0.3859296,51.5724342],[-0.3858226,51.5722945],[-0.3858168,51.5722869],[-0.385712,51.5721501],[-0.3857095,51.5721468],[-0.3857504,51.5721121],[-0.3858082,51.572063],[-0.3858313,51.5720434],[-0.3858412,51.572035],[-0.3858683,51.572012],[-0.3860452,51.5718617],[-0.3860479,51.5718594],[-0.3860545,51.5718538],[-0.3860737,51.5718396],[-0.3861783,51.5717621],[-0.3862115,51.5717376],[-0.3862812,51.5716859],[-0.3862847,51.5716833],[-0.3863642,51.5716245],[-0.3864077,51.5715922],[-0.3864603,51.5715532],[-0.3861426,51.5711969],[-0.3859914,51.5710276],[-0.3859887,51.5710246],[-0.3859347,51.5709638],[-0.3858999,51.5709172],[-0.3858923,51.570907],[-0.3858392,51.5708362],[-0.3857626,51.5707344],[-0.3856855,51.5706324],[-0.3856326,51.5705707],[-0.3855902,51.5705208],[-0.3854646,51.5703731],[-0.3853858,51.5702804],[-0.3850646,51.5699026],[-0.3850247,51.5698549],[-0.3846303,51.569335],[-0.3845307,51.5691746],[-0.3845076,51.5691371],[-0.3845103,51.56913],[-0.3845142,51.5691199],[-0.3845468,51.5690343],[-0.3845178,51.5689983],[-0.3844671,51.5689356],[-0.3844522,51.5689173],[-0.384382,51.5688305],[-0.3843317,51.5687683],[-0.3843215,51.5687533],[-0.3843172,51.568747],[-0.3842871,51.5687028],[-0.3842554,51.5686561],[-0.3841692,51.5685295],[-0.3841561,51.5685102],[-0.3841208,51.5684584],[-0.3841057,51.5684362],[-0.383979,51.56825],[-0.3839361,51.5681871],[-0.3839321,51.5681811],[-0.3838241,51.5680224],[-0.3838205,51.5680171],[-0.3838013,51.5679889],[-0.3837964,51.5679818],[-0.3837325,51.5678879],[-0.3837041,51.5678461],[-0.3837007,51.5678411],[-0.3836945,51.567832],[-0.3836876,51.5678219],[-0.3836455,51.56776],[-0.3835808,51.5676649],[-0.3835766,51.5676588],[-0.3835127,51.5675649],[-0.3835104,51.5675615],[-0.3834825,51.5675206],[-0.3834263,51.5674379],[-0.3834169,51.5674242],[-0.3833944,51.567391],[-0.3833826,51.5673737],[-0.3833729,51.5673599],[-0.3833444,51.5673176],[-0.3833367,51.5673062],[-0.383298,51.5672494],[-0.3834639,51.5671686],[-0.3834762,51.5671626],[-0.3834806,51.5671604],[-0.3834358,51.5670758],[-0.3834344,51.5670732],[-0.383398,51.5670044],[-0.3833898,51.5669891],[-0.3833499,51.5669137],[-0.3833465,51.5669072],[-0.3833421,51.566899],[-0.3833355,51.5668865],[-0.3833219,51.5668609],[-0.3833159,51.5668495],[-0.3832859,51.5667928],[-0.3832784,51.5667787],[-0.3832741,51.5667706],[-0.3832645,51.5667524],[-0.3832621,51.566748],[-0.3832375,51.5667015],[-0.3832351,51.5666969],[-0.3832248,51.5666775],[-0.3832233,51.5666747],[-0.3832121,51.5666537],[-0.3832082,51.5666462],[-0.3831849,51.5666023],[-0.3831825,51.5665978],[-0.3831795,51.5665919],[-0.3831729,51.5665796],[-0.3831666,51.5665677],[-0.3831627,51.5665603],[-0.3831576,51.5665506],[-0.3831541,51.5665441],[-0.3831476,51.5665318],[-0.3831213,51.5664822],[-0.3831179,51.5664758],[-0.3831076,51.5664564],[-0.3830879,51.5664191],[-0.3830848,51.5664132],[-0.3830769,51.5663983],[-0.3830443,51.5663369],[-0.3830351,51.5663195],[-0.3830244,51.5662993],[-0.3830066,51.5662657],[-0.3830018,51.5662567],[-0.3829991,51.5662515],[-0.3829951,51.5662439],[-0.3829727,51.5662016],[-0.3829696,51.5661946],[-0.3829605,51.5661742],[-0.3829552,51.5661623],[-0.3829457,51.5661407],[-0.3829351,51.566117],[-0.3829203,51.5660835],[-0.3829144,51.5660702],[-0.3828902,51.5660156],[-0.3828868,51.5660081],[-0.3828786,51.5659895],[-0.382877,51.5659859],[-0.3828666,51.5659625],[-0.3828624,51.5659524],[-0.382844,51.5659076],[-0.3828341,51.5658837],[-0.3828289,51.5658712],[-0.3828118,51.5658296],[-0.3828083,51.5658213],[-0.3827999,51.5658009],[-0.3827983,51.5657969],[-0.3827909,51.5657791],[-0.3827879,51.5657716],[-0.3827829,51.5657598],[-0.3827594,51.5657028],[-0.3827489,51.5656772],[-0.3827463,51.5656709],[-0.3827448,51.5656672],[-0.3827433,51.5656638],[-0.3827244,51.5656178],[-0.3827212,51.5656102],[-0.3827084,51.5655791],[-0.3827044,51.5655695],[-0.3826978,51.5655533],[-0.3826954,51.5655475],[-0.3826703,51.5654867],[-0.3826679,51.5654799],[-0.3826557,51.5654462],[-0.382652,51.5654358],[-0.3826487,51.5654267],[-0.3826387,51.5653988],[-0.3826302,51.5653753],[-0.3826246,51.5653598],[-0.3826173,51.5653394],[-0.382607,51.5653108],[-0.3826055,51.5653068],[-0.3825981,51.5652861],[-0.3825952,51.5652781],[-0.3825938,51.5652741],[-0.3825637,51.5651907],[-0.3825625,51.5651878],[-0.3825399,51.5651245],[-0.3825338,51.5651074],[-0.3825267,51.5650878],[-0.3825166,51.5650598],[-0.3825155,51.5650567],[-0.3825109,51.565044],[-0.3824985,51.5650094],[-0.3824946,51.5649986],[-0.3824931,51.5649941],[-0.3824824,51.5649608],[-0.3824799,51.5649533],[-0.3824703,51.5649236],[-0.3824621,51.5648981],[-0.38246,51.5648916],[-0.382454,51.5648731],[-0.3824399,51.5648297],[-0.3824218,51.5647739],[-0.3824194,51.5647663],[-0.3824153,51.5647536],[-0.3824042,51.5647196],[-0.3824007,51.5647087],[-0.3823994,51.5646994],[-0.3823985,51.5646928],[-0.382394,51.5646601],[-0.3823907,51.5646362],[-0.3823802,51.5645607],[-0.3823778,51.5645435],[-0.3823773,51.5645394],[-0.3823759,51.5645298],[-0.3823771,51.56448],[-0.3823773,51.5644684],[-0.3823776,51.5644587],[-0.3823785,51.5644528],[-0.3823794,51.5644474],[-0.382381,51.5644369],[-0.3823842,51.5644167],[-0.382385,51.5644118],[-0.3823855,51.564409],[-0.382395,51.5643487],[-0.3824021,51.5643043],[-0.3824135,51.5642672],[-0.382416,51.5642593],[-0.3824281,51.5642199],[-0.3824336,51.5642019],[-0.3824349,51.5641979],[-0.382456,51.5641292],[-0.3824582,51.5641221],[-0.3824595,51.5641179],[-0.3824674,51.5640919],[-0.3824697,51.5640844],[-0.3824849,51.5640352],[-0.3824904,51.5640172],[-0.3824962,51.5639986],[-0.3824987,51.5639904],[-0.3825009,51.5639833],[-0.3825029,51.5639768],[-0.3825044,51.5639615],[-0.3825064,51.563941],[-0.3825114,51.5638909],[-0.3825148,51.5638559],[-0.3825134,51.5638384],[-0.3825131,51.5638346],[-0.3825112,51.5638107],[-0.3825042,51.5637254],[-0.3825038,51.5637208],[-0.3824825,51.5636709],[-0.3824777,51.5636598],[-0.3824681,51.5636374],[-0.3824603,51.5636191],[-0.3824435,51.5635798],[-0.3824308,51.5635653],[-0.3824211,51.5635543],[-0.3823843,51.5635122],[-0.3823816,51.5635091],[-0.382377,51.5635039],[-0.3823707,51.5634968],[-0.3823468,51.5634694],[-0.3823426,51.5634647],[-0.3823373,51.5634586],[-0.3823079,51.563425],[-0.3822668,51.5633781],[-0.3822411,51.5633487],[-0.3822317,51.563338],[-0.3822292,51.5633352],[-0.3821887,51.563289],[-0.3821698,51.5632704],[-0.3821661,51.5632667],[-0.3821534,51.5632542],[-0.3821422,51.5632431],[-0.3820973,51.5631989],[-0.3820712,51.5631731],[-0.3820627,51.5631648],[-0.3819988,51.5631011],[-0.3819922,51.5630945],[-0.3819696,51.5630719],[-0.3819879,51.5630642],[-0.3820387,51.5630426],[-0.3820572,51.5630348],[-0.3820814,51.5630245],[-0.3820855,51.5630228],[-0.3821312,51.5630034],[-0.3821486,51.562996],[-0.3822214,51.5629649],[-0.3822866,51.562937],[-0.3823817,51.5628963],[-0.3823482,51.5628635],[-0.3821493,51.5626754],[-0.3821405,51.5626671],[-0.3821339,51.5626608],[-0.382115,51.5626429],[-0.3820964,51.5626253],[-0.3820018,51.5625358],[-0.3819959,51.5625303],[-0.3819887,51.5625235],[-0.3819732,51.5625089],[-0.3819689,51.5625048],[-0.3819128,51.562452],[-0.3818898,51.5624304],[-0.3818867,51.5624274],[-0.3818756,51.562417],[-0.3818579,51.5623988],[-0.3818296,51.5623698],[-0.3818094,51.5623491],[-0.3818054,51.5623449],[-0.3817647,51.5623031],[-0.3816954,51.5622315],[-0.3816921,51.5622282],[-0.3816899,51.5622259],[-0.381633,51.5621671],[-0.3816173,51.562151],[-0.3815802,51.5621128],[-0.3815694,51.5621015],[-0.3815541,51.5620857],[-0.3815295,51.5620603],[-0.3815222,51.5620528],[-0.3815185,51.5620491],[-0.3815128,51.5620432],[-0.3815073,51.5620375],[-0.3815025,51.5620325],[-0.3814987,51.5620286],[-0.3814832,51.5620126],[-0.3814607,51.5619894],[-0.3814563,51.5619849],[-0.3814539,51.5619823],[-0.38143,51.5619577],[-0.3814054,51.5619324],[-0.3813918,51.5619182],[-0.3813527,51.5618757],[-0.3813486,51.5618712],[-0.3813053,51.5618241],[-0.3812896,51.5618071],[-0.3812823,51.5617991],[-0.3812706,51.5617863],[-0.3812671,51.5617825],[-0.3812351,51.5617477],[-0.3812278,51.5617398],[-0.3812218,51.5617332],[-0.381218,51.5617291],[-0.3811899,51.5616985],[-0.3811855,51.5616937],[-0.3811804,51.5616882],[-0.3811637,51.56167],[-0.3811556,51.5616611],[-0.3811452,51.5616498],[-0.3811205,51.5616229],[-0.3810523,51.5615487],[-0.3810422,51.5615377],[-0.3810127,51.5615056],[-0.3810063,51.5614986],[-0.380971,51.5614602],[-0.3809629,51.5614513],[-0.3808796,51.561348],[-0.380871,51.5613374],[-0.3808512,51.5613128],[-0.3808134,51.5612659],[-0.3807875,51.5612338],[-0.3807756,51.561219],[-0.3807695,51.5612114],[-0.3807649,51.5612057],[-0.3807578,51.5611969],[-0.3807555,51.5611941],[-0.3806799,51.5611003],[-0.3806767,51.5610963],[-0.3806669,51.5610841],[-0.3806564,51.5610711],[-0.3806542,51.5610683],[-0.380647,51.5610593],[-0.3806185,51.5610239],[-0.3806139,51.5610182],[-0.3806034,51.5610051],[-0.3805978,51.5609982],[-0.3805929,51.5609927],[-0.3805219,51.5609132],[-0.3805063,51.5608927],[-0.3804899,51.5608714],[-0.3804825,51.5608617],[-0.3804675,51.5608421],[-0.3804614,51.5608342],[-0.3804572,51.5608271],[-0.3804411,51.5607996],[-0.380417,51.5607582],[-0.3804064,51.5607334],[-0.3804002,51.5607189],[-0.3803913,51.5606981],[-0.380385,51.5606832],[-0.38036,51.5605992],[-0.3803531,51.5605593],[-0.3803496,51.56054],[-0.3803451,51.5605126],[-0.3803448,51.5603912],[-0.3803557,51.5603273],[-0.3803595,51.5603146],[-0.3803714,51.5602723],[-0.3803736,51.5602646],[-0.3803764,51.5602548],[-0.3804138,51.5601242],[-0.3804147,51.5600621],[-0.3804148,51.5600565],[-0.3804186,51.5597857],[-0.3804195,51.5597179],[-0.3804197,51.5597046],[-0.3803574,51.559696],[-0.3803158,51.5596904],[-0.3801586,51.5596693],[-0.380145,51.559645],[-0.380128,51.5596149],[-0.3801115,51.5595856],[-0.3801091,51.559582],[-0.3800897,51.559546],[-0.3800358,51.5594464],[-0.3800419,51.5594404],[-0.3800522,51.5594301],[-0.3800641,51.5594184],[-0.380106,51.5593768],[-0.3801367,51.5593464],[-0.3801529,51.5593231],[-0.3802089,51.5592424],[-0.3802336,51.5592032],[-0.380294,51.5591074],[-0.3802805,51.5590853],[-0.3802444,51.5590257],[-0.3801249,51.5588285],[-0.3801217,51.5588246],[-0.3800414,51.5587264],[-0.3800314,51.5587141],[-0.3799581,51.5586246],[-0.3799537,51.5586192],[-0.3799413,51.5586041],[-0.3799359,51.5585975],[-0.3799142,51.5585709],[-0.379912,51.5585682],[-0.3798725,51.5585199],[-0.379866,51.558512],[-0.3798553,51.5584989],[-0.3798473,51.5584891],[-0.3798099,51.5584435],[-0.3797871,51.5584085],[-0.3797819,51.5584005],[-0.379728,51.5583178],[-0.3797259,51.5583146],[-0.3797233,51.5583106],[-0.3796696,51.5582282],[-0.3796627,51.5582177],[-0.3796341,51.5581738],[-0.3796312,51.5581693],[-0.3795987,51.5581195],[-0.3795961,51.5581157],[-0.3795919,51.5581096],[-0.3795594,51.5580624],[-0.3795475,51.558045],[-0.3795058,51.5579844],[-0.3794808,51.5579479],[-0.3794376,51.5578851],[-0.3794066,51.55784],[-0.379387,51.5578116],[-0.3793708,51.5577836],[-0.3793691,51.5577807],[-0.3793311,51.5577147],[-0.3793084,51.5576755],[-0.3792939,51.5576504],[-0.3792675,51.5576048],[-0.3792646,51.5575997],[-0.3792587,51.5575896],[-0.3792404,51.5575447],[-0.3792344,51.5575301],[-0.3792201,51.5574951],[-0.3791901,51.5574218],[-0.3791857,51.557411],[-0.3791691,51.5573705],[-0.3791668,51.557365],[-0.3791601,51.5573486],[-0.3791469,51.5573161],[-0.379141,51.5573017],[-0.3791279,51.5572736],[-0.3791164,51.5572491],[-0.3791116,51.5572388],[-0.3791058,51.5572264],[-0.3790837,51.557179],[-0.3790718,51.5571536],[-0.3790685,51.5571465],[-0.3790627,51.5571342],[-0.379053,51.5571133],[-0.379037,51.557079],[-0.379035,51.5570747],[-0.3790335,51.5570706],[-0.3790191,51.557029],[-0.3790153,51.5570182],[-0.3790059,51.5569912],[-0.3789985,51.5569698],[-0.3789767,51.5569073],[-0.3789758,51.5569047],[-0.378972,51.5568937],[-0.3789428,51.5568189],[-0.3789347,51.5567982],[-0.37893,51.5567862],[-0.3789281,51.5567814],[-0.3789039,51.5567194],[-0.3789015,51.5567133],[-0.3788846,51.5566699],[-0.3788798,51.5566576],[-0.3788585,51.5566203],[-0.3788568,51.5566173],[-0.3788114,51.5565375],[-0.3787829,51.5564874],[-0.3787775,51.5564779],[-0.378775,51.5564737],[-0.3787187,51.5563913],[-0.378715,51.5563859],[-0.3786953,51.5563571],[-0.3786887,51.5563473],[-0.3786508,51.5562919],[-0.3786482,51.5562881],[-0.3786263,51.5562562],[-0.3786224,51.5562519],[-0.3785701,51.5561932],[-0.3785241,51.5561416],[-0.3785134,51.5561296],[-0.3784876,51.5561006],[-0.3784015,51.556004],[-0.3783987,51.5560009],[-0.3783708,51.5559696],[-0.3783567,51.5559537],[-0.3783229,51.5559158],[-0.3782803,51.5558588],[-0.3782743,51.5558508],[-0.3782521,51.555822],[-0.3781831,51.5557288],[-0.3781751,51.5557166],[-0.3780575,51.5555342],[-0.3780292,51.5554904],[-0.3780237,51.5554819],[-0.3780161,51.555443],[-0.3779951,51.5553359],[-0.3779886,51.5552267],[-0.3779866,51.5551928],[-0.3779863,51.5551868],[-0.377984,51.5551492],[-0.3779821,51.555117],[-0.3779764,51.5551056],[-0.3778948,51.5549444],[-0.3778412,51.5548389],[-0.3777669,51.5546929],[-0.3777959,51.5546817],[-0.3779309,51.5546294],[-0.378052,51.5545824],[-0.3785184,51.5544017],[-0.3785436,51.5543919],[-0.3788863,51.5542591],[-0.3789372,51.5542394],[-0.37898,51.5542228],[-0.3789881,51.5542196],[-0.3789936,51.5542175],[-0.3790422,51.5541987],[-0.3790709,51.5541876],[-0.3791372,51.5541578],[-0.3791509,51.5541516],[-0.379155,51.5541498],[-0.3791593,51.5541479],[-0.3791659,51.5541449],[-0.3794267,51.5540278],[-0.3794617,51.5540121],[-0.3794817,51.5540031],[-0.3795001,51.5539949],[-0.3795242,51.5539841],[-0.3795548,51.5539703],[-0.3795664,51.5539651],[-0.3796346,51.5539345],[-0.3796997,51.5539053],[-0.3797063,51.5539023],[-0.3797315,51.553891],[-0.3798535,51.5538362],[-0.3799647,51.5537863],[-0.3800469,51.5537494],[-0.3800578,51.5537445],[-0.3800861,51.5537318],[-0.3801003,51.5537254],[-0.3801267,51.5537135],[-0.3801335,51.5537105],[-0.3801716,51.5536934],[-0.3801935,51.5536835],[-0.3802109,51.5536752],[-0.3803002,51.5536321],[-0.3803542,51.553606],[-0.3804277,51.5535706],[-0.3804383,51.5535655],[-0.3805763,51.5534988],[-0.3806394,51.5534683],[-0.3806587,51.5534591],[-0.380669,51.553452],[-0.380675,51.5534479],[-0.3807545,51.5533932],[-0.3807626,51.5533876],[-0.3807736,51.55338],[-0.3808241,51.5533454],[-0.3808276,51.553343],[-0.3808392,51.553335],[-0.3808535,51.5533251],[-0.3808656,51.5533192],[-0.3809532,51.5532763],[-0.3809569,51.5532745],[-0.3811765,51.5531671],[-0.3812249,51.5531434],[-0.3812566,51.5531279],[-0.3812713,51.5531207],[-0.3812841,51.5531144],[-0.381361,51.5530768],[-0.3815096,51.5530041],[-0.3815378,51.5529884],[-0.3815997,51.5529539],[-0.3816038,51.5529517],[-0.3816313,51.5529363],[-0.3816429,51.5529299],[-0.3817566,51.5528666],[-0.3817915,51.5528472],[-0.3818154,51.5528339],[-0.3818384,51.5528212],[-0.3818489,51.5528127],[-0.3818539,51.5528087],[-0.3819572,51.5527257],[-0.3820478,51.5526803],[-0.3820687,51.5526699],[-0.3820757,51.5526664],[-0.3825443,51.5524319],[-0.3829723,51.5522177],[-0.3832653,51.5520764],[-0.3837461,51.5518446],[-0.3837556,51.5518401],[-0.3838122,51.5518128],[-0.383916,51.5517627],[-0.3841251,51.5516666],[-0.3843752,51.5515516],[-0.3846881,51.5514078],[-0.3848752,51.5513314],[-0.3849483,51.5513016],[-0.3851517,51.5512186],[-0.3852703,51.5511702],[-0.3857588,51.5510329],[-0.3861936,51.5509107],[-0.3864534,51.5508316],[-0.3867796,51.5507323],[-0.3869996,51.5506652],[-0.3873804,51.550578],[-0.3874241,51.550568],[-0.3875384,51.5505416],[-0.3877203,51.5504763],[-0.3878359,51.5504348],[-0.3880686,51.5503513],[-0.3883337,51.5502439],[-0.3884518,51.550196],[-0.3885595,51.5501524],[-0.3885757,51.5501458],[-0.3885895,51.5501412],[-0.3889046,51.5500358],[-0.3889547,51.5500583],[-0.3890955,51.5501413],[-0.3891886,51.5501112],[-0.389697,51.5499465],[-0.3899871,51.5498526],[-0.3901994,51.5497838],[-0.3919551,51.5492694],[-0.3928289,51.5489898],[-0.3934593,51.548842],[-0.3934856,51.5488358],[-0.3939453,51.5486968],[-0.3939874,51.5486881],[-0.3941565,51.5486532],[-0.3941891,51.5486465],[-0.3943768,51.5486722],[-0.394444,51.5486814],[-0.3949869,51.5487559],[-0.3950484,51.5485706],[-0.3950823,51.5484671],[-0.3950802,51.5484541],[-0.3950802,51.5484538],[-0.3950432,51.5482228],[-0.395038,51.5481907],[-0.395034,51.5481654],[-0.3950246,51.5481139],[-0.3950182,51.5480783],[-0.3950074,51.5480193],[-0.3950053,51.5480075],[-0.394992,51.5479315],[-0.394967,51.547788],[-0.3949665,51.5477852],[-0.3949446,51.5476601],[-0.3959225,51.5476875],[-0.3965043,51.5477156],[-0.3970277,51.5477625],[-0.3971568,51.5477781],[-0.3971577,51.5477782],[-0.3972673,51.5477915],[-0.3975824,51.5478295],[-0.3979471,51.5478894],[-0.3983384,51.5479515],[-0.3984903,51.5479696],[-0.3986055,51.5479834],[-0.3987292,51.5479634],[-0.3987134,51.5479291],[-0.3985588,51.5475955],[-0.398483,51.5476173],[-0.3984722,51.5475916],[-0.3984474,51.5475331],[-0.3984233,51.5474762],[-0.3983908,51.5473993],[-0.3983893,51.5473956],[-0.3983264,51.547247],[-0.3984058,51.5472354],[-0.3984191,51.5472334],[-0.3983786,51.5471078],[-0.3983067,51.5468844],[-0.3980712,51.5461526],[-0.3979132,51.5457127],[-0.3974732,51.5457547],[-0.3970237,51.5458903],[-0.3970175,51.5458922],[-0.3969819,51.5459029],[-0.3969361,51.5459167],[-0.3965212,51.5459953],[-0.3964217,51.5458663],[-0.3964186,51.5458623],[-0.3963714,51.5458012],[-0.3963683,51.5457971],[-0.3963188,51.545733],[-0.3963163,51.5457298],[-0.3963137,51.5457253],[-0.3962654,51.5456403],[-0.3962611,51.5456327],[-0.3962343,51.5455856],[-0.3962313,51.5455799],[-0.3962245,51.5455668],[-0.3961823,51.5454866],[-0.3961799,51.545482],[-0.3961639,51.5454516],[-0.3961566,51.5454377],[-0.3961553,51.5454331],[-0.3961501,51.5454151],[-0.396146,51.5454011],[-0.3961156,51.545296],[-0.3961098,51.545276],[-0.3961052,51.5452604],[-0.3961034,51.5452543],[-0.3960943,51.5452228],[-0.3960572,51.5451605],[-0.3960515,51.5451509],[-0.3960181,51.5450949],[-0.3960025,51.5450688],[-0.3959847,51.545039],[-0.3959673,51.5450098],[-0.3959145,51.5449214],[-0.3958883,51.5448774],[-0.3958826,51.5448678],[-0.3958373,51.5447918],[-0.3958372,51.544789],[-0.395837,51.5447723],[-0.3958361,51.5447201],[-0.3958359,51.5447063],[-0.3958356,51.544691],[-0.3958356,51.5446869],[-0.3958353,51.5446791],[-0.3958334,51.5446208],[-0.3958209,51.5445672],[-0.3958175,51.5445528],[-0.3957956,51.5444588],[-0.3957664,51.5443338],[-0.3957647,51.5443256],[-0.3957621,51.5443132],[-0.395744,51.5442257],[-0.3957408,51.5442103],[-0.3957374,51.544194],[-0.3957292,51.5441543],[-0.3957063,51.544044],[-0.3955773,51.544047],[-0.395564,51.5440088],[-0.3955613,51.5440008],[-0.395469,51.5437353],[-0.3954623,51.5437158],[-0.3954558,51.5436604],[-0.3954548,51.5436519],[-0.3954408,51.5435311],[-0.3954371,51.5434995],[-0.395432,51.5434557],[-0.3953775,51.542987],[-0.3953074,51.5425996],[-0.3954962,51.542579],[-0.395669,51.5425607],[-0.3957813,51.5425488],[-0.3961244,51.5425124],[-0.3961645,51.5425082],[-0.3970701,51.5424121],[-0.3975278,51.5423676],[-0.3975796,51.5423625],[-0.3976562,51.5423551],[-0.3981987,51.5423827],[-0.3982067,51.5423832],[-0.3982117,51.5423834],[-0.3982214,51.5423839],[-0.3991649,51.542432],[-0.3995111,51.542436],[-0.4003938,51.542446],[-0.4014088,51.5425199],[-0.4018965,51.5425474],[-0.4019347,51.5425496],[-0.4019348,51.5425496],[-0.4024014,51.5425759],[-0.4024885,51.5425771],[-0.4032393,51.5425872],[-0.4032619,51.5425875],[-0.4032951,51.5425879],[-0.4033329,51.5425868],[-0.4037251,51.5425754],[-0.4038815,51.5425709],[-0.4043202,51.542554],[-0.4047218,51.5425185],[-0.4048522,51.542507],[-0.4050153,51.5424862],[-0.4054172,51.542435],[-0.4067902,51.542204],[-0.4069111,51.5421836],[-0.4069512,51.5421769],[-0.4072125,51.5421266],[-0.4074597,51.542079],[-0.4079872,51.5419774],[-0.4080514,51.541965],[-0.4081657,51.5419429],[-0.4081645,51.5419253],[-0.4081579,51.5418311],[-0.4084404,51.5417842],[-0.408657,51.5417482],[-0.4087148,51.5417386],[-0.4089068,51.5417067],[-0.408913,51.5417057],[-0.4089131,51.5417057],[-0.4093749,51.541629],[-0.4095802,51.5415897],[-0.4096176,51.5415825],[-0.4096998,51.5415668],[-0.4102886,51.541454],[-0.410317,51.5414496],[-0.4107975,51.5413736],[-0.4108892,51.5413591],[-0.4109846,51.541344],[-0.4111335,51.5413138],[-0.4113861,51.5412624],[-0.4120026,51.541137],[-0.4126035,51.541008],[-0.4126224,51.541004],[-0.4128154,51.5409784],[-0.4134214,51.540898],[-0.4137478,51.5408496],[-0.4140692,51.540802],[-0.4142492,51.5407676],[-0.4143571,51.540747],[-0.4146584,51.5406894],[-0.414697,51.5406821],[-0.4150042,51.540607],[-0.4152641,51.5405211],[-0.4153134,51.5405069],[-0.4156838,51.5403999],[-0.4159895,51.5403059],[-0.4160117,51.5402991],[-0.4161481,51.540266],[-0.4161675,51.5402628],[-0.4163851,51.540228],[-0.4164786,51.540218],[-0.4165248,51.540213],[-0.4165855,51.5402091],[-0.4166009,51.5402081],[-0.4168789,51.54019],[-0.4171193,51.5401611],[-0.4172958,51.54014],[-0.417312,51.540139],[-0.4173738,51.540135],[-0.4177159,51.5401341],[-0.4178372,51.5401241],[-0.4180209,51.540109],[-0.4181454,51.5401112],[-0.4181939,51.540112],[-0.4182278,51.540117],[-0.4183225,51.540131],[-0.4183689,51.540146],[-0.4184328,51.540174],[-0.4184907,51.5402069],[-0.4185348,51.5402483],[-0.4185983,51.5402492],[-0.4186469,51.5402501],[-0.4187188,51.5402569],[-0.4187895,51.5402712],[-0.4187989,51.540273],[-0.4189197,51.5403109],[-0.4189568,51.5403309],[-0.4190345,51.5403858],[-0.4190646,51.540407],[-0.4190724,51.5404096],[-0.4191234,51.5404269],[-0.4192034,51.540445],[-0.4192678,51.5404509],[-0.4193274,51.5404434],[-0.4194074,51.5404111],[-0.419446,51.5403783],[-0.4194747,51.5403539],[-0.4194923,51.5403315],[-0.4195044,51.540316],[-0.4195154,51.5402958],[-0.4195246,51.540279],[-0.4195335,51.5402488],[-0.4195364,51.540239],[-0.4195366,51.5402285],[-0.4195396,51.540095],[-0.4195286,51.54002],[-0.4195077,51.53996],[-0.4194656,51.5399031],[-0.4193645,51.5398463],[-0.4190239,51.5396551],[-0.4189864,51.539634],[-0.4189057,51.5395841],[-0.4188666,51.5395532],[-0.4187247,51.5394091],[-0.4186908,51.5393849],[-0.4186863,51.5393825],[-0.4186186,51.5393502],[-0.4185694,51.5393391],[-0.4183838,51.539312],[-0.418297,51.5392816],[-0.4182577,51.5392461],[-0.4182208,51.539178],[-0.4182219,51.5391471],[-0.4182355,51.5391181],[-0.4182669,51.5390972],[-0.4183476,51.5390742],[-0.4184216,51.5390532],[-0.4185937,51.5389771],[-0.4187016,51.5389441],[-0.4191145,51.5388622],[-0.4193202,51.5388105],[-0.4193414,51.5388052],[-0.4194044,51.5387828],[-0.4194595,51.5387632],[-0.4195903,51.5386942],[-0.4196372,51.5386542],[-0.4196544,51.5386272],[-0.4196563,51.5385972],[-0.4196325,51.5385441],[-0.4195816,51.5384839],[-0.4195656,51.538465],[-0.4194745,51.5383573],[-0.4194143,51.5383067],[-0.4193976,51.5382926],[-0.4193935,51.5382891],[-0.4193876,51.5382859],[-0.4193321,51.5382556],[-0.4193223,51.5382503],[-0.4192954,51.5382397],[-0.4192485,51.5382213],[-0.4191909,51.5382095],[-0.4191695,51.5382051],[-0.4191456,51.5382002],[-0.4189723,51.5381933],[-0.4188998,51.5381812],[-0.4188626,51.5381729],[-0.4187486,51.5381473],[-0.4186637,51.5381241],[-0.4186561,51.538122],[-0.4183455,51.5380373],[-0.4181017,51.5379931],[-0.4179537,51.5379663],[-0.4177167,51.5379413],[-0.4176487,51.5379273],[-0.4175784,51.5379002],[-0.4175337,51.5378653],[-0.4175006,51.5378184],[-0.4174797,51.5377594],[-0.4174754,51.5376603],[-0.4174915,51.5376133],[-0.4175625,51.537493],[-0.4175729,51.5374754],[-0.4175871,51.5374359],[-0.4175939,51.5374171],[-0.4176414,51.5372004],[-0.4177015,51.5370393],[-0.41771,51.5369966],[-0.4177108,51.5369924],[-0.4177005,51.5368863],[-0.4176688,51.5368155],[-0.4176384,51.5367804],[-0.4175955,51.5367444],[-0.4175435,51.5367104],[-0.4173495,51.5366135],[-0.4172723,51.536581],[-0.4172687,51.5365795],[-0.41719,51.5365551],[-0.4171106,51.5365395],[-0.4170823,51.5365359],[-0.4170298,51.5365294],[-0.4169814,51.5365308],[-0.4169238,51.5365324],[-0.4167268,51.5365475],[-0.4164799,51.5365745],[-0.4164046,51.5365861],[-0.4160445,51.5366414],[-0.4159706,51.5366466],[-0.4159307,51.5366494],[-0.4158936,51.5366494],[-0.4157937,51.5366494],[-0.4156299,51.5366445],[-0.4154621,51.5366517],[-0.4153988,51.5366544],[-0.4153574,51.536613],[-0.4153483,51.5366039],[-0.4153254,51.536581],[-0.415266,51.5365216],[-0.4151727,51.5363795],[-0.4151512,51.5363509],[-0.415145,51.5363427],[-0.4150409,51.5362045],[-0.4149942,51.5361585],[-0.4149889,51.5361532],[-0.4149626,51.5361273],[-0.4149361,51.5361078],[-0.414868,51.5360576],[-0.4147811,51.5360056],[-0.414723,51.5359796],[-0.4146465,51.5359584],[-0.4146419,51.5359574],[-0.4145451,51.5359365],[-0.4140568,51.5358825],[-0.4140031,51.5358696],[-0.413951,51.5358516],[-0.4139196,51.5358355],[-0.4139041,51.5358275],[-0.41384,51.5357786],[-0.4138244,51.5357591],[-0.4138134,51.5357453],[-0.4137334,51.5356453],[-0.4136889,51.5355897],[-0.4136883,51.5355691],[-0.4136831,51.5353855],[-0.4136806,51.5352976],[-0.413678,51.5352047],[-0.4136757,51.5351902],[-0.4136489,51.5350177],[-0.4136041,51.5348928],[-0.413538,51.5347848],[-0.413511,51.5347568],[-0.4134657,51.5347247],[-0.413406,51.5346937],[-0.4133322,51.5346657],[-0.4132768,51.5346525],[-0.4132401,51.5346438],[-0.4131502,51.5346333],[-0.4130772,51.5346247],[-0.4128473,51.5346268],[-0.4126284,51.5346287],[-0.4126202,51.5346288],[-0.4125888,51.5346266],[-0.4125321,51.5346227],[-0.4124492,51.5346107],[-0.412353,51.5345898],[-0.4122741,51.5345658],[-0.4122102,51.5345387],[-0.4121977,51.5345315],[-0.412161,51.5345107],[-0.4121557,51.5345077],[-0.4121452,51.5345018],[-0.4120851,51.5344567],[-0.4120813,51.5344526],[-0.4120763,51.5344471],[-0.4120217,51.5343876],[-0.412,51.5343638],[-0.4119713,51.5343198],[-0.4118579,51.5341279],[-0.4115389,51.5342138],[-0.4114016,51.5342507],[-0.4111191,51.5343268],[-0.4110385,51.5342345],[-0.4110354,51.534231],[-0.4110316,51.5342267],[-0.4110022,51.534193],[-0.4108697,51.5342037],[-0.4108291,51.534207],[-0.4108209,51.5342077],[-0.4107924,51.5342101],[-0.4107233,51.5342157],[-0.4106243,51.5342106],[-0.4105795,51.5342083],[-0.4104747,51.5342029],[-0.4104602,51.5342021],[-0.4103599,51.5341969],[-0.4103537,51.5341966],[-0.4103444,51.5341961],[-0.4101796,51.5341876],[-0.4101455,51.5341859],[-0.4100376,51.534162],[-0.4100046,51.5341547],[-0.4099966,51.5341529],[-0.4099221,51.5341365],[-0.4099029,51.5341322],[-0.409889,51.5341291],[-0.409858,51.5341223],[-0.4098351,51.5341172],[-0.4098093,51.5341115],[-0.4097782,51.5341052],[-0.40973,51.534094],[-0.4097258,51.5340931],[-0.4097103,51.5340896],[-0.409697,51.5340867],[-0.4096446,51.5340751],[-0.4096074,51.5340669],[-0.4095872,51.5340631],[-0.4095558,51.5340573],[-0.4095486,51.534056],[-0.4095105,51.534049],[-0.4094673,51.534041],[-0.409409,51.5340303],[-0.4094006,51.5340287],[-0.4093195,51.5340137],[-0.4092761,51.5340057],[-0.4092498,51.5340009],[-0.4091901,51.5339899],[-0.4091751,51.5339871],[-0.4090717,51.533968],[-0.4090583,51.5339655],[-0.4090295,51.5339602],[-0.4089696,51.5339492],[-0.4088731,51.5339314],[-0.4087164,51.5339025],[-0.408689,51.5338974],[-0.4086654,51.5338931],[-0.4086567,51.5338914],[-0.4086344,51.5338873],[-0.4086177,51.5338843],[-0.4086051,51.5338819],[-0.4085557,51.5338728],[-0.4085431,51.5338705],[-0.4085078,51.533864],[-0.408485,51.5338597],[-0.4084783,51.5338583],[-0.4084341,51.5338488],[-0.4084243,51.5338466],[-0.4083002,51.5338198],[-0.4082237,51.5338033],[-0.4081683,51.5337913],[-0.4081177,51.5337804],[-0.408069,51.5337699],[-0.4080626,51.5337685],[-0.4080147,51.5337581],[-0.4079902,51.5337528],[-0.4079781,51.5337502],[-0.4078971,51.5337327],[-0.4078774,51.5337285],[-0.4078646,51.5337257],[-0.4077749,51.5337063],[-0.4077698,51.5337052],[-0.4077616,51.5337034],[-0.4077279,51.5336962],[-0.4076822,51.5336863],[-0.4076709,51.5336838],[-0.4076175,51.5336723],[-0.4076101,51.5336707],[-0.407579,51.533664],[-0.4075426,51.5336561],[-0.4074408,51.5336341],[-0.4074295,51.5336317],[-0.4073935,51.5336239],[-0.4073862,51.5336229],[-0.4073302,51.5336151],[-0.4073089,51.5336121],[-0.4072754,51.5336074],[-0.4072697,51.5336066],[-0.40718,51.5335941],[-0.407138,51.5335882],[-0.4071028,51.5335833],[-0.4070911,51.5335817],[-0.4070387,51.5335744],[-0.4070319,51.5335734],[-0.407002,51.5335693],[-0.40692,51.5335578],[-0.4069047,51.5335557],[-0.4068957,51.5335544],[-0.4068835,51.5335527],[-0.4068297,51.5335452],[-0.4068094,51.5335424],[-0.4067846,51.5335389],[-0.4067755,51.5335372],[-0.4067003,51.5335233],[-0.4066875,51.5335209],[-0.4066672,51.5335172],[-0.4066543,51.5335148],[-0.406629,51.5335101],[-0.4065913,51.5335031],[-0.4065798,51.533501],[-0.4064721,51.533481],[-0.4064317,51.5334736],[-0.4064016,51.533468],[-0.4063654,51.5334613],[-0.4063047,51.5334501],[-0.4062916,51.5334476],[-0.4062571,51.5334413],[-0.4062474,51.5334394],[-0.4062056,51.5334317],[-0.4061698,51.5334251],[-0.4061189,51.5334157],[-0.4061096,51.5334139],[-0.4060818,51.5334088],[-0.4058221,51.5333607],[-0.4057254,51.5333428],[-0.4056864,51.5333356],[-0.4055203,51.5333048],[-0.4055137,51.5333036],[-0.405489,51.533299],[-0.4054624,51.533295],[-0.4053123,51.5332722],[-0.4051323,51.5332449],[-0.4050726,51.5332358],[-0.4050664,51.5332349],[-0.4048835,51.5332071],[-0.4046913,51.5331779],[-0.4046867,51.5331772],[-0.4046796,51.5331761],[-0.4046738,51.5331753],[-0.4046148,51.5331663],[-0.4045236,51.5331524],[-0.4044791,51.5331457],[-0.4044525,51.5331416],[-0.4043645,51.5331284],[-0.4041064,51.5330891],[-0.4040878,51.5330863],[-0.4040732,51.5330841],[-0.4040577,51.5330823],[-0.4039694,51.5330721],[-0.4039309,51.5330677],[-0.4039238,51.5330668],[-0.4039104,51.5330653],[-0.4039016,51.5330643],[-0.4038654,51.5330601],[-0.4038164,51.5330545],[-0.4037289,51.5330444],[-0.4037,51.5330411],[-0.4036716,51.5330378],[-0.4035464,51.5330234],[-0.4035234,51.5330207],[-0.4034386,51.5330109],[-0.403404,51.533007],[-0.4033242,51.5329978],[-0.4033194,51.5329972],[-0.4033072,51.5329958],[-0.4032905,51.5329939],[-0.4032849,51.5329932],[-0.4032261,51.5329864],[-0.4031319,51.5329756],[-0.4031223,51.5329745],[-0.4031153,51.5329737],[-0.4030376,51.5329647],[-0.4030113,51.5329617],[-0.4029946,51.5329598],[-0.4029186,51.532951],[-0.4029126,51.5329503],[-0.4028588,51.5329441],[-0.4028211,51.5329398],[-0.4028098,51.5329385],[-0.4027921,51.5329364],[-0.4026648,51.5329218],[-0.4025748,51.5329114],[-0.4025391,51.5329073],[-0.402535,51.5329068],[-0.4025062,51.5329035],[-0.402477,51.5329001],[-0.4024711,51.5328994],[-0.4023868,51.5328897],[-0.4023417,51.5328845],[-0.4023272,51.5328829],[-0.4022845,51.5328779],[-0.4022577,51.5328749],[-0.4022457,51.5328735],[-0.4021784,51.5328657],[-0.4021169,51.5328586],[-0.4021008,51.5328568],[-0.4019731,51.5328421],[-0.4019201,51.5328305],[-0.4019072,51.5328277],[-0.4018896,51.5328239],[-0.4018557,51.5328165],[-0.4018399,51.532813],[-0.4018299,51.5328108],[-0.4018035,51.5328051],[-0.4017632,51.5327963],[-0.4017471,51.5327928],[-0.4016552,51.5327728],[-0.4015928,51.5327591],[-0.4015876,51.532758],[-0.4015782,51.532756],[-0.4015499,51.5327498],[-0.4014957,51.532738],[-0.4014003,51.5327172],[-0.4013546,51.5327122],[-0.4012971,51.532706],[-0.4010332,51.5326774],[-0.400937,51.532667],[-0.4008136,51.5326536],[-0.400809,51.5326531],[-0.4006818,51.5326393],[-0.4006753,51.5326386],[-0.4004919,51.5326187],[-0.4004266,51.5326116],[-0.4004094,51.5326098],[-0.4003982,51.5326085],[-0.400385,51.5326071],[-0.4002837,51.5325961],[-0.4002232,51.5325896],[-0.4002029,51.5325874],[-0.4001274,51.5325792],[-0.4001134,51.5325772],[-0.4000393,51.5325655],[-0.4000002,51.5325594],[-0.3999852,51.5325571],[-0.399977,51.5325559],[-0.3999553,51.5325525],[-0.3998929,51.5325428],[-0.3997523,51.532521],[-0.3997254,51.5325168],[-0.3995385,51.5324879],[-0.399503,51.5324824],[-0.3994972,51.5324815],[-0.3993579,51.5324599],[-0.3993321,51.532456],[-0.3992534,51.5324437],[-0.3992447,51.5324423],[-0.3992312,51.5324402],[-0.3992197,51.5324384],[-0.3990816,51.532417],[-0.3990654,51.5324145],[-0.3990591,51.5324135],[-0.3990089,51.5324057],[-0.3989914,51.532403],[-0.3989854,51.5324021],[-0.3989794,51.5324012],[-0.3989479,51.5323963],[-0.3985726,51.5323381],[-0.398392,51.5323101],[-0.3983826,51.5323086],[-0.3983558,51.5323045],[-0.3983384,51.5323018],[-0.3983326,51.5323009],[-0.3980965,51.5322643],[-0.3979035,51.532232],[-0.3977463,51.5322057],[-0.3977321,51.5322033],[-0.3977085,51.5321994],[-0.397154,51.5321066],[-0.3969784,51.5320772],[-0.3969584,51.5320752],[-0.3969308,51.5320724],[-0.3967692,51.5320558],[-0.3967489,51.5320537],[-0.396258,51.5320034],[-0.3961595,51.5319955],[-0.3960012,51.5319828],[-0.3959739,51.5319808],[-0.3958386,51.5319698],[-0.3957723,51.5319645],[-0.3956705,51.5319563],[-0.395545,51.5319463],[-0.3955098,51.531941],[-0.3952951,51.5319085],[-0.3952338,51.5318993],[-0.3952285,51.5318985],[-0.3951715,51.5318899],[-0.3951256,51.5318829],[-0.3948382,51.5318395],[-0.3947908,51.5318324],[-0.394609,51.5318049],[-0.3945483,51.5317957],[-0.3945349,51.5317937],[-0.3945113,51.5317901],[-0.3944802,51.5317854],[-0.3942956,51.5317576],[-0.3942423,51.5317495],[-0.394238,51.5317489],[-0.3942067,51.5317441],[-0.3941425,51.5317344],[-0.3941342,51.5317332],[-0.3941091,51.5317294],[-0.3941019,51.5317283],[-0.3938379,51.5316884],[-0.393781,51.5316794],[-0.3937464,51.5316738],[-0.3937362,51.5316722],[-0.3937275,51.5316708],[-0.3936791,51.5316631],[-0.3936659,51.531661],[-0.3936324,51.5316557],[-0.3935908,51.5316491],[-0.3934415,51.5316253],[-0.393433,51.5316239],[-0.3933102,51.5316043],[-0.3932956,51.5316013],[-0.3931705,51.5315749],[-0.3926966,51.5314751],[-0.3926703,51.5314695],[-0.3924001,51.5314126],[-0.3923957,51.5314117],[-0.3923473,51.5314015],[-0.3923005,51.5313924],[-0.3922276,51.531378],[-0.3921894,51.5313706],[-0.3921763,51.531368],[-0.3920785,51.5313488],[-0.3919797,51.5313295],[-0.3917977,51.5312938],[-0.391715,51.5312776],[-0.3915458,51.5312445],[-0.3914801,51.5312316],[-0.3913928,51.5312145],[-0.3913286,51.5312019],[-0.3912248,51.5311816],[-0.3912029,51.5311773],[-0.391094,51.531156],[-0.3910433,51.531146],[-0.3909575,51.5311292],[-0.3909382,51.5311255],[-0.3908753,51.5311148],[-0.3905861,51.531066],[-0.3905797,51.5310649],[-0.389864,51.5309439],[-0.3898452,51.5309408],[-0.3896954,51.5309154],[-0.3896188,51.5309025],[-0.3896173,51.5308968],[-0.3895854,51.5307756],[-0.3895435,51.5307265],[-0.3894326,51.5306871],[-0.3894144,51.5306807],[-0.3892996,51.5306274],[-0.3892723,51.5306146],[-0.3892056,51.5305837],[-0.3889963,51.5304866],[-0.3889534,51.5304666],[-0.3889168,51.5304496],[-0.3888736,51.5304296],[-0.3888602,51.5304224],[-0.3888475,51.5304156],[-0.3887962,51.5303881],[-0.3887871,51.5303832],[-0.3887684,51.5303731],[-0.3887356,51.5303555],[-0.3886079,51.5302871],[-0.3885775,51.5302708],[-0.3885435,51.5302526],[-0.388465,51.5302104],[-0.3884613,51.5302085],[-0.3884448,51.5301996],[-0.3884069,51.5301811],[-0.3883959,51.5301757],[-0.3883698,51.530163],[-0.3883638,51.5301601],[-0.388291,51.5301245],[-0.3882597,51.5301092],[-0.3881368,51.5300492],[-0.3880291,51.5299965],[-0.3879248,51.5299456],[-0.3877737,51.5298673],[-0.3877284,51.5298437],[-0.3876775,51.5298174],[-0.3876231,51.5297892],[-0.3876152,51.5297851],[-0.3876002,51.5297773],[-0.3874763,51.5297131],[-0.3874724,51.529711],[-0.3874085,51.5296779],[-0.3873845,51.5296655],[-0.3873587,51.5296521],[-0.387355,51.5296502],[-0.3872906,51.5296168],[-0.3871708,51.529555],[-0.3871493,51.5295877],[-0.3871455,51.5295934],[-0.3869912,51.5298281],[-0.386986,51.5298361],[-0.3869307,51.5299202],[-0.3868845,51.5300131],[-0.386858,51.5300663],[-0.3868392,51.530104],[-0.3868324,51.5301177],[-0.3868305,51.5301213],[-0.3868212,51.5301401],[-0.3868179,51.5301467],[-0.3867811,51.5302206],[-0.3867182,51.5303837],[-0.3865734,51.530382],[-0.3865688,51.5303819],[-0.3865599,51.5303818],[-0.3864988,51.5303811],[-0.3864735,51.5303808],[-0.3864545,51.5303806],[-0.386419,51.5303802],[-0.3864028,51.53038],[-0.3863942,51.5303799],[-0.3861102,51.5303765],[-0.3860844,51.5303762],[-0.3860669,51.530376],[-0.3860603,51.5303759],[-0.3860482,51.5303758],[-0.3860345,51.5303756],[-0.3860273,51.5303755],[-0.3859516,51.5303747],[-0.385947,51.5303746],[-0.3858679,51.5303737],[-0.385814,51.5303626],[-0.3858096,51.5303617],[-0.3856921,51.5303377],[-0.3856004,51.5303138],[-0.3854278,51.5302688],[-0.3853527,51.5302492],[-0.3853474,51.5302479],[-0.3852263,51.5302163],[-0.385026,51.5301641],[-0.3849711,51.5301523],[-0.3849422,51.5301462],[-0.3849294,51.5301435],[-0.3849141,51.5301402],[-0.3849098,51.5301393],[-0.3841988,51.5299884],[-0.3841494,51.5299775],[-0.3840778,51.5299623],[-0.3837364,51.5298897],[-0.3835946,51.5298643],[-0.3835278,51.5298523],[-0.3834531,51.529839],[-0.3833983,51.5298292],[-0.3833478,51.5298202],[-0.3832617,51.5298048],[-0.3832484,51.5298024],[-0.3825739,51.5296818],[-0.3825234,51.5296727],[-0.3824754,51.5296642],[-0.3823908,51.529649],[-0.3823823,51.5296475],[-0.3822517,51.5296242],[-0.3821997,51.5296149],[-0.3821935,51.5296138],[-0.3821715,51.5296098],[-0.382057,51.5295893],[-0.3820317,51.5295848],[-0.3820107,51.5295811],[-0.3819319,51.529567],[-0.3819166,51.5295642],[-0.3819058,51.5295623],[-0.3818306,51.5295489],[-0.3818199,51.5295469],[-0.38165,51.5295166],[-0.3816008,51.5295078],[-0.3814577,51.5294822],[-0.3814053,51.5294728],[-0.3811351,51.5294346],[-0.3810087,51.5294167],[-0.381002,51.5294159],[-0.3809361,51.5294064],[-0.3808874,51.5293995],[-0.3808065,51.5293881],[-0.3805521,51.529352],[-0.3805181,51.5293472],[-0.3804286,51.5293345],[-0.3801996,51.5293021],[-0.3801462,51.5292945],[-0.3800883,51.5292863],[-0.3800041,51.5292744],[-0.3799409,51.5292654],[-0.3798603,51.529254],[-0.3798502,51.5292526],[-0.3797383,51.5292367],[-0.3796846,51.5292291],[-0.3796337,51.5292219],[-0.3795166,51.5292068],[-0.3793006,51.5291789],[-0.3792263,51.5291694],[-0.3792201,51.5291685],[-0.3791576,51.5291605],[-0.3790525,51.529147],[-0.3786161,51.5291066],[-0.3785449,51.5291001],[-0.3785349,51.5290991],[-0.3785307,51.5290987],[-0.3779874,51.5290485],[-0.3779835,51.5290482],[-0.3779357,51.5290438],[-0.3778509,51.5290359],[-0.3775903,51.5290091],[-0.3774594,51.5289956],[-0.3773914,51.5289886],[-0.3772615,51.5289753],[-0.3771316,51.5289619],[-0.377045,51.528953],[-0.3770246,51.5289509],[-0.3769585,51.5289441],[-0.3768721,51.5289352],[-0.3767855,51.5289263],[-0.3767614,51.5289238],[-0.3766852,51.528916],[-0.3764604,51.5288606],[-0.3764199,51.5288506],[-0.3763805,51.5288409],[-0.3763666,51.5288377],[-0.3761639,51.52879],[-0.3761708,51.528646],[-0.3761717,51.5286288],[-0.37618,51.5284568],[-0.376182,51.5284145],[-0.3761898,51.5282527],[-0.3761905,51.5282381],[-0.3762044,51.5279506],[-0.3762155,51.5277207],[-0.3762159,51.5277107],[-0.3762162,51.5277059],[-0.3762169,51.5276902],[-0.3762179,51.5276699],[-0.3762308,51.5274022],[-0.3762275,51.527382],[-0.3762207,51.5273403],[-0.3762143,51.5273021],[-0.3761867,51.5271335],[-0.3761649,51.5270012],[-0.3761558,51.5269672],[-0.3761323,51.5268786],[-0.3761213,51.5268376],[-0.3761144,51.5268117],[-0.3761135,51.5268082],[-0.3760844,51.5266991],[-0.3760753,51.5266649],[-0.3760632,51.5266196],[-0.3760624,51.5266165],[-0.3760538,51.5265842],[-0.376025,51.5264763],[-0.3760209,51.5264513],[-0.3760192,51.5264408],[-0.3760101,51.5263847],[-0.3760094,51.5263808],[-0.3760066,51.5263638],[-0.3760052,51.5263549],[-0.375975,51.5261699],[-0.3759626,51.5260943],[-0.3759541,51.5260423],[-0.375951,51.5260234],[-0.3759438,51.5259557],[-0.3759217,51.5257502],[-0.3759179,51.5257144],[-0.3759179,51.5257088],[-0.3759183,51.5256472],[-0.3759185,51.5256059],[-0.3759187,51.5255804],[-0.37592,51.5253644],[-0.3759285,51.5253431],[-0.3759323,51.5253338],[-0.3759709,51.5252378],[-0.3760096,51.52514],[-0.3760361,51.5250755],[-0.3761321,51.5249397],[-0.3761599,51.5249004],[-0.3762239,51.524827],[-0.376272,51.5247718],[-0.3763891,51.5246375],[-0.3764296,51.5246067],[-0.3764487,51.5245921],[-0.3764735,51.5245732],[-0.3764793,51.5245689],[-0.3766349,51.5244505],[-0.3769286,51.5242237],[-0.3769768,51.5241864],[-0.3777873,51.5231752],[-0.3778074,51.52315],[-0.377823,51.5231306],[-0.3781136,51.522768],[-0.3781387,51.5227366],[-0.378206,51.5226563],[-0.3782263,51.5226322],[-0.378352,51.5224822],[-0.3784186,51.5224026],[-0.3785493,51.5222467],[-0.3786555,51.5221035],[-0.3786709,51.5220829],[-0.3788386,51.5218566],[-0.3789624,51.5216897],[-0.378998,51.5216473],[-0.3791796,51.5214312],[-0.3793038,51.5212833],[-0.3795225,51.5210229],[-0.379611,51.5209339],[-0.3797671,51.5207769],[-0.3798301,51.5207135],[-0.3800699,51.5204722],[-0.3801437,51.5203981],[-0.3802531,51.5202879],[-0.3805318,51.5200211],[-0.3805553,51.5199986],[-0.3807952,51.519769],[-0.3809562,51.5196149],[-0.3810266,51.5195323],[-0.381038,51.5195189],[-0.381061,51.519492],[-0.3812479,51.5192726],[-0.3812574,51.5192615],[-0.3812843,51.51923],[-0.3813529,51.5191419],[-0.3813853,51.5191003],[-0.3813952,51.5190876],[-0.3813988,51.519083],[-0.3814929,51.5189623],[-0.3815952,51.518831],[-0.381717,51.5187112],[-0.3818388,51.5185913],[-0.3819058,51.5185254],[-0.382,51.5184327],[-0.382089,51.5183451],[-0.3823227,51.5181531],[-0.3825813,51.5179413],[-0.382894,51.5179484],[-0.3829268,51.5179491],[-0.383014,51.5178759],[-0.3832575,51.5176716],[-0.3834568,51.5175041],[-0.3838595,51.5171675],[-0.3838638,51.5171638],[-0.3838849,51.5171462],[-0.383888,51.5171436],[-0.383896,51.5171371],[-0.3839079,51.5171273],[-0.3839204,51.517117],[-0.3839257,51.5171126],[-0.3839552,51.5170884],[-0.3840142,51.51704],[-0.3840211,51.5170343],[-0.3842046,51.5168835],[-0.3842162,51.516874],[-0.3843159,51.5167921],[-0.3843287,51.5167815],[-0.3844115,51.5167135],[-0.3844331,51.5166977],[-0.3844549,51.5166818],[-0.3844678,51.5166724],[-0.3845141,51.5166386],[-0.3845424,51.5166179],[-0.3845994,51.5165762],[-0.3846132,51.5165662],[-0.3846263,51.5165566],[-0.3846833,51.516515],[-0.3846994,51.5165032],[-0.3849857,51.5163803],[-0.3851207,51.5163264],[-0.3851464,51.5163162],[-0.3851613,51.5163102],[-0.3852055,51.5162926],[-0.3854552,51.5161929],[-0.3858724,51.5160264],[-0.3861224,51.5159263],[-0.3861396,51.5159194],[-0.3861528,51.5159141],[-0.3861979,51.5158961],[-0.3863899,51.5158192],[-0.386403,51.515814],[-0.3864203,51.515807],[-0.3864402,51.5157991],[-0.3864859,51.5157808],[-0.3864989,51.5157756],[-0.3865046,51.5157733],[-0.3865367,51.5157604],[-0.3865518,51.5157544],[-0.3865632,51.5157499],[-0.3865764,51.5157445],[-0.386772,51.5156662],[-0.3867938,51.5156575],[-0.3867974,51.5156561],[-0.3868176,51.515648],[-0.3868292,51.5156434],[-0.3871046,51.5155331],[-0.3871094,51.5155312],[-0.3871237,51.5155255],[-0.3872432,51.5154776],[-0.3872656,51.5154686],[-0.3873186,51.5154474],[-0.3873287,51.5154434],[-0.3873361,51.5154404],[-0.3874597,51.5153909],[-0.3874927,51.5153777],[-0.3874999,51.5153748],[-0.3875134,51.5153694],[-0.3875581,51.5153518],[-0.3876882,51.5153007],[-0.3876959,51.5152977],[-0.3877179,51.515289],[-0.3878016,51.515256],[-0.3878139,51.5152512],[-0.3878255,51.5152466],[-0.3878826,51.5152242],[-0.387978,51.5151866],[-0.3880233,51.5151688],[-0.3880352,51.5151641],[-0.3880676,51.5151514],[-0.3881086,51.5151353],[-0.3881562,51.5151165],[-0.3881726,51.5151101],[-0.3882335,51.5150861],[-0.3882532,51.5150783],[-0.388265,51.5150737],[-0.3883135,51.5150546],[-0.388327,51.5150493],[-0.388334,51.5150465],[-0.3885005,51.514981],[-0.3885324,51.5149685],[-0.388553,51.5149604],[-0.3885574,51.5149586],[-0.3886105,51.5149379],[-0.3886152,51.5149361],[-0.3886351,51.5149284],[-0.3886543,51.5149204],[-0.388717,51.5148945],[-0.3887828,51.5148653],[-0.3887961,51.5148593],[-0.388819,51.5148488],[-0.3888346,51.5148416],[-0.388874,51.5148234],[-0.3888825,51.5148192],[-0.3888935,51.5148137],[-0.38895,51.5147854],[-0.3889723,51.5147742],[-0.3889877,51.5147664],[-0.3889965,51.5147619],[-0.3890256,51.5147472],[-0.3890455,51.5147362],[-0.3890992,51.5147064],[-0.389162,51.5146713],[-0.3891706,51.5146665],[-0.3891791,51.5146614],[-0.3891989,51.5146495],[-0.3892322,51.5146295],[-0.3892408,51.5146243],[-0.3892466,51.5146207],[-0.3892513,51.5146177],[-0.3892585,51.5146132],[-0.3892694,51.5146064],[-0.389309,51.5145814],[-0.3893195,51.5145741],[-0.3893522,51.5145515],[-0.3893679,51.5145407],[-0.3893741,51.5145364],[-0.3893946,51.5145216],[-0.3894379,51.5144905],[-0.3894626,51.5144712],[-0.3894784,51.5144589],[-0.3894981,51.5144435],[-0.3895141,51.5144308],[-0.3895197,51.5144264],[-0.3895588,51.5143955],[-0.3895706,51.5143855],[-0.3895742,51.5143825],[-0.3895879,51.514371],[-0.3896158,51.5143475],[-0.3896638,51.5143048],[-0.3896721,51.5142974],[-0.389727,51.5142464],[-0.3897614,51.5142157],[-0.3897829,51.5141965],[-0.3898206,51.5141593],[-0.3898346,51.5141455],[-0.3898869,51.5140945],[-0.3899181,51.5140642],[-0.3899209,51.5140614],[-0.390005,51.5139774],[-0.3900496,51.5139287],[-0.3900831,51.5138921],[-0.3901619,51.5138055],[-0.3901846,51.5137785],[-0.3902357,51.5137175],[-0.3902764,51.5136666],[-0.3902878,51.5136523],[-0.390307,51.5136283],[-0.3903092,51.5136252],[-0.3903308,51.5135958],[-0.3903661,51.5135477],[-0.3903735,51.5135375],[-0.3904338,51.5134495],[-0.3904445,51.513433],[-0.3904887,51.5133646],[-0.3905081,51.5133322],[-0.3905398,51.5132796],[-0.3905675,51.5132279],[-0.3905691,51.5132249],[-0.3905731,51.5132175],[-0.3905753,51.5132132],[-0.3905786,51.513207],[-0.3905856,51.5131935],[-0.390601,51.5131647],[-0.390631,51.5131085],[-0.3906548,51.5130556],[-0.3906705,51.5130206],[-0.3906778,51.513004],[-0.39069,51.5129763],[-0.3907087,51.5129336],[-0.3907438,51.5128455],[-0.3907749,51.5127566],[-0.3907919,51.5127011],[-0.3907988,51.5126784],[-0.3908018,51.5126686],[-0.3908045,51.5126592],[-0.3908137,51.5126256],[-0.390829,51.5125892],[-0.3908503,51.5125386],[-0.3908659,51.5125016],[-0.3908705,51.5124906],[-0.390895,51.5124323],[-0.3909143,51.5123864],[-0.3909433,51.5123176],[-0.3909476,51.5123073],[-0.3909932,51.5121988],[-0.3910186,51.5121386],[-0.3910271,51.5121183],[-0.3910301,51.5121111],[-0.3910526,51.5120576],[-0.3910711,51.5120136],[-0.3911081,51.5119258],[-0.3911263,51.5118825],[-0.3912057,51.5116938],[-0.3912319,51.5116313],[-0.3912472,51.5115951],[-0.3912506,51.511587],[-0.391273,51.5115336],[-0.3912931,51.511486],[-0.3913197,51.5114227],[-0.3913462,51.5113595],[-0.3913701,51.5113028],[-0.3914005,51.5112305],[-0.3914286,51.5111637],[-0.3914435,51.5111284],[-0.3914517,51.5111088],[-0.3914917,51.5110183],[-0.3915321,51.5109272],[-0.3915781,51.5108231],[-0.3916039,51.5107648],[-0.3916096,51.5107518],[-0.3916291,51.5107079],[-0.3917142,51.5105156],[-0.3917479,51.5104393],[-0.3920337,51.5097935],[-0.3920832,51.5096815],[-0.3921626,51.509502],[-0.3923981,51.5089714],[-0.3926014,51.5085138],[-0.3928683,51.5079142],[-0.3929723,51.5077255],[-0.393027,51.5076262],[-0.3930531,51.5075772],[-0.3930795,51.5075311],[-0.3930858,51.507521],[-0.3931081,51.5074861],[-0.3931338,51.5074491],[-0.3931394,51.5074412],[-0.3931702,51.5073972],[-0.3932074,51.5073491],[-0.3932108,51.5073448],[-0.393213,51.5073422],[-0.3932521,51.5072962],[-0.3932882,51.5072552],[-0.3933251,51.5072162],[-0.3933538,51.5071878],[-0.3933643,51.5071773],[-0.3934044,51.5071382],[-0.3934319,51.5071145],[-0.3934472,51.5071013],[-0.3934607,51.5070897],[-0.3934834,51.5070702],[-0.3935142,51.5070465],[-0.3935223,51.5070403],[-0.3935295,51.5070344],[-0.3935603,51.5070092],[-0.3936,51.5069801],[-0.3936138,51.5069705],[-0.3936411,51.5069513],[-0.3936844,51.5069233],[-0.393717,51.506902],[-0.3937273,51.5068953],[-0.393771,51.5068683],[-0.3938065,51.5068491],[-0.3938284,51.5068372],[-0.3938321,51.5068352],[-0.3938949,51.5068022],[-0.3939446,51.5067786],[-0.3939749,51.506765],[-0.3939943,51.5067562],[-0.3940215,51.5067443],[-0.3940441,51.5067343],[-0.3940752,51.5067219],[-0.3940971,51.5067133],[-0.3941068,51.5067095],[-0.3941491,51.5066932],[-0.3946175,51.5065244],[-0.3947229,51.5064815],[-0.3949663,51.5063825],[-0.3955188,51.5061576],[-0.3957331,51.5060704],[-0.3965877,51.5057394],[-0.396899,51.5056139],[-0.3973295,51.5054404],[-0.3977565,51.5052683],[-0.3980255,51.5051637],[-0.3990703,51.5047574],[-0.3997935,51.5044618],[-0.3998702,51.5044304],[-0.4004901,51.5042135],[-0.4008624,51.5041216],[-0.4009141,51.5041088],[-0.4012273,51.5040315],[-0.4013046,51.5040167],[-0.4015202,51.5039725],[-0.4016288,51.5039485],[-0.4017322,51.5039255],[-0.4019419,51.5038754],[-0.4020486,51.5038488],[-0.40215,51.5038235],[-0.4022052,51.5038089],[-0.4022109,51.5038074],[-0.4022831,51.5037885],[-0.402334,51.5037762],[-0.402354,51.5037715],[-0.4024162,51.5037553],[-0.4024271,51.5037525],[-0.4024341,51.5037506],[-0.4024971,51.5037335],[-0.4025227,51.503726],[-0.4025629,51.5037141],[-0.4025681,51.5037126],[-0.4026101,51.5037002],[-0.4026359,51.5036925],[-0.4026926,51.5036737],[-0.4027051,51.5036695],[-0.4027772,51.5036435],[-0.4027879,51.5036392],[-0.402858,51.5036114],[-0.4029311,51.5035805],[-0.4029637,51.5035651],[-0.403003,51.5035465],[-0.4030731,51.5035125],[-0.4031441,51.5034765],[-0.4031943,51.5034494],[-0.4032107,51.5034406],[-0.4032777,51.5034036],[-0.4033407,51.5033655],[-0.4033889,51.503335],[-0.4034038,51.5033256],[-0.403429,51.5033094],[-0.403466,51.5032856],[-0.4034821,51.5032741],[-0.4035063,51.5032569],[-0.4035251,51.5032435],[-0.4035847,51.5032008],[-0.4036411,51.5031595],[-0.4036949,51.5031146],[-0.4038312,51.502979],[-0.4038432,51.5029671],[-0.4038558,51.5029545],[-0.4038888,51.5029216],[-0.4042728,51.5025406],[-0.4049862,51.5017584],[-0.4051647,51.5015628],[-0.4054289,51.5012918],[-0.4058518,51.5008386],[-0.4063426,51.5003218],[-0.4063778,51.5002826],[-0.4065029,51.5001432],[-0.4066881,51.4999368],[-0.4067078,51.4999148],[-0.4067111,51.4999111],[-0.4069058,51.4996938],[-0.4069812,51.4996102],[-0.4072722,51.4997059],[-0.4076905,51.4998978],[-0.4083702,51.5000838],[-0.4085056,51.5001182],[-0.4086391,51.500152],[-0.4089477,51.5002302],[-0.4091604,51.5002841],[-0.409286,51.500316],[-0.4096819,51.4999608],[-0.4098988,51.4995704],[-0.4099424,51.4994921],[-0.4102339,51.4989673],[-0.4102913,51.498864],[-0.4104265,51.4986206],[-0.4104546,51.4985701],[-0.4104918,51.4985031],[-0.4105547,51.4983898],[-0.410593,51.498321],[-0.4105959,51.4983158],[-0.4106606,51.4981993],[-0.4106742,51.4981727],[-0.4107621,51.4980014],[-0.4107896,51.4979479],[-0.4108386,51.4978521],[-0.4108597,51.4978111],[-0.4108685,51.4977938],[-0.4108844,51.4977393],[-0.410892,51.497713],[-0.410907,51.497605],[-0.4109063,51.4975887],[-0.4109029,51.497515],[-0.4108908,51.4974501],[-0.4106951,51.4968754],[-0.4106675,51.4967944],[-0.4106069,51.4966162],[-0.4105996,51.4965743],[-0.4105971,51.4965597],[-0.4105962,51.496554],[-0.4105877,51.4965048],[-0.410575,51.4964313],[-0.4105733,51.4964149],[-0.4105692,51.4963751],[-0.4105629,51.4963142],[-0.410563,51.4963103],[-0.4105641,51.4962746],[-0.4105658,51.4962183],[-0.4105841,51.496149],[-0.4105907,51.4961243],[-0.4106249,51.4960472],[-0.4106403,51.4960252],[-0.4106472,51.4960153],[-0.4106879,51.4959572],[-0.410746,51.4958994],[-0.4107743,51.4958714],[-0.4108203,51.4958257],[-0.4108568,51.4957895],[-0.4109289,51.4957179],[-0.4109709,51.4956762],[-0.4110298,51.4956111],[-0.4110458,51.4955933],[-0.4110608,51.4955738],[-0.4111857,51.4954118],[-0.4112038,51.4953884],[-0.4112169,51.4953665],[-0.4112354,51.4953359],[-0.4112499,51.4953119],[-0.411294,51.4952388],[-0.411301,51.495227],[-0.4113117,51.4952093],[-0.4113262,51.4951767],[-0.4113455,51.4951336],[-0.4113549,51.4951125],[-0.4113626,51.4950952],[-0.4113745,51.4950687],[-0.4113894,51.4950353],[-0.4113989,51.4950138],[-0.4114098,51.4949893],[-0.4114163,51.4949572],[-0.4114192,51.4949429],[-0.4114312,51.4948838],[-0.4114361,51.4948591],[-0.4114401,51.4948395],[-0.4114974,51.4945556],[-0.411504,51.4945233],[-0.4115063,51.4945115],[-0.4115097,51.494495],[-0.411512,51.4944834],[-0.4115197,51.4944452],[-0.4115326,51.4943816],[-0.4115422,51.4943339],[-0.4115515,51.494288],[-0.4115857,51.4941183],[-0.4116174,51.4939614],[-0.4116272,51.4939131],[-0.4116288,51.4939048],[-0.4116359,51.4938699],[-0.4116391,51.4938542],[-0.4116424,51.4938374],[-0.4116475,51.4938125],[-0.4116611,51.4937359],[-0.4116754,51.4936551],[-0.4116836,51.493609],[-0.4116852,51.4936002],[-0.4117031,51.4934996],[-0.4117075,51.4934745],[-0.4117088,51.4934672],[-0.4117163,51.493425],[-0.411725,51.4933763],[-0.4117368,51.4933098],[-0.411753,51.4932187],[-0.4117983,51.4929637],[-0.4118087,51.4929051],[-0.4118197,51.4928434],[-0.411824,51.492819],[-0.4118302,51.4927842],[-0.4118773,51.4925189],[-0.4118903,51.4924455],[-0.4118922,51.4924354],[-0.4119049,51.492363],[-0.4119473,51.4921234],[-0.4119514,51.4921021],[-0.412056,51.4915569],[-0.4120696,51.4914855],[-0.412131,51.4911648],[-0.4122944,51.4903113],[-0.4124842,51.4893201],[-0.4126202,51.488683],[-0.412623,51.4886273],[-0.4126232,51.4886221],[-0.4126244,51.4886191],[-0.4126391,51.48858],[-0.4126733,51.4885271],[-0.4127245,51.4884776],[-0.412785,51.488442],[-0.4128734,51.4883902],[-0.4129284,51.4883492],[-0.4129771,51.4882961],[-0.4130094,51.4882471],[-0.413032,51.488178],[-0.4130411,51.4880416],[-0.4130433,51.4880091],[-0.4130505,51.4879915],[-0.4130587,51.4879715],[-0.413091,51.4878921],[-0.4131523,51.4877789],[-0.4131668,51.4877574],[-0.413192,51.4877202],[-0.4133073,51.4875992],[-0.4133723,51.4875442],[-0.4133786,51.4875357],[-0.4133902,51.4875203],[-0.4133987,51.4874849],[-0.4134049,51.4874592],[-0.4134039,51.4874471],[-0.4134021,51.4874242],[-0.4133753,51.4873803],[-0.4133442,51.4872902],[-0.4133652,51.4872542],[-0.4134162,51.4872228],[-0.413459,51.4872103],[-0.413542,51.4872052],[-0.4136952,51.4872277],[-0.4137199,51.4872314],[-0.4137709,51.4872409],[-0.4138052,51.4872472],[-0.4138561,51.4872472],[-0.4138731,51.4872435],[-0.4139282,51.4872312],[-0.413992,51.4871906],[-0.413995,51.4871887],[-0.4139971,51.4871852],[-0.4140743,51.4870636],[-0.4141622,51.4869251],[-0.4141967,51.4868707],[-0.414223,51.4868291],[-0.414537,51.4865243],[-0.4145881,51.4864373],[-0.4146459,51.4862783],[-0.4146459,51.4862504],[-0.4146338,51.4862242],[-0.4146098,51.4862032],[-0.4145816,51.4861899],[-0.4145761,51.4861873],[-0.4145352,51.4861743],[-0.4144866,51.4861674],[-0.4144776,51.4861665],[-0.4141377,51.4861994],[-0.4141331,51.4861985],[-0.4140707,51.4861868],[-0.4140109,51.4861343],[-0.4140098,51.4860983],[-0.414035,51.4860604],[-0.4145686,51.4857281],[-0.4146869,51.4856545],[-0.4148758,51.4853394],[-0.4151402,51.4848981],[-0.4151751,51.4848404],[-0.4156197,51.4841156],[-0.4157921,51.4839392],[-0.4158679,51.4838616],[-0.415884,51.4838357],[-0.4159628,51.4837086],[-0.4160514,51.4835516],[-0.4161306,51.4832333],[-0.4161314,51.4832302],[-0.4161417,51.4831886],[-0.4161519,51.4831477],[-0.4161737,51.4830971],[-0.4161911,51.4830567],[-0.4161925,51.4830536],[-0.4161959,51.4830489],[-0.4162009,51.4830422],[-0.416208,51.4830324],[-0.4162116,51.4830276],[-0.4162336,51.4829976],[-0.4162845,51.4829437],[-0.4163221,51.4829136],[-0.4163344,51.4829037],[-0.4163507,51.4828906],[-0.4163585,51.4828864],[-0.4165773,51.482767],[-0.4165805,51.4827653],[-0.4166146,51.4827467],[-0.4166548,51.4827247],[-0.4166924,51.4826992],[-0.4166958,51.4826969],[-0.4167005,51.4826937],[-0.4167428,51.4826555],[-0.4167601,51.4826398],[-0.4167703,51.4826306],[-0.4167766,51.4826248],[-0.4168424,51.4825348],[-0.4168613,51.4824947],[-0.4168674,51.4824598],[-0.4168686,51.4824529],[-0.4168661,51.4824385],[-0.4168615,51.4824118],[-0.4168466,51.4823844],[-0.4168386,51.4823698],[-0.4168005,51.4823278],[-0.4167574,51.4822967],[-0.4167443,51.4822903],[-0.4167043,51.4822707],[-0.416695,51.4822673],[-0.4165754,51.4822237],[-0.416558,51.4822129],[-0.4165336,51.4821977],[-0.4164908,51.4821467],[-0.4164796,51.4821178],[-0.4164785,51.4820847],[-0.4164928,51.4820437],[-0.4165015,51.4820187],[-0.4166144,51.4815678],[-0.416735,51.4812272],[-0.4167576,51.4811626],[-0.4167634,51.4811387],[-0.4167728,51.4811006],[-0.4168304,51.4808648],[-0.4168192,51.4807731],[-0.4168177,51.4807613],[-0.4168023,51.4806359],[-0.4167455,51.4804342],[-0.4167199,51.4803849],[-0.4166798,51.4803075],[-0.4166644,51.480278],[-0.4165743,51.4801932],[-0.4164273,51.480055],[-0.4163527,51.479962],[-0.4163136,51.479896],[-0.4162965,51.4798556],[-0.4162474,51.4797395],[-0.4160595,51.479295],[-0.4160532,51.47928],[-0.4160474,51.4792662],[-0.4160293,51.4792393],[-0.4159866,51.4791762],[-0.4158894,51.4790322],[-0.4157865,51.4788212],[-0.4157296,51.4787452],[-0.4157273,51.4787421],[-0.4156978,51.4787028],[-0.4156423,51.4786286],[-0.4156248,51.4786053],[-0.4156045,51.4785782],[-0.4155946,51.4785487],[-0.4155906,51.4785369],[-0.4155553,51.4784328],[-0.4155496,51.4784162],[-0.4155474,51.4784098],[-0.4155384,51.4783832],[-0.415508,51.4782936],[-0.4155064,51.4782889],[-0.4154722,51.4781878],[-0.4154661,51.4781698],[-0.4154643,51.4781645],[-0.4154518,51.4781278],[-0.4154457,51.4781096],[-0.4154258,51.4780511],[-0.4154203,51.4780349],[-0.4154185,51.4780295],[-0.4154085,51.4780001],[-0.4153997,51.4779742],[-0.4153934,51.4779555],[-0.4153921,51.4779518],[-0.4153662,51.4778762],[-0.4153564,51.4778464],[-0.4153367,51.4777885],[-0.4153209,51.4777418],[-0.41532,51.4777392],[-0.4153187,51.4777354],[-0.415316,51.4777288],[-0.4152971,51.4776826],[-0.4152926,51.4776717],[-0.4152776,51.4776353],[-0.415252,51.4775762],[-0.4152469,51.4775643],[-0.4152426,51.4775543],[-0.4152335,51.4775333],[-0.4152099,51.4774947],[-0.4152023,51.4774822],[-0.4152001,51.4774786],[-0.4151777,51.4774418],[-0.4151556,51.4774056],[-0.4151291,51.4773622],[-0.4151079,51.4773274],[-0.4150817,51.4772844],[-0.4150681,51.4772621],[-0.4150611,51.4772507],[-0.4150316,51.4772023],[-0.4150299,51.4771896],[-0.4150279,51.4771745],[-0.4150272,51.4771694],[-0.4150263,51.4771626],[-0.4150041,51.4769984],[-0.4149954,51.4769334],[-0.41499,51.4768936],[-0.4149878,51.4768777],[-0.4149867,51.4768691],[-0.4149847,51.4768541],[-0.4149812,51.4768283],[-0.414974,51.4767748],[-0.4149695,51.4767419],[-0.4149665,51.4767193],[-0.4149658,51.4766873],[-0.4149646,51.4766348],[-0.4149643,51.4766201],[-0.414964,51.4766088],[-0.4149634,51.4765795],[-0.4149561,51.4762511],[-0.4149548,51.4761908],[-0.4149518,51.4760535],[-0.4151897,51.4756549],[-0.4153598,51.4753698],[-0.415373,51.4753477],[-0.4153924,51.4753153],[-0.4154646,51.4751944],[-0.4156617,51.4749463],[-0.4156909,51.4749093],[-0.4156954,51.4749037],[-0.4157304,51.4747197],[-0.4157686,51.4745194],[-0.4157717,51.474503],[-0.415778,51.4744698],[-0.4158142,51.4742797],[-0.4158241,51.4742594],[-0.4158525,51.4742007],[-0.4158624,51.4741607],[-0.4158623,51.4740608],[-0.4158465,51.4740107],[-0.4158182,51.4739566],[-0.4157754,51.4739068],[-0.4157638,51.4738967],[-0.4156871,51.4738298],[-0.4155762,51.4737467],[-0.4155459,51.4737287],[-0.4154532,51.4736736],[-0.4153945,51.4736387],[-0.4153613,51.4736228],[-0.4153235,51.4736103],[-0.415301,51.4736028],[-0.4151634,51.4735573],[-0.4151076,51.4735389],[-0.4150514,51.4735203],[-0.4150393,51.4735163],[-0.4149743,51.4734948],[-0.4148913,51.4734748],[-0.414871,51.4734665],[-0.4148403,51.4734538],[-0.4147882,51.4734238],[-0.4147493,51.4733909],[-0.4147286,51.4733682],[-0.4147261,51.4733655],[-0.4147228,51.4733596],[-0.4146768,51.4732673],[-0.4146645,51.4732426],[-0.4145223,51.4729573],[-0.4144852,51.4728829],[-0.4144557,51.4728395],[-0.4144484,51.4728288],[-0.4143912,51.4727668],[-0.4143841,51.4727604],[-0.4143305,51.4727119],[-0.4142523,51.47266],[-0.4142386,51.4726509],[-0.4139786,51.4725189],[-0.4139628,51.4725127],[-0.4138334,51.472462],[-0.4137476,51.4724199],[-0.4136958,51.4723899],[-0.4136854,51.4723839],[-0.4136764,51.472377],[-0.4136096,51.4723259],[-0.4135467,51.4722709],[-0.4135254,51.4722489],[-0.4131296,51.471661],[-0.4130955,51.471582],[-0.4130657,51.4715311],[-0.4130281,51.4714789],[-0.4129966,51.4714351],[-0.412936,51.4713719],[-0.4129093,51.4713441],[-0.4128447,51.471287],[-0.4123978,51.4710351],[-0.4115828,51.4705757],[-0.4113849,51.4704641],[-0.4113702,51.4704196],[-0.4112535,51.4700649],[-0.4112248,51.4699781],[-0.4112247,51.4699777],[-0.4111908,51.4698745],[-0.411791,51.4696871],[-0.4118755,51.4696607],[-0.4128582,51.4693543],[-0.4128813,51.4693475],[-0.4144469,51.4688848],[-0.4144993,51.4688693],[-0.4159784,51.4684217],[-0.416138,51.4683734],[-0.416722,51.4681955],[-0.4169546,51.4681247],[-0.4174447,51.4679755],[-0.417596,51.4679249],[-0.417783,51.4678624],[-0.4188598,51.4675584],[-0.4192514,51.4674362],[-0.4195727,51.467336],[-0.4196808,51.4673023],[-0.4197061,51.4672936],[-0.4201634,51.4671355],[-0.4202209,51.4670281],[-0.4202385,51.4669954],[-0.4202675,51.4668576],[-0.4202762,51.46683],[-0.4202779,51.4668247],[-0.4202796,51.4668194],[-0.4202911,51.4667828],[-0.4203996,51.4667516],[-0.4203999,51.4667515],[-0.4204142,51.4667475],[-0.4204577,51.4667351],[-0.4204712,51.4667312],[-0.4205125,51.4667195],[-0.4208145,51.4668174],[-0.4208867,51.4668194],[-0.4209982,51.4668224],[-0.4210064,51.4668211],[-0.4213847,51.4667581],[-0.4214365,51.4667495],[-0.4214966,51.4667396],[-0.4217274,51.4667014],[-0.4219644,51.4665995],[-0.4220291,51.4665781],[-0.4220365,51.4665762],[-0.4220414,51.466574],[-0.4220996,51.4665547],[-0.4221691,51.4665318],[-0.4221728,51.4665306],[-0.4223672,51.4664664],[-0.4234693,51.4660025],[-0.4236075,51.4659453],[-0.4243488,51.4656387],[-0.4244751,51.4655858],[-0.4258318,51.4650176],[-0.4259125,51.4649841],[-0.4261439,51.4648881],[-0.4270586,51.4645086],[-0.4283876,51.4639307],[-0.4289735,51.4636886],[-0.4289876,51.4636828],[-0.4293991,51.4635128],[-0.429404,51.4635107],[-0.4295027,51.46347],[-0.429541,51.4634541],[-0.4295517,51.4634497],[-0.4299004,51.4633038],[-0.430154,51.4631897],[-0.4301642,51.4631851],[-0.4302822,51.463132],[-0.4303036,51.4631224],[-0.4303222,51.463114],[-0.4303988,51.4630796],[-0.4304215,51.4630693],[-0.4306274,51.4629767],[-0.4306508,51.4629672],[-0.4306581,51.4629642],[-0.4306769,51.4629565],[-0.4308869,51.4628708],[-0.4311701,51.4627553],[-0.431312,51.4626975],[-0.4313172,51.4626953],[-0.4316107,51.4625756],[-0.4316959,51.4625408],[-0.4320526,51.4623819],[-0.4326388,51.4621208],[-0.4330375,51.4619618],[-0.433101,51.4619365],[-0.4333289,51.4618455],[-0.4335989,51.4617378],[-0.4338596,51.4614649],[-0.4339351,51.4614061],[-0.4339434,51.4613997],[-0.4339551,51.4613906],[-0.4340383,51.4613258],[-0.4341253,51.4612581],[-0.4341625,51.4612292],[-0.4342038,51.4611971],[-0.4342387,51.4611699],[-0.4342774,51.4611266],[-0.4342856,51.4611175],[-0.4343067,51.4610939],[-0.4343174,51.461082],[-0.434397,51.4609932],[-0.4344054,51.4609838],[-0.4344802,51.4609003],[-0.4344887,51.4608908],[-0.4345118,51.460865],[-0.4345933,51.4607816],[-0.4346072,51.4607674],[-0.4346141,51.4607603],[-0.4346453,51.4607284],[-0.4346953,51.4606772],[-0.4347169,51.4606551],[-0.4347387,51.4606328],[-0.4347785,51.460592],[-0.4348042,51.4605633],[-0.4348671,51.4604931],[-0.4348747,51.4604846],[-0.434898,51.4604587],[-0.4349547,51.4603954],[-0.4349656,51.4603832],[-0.4349754,51.4603723],[-0.4350312,51.4603099],[-0.4350454,51.4602941],[-0.4350554,51.460283],[-0.4350722,51.4602624],[-0.4351087,51.460218],[-0.4351176,51.4602072],[-0.4351549,51.4601618],[-0.4352147,51.4600892],[-0.4352185,51.4600844],[-0.4352727,51.4600185],[-0.4352848,51.4600038],[-0.435308,51.4599756],[-0.4353146,51.4599675],[-0.4353356,51.4599421],[-0.4354974,51.4597609],[-0.4355052,51.4597521],[-0.4355217,51.4597336],[-0.4355422,51.4597107],[-0.4355615,51.4596891],[-0.4356256,51.459605],[-0.4356995,51.4595081],[-0.4357035,51.4594986],[-0.4357934,51.4592871],[-0.4358062,51.4592649],[-0.4358084,51.4592612],[-0.4359292,51.4590522],[-0.4360088,51.4589382],[-0.4360401,51.4588935],[-0.4360606,51.4588642],[-0.4360764,51.4588416],[-0.4360796,51.4588371],[-0.4361323,51.4587721],[-0.4361878,51.4587036],[-0.4362142,51.458671],[-0.4362389,51.4586406],[-0.4362473,51.4586302],[-0.4362773,51.4585931],[-0.436323,51.4585071],[-0.4363248,51.4585037],[-0.4363271,51.4584994],[-0.4363349,51.4584848],[-0.4363403,51.4584745],[-0.4363431,51.4584692],[-0.4363521,51.4584498],[-0.4363549,51.4584436],[-0.4363984,51.4583489],[-0.4363995,51.4583464],[-0.4364088,51.4583263],[-0.4364185,51.4583051],[-0.4365085,51.4581091],[-0.4365104,51.4581048],[-0.4365171,51.4580902],[-0.436521,51.4580768],[-0.4365222,51.4580728],[-0.4365399,51.4580117],[-0.4365413,51.4580071],[-0.4365631,51.4579319],[-0.4365645,51.4579272],[-0.4365769,51.4578845],[-0.436578,51.4578808],[-0.4366105,51.4577688],[-0.4366306,51.4576999],[-0.4366354,51.4576832],[-0.43637,51.4575963],[-0.4363648,51.4575946],[-0.4357444,51.4573913],[-0.4357036,51.4573798],[-0.4356967,51.4573779],[-0.4356794,51.457373],[-0.4355493,51.4573364],[-0.4355376,51.457333],[-0.4353611,51.4572833],[-0.4352909,51.4572635],[-0.4352596,51.4572547],[-0.4352504,51.4572521],[-0.4351588,51.4572263],[-0.4350872,51.4572061],[-0.4350272,51.4571892],[-0.4347477,51.4571104],[-0.4346799,51.4570704],[-0.4349242,51.4568407],[-0.4350638,51.4568536],[-0.4353313,51.4568824],[-0.4356022,51.4569019],[-0.4356356,51.4569043],[-0.4357535,51.4569045],[-0.4359539,51.456905],[-0.4361532,51.4569054],[-0.4362131,51.4569028],[-0.4366229,51.4568849],[-0.4367547,51.4568791],[-0.4367704,51.4568784],[-0.4368485,51.4568718],[-0.4372941,51.4568344],[-0.4375103,51.4568099],[-0.4375344,51.4568072],[-0.4375838,51.4568016],[-0.437713,51.456787],[-0.4377211,51.4567861],[-0.4377351,51.4567845],[-0.4382445,51.456727],[-0.4384361,51.4567053],[-0.4386302,51.4566981],[-0.4387252,51.4566946],[-0.438841,51.4566903],[-0.4390188,51.4566898],[-0.4392009,51.4566894],[-0.4392496,51.4566892],[-0.4393891,51.4566889],[-0.4394159,51.4566888],[-0.4394403,51.4566887],[-0.4394627,51.4566887],[-0.4394738,51.4566886],[-0.4394952,51.4566886],[-0.439572,51.4566884],[-0.4396911,51.4566854],[-0.4397197,51.4566847],[-0.4398187,51.4566822],[-0.4399368,51.4566733],[-0.4399522,51.4566721],[-0.4400514,51.4566645],[-0.4400749,51.4566628],[-0.4403018,51.4566455],[-0.440317,51.4566443],[-0.440569,51.4566704],[-0.4405935,51.4566729],[-0.440699,51.4566839],[-0.4407313,51.4566872],[-0.4408096,51.4566953],[-0.4409142,51.4567126],[-0.4409889,51.456725],[-0.4410856,51.456741],[-0.4410913,51.456742],[-0.4412629,51.4567704],[-0.441282,51.4567736],[-0.4414778,51.456806],[-0.4416096,51.4565813],[-0.441727,51.45641],[-0.4418905,51.4561716],[-0.4418933,51.4561676],[-0.4419187,51.4561305],[-0.4422063,51.4557344],[-0.4422081,51.4557319],[-0.4422789,51.4556344],[-0.4422806,51.455632],[-0.4425044,51.4553238],[-0.4425803,51.4552193],[-0.4425855,51.4552121],[-0.4426157,51.4551705],[-0.4430521,51.4545854],[-0.4431166,51.454499],[-0.4431463,51.4544591],[-0.4431534,51.4544496],[-0.443506,51.4539595],[-0.4436521,51.4537564],[-0.4440048,51.4532662],[-0.4440672,51.4532702],[-0.4441232,51.4532743],[-0.4443374,51.4532899],[-0.4448154,51.4533247],[-0.4458948,51.4534224],[-0.4462786,51.4534572],[-0.4463292,51.4534617],[-0.446339,51.4534626],[-0.4463916,51.453467],[-0.4469955,51.453517],[-0.4473071,51.4535428],[-0.447341,51.4535456],[-0.447681,51.453581],[-0.4478228,51.4535958],[-0.4481477,51.4536296],[-0.4487048,51.4537192],[-0.4488067,51.4537356],[-0.4490026,51.45377],[-0.4492493,51.4538133],[-0.4494214,51.4538436],[-0.4496163,51.4538797],[-0.4496907,51.4538935],[-0.4499865,51.4539482],[-0.4502197,51.4539914],[-0.4510216,51.4541831],[-0.4512635,51.454241],[-0.4514185,51.4542781],[-0.4515203,51.4543024],[-0.4527243,51.4545563],[-0.4527875,51.4545635],[-0.4528574,51.4545724],[-0.4529272,51.4545824],[-0.4529867,51.4545928],[-0.4529965,51.4545945],[-0.4530127,51.4545973],[-0.4530654,51.4546063],[-0.4531186,51.4546174],[-0.4531333,51.4546204],[-0.4531399,51.4546218],[-0.4532025,51.4546344],[-0.4532592,51.454648],[-0.4532694,51.4546505],[-0.4533191,51.4546639],[-0.4533354,51.4546683],[-0.4533564,51.4546738],[-0.4534005,51.4546854],[-0.4534664,51.4547043],[-0.4535224,51.4547234],[-0.4535282,51.4547254],[-0.4535922,51.4547473],[-0.4536052,51.4547518],[-0.4536545,51.4547691],[-0.4537246,51.4547958],[-0.4537628,51.4548104],[-0.453794,51.4548218],[-0.4538215,51.4548318],[-0.4538275,51.4548339],[-0.4538615,51.4548458],[-0.4539001,51.4548614],[-0.453928,51.4548733],[-0.4539546,51.4548863],[-0.4539802,51.4548994],[-0.4540035,51.4549143],[-0.454022,51.4549283],[-0.4540276,51.4549326],[-0.4540364,51.4549393],[-0.4540591,51.4549613],[-0.454079,51.4549849],[-0.4541013,51.4550173],[-0.4541182,51.4550503],[-0.4541303,51.4550773],[-0.4541347,51.4550928],[-0.4541375,51.4551028],[-0.4541395,51.4551094],[-0.4541468,51.4551333],[-0.4541495,51.4551524],[-0.4541512,51.4551648],[-0.4541531,51.4551854],[-0.4541545,51.4551997],[-0.4541541,51.4552067],[-0.4541531,51.4552262],[-0.45415,51.4552532],[-0.4540424,51.4553622],[-0.4538955,51.4554654],[-0.4539553,51.4555291],[-0.4539592,51.4555334],[-0.4539991,51.4555222],[-0.454159,51.4554773],[-0.4544487,51.4555234],[-0.454517,51.4555342],[-0.4547207,51.4555669],[-0.454962,51.4556055],[-0.4551102,51.4556292],[-0.4551904,51.4555912],[-0.4552112,51.4555813],[-0.4552885,51.4555859],[-0.4553597,51.4555902],[-0.4554066,51.4555344],[-0.455437,51.4554977],[-0.4554699,51.4554582],[-0.4554342,51.4554016],[-0.455429,51.4553933],[-0.4554219,51.4553802],[-0.455371,51.4552863],[-0.4554041,51.4552757],[-0.4554496,51.4552617],[-0.4554564,51.4552596],[-0.4554933,51.4552497],[-0.4554995,51.4552485],[-0.4555128,51.4552462],[-0.4555361,51.4552422],[-0.455542,51.4552418],[-0.4556037,51.4552378],[-0.4556804,51.4552398],[-0.4556982,51.4552413],[-0.4557138,51.4552427],[-0.4557304,51.4552442],[-0.455778,51.4552521],[-0.455828,51.4552638],[-0.4558447,51.4552678],[-0.456362,51.4553732],[-0.456815,51.4554933],[-0.4573367,51.4556811],[-0.4578708,51.4559422],[-0.4586621,51.4563149],[-0.4590428,51.4564821],[-0.4591174,51.456523],[-0.4591983,51.4565652],[-0.4592036,51.4565679],[-0.4592093,51.4565707],[-0.4592926,51.4566113],[-0.4593825,51.456653],[-0.4594729,51.4566939],[-0.4595438,51.4567236],[-0.4595948,51.4567449],[-0.4597245,51.4567941],[-0.4598556,51.4568419],[-0.4599876,51.4568878],[-0.4601042,51.456926],[-0.4602235,51.4569632],[-0.4603437,51.4570001],[-0.4604663,51.4570341],[-0.4605888,51.4570672],[-0.4607129,51.4570978],[-0.4608387,51.4571271],[-0.4609155,51.4571432],[-0.4610433,51.4571691],[-0.4611716,51.4571929],[-0.4613004,51.457215],[-0.4613938,51.4572293],[-0.4614293,51.4572348],[-0.4614413,51.4572364],[-0.4615614,51.4572528],[-0.4616917,51.4572688],[-0.4624593,51.4573039],[-0.463086,51.4573657],[-0.4637142,51.4574276],[-0.4637556,51.4574312],[-0.4645353,51.4575],[-0.4651482,51.4575785],[-0.4659388,51.4577266],[-0.466017,51.4577418],[-0.4660996,51.4577573],[-0.4661189,51.4577609],[-0.4662203,51.4577806],[-0.4663219,51.4577978],[-0.4664248,51.4578138],[-0.4665379,51.4578287],[-0.4665465,51.4578296],[-0.46666,51.4578418],[-0.4667344,51.457849],[-0.466782,51.4578536],[-0.4668046,51.4578552],[-0.4669161,51.4578635],[-0.4670517,51.457872],[-0.4671583,51.4578776],[-0.4671756,51.4578785],[-0.4671963,51.457879],[-0.4672997,51.4578817],[-0.4674228,51.457884],[-0.4678547,51.4578836],[-0.4682974,51.4578879],[-0.4683727,51.4578887],[-0.4685757,51.4578912],[-0.4685836,51.4578913],[-0.4686218,51.4578908],[-0.4686862,51.4578908],[-0.4687343,51.4578906],[-0.4687662,51.4578915],[-0.4687815,51.4578919],[-0.4688008,51.4578935],[-0.4688164,51.4578948],[-0.4688259,51.4578956],[-0.4688565,51.4578991],[-0.4688707,51.4579007],[-0.4688787,51.4579018],[-0.4689168,51.457907],[-0.4689785,51.4579184],[-0.4692462,51.4579458],[-0.4692692,51.4579481],[-0.4694377,51.4579654],[-0.4694457,51.4579662],[-0.4696074,51.4579828],[-0.4697539,51.4579999],[-0.4699782,51.458026],[-0.4699847,51.4580268],[-0.4705219,51.4580894],[-0.4706344,51.4581025],[-0.4707406,51.4581182],[-0.4709313,51.4581464],[-0.471485,51.4582282],[-0.4716939,51.4582674],[-0.4717044,51.4582693],[-0.4720748,51.4583388],[-0.4720964,51.4583429],[-0.4722674,51.4583749],[-0.4723345,51.4583875],[-0.4725224,51.4584228],[-0.4725394,51.4584256],[-0.4726109,51.4584375],[-0.4726533,51.4584452],[-0.4727452,51.4584617],[-0.4728636,51.4584831],[-0.4730864,51.4585271],[-0.4731129,51.4585323],[-0.4731274,51.4585353],[-0.4731447,51.458539],[-0.473368,51.4585858],[-0.4734032,51.4585934],[-0.4734171,51.4585964],[-0.4734232,51.4585976],[-0.4734299,51.4585989],[-0.4734379,51.4586004],[-0.4734591,51.4586044],[-0.4735002,51.4586137],[-0.4735193,51.4586183],[-0.4735404,51.4586235],[-0.4735923,51.4586372],[-0.4735979,51.4586387],[-0.4736144,51.4586439],[-0.4736584,51.4586577],[-0.4737011,51.4586718],[-0.4737134,51.4586764],[-0.4737589,51.4586937],[-0.4738162,51.4587165],[-0.473856,51.4587345],[-0.4738933,51.4587523],[-0.4738971,51.4587541],[-0.4739326,51.4587715],[-0.4739688,51.4587912],[-0.4739774,51.4587968],[-0.4742319,51.4589642],[-0.4743682,51.459054],[-0.4744979,51.4591393],[-0.4746281,51.4592313],[-0.4746313,51.4592335],[-0.4750296,51.4595148],[-0.4750379,51.4595206],[-0.4751143,51.4595746],[-0.4751197,51.4595785],[-0.4751668,51.4596117],[-0.4753128,51.4597062],[-0.4753192,51.4597104],[-0.4753629,51.4597388],[-0.475724,51.4599726],[-0.4757286,51.4599756],[-0.475739,51.4599823],[-0.4757547,51.4599925],[-0.4758982,51.4600854],[-0.4759217,51.4601151],[-0.4761026,51.4603432],[-0.4761874,51.4604502],[-0.4761913,51.4604552],[-0.4762921,51.4605823],[-0.4763062,51.4606001],[-0.476318,51.4606153],[-0.4762802,51.460623],[-0.4761248,51.4606544],[-0.4759188,51.4606962],[-0.4759277,51.4607148],[-0.4759318,51.4607233],[-0.4759488,51.4607543],[-0.4759763,51.4607942],[-0.4760026,51.4608287],[-0.4760268,51.4608561],[-0.4760491,51.4608776],[-0.4760581,51.4608864],[-0.4760713,51.4608994],[-0.4760966,51.4609215],[-0.4761308,51.4609493],[-0.4761738,51.4609821],[-0.476209,51.4610054],[-0.4762469,51.4610285],[-0.4762848,51.4610511],[-0.4763184,51.4610697],[-0.4763246,51.4610731],[-0.4763294,51.4610754],[-0.4763658,51.4610932],[-0.4764069,51.4611134],[-0.4764557,51.4611358],[-0.4765218,51.4611643],[-0.4765857,51.4611881],[-0.4766498,51.4612102],[-0.4767148,51.461231],[-0.4767807,51.4612503],[-0.4768354,51.4612647],[-0.4768489,51.4612683],[-0.4769163,51.4612863],[-0.4769649,51.4612991],[-0.477052,51.461318],[-0.4771419,51.4613364],[-0.4772308,51.461352],[-0.4772357,51.4613527],[-0.4773207,51.4613654],[-0.477413,51.4613782],[-0.477503,51.4613894],[-0.4775976,51.4613994],[-0.4776895,51.4614081],[-0.4777829,51.4614153],[-0.4778749,51.4614212],[-0.4779596,51.4614257],[-0.4779683,51.4614262],[-0.477978,51.4614264],[-0.4780604,51.4614281],[-0.4784052,51.4614355],[-0.4784108,51.4614357],[-0.4787149,51.4614422],[-0.4787595,51.4614432],[-0.478853,51.4614452],[-0.4789241,51.4614468],[-0.4789366,51.461447],[-0.4791554,51.4614442],[-0.4791864,51.4614438],[-0.4792334,51.4614431],[-0.4793149,51.4614421],[-0.479339,51.4614417],[-0.479412,51.4614408],[-0.4794268,51.4614406],[-0.4794647,51.4614401],[-0.4796737,51.4614373],[-0.4801266,51.4614164],[-0.4801319,51.4614162],[-0.4803455,51.4614063],[-0.4808835,51.4613743],[-0.4809852,51.4613683],[-0.4810867,51.4613622],[-0.4813133,51.461386],[-0.4820426,51.4613701],[-0.482121,51.4613344],[-0.4822002,51.4612982],[-0.4837588,51.4612743],[-0.4848711,51.461279],[-0.484994,51.4612789],[-0.485168,51.46128],[-0.485342,51.4612841],[-0.4855067,51.4612906],[-0.4855158,51.4612909],[-0.4856308,51.4612971],[-0.4857313,51.4613035],[-0.4858821,51.4613132],[-0.4859707,51.4613205],[-0.4859881,51.4613219],[-0.4861338,51.4613339],[-0.486294,51.4613482],[-0.4864737,51.4613671],[-0.4866655,51.4613887],[-0.4868563,51.4614142],[-0.4868959,51.4614202],[-0.4869729,51.4614318],[-0.4870146,51.4614381],[-0.4870282,51.4614401],[-0.4870336,51.4614409],[-0.4870564,51.4614457],[-0.4872814,51.4614923],[-0.4873995,51.4615168],[-0.4874212,51.4615214],[-0.4875974,51.4615579],[-0.4876386,51.461566],[-0.4882178,51.46168],[-0.48842,51.461723],[-0.4886336,51.4617684],[-0.4887365,51.4617902],[-0.4887458,51.4617922],[-0.4887598,51.4617959],[-0.4887935,51.4618048],[-0.4888338,51.4618113],[-0.4888874,51.4618081],[-0.4888949,51.4618067],[-0.4889134,51.4618033],[-0.4889264,51.4618009],[-0.4889708,51.4617907],[-0.4890098,51.4617809],[-0.4890525,51.4617688],[-0.4890834,51.4617597],[-0.4891049,51.4617545],[-0.489116,51.4617517],[-0.4891297,51.4617496],[-0.489163,51.4617445],[-0.4891937,51.4617413],[-0.489219,51.4617386],[-0.4892497,51.4617382],[-0.489278,51.4617378],[-0.4892994,51.4617382],[-0.4893373,51.461739],[-0.4893961,51.4617434],[-0.4894411,51.4617478],[-0.4894477,51.4617484],[-0.4895085,51.4617574],[-0.4895253,51.4617607],[-0.4895783,51.4617715],[-0.4896097,51.4617796],[-0.4896296,51.4617848],[-0.4896464,51.4617894],[-0.4896799,51.4617986],[-0.489736,51.4618159],[-0.4897903,51.4618359],[-0.4898524,51.4618614],[-0.4899117,51.4618894],[-0.4899525,51.4619375],[-0.4899637,51.4619508],[-0.4900333,51.462036],[-0.4901325,51.4621528],[-0.4901526,51.4621748],[-0.4901802,51.4622051],[-0.4902051,51.462229],[-0.4902388,51.4622587],[-0.4902733,51.4622881],[-0.4903143,51.4623156],[-0.4903577,51.4623358],[-0.4904003,51.4623529],[-0.4904523,51.4623724],[-0.4905204,51.4623953],[-0.4905641,51.4624082],[-0.4905741,51.4624111],[-0.4906269,51.4624238],[-0.4906971,51.4624396],[-0.4911576,51.4625808],[-0.4915784,51.4627098],[-0.4919638,51.4628356],[-0.4919799,51.4628408],[-0.4920994,51.4629036],[-0.4922085,51.4629609],[-0.4922292,51.4629717],[-0.4922493,51.4629725],[-0.4926233,51.4629867],[-0.4928409,51.4629878],[-0.4928627,51.4629879],[-0.4928734,51.4629879],[-0.4931253,51.4629369],[-0.4931311,51.4629357],[-0.4932757,51.4628744],[-0.4933171,51.4628538],[-0.4933582,51.4628275],[-0.4933892,51.462802],[-0.4934124,51.4627754],[-0.4934269,51.4627559],[-0.4934403,51.4627378],[-0.4934454,51.4627296],[-0.4934614,51.4627038],[-0.4936442,51.4627096],[-0.4936757,51.4627107],[-0.4937174,51.462712],[-0.4937745,51.4627153],[-0.4938809,51.4627215],[-0.4940559,51.4630475],[-0.4940626,51.4630557],[-0.49433,51.4633856],[-0.4943554,51.4634129],[-0.4943579,51.4634155]]]}},{"type":"Feature","properties":{"Name":null,"description":null,"timestamp":null,"begin":null,"end":null,"altitudeMode":null,"tessellate":"NA","extrude":"NA","visibility":"NA","drawOrder":"NA","icon":null,"ltla22cd":null,"ltla22nm":null,"ltla22nmw":null,"label":null,"stroke-opacity":"NA","stroke-width":4,"stroke":"#388E3C","fill-opacity":"NA","fill":null,"LengthInMetres":528,"Title":"LCN 39","Direction":"TwoWay","Flow":null,"Protection":null,"RoadOwnership":null,"YearBuilt":null,"Borough":"Hillingdon"},"geometry":{"type":"LineString","coordinates":[[-0.4220337,51.52301],[-0.4191798,51.52209],[-0.417313,51.52139],[-0.4154891,51.5206]]}},{"type":"Feature","properties":{"Name":null,"description":null,"timestamp":null,"begin":null,"end":null,"altitudeMode":null,"tessellate":"NA","extrude":"NA","visibility":"NA","drawOrder":"NA","icon":null,"ltla22cd":null,"ltla22nm":null,"ltla22nmw":null,"label":null,"stroke-opacity":"NA","stroke-width":4,"stroke":"#388E3C","fill-opacity":"NA","fill":null,"LengthInMetres":253,"Title":"LCN 88 - a","Direction":"TwoWay","Flow":null,"Protection":null,"RoadOwnership":null,"YearBuilt":null,"Borough":"Hillingdon"},"geometry":{"type":"LineString","coordinates":[[-0.4191043,51.50532],[-0.4190453,51.50554],[-0.4190265,51.50571],[-0.4190399,51.50596],[-0.4190399,51.50631],[-0.4189004,51.50672],[-0.418761,51.50695],[-0.4186484,51.50715],[-0.4185169,51.50715],[-0.4182098,51.50721],[-0.4180777,51.50725],[-0.4180379,51.50727]]}},{"type":"Feature","properties":{"Name":null,"description":null,"timestamp":null,"begin":null,"end":null,"altitudeMode":null,"tessellate":"NA","extrude":"NA","visibility":"NA","drawOrder":"NA","icon":null,"ltla22cd":null,"ltla22nm":null,"ltla22nmw":null,"label":null,"stroke-opacity":"NA","stroke-width":4,"stroke":"#388E3C","fill-opacity":"NA","fill":null,"LengthInMetres":7,"Title":"LCN 88 - a","Direction":"TwoWay","Flow":null,"Protection":null,"RoadOwnership":null,"YearBuilt":null,"Borough":"Hillingdon"},"geometry":{"type":"LineString","coordinates":[[-0.4180379,51.50727],[-0.4180288,51.50733]]}},{"type":"Feature","properties":{"Name":null,"description":null,"timestamp":null,"begin":null,"end":null,"altitudeMode":null,"tessellate":"NA","extrude":"NA","visibility":"NA","drawOrder":"NA","icon":null,"ltla22cd":null,"ltla22nm":null,"ltla22nmw":null,"label":null,"stroke-opacity":"NA","stroke-width":4,"stroke":"#388E3C","fill-opacity":"NA","fill":null,"LengthInMetres":8,"Title":"LCN 88 - a","Direction":"TwoWay","Flow":null,"Protection":null,"RoadOwnership":null,"YearBuilt":null,"Borough":"Hillingdon"},"geometry":{"type":"LineString","coordinates":[[-0.4180288,51.50733],[-0.4179553,51.50738]]}},{"type":"Feature","properties":{"Name":null,"description":null,"timestamp":null,"begin":null,"end":null,"altitudeMode":null,"tessellate":"NA","extrude":"NA","visibility":"NA","drawOrder":"NA","icon":null,"ltla22cd":null,"ltla22nm":null,"ltla22nmw":null,"label":null,"stroke-opacity":"NA","stroke-width":4,"stroke":"#388E3C","fill-opacity":"NA","fill":null,"LengthInMetres":5,"Title":"LCN 88 - a","Direction":"TwoWay","Flow":null,"Protection":null,"RoadOwnership":null,"YearBuilt":null,"Borough":"Hillingdon"},"geometry":{"type":"LineString","coordinates":[[-0.4179553,51.50738],[-0.417886,51.5074]]}},{"type":"Feature","properties":{"Name":null,"description":null,"timestamp":null,"begin":null,"end":null,"altitudeMode":null,"tessellate":"NA","extrude":"NA","visibility":"NA","drawOrder":"NA","icon":null,"ltla22cd":null,"ltla22nm":null,"ltla22nmw":null,"label":null,"stroke-opacity":"NA","stroke-width":4,"stroke":"#388E3C","fill-opacity":"NA","fill":null,"LengthInMetres":5,"Title":"LCN 88 - a","Direction":"TwoWay","Flow":null,"Protection":null,"RoadOwnership":null,"YearBuilt":null,"Borough":"Hillingdon"},"geometry":{"type":"LineString","coordinates":[[-0.417886,51.5074],[-0.4178139,51.50739]]}},{"type":"Feature","properties":{"Name":null,"description":null,"timestamp":null,"begin":null,"end":null,"altitudeMode":null,"tessellate":"NA","extrude":"NA","visibility":"NA","drawOrder":"NA","icon":null,"ltla22cd":null,"ltla22nm":null,"ltla22nmw":null,"label":null,"stroke-opacity":"NA","stroke-width":4,"stroke":"#388E3C","fill-opacity":"NA","fill":null,"LengthInMetres":5,"Title":"LCN 88 - a","Direction":"TwoWay","Flow":null,"Protection":null,"RoadOwnership":null,"YearBuilt":null,"Borough":"Hillingdon"},"geometry":{"type":"LineString","coordinates":[[-0.4178139,51.50739],[-0.4177523,51.50737]]}},{"type":"Feature","properties":{"Name":null,"description":null,"timestamp":null,"begin":null,"end":null,"altitudeMode":null,"tessellate":"NA","extrude":"NA","visibility":"NA","drawOrder":"NA","icon":null,"ltla22cd":null,"ltla22nm":null,"ltla22nmw":null,"label":null,"stroke-opacity":"NA","stroke-width":4,"stroke":"#388E3C","fill-opacity":"NA","fill":null,"LengthInMetres":3,"Title":"LCN 88 - a","Direction":"TwoWay","Flow":null,"Protection":null,"RoadOwnership":null,"YearBuilt":null,"Borough":"Hillingdon"},"geometry":{"type":"LineString","coordinates":[[-0.4177523,51.50737],[-0.4177215,51.50735]]}},{"type":"Feature","properties":{"Name":null,"description":null,"timestamp":null,"begin":null,"end":null,"altitudeMode":null,"tessellate":"NA","extrude":"NA","visibility":"NA","drawOrder":"NA","icon":null,"ltla22cd":null,"ltla22nm":null,"ltla22nmw":null,"label":null,"stroke-opacity":"NA","stroke-width":4,"stroke":"#388E3C","fill-opacity":"NA","fill":null,"LengthInMetres":39,"Title":"LCN 88 - a","Direction":"TwoWay","Flow":null,"Protection":null,"RoadOwnership":null,"YearBuilt":null,"Borough":"Hillingdon"},"geometry":{"type":"LineString","coordinates":[[-0.4180379,51.50727],[-0.4180101,51.50724],[-0.4179555,51.50721],[-0.4178969,51.5072],[-0.4178287,51.5072],[-0.4177658,51.50722],[-0.417727,51.50724],[-0.4177129,51.50729],[-0.4177193,51.50731],[-0.4177215,51.50735]]}},{"type":"Feature","properties":{"Name":null,"description":null,"timestamp":null,"begin":null,"end":null,"altitudeMode":null,"tessellate":"NA","extrude":"NA","visibility":"NA","drawOrder":"NA","icon":null,"ltla22cd":null,"ltla22nm":null,"ltla22nmw":null,"label":null,"stroke-opacity":"NA","stroke-width":4,"stroke":"#388E3C","fill-opacity":"NA","fill":null,"LengthInMetres":403,"Title":"LCN 88 - a","Direction":"TwoWay","Flow":null,"Protection":null,"RoadOwnership":null,"YearBuilt":null,"Borough":"Hillingdon"},"geometry":{"type":"LineString","coordinates":[[-0.4177215,51.50735],[-0.4174312,51.50745],[-0.4170983,51.5076],[-0.4167869,51.5078],[-0.4166205,51.50791],[-0.4161485,51.50835],[-0.4159339,51.50858],[-0.4157274,51.50881],[-0.4155249,51.50903],[-0.4153948,51.50919],[-0.4150327,51.50957],[-0.4148745,51.50973],[-0.4146277,51.50992],[-0.4144279,51.51006],[-0.4142495,51.5102]]}},{"type":"Feature","properties":{"Name":null,"description":null,"timestamp":null,"begin":null,"end":null,"altitudeMode":null,"tessellate":"NA","extrude":"NA","visibility":"NA","drawOrder":"NA","icon":null,"ltla22cd":null,"ltla22nm":null,"ltla22nmw":null,"label":null,"stroke-opacity":"NA","stroke-width":2,"stroke":"#388E3C","fill-opacity":"NA","fill":null,"LengthInMetres":82,"Title":"Ruislip High Road","Direction":"OneWay","Flow":null,"Protection":null,"RoadOwnership":null,"YearBuilt":null,"Borough":"Hillingdon"},"geometry":{"type":"LineString","coordinates":[[-0.4394253,51.5688],[-0.4402514,51.56827]]}},{"type":"Feature","properties":{"Name":null,"description":null,"timestamp":null,"begin":null,"end":null,"altitudeMode":null,"tessellate":"NA","extrude":"NA","visibility":"NA","drawOrder":"NA","icon":null,"ltla22cd":null,"ltla22nm":null,"ltla22nmw":null,"label":null,"stroke-opacity":"NA","stroke-width":4,"stroke":"#388E3C","fill-opacity":"NA","fill":null,"LengthInMetres":349,"Title":"Ruislip High Road","Direction":"TwoWay","Flow":null,"Protection":null,"RoadOwnership":null,"YearBuilt":null,"Borough":"Hillingdon"},"geometry":{"type":"LineString","coordinates":[[-0.440466,51.56814],[-0.4410347,51.56777],[-0.4414423,51.56742],[-0.441893,51.56676],[-0.442247,51.5662],[-0.4428371,51.56541]]}},{"type":"Feature","properties":{"Name":null,"description":null,"timestamp":null,"begin":null,"end":null,"altitudeMode":null,"tessellate":"NA","extrude":"NA","visibility":"NA","drawOrder":"NA","icon":null,"ltla22cd":null,"ltla22nm":null,"ltla22nmw":null,"label":null,"stroke-opacity":"NA","stroke-width":2,"stroke":"#388E3C","fill-opacity":"NA","fill":null,"LengthInMetres":626,"Title":"Hillingdon Hill","Direction":"OneWay","Flow":null,"Protection":null,"RoadOwnership":null,"YearBuilt":null,"Borough":"Hillingdon"},"geometry":{"type":"LineString","coordinates":[[-0.470597,51.53688],[-0.4702645,51.53658],[-0.4697387,51.53627],[-0.4692774,51.53608],[-0.4686015,51.53584],[-0.467947,51.53574],[-0.4663484,51.53557],[-0.4650717,51.53547],[-0.4634195,51.53536],[-0.4622822,51.53531]]}},{"type":"Feature","properties":{"Name":null,"description":null,"timestamp":null,"begin":null,"end":null,"altitudeMode":null,"tessellate":"NA","extrude":"NA","visibility":"NA","drawOrder":"NA","icon":null,"ltla22cd":null,"ltla22nm":null,"ltla22nmw":null,"label":null,"stroke-opacity":"NA","stroke-width":4,"stroke":"#388E3C","fill-opacity":"NA","fill":null,"LengthInMetres":297,"Title":"The Parkway","Direction":"TwoWay","Flow":null,"Protection":null,"RoadOwnership":null,"YearBuilt":null,"Borough":"Hillingdon"},"geometry":{"type":"LineString","coordinates":[[-0.3891303,51.53055],[-0.389158,51.53052],[-0.3891687,51.53015],[-0.3892116,51.52924],[-0.3892652,51.52893],[-0.3893833,51.52855],[-0.3893243,51.52852],[-0.3892974,51.5285],[-0.3892867,51.52844],[-0.3893511,51.52809],[-0.3891365,51.52798]]}},{"type":"Feature","properties":{"Name":null,"description":null,"timestamp":null,"begin":null,"end":null,"altitudeMode":null,"tessellate":"NA","extrude":"NA","visibility":"NA","drawOrder":"NA","icon":null,"ltla22cd":null,"ltla22nm":null,"ltla22nmw":null,"label":null,"stroke-opacity":"NA","stroke-width":4,"stroke":"#388E3C","fill-opacity":"NA","fill":null,"LengthInMetres":221,"Title":"The Parkway","Direction":"TwoWay","Flow":null,"Protection":null,"RoadOwnership":null,"YearBuilt":null,"Borough":"Hillingdon"},"geometry":{"type":"LineString","coordinates":[[-0.3911106,51.52823],[-0.3908638,51.52844],[-0.3906707,51.52846],[-0.3905768,51.52843],[-0.3905312,51.52839],[-0.3904937,51.52835],[-0.3904669,51.52824],[-0.3904883,51.52809],[-0.3904025,51.52803],[-0.3902711,51.52798],[-0.3900699,51.52797],[-0.3896702,51.52796],[-0.3896166,51.52799],[-0.3895657,51.52805],[-0.3893833,51.52855]]}},{"type":"Feature","properties":{"Name":null,"description":null,"timestamp":null,"begin":null,"end":null,"altitudeMode":null,"tessellate":"NA","extrude":"NA","visibility":"NA","drawOrder":"NA","icon":null,"ltla22cd":null,"ltla22nm":null,"ltla22nmw":null,"label":null,"stroke-opacity":"NA","stroke-width":4,"stroke":"#388E3C","fill-opacity":"NA","fill":null,"LengthInMetres":848,"Title":"The Parkway","Direction":"TwoWay","Flow":null,"Protection":null,"RoadOwnership":null,"YearBuilt":null,"Borough":"Hillingdon"},"geometry":{"type":"LineString","coordinates":[[-0.3900986,51.52552],[-0.3901791,51.52549],[-0.3903132,51.5255],[-0.3903722,51.52553],[-0.3904044,51.52562],[-0.3904205,51.52576],[-0.3905171,51.52584],[-0.391075,51.52599],[-0.391252,51.526],[-0.3914236,51.52595],[-0.3916329,51.5259],[-0.391826,51.52587],[-0.3921371,51.52589],[-0.3922229,51.52587],[-0.392298,51.52579],[-0.3923034,51.52571],[-0.3921478,51.52564],[-0.3919815,51.52555],[-0.3918957,51.52539],[-0.3918099,51.52521],[-0.3918582,51.52502],[-0.3919815,51.52482],[-0.3921639,51.52456],[-0.3923892,51.52431],[-0.3927862,51.52389],[-0.3931134,51.52358],[-0.3938698,51.52292],[-0.394079,51.52276],[-0.39424,51.52264],[-0.3945296,51.5225],[-0.3946584,51.52242],[-0.3950232,51.52214],[-0.3952485,51.52196],[-0.3956884,51.52168],[-0.3958332,51.52157],[-0.3963321,51.52129],[-0.396713,51.52111]]}},{"type":"Feature","properties":{"Name":null,"description":null,"timestamp":null,"begin":null,"end":null,"altitudeMode":null,"tessellate":"NA","extrude":"NA","visibility":"NA","drawOrder":"NA","icon":null,"ltla22cd":null,"ltla22nm":null,"ltla22nmw":null,"label":null,"stroke-opacity":"NA","stroke-width":4,"stroke":"#388E3C","fill-opacity":"NA","fill":null,"LengthInMetres":24,"Title":"The Parkway","Direction":"TwoWay","Flow":null,"Protection":null,"RoadOwnership":null,"YearBuilt":null,"Borough":"Hillingdon"},"geometry":{"type":"LineString","coordinates":[[-0.396713,51.52111],[-0.3969383,51.52127]]}},{"type":"Feature","properties":{"Name":null,"description":null,"timestamp":null,"begin":null,"end":null,"altitudeMode":null,"tessellate":"NA","extrude":"NA","visibility":"NA","drawOrder":"NA","icon":null,"ltla22cd":null,"ltla22nm":null,"ltla22nmw":null,"label":null,"stroke-opacity":"NA","stroke-width":4,"stroke":"#388E3C","fill-opacity":"NA","fill":null,"LengthInMetres":184,"Title":"The Parkway","Direction":"TwoWay","Flow":null,"Protection":null,"RoadOwnership":null,"YearBuilt":null,"Borough":"Hillingdon"},"geometry":{"type":"LineString","coordinates":[[-0.396713,51.52111],[-0.396772,51.52104],[-0.3969758,51.52094],[-0.3970831,51.52087],[-0.3971207,51.52081],[-0.3970241,51.5207],[-0.3966969,51.52051],[-0.3966593,51.52047],[-0.3966915,51.5204],[-0.3971421,51.51989],[-0.3972065,51.51982],[-0.397185,51.51976]]}},{"type":"Feature","properties":{"Name":null,"description":null,"timestamp":null,"begin":null,"end":null,"altitudeMode":null,"tessellate":"NA","extrude":"NA","visibility":"NA","drawOrder":"NA","icon":null,"ltla22cd":null,"ltla22nm":null,"ltla22nmw":null,"label":null,"stroke-opacity":"NA","stroke-width":4,"stroke":"#388E3C","fill-opacity":"NA","fill":null,"LengthInMetres":403,"Title":"The Parkway","Direction":"TwoWay","Flow":null,"Protection":null,"RoadOwnership":null,"YearBuilt":null,"Borough":"Hillingdon"},"geometry":{"type":"LineString","coordinates":[[-0.3972861,51.52118],[-0.39749,51.52112],[-0.3977582,51.52096],[-0.398123,51.52066],[-0.3987882,51.52008],[-0.3990349,51.51985],[-0.3995714,51.51933],[-0.3997001,51.51917],[-0.3997538,51.51898],[-0.399743,51.51883],[-0.399625,51.5185],[-0.3999576,51.51815]]}},{"type":"Feature","properties":{"Name":null,"description":null,"timestamp":null,"begin":null,"end":null,"altitudeMode":null,"tessellate":"NA","extrude":"NA","visibility":"NA","drawOrder":"NA","icon":null,"ltla22cd":null,"ltla22nm":null,"ltla22nmw":null,"label":null,"stroke-opacity":"NA","stroke-width":4,"stroke":"#388E3C","fill-opacity":"NA","fill":null,"LengthInMetres":103,"Title":"The Parkway","Direction":"TwoWay","Flow":null,"Protection":null,"RoadOwnership":null,"YearBuilt":null,"Borough":"Hillingdon"},"geometry":{"type":"LineString","coordinates":[[-0.4008588,51.5176],[-0.4012022,51.51723],[-0.4012773,51.51717],[-0.4018566,51.51709],[-0.4019317,51.5171]]}},{"type":"Feature","properties":{"Name":null,"description":null,"timestamp":null,"begin":null,"end":null,"altitudeMode":null,"tessellate":"NA","extrude":"NA","visibility":"NA","drawOrder":"NA","icon":null,"ltla22cd":null,"ltla22nm":null,"ltla22nmw":null,"label":null,"stroke-opacity":"NA","stroke-width":4,"stroke":"#388E3C","fill-opacity":"NA","fill":null,"LengthInMetres":406,"Title":"Uxbridge Road","Direction":"TwoWay","Flow":null,"Protection":null,"RoadOwnership":null,"YearBuilt":null,"Borough":"Hillingdon"},"geometry":{"type":"LineString","coordinates":[[-0.4018566,51.51709],[-0.4018137,51.51694],[-0.4016635,51.51678],[-0.4015562,51.51685],[-0.4011807,51.51688],[-0.4008803,51.51673],[-0.4005048,51.51658],[-0.4002687,51.51645],[-0.3988525,51.51595],[-0.3970823,51.51537]]}},{"type":"Feature","properties":{"Name":null,"description":null,"timestamp":null,"begin":null,"end":null,"altitudeMode":null,"tessellate":"NA","extrude":"NA","visibility":"NA","drawOrder":"NA","icon":null,"ltla22cd":null,"ltla22nm":null,"ltla22nmw":null,"label":null,"stroke-opacity":"NA","stroke-width":4,"stroke":"#388E3C","fill-opacity":"NA","fill":null,"LengthInMetres":170,"Title":"Uxbridge Road","Direction":"TwoWay","Flow":null,"Protection":null,"RoadOwnership":null,"YearBuilt":null,"Borough":"Hillingdon"},"geometry":{"type":"LineString","coordinates":[[-0.4019317,51.5171],[-0.4020175,51.51709],[-0.402951,51.51729],[-0.4038629,51.51755],[-0.4042009,51.51764]]}},{"type":"Feature","properties":{"Name":null,"description":null,"timestamp":null,"begin":null,"end":null,"altitudeMode":null,"tessellate":"NA","extrude":"NA","visibility":"NA","drawOrder":"NA","icon":null,"ltla22cd":null,"ltla22nm":null,"ltla22nmw":null,"label":null,"stroke-opacity":"NA","stroke-width":4,"stroke":"#388E3C","fill-opacity":"NA","fill":null,"LengthInMetres":75,"Title":"Uxbridge Road","Direction":"TwoWay","Flow":null,"Protection":null,"RoadOwnership":null,"YearBuilt":null,"Borough":"Hillingdon"},"geometry":{"type":"LineString","coordinates":[[-0.4045013,51.5177],[-0.4049626,51.51779],[-0.4055527,51.51787]]}},{"type":"Feature","properties":{"Name":null,"description":null,"timestamp":null,"begin":null,"end":null,"altitudeMode":null,"tessellate":"NA","extrude":"NA","visibility":"NA","drawOrder":"NA","icon":null,"ltla22cd":null,"ltla22nm":null,"ltla22nmw":null,"label":null,"stroke-opacity":"NA","stroke-width":2,"stroke":"#388E3C","fill-opacity":"NA","fill":null,"LengthInMetres":62,"Title":"Uxbridge Road","Direction":"OneWay","Flow":null,"Protection":null,"RoadOwnership":null,"YearBuilt":null,"Borough":"Hillingdon"},"geometry":{"type":"LineString","coordinates":[[-0.4055527,51.51787],[-0.4064378,51.51792]]}},{"type":"Feature","properties":{"Name":null,"description":null,"timestamp":null,"begin":null,"end":null,"altitudeMode":null,"tessellate":"NA","extrude":"NA","visibility":"NA","drawOrder":"NA","icon":null,"ltla22cd":null,"ltla22nm":null,"ltla22nmw":null,"label":null,"stroke-opacity":"NA","stroke-width":4,"stroke":"#388E3C","fill-opacity":"NA","fill":null,"LengthInMetres":298,"Title":"Uxbridge Road","Direction":"TwoWay","Flow":null,"Protection":null,"RoadOwnership":null,"YearBuilt":null,"Borough":"Hillingdon"},"geometry":{"type":"LineString","coordinates":[[-0.3977475,51.51532],[-0.3981874,51.51544],[-0.3985199,51.51546],[-0.3992227,51.51544],[-0.399625,51.51544],[-0.3999844,51.51547],[-0.4005101,51.51557],[-0.4003653,51.51567],[-0.3996465,51.51595],[-0.3993836,51.51613]]}},{"type":"Feature","properties":{"Name":null,"description":null,"timestamp":null,"begin":null,"end":null,"altitudeMode":null,"tessellate":"NA","extrude":"NA","visibility":"NA","drawOrder":"NA","icon":null,"ltla22cd":null,"ltla22nm":null,"ltla22nmw":null,"label":null,"stroke-opacity":"NA","stroke-width":4,"stroke":"#388E3C","fill-opacity":"NA","fill":null,"LengthInMetres":294,"Title":"Uxbridge Road","Direction":"TwoWay","Flow":null,"Protection":null,"RoadOwnership":null,"YearBuilt":null,"Borough":"Hillingdon"},"geometry":{"type":"LineString","coordinates":[[-0.4005101,51.51557],[-0.4007623,51.51556],[-0.4009339,51.51553],[-0.4011163,51.51546],[-0.401229,51.51541],[-0.4014704,51.51551],[-0.4017708,51.5156],[-0.4019909,51.51565],[-0.4019857,51.51577],[-0.4021255,51.51594],[-0.4025982,51.51645],[-0.4023957,51.51654],[-0.4019907,51.51655],[-0.4017386,51.51671],[-0.4016635,51.51678]]}},{"type":"Feature","properties":{"Name":null,"description":null,"timestamp":null,"begin":null,"end":null,"altitudeMode":null,"tessellate":"NA","extrude":"NA","visibility":"NA","drawOrder":"NA","icon":null,"ltla22cd":null,"ltla22nm":null,"ltla22nmw":null,"label":null,"stroke-opacity":"NA","stroke-width":4,"stroke":"#388E3C","fill-opacity":"NA","fill":null,"LengthInMetres":106,"Title":"Uxbridge Road","Direction":"TwoWay","Flow":null,"Protection":null,"RoadOwnership":null,"YearBuilt":null,"Borough":"Hillingdon"},"geometry":{"type":"LineString","coordinates":[[-0.4025982,51.51645],[-0.4028564,51.51667],[-0.4030924,51.51684],[-0.4033499,51.51699],[-0.4036557,51.51713]]}},{"type":"Feature","properties":{"Name":null,"description":null,"timestamp":null,"begin":null,"end":null,"altitudeMode":null,"tessellate":"NA","extrude":"NA","visibility":"NA","drawOrder":"NA","icon":null,"ltla22cd":null,"ltla22nm":null,"ltla22nmw":null,"label":null,"stroke-opacity":"NA","stroke-width":4,"stroke":"#388E3C","fill-opacity":"NA","fill":null,"LengthInMetres":1124,"Title":"The Parkway","Direction":"TwoWay","Flow":null,"Protection":null,"RoadOwnership":null,"YearBuilt":null,"Borough":"Hillingdon"},"geometry":{"type":"LineString","coordinates":[[-0.4019909,51.51565],[-0.4021008,51.51533],[-0.4025836,51.51447],[-0.4027982,51.51401],[-0.4029055,51.51376],[-0.4029055,51.51352],[-0.4030879,51.51304],[-0.4034741,51.51223],[-0.4039355,51.51115],[-0.4040857,51.51107],[-0.4044504,51.51111],[-0.4045792,51.51118],[-0.4046865,51.51115],[-0.4046972,51.51022],[-0.4045041,51.51011],[-0.4046221,51.50984],[-0.4048474,51.50929],[-0.4050298,51.50876],[-0.4054589,51.50785],[-0.405813,51.5072],[-0.4060168,51.50689],[-0.4061778,51.50646]]}},{"type":"Feature","properties":{"Name":null,"description":null,"timestamp":null,"begin":null,"end":null,"altitudeMode":null,"tessellate":"NA","extrude":"NA","visibility":"NA","drawOrder":"NA","icon":null,"ltla22cd":null,"ltla22nm":null,"ltla22nmw":null,"label":null,"stroke-opacity":"NA","stroke-width":4,"stroke":"#388E3C","fill-opacity":"NA","fill":null,"LengthInMetres":24,"Title":"The Parkway","Direction":"TwoWay","Flow":null,"Protection":null,"RoadOwnership":null,"YearBuilt":null,"Borough":"Hillingdon"},"geometry":{"type":"LineString","coordinates":[[-0.4061778,51.50646],[-0.4064031,51.50662]]}},{"type":"Feature","properties":{"Name":null,"description":null,"timestamp":null,"begin":null,"end":null,"altitudeMode":null,"tessellate":"NA","extrude":"NA","visibility":"NA","drawOrder":"NA","icon":null,"ltla22cd":null,"ltla22nm":null,"ltla22nmw":null,"label":null,"stroke-opacity":"NA","stroke-width":4,"stroke":"#388E3C","fill-opacity":"NA","fill":null,"LengthInMetres":722,"Title":"The Parkway","Direction":"TwoWay","Flow":null,"Protection":null,"RoadOwnership":null,"YearBuilt":null,"Borough":"Hillingdon"},"geometry":{"type":"LineString","coordinates":[[-0.4061778,51.50646],[-0.4065855,51.50538],[-0.4069932,51.50419],[-0.4074867,51.50295],[-0.4078622,51.50207],[-0.4082163,51.50128],[-0.4087228,51.50017]]}},{"type":"Feature","properties":{"Name":null,"description":null,"timestamp":null,"begin":null,"end":null,"altitudeMode":null,"tessellate":"NA","extrude":"NA","visibility":"NA","drawOrder":"NA","icon":null,"ltla22cd":null,"ltla22nm":null,"ltla22nmw":null,"label":null,"stroke-opacity":"NA","stroke-width":2,"stroke":"#388E3C","fill-opacity":"NA","fill":null,"LengthInMetres":787,"Title":"Great South-West Road","Direction":"OneWay","Flow":null,"Protection":null,"RoadOwnership":null,"YearBuilt":null,"Borough":"Hillingdon"},"geometry":{"type":"LineString","coordinates":[[-0.4337521,51.46167],[-0.4354902,51.46092],[-0.4359516,51.46061],[-0.4364665,51.46028],[-0.4368206,51.45998],[-0.4371103,51.45968],[-0.4372605,51.45954],[-0.437475,51.45949],[-0.4379471,51.45951],[-0.4382046,51.45952],[-0.4384728,51.45933],[-0.438623,51.45905],[-0.4387196,51.45892],[-0.4391166,51.4587],[-0.4396315,51.4585],[-0.439889,51.45838],[-0.4400822,51.4583],[-0.4405864,51.45779],[-0.4410477,51.45734],[-0.4413696,51.45689]]}},{"type":"Feature","properties":{"Name":null,"description":null,"timestamp":null,"begin":null,"end":null,"altitudeMode":null,"tessellate":"NA","extrude":"NA","visibility":"NA","drawOrder":"NA","icon":null,"ltla22cd":null,"ltla22nm":null,"ltla22nmw":null,"label":null,"stroke-opacity":"NA","stroke-width":2,"stroke":"#388E3C","fill-opacity":"NA","fill":null,"LengthInMetres":783,"Title":"Great South-West Road","Direction":"OneWay","Flow":null,"Protection":null,"RoadOwnership":null,"YearBuilt":null,"Borough":"Hillingdon"},"geometry":{"type":"LineString","coordinates":[[-0.4417129,51.45695],[-0.441198,51.45767],[-0.4399427,51.45885],[-0.4386659,51.45974],[-0.4386552,51.45991],[-0.4375072,51.46039],[-0.434986,51.46143],[-0.4340633,51.46185]]}},{"type":"Feature","properties":{"Name":null,"description":null,"timestamp":null,"begin":null,"end":null,"altitudeMode":null,"tessellate":"NA","extrude":"NA","visibility":"NA","drawOrder":"NA","icon":null,"ltla22cd":null,"ltla22nm":null,"ltla22nmw":null,"label":null,"stroke-opacity":"NA","stroke-width":2,"stroke":"#388E3C","fill-opacity":"NA","fill":null,"LengthInMetres":180,"Title":"Hillingdon Sipson Road","Direction":"OneWay","Flow":null,"Protection":null,"RoadOwnership":null,"YearBuilt":null,"Borough":"Hillingdon"},"geometry":{"type":"LineString","coordinates":[[-0.4667727,51.50273],[-0.4667023,51.50269],[-0.4666748,51.50265],[-0.4663945,51.50233],[-0.4660109,51.50192],[-0.4654745,51.50133]]}},{"type":"Feature","properties":{"Name":null,"description":null,"timestamp":null,"begin":null,"end":null,"altitudeMode":null,"tessellate":"NA","extrude":"NA","visibility":"NA","drawOrder":"NA","icon":null,"ltla22cd":null,"ltla22nm":null,"ltla22nmw":null,"label":null,"stroke-opacity":"NA","stroke-width":2,"stroke":"#388E3C","fill-opacity":"NA","fill":null,"LengthInMetres":52,"Title":"Hillingdon Sipson Road","Direction":"OneWay","Flow":null,"Protection":null,"RoadOwnership":null,"YearBuilt":null,"Borough":"Hillingdon"},"geometry":{"type":"LineString","coordinates":[[-0.4668156,51.50269],[-0.466601,51.50234],[-0.4665849,51.50225]]}},{"type":"Feature","properties":{"Name":null,"description":null,"timestamp":null,"begin":null,"end":null,"altitudeMode":null,"tessellate":"NA","extrude":"NA","visibility":"NA","drawOrder":"NA","icon":null,"ltla22cd":null,"ltla22nm":null,"ltla22nmw":null,"label":null,"stroke-opacity":"NA","stroke-width":4,"stroke":"#388E3C","fill-opacity":"NA","fill":null,"LengthInMetres":178,"Title":"Station Road","Direction":"TwoWay","Flow":null,"Protection":null,"RoadOwnership":null,"YearBuilt":null,"Borough":"Hillingdon"},"geometry":{"type":"LineString","coordinates":[[-0.4211062,51.50288],[-0.421259,51.50274],[-0.4215085,51.50258],[-0.4219175,51.50239],[-0.4223159,51.50223],[-0.4229234,51.50202],[-0.4231313,51.50192]]}},{"type":"Feature","properties":{"Name":null,"description":null,"timestamp":null,"begin":null,"end":null,"altitudeMode":null,"tessellate":"NA","extrude":"NA","visibility":"NA","drawOrder":"NA","icon":null,"ltla22cd":null,"ltla22nm":null,"ltla22nmw":null,"label":null,"stroke-opacity":"NA","stroke-width":4,"stroke":"#388E3C","fill-opacity":"NA","fill":null,"LengthInMetres":151,"Title":"Station Road","Direction":"TwoWay","Flow":null,"Protection":null,"RoadOwnership":null,"YearBuilt":null,"Borough":"Hillingdon"},"geometry":{"type":"LineString","coordinates":[[-0.424239,51.50084],[-0.4245394,51.50043],[-0.4248318,51.50001],[-0.4250034,51.49975],[-0.4250972,51.49959]]}},{"type":"Feature","properties":{"Name":null,"description":null,"timestamp":null,"begin":null,"end":null,"altitudeMode":null,"tessellate":"NA","extrude":"NA","visibility":"NA","drawOrder":"NA","icon":null,"ltla22cd":null,"ltla22nm":null,"ltla22nmw":null,"label":null,"stroke-opacity":"NA","stroke-width":2,"stroke":"#388E3C","fill-opacity":"NA","fill":null,"LengthInMetres":61,"Title":"Harmondsworth Road/Station Road","Direction":"OneWay","Flow":null,"Protection":null,"RoadOwnership":null,"YearBuilt":null,"Borough":"Hillingdon"},"geometry":{"type":"LineString","coordinates":[[-0.4670785,51.50223],[-0.4669927,51.50248],[-0.466939,51.50259],[-0.4667727,51.50273]]}},{"type":"Feature","properties":{"Name":null,"description":null,"timestamp":null,"begin":null,"end":null,"altitudeMode":null,"tessellate":"NA","extrude":"NA","visibility":"NA","drawOrder":"NA","icon":null,"ltla22cd":null,"ltla22nm":null,"ltla22nmw":null,"label":null,"stroke-opacity":"NA","stroke-width":2,"stroke":"#388E3C","fill-opacity":"NA","fill":null,"LengthInMetres":62,"Title":"Harmondsworth Road","Direction":"OneWay","Flow":null,"Protection":null,"RoadOwnership":null,"YearBuilt":null,"Borough":"Hillingdon"},"geometry":{"type":"LineString","coordinates":[[-0.4672823,51.50169],[-0.4670785,51.50223]]}},{"type":"Feature","properties":{"Name":null,"description":null,"timestamp":null,"begin":null,"end":null,"altitudeMode":null,"tessellate":"NA","extrude":"NA","visibility":"NA","drawOrder":"NA","icon":null,"ltla22cd":null,"ltla22nm":null,"ltla22nmw":null,"label":null,"stroke-opacity":"NA","stroke-width":4,"stroke":"#388E3C","fill-opacity":"NA","fill":null,"LengthInMetres":276,"Title":"Harmondsworth Road","Direction":"TwoWay","Flow":null,"Protection":null,"RoadOwnership":null,"YearBuilt":null,"Borough":"Hillingdon"},"geometry":{"type":"LineString","coordinates":[[-0.4672823,51.50169],[-0.4674091,51.50137],[-0.4676291,51.50045],[-0.4677042,51.5002],[-0.4678919,51.49972],[-0.468026,51.49947],[-0.4681172,51.49927]]}},{"type":"Feature","properties":{"Name":null,"description":null,"timestamp":null,"begin":null,"end":null,"altitudeMode":null,"tessellate":"NA","extrude":"NA","visibility":"NA","drawOrder":"NA","icon":null,"ltla22cd":null,"ltla22nm":null,"ltla22nmw":null,"label":null,"stroke-opacity":"NA","stroke-width":2,"stroke":"#388E3C","fill-opacity":"NA","fill":null,"LengthInMetres":16,"Title":"Sipson Road","Direction":"OneWay","Flow":null,"Protection":null,"RoadOwnership":null,"YearBuilt":null,"Borough":"Hillingdon"},"geometry":{"type":"LineString","coordinates":[[-0.4645128,51.50007],[-0.4646147,51.5002]]}},{"type":"Feature","properties":{"Name":null,"description":null,"timestamp":null,"begin":null,"end":null,"altitudeMode":null,"tessellate":"NA","extrude":"NA","visibility":"NA","drawOrder":"NA","icon":null,"ltla22cd":null,"ltla22nm":null,"ltla22nmw":null,"label":null,"stroke-opacity":"NA","stroke-width":2,"stroke":"#388E3C","fill-opacity":"NA","fill":null,"LengthInMetres":32,"Title":"Sipson Road","Direction":"OneWay","Flow":null,"Protection":null,"RoadOwnership":null,"YearBuilt":null,"Borough":"Hillingdon"},"geometry":{"type":"LineString","coordinates":[[-0.4646844,51.50028],[-0.4649205,51.50053]]}},{"type":"Feature","properties":{"Name":null,"description":null,"timestamp":null,"begin":null,"end":null,"altitudeMode":null,"tessellate":"NA","extrude":"NA","visibility":"NA","drawOrder":"NA","icon":null,"ltla22cd":null,"ltla22nm":null,"ltla22nmw":null,"label":null,"stroke-opacity":"NA","stroke-width":2,"stroke":"#388E3C","fill-opacity":"NA","fill":null,"LengthInMetres":6,"Title":"Sipson Road","Direction":"OneWay","Flow":null,"Protection":null,"RoadOwnership":null,"YearBuilt":null,"Borough":"Hillingdon"},"geometry":{"type":"LineString","coordinates":[[-0.4650465,51.50067],[-0.4650894,51.50072]]}},{"type":"Feature","properties":{"Name":null,"description":null,"timestamp":null,"begin":null,"end":null,"altitudeMode":null,"tessellate":"NA","extrude":"NA","visibility":"NA","drawOrder":"NA","icon":null,"ltla22cd":null,"ltla22nm":null,"ltla22nmw":null,"label":null,"stroke-opacity":"NA","stroke-width":4,"stroke":"#388E3C","fill-opacity":"NA","fill":null,"LengthInMetres":56,"Title":"Station Road","Direction":"TwoWay","Flow":null,"Protection":null,"RoadOwnership":null,"YearBuilt":null,"Borough":"Hillingdon"},"geometry":{"type":"LineString","coordinates":[[-0.4667727,51.50273],[-0.466842,51.50323]]}},{"type":"Feature","properties":{"Name":null,"description":null,"timestamp":null,"begin":null,"end":null,"altitudeMode":null,"tessellate":"NA","extrude":"NA","visibility":"NA","drawOrder":"NA","icon":null,"ltla22cd":null,"ltla22nm":null,"ltla22nmw":null,"label":null,"stroke-opacity":"NA","stroke-width":2,"stroke":"#388E3C","fill-opacity":"NA","fill":null,"LengthInMetres":64,"Title":"LCN88 - a","Direction":"OneWay","Flow":null,"Protection":null,"RoadOwnership":null,"YearBuilt":null,"Borough":"Hillingdon"},"geometry":{"type":"LineString","coordinates":[[-0.4191043,51.50532],[-0.4191687,51.50524],[-0.4192331,51.50517],[-0.4194718,51.50479]]}},{"type":"Feature","properties":{"Name":null,"description":null,"timestamp":null,"begin":null,"end":null,"altitudeMode":null,"tessellate":"NA","extrude":"NA","visibility":"NA","drawOrder":"NA","icon":null,"ltla22cd":null,"ltla22nm":null,"ltla22nmw":null,"label":null,"stroke-opacity":"NA","stroke-width":2,"stroke":"#388E3C","fill-opacity":"NA","fill":null,"LengthInMetres":67,"Title":"LCN88 - a","Direction":"OneWay","Flow":null,"Protection":null,"RoadOwnership":null,"YearBuilt":null,"Borough":"Hillingdon"},"geometry":{"type":"LineString","coordinates":[[-0.4196918,51.50443],[-0.4197803,51.50425],[-0.419783,51.50422],[-0.4197669,51.5042],[-0.4197561,51.50415],[-0.4197856,51.5041],[-0.419842,51.50407],[-0.4199305,51.50402],[-0.4199788,51.50398],[-0.4200539,51.50391]]}}]}