{"type":"FeatureCollection","features":[{"type":"Feature","properties":{"Name":"Kingston upon Thames","description":null,"timestamp":null,"begin":null,"end":null,"altitudeMode":null,"tessellate":-1,"extrude":0,"visibility":-1,"drawOrder":"NA","icon":null,"ltla22cd":"E09000021","ltla22nm":"Kingston upon Thames","ltla22nmw":null,"label":"E92000001E12000007E09000021","stroke-opacity":0.2,"stroke-width":0.25,"stroke":"#1A43A8","fill-opacity":0.1,"fill":"#1A43A8","LengthInMetres":27599,"Title":null,"Direction":null,"Flow":null,"Protection":null,"RoadOwnership":null,"YearBuilt":null,"Borough":null},"geometry":{"type":"Polygon","coordinates":[[[-0.3002722,51.3472441],[-0.3004493,51.3469477],[-0.3005477,51.3467831],[-0.3005912,51.3467006],[-0.3006741,51.3465431],[-0.3007316,51.3464135],[-0.3007882,51.3462856],[-0.3009231,51.346002],[-0.301036,51.3457649],[-0.3010385,51.3457596],[-0.3010471,51.3457416],[-0.3011516,51.3455615],[-0.301176,51.3455195],[-0.3012269,51.3454493],[-0.3013096,51.3453352],[-0.3013391,51.3452945],[-0.3015509,51.3450882],[-0.3015625,51.3450787],[-0.3016049,51.3450437],[-0.3017911,51.3448904],[-0.3018702,51.344845],[-0.3019461,51.3448016],[-0.3022532,51.3446366],[-0.3023123,51.3446048],[-0.3025379,51.3444506],[-0.3027951,51.3442231],[-0.3032888,51.3437863],[-0.3033923,51.3436966],[-0.3034316,51.3436625],[-0.3036311,51.3435012],[-0.3037008,51.3434448],[-0.3038067,51.3433485],[-0.3039049,51.3432518],[-0.3040497,51.3430489],[-0.3040673,51.3430061],[-0.3041475,51.3428176],[-0.3042144,51.342613],[-0.3042158,51.3426088],[-0.304232,51.3425751],[-0.3043305,51.3423698],[-0.3043964,51.3422152],[-0.3043983,51.3422106],[-0.3044627,51.3420468],[-0.3045197,51.341875],[-0.3045561,51.3417465],[-0.3045687,51.341702],[-0.3046184,51.341378],[-0.3046253,51.3413457],[-0.3046655,51.3411588],[-0.3047555,51.3408607],[-0.3047964,51.3407517],[-0.3048107,51.3407138],[-0.3048512,51.3406229],[-0.3048851,51.3405468],[-0.3049408,51.3404217],[-0.3050126,51.3402759],[-0.3050894,51.3401408],[-0.3053424,51.339727],[-0.3054394,51.3394801],[-0.3054392,51.3392366],[-0.3054392,51.3392069],[-0.3054312,51.339167],[-0.3053824,51.3389228],[-0.3053813,51.3386833],[-0.3053232,51.3384221],[-0.3052975,51.3382191],[-0.3052452,51.3381284],[-0.3051721,51.338021],[-0.3051012,51.3379169],[-0.3050818,51.3378884],[-0.3050433,51.3378181],[-0.3050373,51.3378071],[-0.3049822,51.3377064],[-0.3048844,51.3375471],[-0.3049563,51.3373611],[-0.3049611,51.3370751],[-0.3049501,51.3367512],[-0.3050526,51.3364541],[-0.3051096,51.3363409],[-0.3051983,51.3361645],[-0.3052789,51.3360343],[-0.3055059,51.3357061],[-0.3057116,51.3354086],[-0.3058183,51.3353144],[-0.3058883,51.3352528],[-0.306024,51.3351725],[-0.3060323,51.3351676],[-0.3062165,51.3350853],[-0.3062556,51.3350693],[-0.3064018,51.3350095],[-0.3066242,51.3349185],[-0.3069034,51.3348001],[-0.3070152,51.3347527],[-0.3074918,51.3345907],[-0.3076363,51.3346089],[-0.3077303,51.3344855],[-0.3083517,51.3340817],[-0.3086439,51.333841],[-0.3087579,51.3337471],[-0.309137,51.3334883],[-0.3092303,51.3334142],[-0.3094982,51.3332014],[-0.3096449,51.3330849],[-0.3098775,51.3329375],[-0.3098819,51.3329347],[-0.3104193,51.3326655],[-0.3109538,51.3323907],[-0.3111147,51.3323316],[-0.3116036,51.3321519],[-0.3117498,51.3321328],[-0.3120093,51.3320988],[-0.3121954,51.3320493],[-0.312422,51.3319891],[-0.3125527,51.3319454],[-0.3126046,51.331928],[-0.3126736,51.3319031],[-0.3127778,51.3318653],[-0.3128977,51.3318184],[-0.3130955,51.3317409],[-0.3131448,51.331715],[-0.3137175,51.331416],[-0.3139563,51.3312649],[-0.3139849,51.3312447],[-0.3142681,51.3310443],[-0.3150468,51.3305171],[-0.3152098,51.3303782],[-0.3159789,51.3296872],[-0.3160007,51.3296716],[-0.3161433,51.3295699],[-0.3167657,51.3291471],[-0.3171491,51.3289181],[-0.3178321,51.3285293],[-0.3179424,51.328475],[-0.3179634,51.3284647],[-0.3179738,51.3284595],[-0.3183939,51.3282528],[-0.3187174,51.32809],[-0.3189797,51.327958],[-0.3192183,51.3278512],[-0.3193072,51.3278114],[-0.3194068,51.3277868],[-0.3196086,51.327737],[-0.3197761,51.3277083],[-0.3200821,51.3276557],[-0.320812,51.3275618],[-0.3208316,51.3275593],[-0.3212363,51.3275072],[-0.3215992,51.3274564],[-0.3217752,51.3274255],[-0.322102,51.3273334],[-0.3226105,51.3272103],[-0.3226482,51.3272011],[-0.3226642,51.3271971],[-0.3230951,51.3270881],[-0.323551,51.3268988],[-0.323837,51.3267664],[-0.3239043,51.3267417],[-0.3240288,51.3266958],[-0.3242509,51.3266506],[-0.3242607,51.3266486],[-0.3244494,51.3266277],[-0.3244627,51.3266264],[-0.3246042,51.3266126],[-0.3246398,51.3266092],[-0.3246583,51.3266081],[-0.3251135,51.3265828],[-0.3251509,51.3265818],[-0.3255136,51.326572],[-0.3256056,51.3265696],[-0.3258367,51.3265694],[-0.3258594,51.3265694],[-0.3260048,51.3265692],[-0.3260178,51.3265697],[-0.3264284,51.326583],[-0.3264757,51.3265845],[-0.3267064,51.3265921],[-0.3269814,51.3266391],[-0.3270187,51.326644],[-0.3271902,51.3266664],[-0.3272314,51.3266718],[-0.3273234,51.3266861],[-0.3274496,51.3265177],[-0.3275705,51.3263557],[-0.3275976,51.3263194],[-0.3283146,51.3264635],[-0.3289268,51.3268095],[-0.3290384,51.326872],[-0.3290788,51.3268946],[-0.3291398,51.3269287],[-0.329223,51.3269753],[-0.3292516,51.3269913],[-0.3295897,51.3271809],[-0.3298559,51.3273447],[-0.3300098,51.3274393],[-0.330139,51.3275188],[-0.3301454,51.3275367],[-0.3301573,51.3275701],[-0.3302657,51.3277561],[-0.3302971,51.3278101],[-0.3303393,51.3278825],[-0.3303517,51.327906],[-0.3303989,51.3279952],[-0.3304804,51.3281954],[-0.3305911,51.3284075],[-0.3306745,51.3286311],[-0.3307001,51.3287012],[-0.3307565,51.3288557],[-0.3307202,51.3289289],[-0.3306812,51.3290066],[-0.3306791,51.3290107],[-0.3305952,51.3290873],[-0.3305821,51.3290964],[-0.3305064,51.3291487],[-0.3304224,51.3292003],[-0.3304095,51.3292082],[-0.330292,51.3292707],[-0.3300275,51.3294033],[-0.329914,51.3294602],[-0.3298349,51.3295157],[-0.3297615,51.3295672],[-0.3297379,51.3295838],[-0.3296341,51.3296566],[-0.3294297,51.329842],[-0.3293273,51.329959],[-0.3293212,51.329966],[-0.3293089,51.3299805],[-0.3292153,51.3300903],[-0.3291647,51.3301786],[-0.3291161,51.3302632],[-0.3291147,51.3303269],[-0.3291131,51.3303954],[-0.3291714,51.3307291],[-0.3291855,51.3308982],[-0.3291911,51.330965],[-0.3293025,51.3315284],[-0.3293261,51.3315634],[-0.3293634,51.3316187],[-0.3295547,51.331871],[-0.3295796,51.3321867],[-0.329595,51.3322815],[-0.3296902,51.3324889],[-0.3297194,51.3326706],[-0.3297187,51.3327662],[-0.3297137,51.3328657],[-0.3296945,51.3330378],[-0.3296856,51.3331171],[-0.3296786,51.3331795],[-0.3296654,51.3332973],[-0.3296433,51.3334957],[-0.329642,51.3335287],[-0.3296298,51.3338527],[-0.3295506,51.3341555],[-0.3294846,51.3343548],[-0.3295466,51.3344651],[-0.3294325,51.3348502],[-0.3294116,51.3351174],[-0.3293593,51.3353103],[-0.3292089,51.335634],[-0.3291976,51.3359325],[-0.3292127,51.3363076],[-0.3292024,51.3365042],[-0.3291918,51.3367081],[-0.3291297,51.3370666],[-0.329042,51.3375724],[-0.3289786,51.3378441],[-0.3289779,51.337847],[-0.3289011,51.338176],[-0.3288698,51.3386789],[-0.3288831,51.3390299],[-0.328866,51.3394123],[-0.3288697,51.3395508],[-0.3288706,51.3395832],[-0.3288714,51.3396044],[-0.3288771,51.3397491],[-0.3288948,51.3398266],[-0.3289498,51.3400677],[-0.3289595,51.3401104],[-0.3289798,51.3402322],[-0.3289102,51.3407781],[-0.3287812,51.3410783],[-0.3287716,51.3411055],[-0.3285432,51.3417502],[-0.3283462,51.3420474],[-0.3283326,51.3420729],[-0.3282013,51.342319],[-0.3280099,51.3429544],[-0.327944,51.3433468],[-0.3279067,51.3437434],[-0.3278544,51.3438194],[-0.3278251,51.343862],[-0.3278213,51.3438675],[-0.3277963,51.343904],[-0.3276648,51.3439469],[-0.3274819,51.3440068],[-0.3277133,51.3440184],[-0.3281772,51.3440414],[-0.328209,51.3440936],[-0.3284842,51.3445454],[-0.3286668,51.3449151],[-0.3288993,51.3452965],[-0.3290668,51.3456199],[-0.3292062,51.3458888],[-0.3293404,51.3461336],[-0.3293459,51.3461436],[-0.3293686,51.3461847],[-0.3296154,51.346633],[-0.3299714,51.3472795],[-0.3303271,51.3479013],[-0.3304881,51.3483064],[-0.330497,51.3483286],[-0.3305338,51.3484213],[-0.3304753,51.3484768],[-0.3303671,51.3485792],[-0.3303011,51.3486592],[-0.3302164,51.3487619],[-0.3301027,51.3489859],[-0.329937,51.3492373],[-0.3298067,51.3494549],[-0.3297526,51.3495452],[-0.3296362,51.3497742],[-0.3295632,51.3499178],[-0.3295306,51.3499735],[-0.3294737,51.3500709],[-0.3293626,51.3502508],[-0.3293115,51.3503335],[-0.3291465,51.3505618],[-0.3290365,51.350714],[-0.3289708,51.3508145],[-0.3287651,51.3511295],[-0.3284834,51.3515348],[-0.3283536,51.3517215],[-0.3281339,51.3520175],[-0.3280464,51.3521354],[-0.3279976,51.3521603],[-0.3279467,51.3521863],[-0.3278014,51.3522597],[-0.3277597,51.3522807],[-0.3277452,51.3522879],[-0.327646,51.3523374],[-0.3276074,51.3523566],[-0.3273388,51.3524906],[-0.3272984,51.3525107],[-0.3272766,51.3525216],[-0.3268418,51.3528009],[-0.3264801,51.3530349],[-0.3264608,51.3530435],[-0.3257662,51.353353],[-0.3255305,51.3534475],[-0.324838,51.3537252],[-0.3246218,51.353819],[-0.324618,51.3538206],[-0.3245634,51.3538443],[-0.324454,51.3538917],[-0.3243935,51.3539361],[-0.3243181,51.3539915],[-0.3243024,51.354003],[-0.3241588,51.3541084],[-0.3239881,51.3542367],[-0.3237532,51.3544131],[-0.3235351,51.3546709],[-0.3234868,51.3547407],[-0.3234389,51.3548099],[-0.3234282,51.3548255],[-0.3232863,51.3550305],[-0.3232745,51.3550475],[-0.3231855,51.3551762],[-0.3231139,51.355253],[-0.3230258,51.3553476],[-0.3230076,51.3553671],[-0.3228617,51.3555236],[-0.3226924,51.3557109],[-0.3226509,51.3557569],[-0.3225808,51.3558344],[-0.322576,51.3558397],[-0.3225633,51.3558543],[-0.3224916,51.3559368],[-0.3224297,51.3560081],[-0.3224236,51.3560152],[-0.3222602,51.3562033],[-0.3221863,51.3563033],[-0.3221463,51.3563574],[-0.3220313,51.356513],[-0.3219528,51.3566193],[-0.321824,51.3567992],[-0.3217797,51.356861],[-0.3217582,51.3568912],[-0.3216791,51.3570016],[-0.3215732,51.3571496],[-0.321557,51.3571722],[-0.32153,51.35721],[-0.3214107,51.3573899],[-0.3212174,51.3576816],[-0.3210753,51.3579007],[-0.321059,51.3579258],[-0.3209541,51.3580877],[-0.3209482,51.3580968],[-0.3208492,51.3582409],[-0.32084,51.3582542],[-0.3206813,51.3584853],[-0.3206643,51.3585099],[-0.3205247,51.3587132],[-0.3205216,51.3587177],[-0.3204869,51.3587682],[-0.3202593,51.3590995],[-0.3201871,51.3592317],[-0.3201694,51.3592641],[-0.3200794,51.3594288],[-0.3201787,51.359549],[-0.3201667,51.3595909],[-0.3201653,51.3595955],[-0.3199919,51.359626],[-0.319957,51.3596321],[-0.3198717,51.3597863],[-0.3197922,51.35993],[-0.3195466,51.3604839],[-0.3194347,51.3608368],[-0.3194335,51.3608405],[-0.3194086,51.3609191],[-0.3193499,51.3611059],[-0.3192713,51.3613559],[-0.3192694,51.3613621],[-0.3192291,51.3614906],[-0.3192256,51.3615015],[-0.3191876,51.3616226],[-0.3190604,51.3623132],[-0.3189393,51.3624995],[-0.3186061,51.3630118],[-0.3186015,51.3630189],[-0.318491,51.3631888],[-0.3184833,51.3632007],[-0.3184729,51.3632167],[-0.3183562,51.3633961],[-0.318285,51.3635056],[-0.3182899,51.3636052],[-0.3182938,51.3636852],[-0.3182982,51.3637228],[-0.3183136,51.363854],[-0.3183295,51.363989],[-0.3183401,51.3640798],[-0.3183627,51.3642722],[-0.3183663,51.3643028],[-0.3183712,51.364344],[-0.3183719,51.3643505],[-0.3183791,51.3644118],[-0.318383,51.3644445],[-0.3183841,51.3644541],[-0.3183905,51.3645091],[-0.3183951,51.3645475],[-0.3184028,51.3646137],[-0.3184111,51.3646841],[-0.3184124,51.3647172],[-0.3184148,51.3647777],[-0.3184181,51.3648616],[-0.3184209,51.3649335],[-0.3184219,51.3649587],[-0.3184238,51.3650055],[-0.3184246,51.3650328],[-0.3184369,51.3653396],[-0.318447,51.3654098],[-0.3185223,51.3658649],[-0.3185235,51.3661868],[-0.3184544,51.3667144],[-0.3184194,51.366982],[-0.3184086,51.3670606],[-0.3184075,51.367069],[-0.318395,51.3671604],[-0.318363,51.3673941],[-0.3183144,51.3677489],[-0.3183128,51.3677601],[-0.3183124,51.3677631],[-0.3182938,51.3678992],[-0.3182884,51.3679305],[-0.3182872,51.3679374],[-0.3182794,51.3679826],[-0.3182774,51.3679946],[-0.3182467,51.3681724],[-0.318237,51.3682291],[-0.3182162,51.36835],[-0.318204,51.3684207],[-0.3181705,51.3686153],[-0.3181686,51.3686263],[-0.318139,51.3687983],[-0.3181232,51.3688901],[-0.3181187,51.3689164],[-0.3180844,51.3691398],[-0.3180732,51.3692123],[-0.318061,51.369292],[-0.3180167,51.3695805],[-0.3179743,51.3696745],[-0.3179234,51.3697876],[-0.317921,51.369804],[-0.3179182,51.3698252],[-0.3179154,51.3698462],[-0.3179063,51.3699096],[-0.3180295,51.3702963],[-0.3180094,51.3703812],[-0.3179493,51.3706352],[-0.3179215,51.3707182],[-0.3178753,51.3708558],[-0.3177477,51.3712363],[-0.3176851,51.3714259],[-0.3175895,51.3717154],[-0.3175798,51.3717446],[-0.3175677,51.3717812],[-0.3175053,51.3719702],[-0.3174851,51.3720184],[-0.3174752,51.3720398],[-0.3173984,51.3722043],[-0.3172847,51.3724388],[-0.3171465,51.372651],[-0.3171092,51.3727083],[-0.3170511,51.3727847],[-0.3170171,51.3728294],[-0.3169497,51.3729181],[-0.3168416,51.3730238],[-0.316695,51.3731673],[-0.3164264,51.3733888],[-0.3163852,51.3734243],[-0.316322,51.3734786],[-0.3162894,51.3735066],[-0.31627,51.3735233],[-0.3162252,51.3735618],[-0.3161979,51.3735845],[-0.3161501,51.3736242],[-0.3161081,51.3736591],[-0.3160987,51.3736669],[-0.3159918,51.3737557],[-0.3159664,51.3737724],[-0.3159162,51.3738052],[-0.315913,51.3738073],[-0.3158078,51.3738762],[-0.3156689,51.3739672],[-0.3152234,51.3742332],[-0.3151081,51.3742848],[-0.314783,51.3744306],[-0.3143421,51.374639],[-0.314287,51.3746426],[-0.313887,51.3746691],[-0.3133782,51.3746841],[-0.3130144,51.3747168],[-0.3129606,51.3747217],[-0.3126748,51.3747525],[-0.3125922,51.3747612],[-0.3125103,51.3747698],[-0.312327,51.3747953],[-0.3121551,51.3748192],[-0.3115761,51.3749205],[-0.3115428,51.3749263],[-0.3110893,51.3749982],[-0.3106839,51.375095],[-0.3106782,51.3750963],[-0.3105817,51.3751194],[-0.3105637,51.3751237],[-0.3104837,51.3751428],[-0.3104521,51.3751491],[-0.3096427,51.375312],[-0.3090973,51.3753821],[-0.3086952,51.3754493],[-0.3086228,51.3755743],[-0.3085635,51.3756766],[-0.3085362,51.3757239],[-0.3084633,51.3758497],[-0.3084572,51.3758603],[-0.3084044,51.3759515],[-0.3083418,51.3760597],[-0.308331,51.3760784],[-0.3082145,51.3762813],[-0.3082007,51.3763053],[-0.3081857,51.3763315],[-0.3079939,51.3766655],[-0.3079882,51.3767422],[-0.3079874,51.3767536],[-0.3079644,51.377063],[-0.307953,51.3771073],[-0.3079521,51.3771111],[-0.3079362,51.3771725],[-0.3078719,51.3774225],[-0.3078418,51.3775396],[-0.307852,51.3777069],[-0.3078571,51.3777911],[-0.3078651,51.377921],[-0.3078658,51.3779325],[-0.3078868,51.3782763],[-0.3078908,51.3783426],[-0.3078922,51.3783647],[-0.307389,51.3783848],[-0.3074145,51.3785057],[-0.3075208,51.3790096],[-0.307534,51.3790269],[-0.3076618,51.379194],[-0.3076637,51.3791966],[-0.3076981,51.3792415],[-0.3077445,51.3793023],[-0.3079022,51.3795086],[-0.3079724,51.3796004],[-0.3079809,51.3796116],[-0.3080908,51.3797553],[-0.3083031,51.380033],[-0.3083197,51.3800691],[-0.3083258,51.3800827],[-0.3083425,51.3801188],[-0.3084533,51.3803613],[-0.3085175,51.3805016],[-0.3087152,51.3804878],[-0.3087212,51.3804874],[-0.3088914,51.3804755],[-0.3088977,51.3804751],[-0.3089867,51.3804689],[-0.3090001,51.380468],[-0.3092564,51.3804501],[-0.3092721,51.380449],[-0.3092771,51.3804498],[-0.3092781,51.3804656],[-0.3092786,51.3804731],[-0.30928,51.3804952],[-0.3092805,51.3805029],[-0.3092874,51.3806107],[-0.3092881,51.3806204],[-0.3092885,51.380627],[-0.3092889,51.3806337],[-0.3092899,51.3806492],[-0.3092905,51.3806585],[-0.3092912,51.3806694],[-0.3092919,51.3806798],[-0.3092978,51.3807726],[-0.3092983,51.3807798],[-0.3093002,51.3808089],[-0.3093004,51.3808122],[-0.3093013,51.3808268],[-0.3093022,51.3808405],[-0.3093108,51.3809746],[-0.309312,51.3809929],[-0.3093123,51.3809976],[-0.309313,51.3810093],[-0.3093167,51.3810664],[-0.3093176,51.3810801],[-0.3093179,51.3810849],[-0.3093183,51.3810914],[-0.3093193,51.3811061],[-0.3092461,51.381141],[-0.3092613,51.381213],[-0.3092621,51.3812169],[-0.3092824,51.3813135],[-0.30929,51.3813439],[-0.3092934,51.3813573],[-0.3093012,51.3814015],[-0.3093143,51.3814752],[-0.3093152,51.3814799],[-0.3093176,51.3814933],[-0.3093169,51.3814989],[-0.309301,51.3816375],[-0.3093025,51.3817077],[-0.3093148,51.3817736],[-0.3093159,51.3817794],[-0.309318,51.3817905],[-0.3093317,51.3818642],[-0.309497,51.3818444],[-0.3094994,51.381847],[-0.3095012,51.3818657],[-0.3095017,51.3818703],[-0.309519,51.3820439],[-0.3095404,51.3822597],[-0.3095591,51.3824467],[-0.3095674,51.3824529],[-0.3096553,51.3825175],[-0.3097019,51.382579],[-0.309752,51.3826452],[-0.3098379,51.3828281],[-0.3098424,51.3828376],[-0.3098738,51.3828439],[-0.3098865,51.3828465],[-0.3098946,51.3828583],[-0.3099113,51.3828827],[-0.3099169,51.3828924],[-0.3099219,51.3829015],[-0.3099255,51.3829077],[-0.3099874,51.3830167],[-0.3100079,51.3830528],[-0.3100164,51.3830678],[-0.3101526,51.3833076],[-0.3101891,51.3833719],[-0.3101906,51.3833746],[-0.3102125,51.3834132],[-0.3102179,51.3834227],[-0.3103213,51.3836047],[-0.3103247,51.3836108],[-0.3103482,51.3836521],[-0.3102891,51.3838059],[-0.3102912,51.3838234],[-0.310298,51.3838789],[-0.3102993,51.3838888],[-0.3103,51.3838945],[-0.3103067,51.3839491],[-0.3103074,51.3839547],[-0.3103138,51.3839702],[-0.3103681,51.3841007],[-0.3103878,51.3841481],[-0.3103931,51.3841609],[-0.3104085,51.384198],[-0.3104138,51.3842107],[-0.3104389,51.3842469],[-0.3104428,51.3842526],[-0.3105161,51.3843365],[-0.3105291,51.3843514],[-0.3105406,51.3843646],[-0.3105592,51.3843893],[-0.3105829,51.3844207],[-0.3106077,51.3844536],[-0.310655,51.3845164],[-0.3105967,51.3845745],[-0.3105664,51.3846048],[-0.3105682,51.3846114],[-0.3105806,51.3846575],[-0.3106319,51.3847649],[-0.310665,51.3848168],[-0.3107296,51.3848907],[-0.310747,51.3849022],[-0.3107516,51.3849053],[-0.3108996,51.3850042],[-0.3109062,51.3850086],[-0.310951,51.3850386],[-0.3110974,51.385125],[-0.3111281,51.3851432],[-0.311149,51.3851635],[-0.3111826,51.3851963],[-0.3113242,51.3853344],[-0.3116913,51.3856925],[-0.3117138,51.3857144],[-0.3117875,51.3857863],[-0.3117666,51.3857955],[-0.3114192,51.3859471],[-0.3111709,51.3860556],[-0.3111457,51.3860665],[-0.3111375,51.3860701],[-0.3111331,51.386072],[-0.3110006,51.3861299],[-0.3109936,51.386133],[-0.3108697,51.3861871],[-0.3109515,51.3862698],[-0.3110975,51.3864175],[-0.3114096,51.3867333],[-0.3114289,51.3867561],[-0.3114599,51.3867929],[-0.3114635,51.3867981],[-0.3114993,51.3868467],[-0.3114745,51.3868585],[-0.3113642,51.386911],[-0.3114417,51.3869612],[-0.3116557,51.3870997],[-0.3116658,51.3871063],[-0.3116947,51.387125],[-0.3117362,51.387152],[-0.3117961,51.387191],[-0.3118172,51.3872047],[-0.3118228,51.3872084],[-0.3117693,51.3872361],[-0.3117615,51.3872401],[-0.311747,51.3872478],[-0.311735,51.3872541],[-0.3117694,51.3872924],[-0.3118462,51.3873776],[-0.3117409,51.3874323],[-0.3118449,51.3875295],[-0.311849,51.3875333],[-0.3119204,51.3876001],[-0.3119262,51.3876056],[-0.3120669,51.3877372],[-0.3120774,51.3877469],[-0.3121322,51.3877982],[-0.3122847,51.3879408],[-0.3122908,51.3879465],[-0.3123486,51.3880005],[-0.3123556,51.3880071],[-0.3123837,51.3880334],[-0.3123961,51.388045],[-0.3124777,51.3881213],[-0.3124846,51.3881278],[-0.3125023,51.3881444],[-0.3125075,51.3881491],[-0.312583,51.3882198],[-0.3127693,51.388394],[-0.3127717,51.3883962],[-0.3128724,51.3884904],[-0.3129236,51.3885458],[-0.3129315,51.3885543],[-0.3131201,51.388758],[-0.3131588,51.3888005],[-0.3131886,51.3888328],[-0.3133148,51.3887789],[-0.3133488,51.3887644],[-0.3136971,51.3886147],[-0.3137019,51.3886127],[-0.3141392,51.3884247],[-0.3141446,51.3884224],[-0.314178,51.388408],[-0.3146427,51.3882083],[-0.3146628,51.3881996],[-0.3153186,51.3879177],[-0.3153257,51.3879147],[-0.3159814,51.3876328],[-0.3159952,51.3876491],[-0.3160075,51.3876635],[-0.3161157,51.3877912],[-0.3164535,51.3881897],[-0.3164729,51.3882125],[-0.3165183,51.3882661],[-0.3165231,51.3882773],[-0.3165283,51.3882896],[-0.3165993,51.3884562],[-0.3166175,51.3885859],[-0.3167066,51.3885807],[-0.3167401,51.3885787],[-0.316816,51.3885742],[-0.3168143,51.3885898],[-0.316813,51.3886019],[-0.3168119,51.3886124],[-0.3168112,51.3886192],[-0.3168102,51.3886257],[-0.3168083,51.3886391],[-0.316807,51.3886475],[-0.3168058,51.3886565],[-0.3168002,51.3886862],[-0.3167953,51.3887047],[-0.3167923,51.3887161],[-0.3167787,51.3887449],[-0.3167603,51.3887729],[-0.316717,51.3888179],[-0.3167004,51.3888309],[-0.316664,51.3888594],[-0.3166369,51.3888776],[-0.316606,51.3888984],[-0.3165793,51.3889148],[-0.3165453,51.3889357],[-0.3165286,51.3889458],[-0.3164893,51.3889695],[-0.3164503,51.3889906],[-0.3164256,51.389004],[-0.3163941,51.3890191],[-0.3163861,51.3890229],[-0.3163584,51.3890362],[-0.316287,51.3890672],[-0.3160738,51.3891599],[-0.31603,51.389179],[-0.3159645,51.3892075],[-0.31594,51.3892182],[-0.3158481,51.3892581],[-0.3157438,51.3893174],[-0.3157291,51.3893258],[-0.3156899,51.3893481],[-0.3154586,51.3894796],[-0.3152796,51.3895794],[-0.3150511,51.3897067],[-0.3149818,51.3897453],[-0.3148129,51.3898394],[-0.3147371,51.3898817],[-0.3146119,51.3899514],[-0.3143981,51.3900706],[-0.3141345,51.3902177],[-0.314202,51.3902871],[-0.3142746,51.3903617],[-0.3143443,51.3904281],[-0.3143474,51.390431],[-0.3143837,51.3904656],[-0.314415,51.3904956],[-0.314487,51.3905642],[-0.3145243,51.3905997],[-0.3145274,51.3906026],[-0.3145728,51.3906459],[-0.3145775,51.3906504],[-0.3146096,51.3906811],[-0.3146489,51.3907185],[-0.3146825,51.3907506],[-0.3146875,51.3907568],[-0.3147239,51.3908005],[-0.3147318,51.3908099],[-0.3147425,51.3908229],[-0.3147496,51.3908314],[-0.3148045,51.3908975],[-0.3148175,51.3909133],[-0.3148206,51.3909169],[-0.3148281,51.3909266],[-0.3148621,51.3909704],[-0.3148701,51.3909806],[-0.3148722,51.3909832],[-0.3148902,51.3910064],[-0.3148964,51.3910144],[-0.3149283,51.3910554],[-0.3149354,51.3910645],[-0.3149703,51.3911093],[-0.3149866,51.3911303],[-0.3149963,51.3911428],[-0.3150157,51.3911676],[-0.3150493,51.3912108],[-0.3150737,51.3912422],[-0.3151543,51.3913459],[-0.3151577,51.3913502],[-0.3151632,51.3913572],[-0.3151719,51.3913685],[-0.3152426,51.3914593],[-0.3152917,51.391511],[-0.3153003,51.39152],[-0.3153048,51.3915248],[-0.3153145,51.391535],[-0.3155458,51.3917785],[-0.3156743,51.3919139],[-0.3157326,51.3919753],[-0.3157468,51.3919888],[-0.3157624,51.3920038],[-0.3158331,51.3920713],[-0.3158639,51.3921007],[-0.3159722,51.3922042],[-0.3160058,51.3922363],[-0.3160164,51.3922465],[-0.3160616,51.3922896],[-0.3161668,51.3923901],[-0.3163272,51.3925434],[-0.3163445,51.3925599],[-0.3165236,51.3927219],[-0.3166491,51.3928353],[-0.3166551,51.3928407],[-0.3166909,51.3928731],[-0.3167553,51.3929314],[-0.3167924,51.392958],[-0.3169982,51.3931056],[-0.3170043,51.3931105],[-0.3171143,51.3931983],[-0.3171489,51.3932284],[-0.3172625,51.3933276],[-0.3172933,51.3933544],[-0.3173891,51.3934247],[-0.3177209,51.3936677],[-0.3176045,51.3937714],[-0.3175738,51.393794],[-0.3174443,51.3938896],[-0.317094,51.3941314],[-0.3166624,51.3944294],[-0.3166465,51.3944404],[-0.3165522,51.3945082],[-0.3162444,51.3947294],[-0.3161328,51.3948096],[-0.3156322,51.3951694],[-0.3153764,51.3953532],[-0.3150109,51.395616],[-0.3149083,51.3956897],[-0.3148788,51.3957109],[-0.3145594,51.3959404],[-0.3145538,51.3959444],[-0.314489,51.395991],[-0.3142729,51.3961463],[-0.3142117,51.3961903],[-0.3140524,51.3963091],[-0.3136808,51.3965862],[-0.3136339,51.3966212],[-0.3134631,51.3967485],[-0.3131365,51.3969921],[-0.313017,51.3970813],[-0.3129972,51.397096],[-0.3129808,51.3971082],[-0.3128981,51.39717],[-0.3128179,51.3972298],[-0.3127741,51.3972625],[-0.3127077,51.3973121],[-0.3126602,51.3973475],[-0.3126301,51.39737],[-0.3125882,51.3974013],[-0.3125238,51.3974532],[-0.3125143,51.3974705],[-0.3124778,51.3975371],[-0.3122655,51.3979244],[-0.312211,51.398024],[-0.3121916,51.3980603],[-0.3121481,51.398142],[-0.3120241,51.3983731],[-0.3119902,51.3984161],[-0.3119502,51.398453],[-0.3118904,51.3985079],[-0.3116409,51.3986911],[-0.3114733,51.398814],[-0.3107223,51.399335],[-0.3106859,51.3993592],[-0.3104833,51.399494],[-0.3103711,51.3995614],[-0.3103338,51.3995838],[-0.3102173,51.3996539],[-0.3099513,51.3998129],[-0.3098585,51.3998622],[-0.3098436,51.3998701],[-0.3098187,51.3998833],[-0.3097932,51.3998969],[-0.3097366,51.399941],[-0.3096956,51.3999729],[-0.3096554,51.400015],[-0.3094739,51.4002699],[-0.3094665,51.4002803],[-0.3094062,51.4003649],[-0.3093504,51.4004518],[-0.3093483,51.4004558],[-0.3093366,51.4004775],[-0.3093053,51.4005355],[-0.3092555,51.4006279],[-0.309249,51.4006423],[-0.309156,51.4008493],[-0.309084,51.4010096],[-0.3090753,51.4010289],[-0.3090379,51.4011477],[-0.3090253,51.4011877],[-0.3090224,51.4011968],[-0.3090055,51.4012581],[-0.3089856,51.4013297],[-0.3089588,51.4014265],[-0.3089026,51.4016297],[-0.3088965,51.4016518],[-0.3088802,51.4017353],[-0.3088651,51.4018131],[-0.3087895,51.4022016],[-0.3087882,51.4022148],[-0.3087276,51.4028403],[-0.308727,51.4028466],[-0.3087155,51.4029646],[-0.3087055,51.4032284],[-0.3087054,51.4032319],[-0.3087014,51.4033373],[-0.3087012,51.4033428],[-0.3086957,51.4034905],[-0.3087028,51.4036056],[-0.3087057,51.4036523],[-0.3087067,51.4036686],[-0.3087278,51.4040075],[-0.3087932,51.4044461],[-0.3088004,51.4044939],[-0.3088008,51.4044969],[-0.3088115,51.4045685],[-0.3088244,51.4046554],[-0.3088406,51.4047634],[-0.3088549,51.404843],[-0.3089198,51.4052029],[-0.3089857,51.4055652],[-0.3089909,51.4056323],[-0.308999,51.405765],[-0.3090167,51.4060534],[-0.309015,51.4060867],[-0.3090144,51.4060991],[-0.3090067,51.4062532],[-0.3090072,51.406282],[-0.3090114,51.4064998],[-0.3090115,51.4065091],[-0.3090077,51.406567],[-0.3089996,51.4066881],[-0.3090181,51.4070806],[-0.3090194,51.4071068],[-0.3090199,51.4071185],[-0.3090212,51.407145],[-0.309033,51.4073949],[-0.3090347,51.4074311],[-0.3090635,51.4080423],[-0.3090679,51.408136],[-0.3090768,51.4084924],[-0.3090789,51.4085786],[-0.3090815,51.4086825],[-0.3090952,51.4092563],[-0.3090968,51.4093018],[-0.3090827,51.4094909],[-0.3090534,51.4096758],[-0.3090455,51.4097251],[-0.3090377,51.4097745],[-0.3090306,51.4098193],[-0.3090267,51.4098437],[-0.308962,51.4102524],[-0.3089393,51.4103952],[-0.3089215,51.4105075],[-0.3088997,51.4106453],[-0.308899,51.4106498],[-0.3088779,51.4107829],[-0.3088754,51.4107987],[-0.3088714,51.4108236],[-0.3088367,51.4110426],[-0.3088051,51.4111945],[-0.3087961,51.411238],[-0.3087777,51.4113264],[-0.3087594,51.4114143],[-0.3087182,51.4116126],[-0.3086528,51.41183],[-0.3085635,51.4121272],[-0.3085498,51.4121726],[-0.308549,51.4121754],[-0.3085122,51.4122976],[-0.3084834,51.4124378],[-0.3084662,51.4125216],[-0.3084478,51.4127594],[-0.3084439,51.4128094],[-0.3084436,51.4128634],[-0.3084433,51.4129101],[-0.3084432,51.412932],[-0.3084426,51.4130295],[-0.3084421,51.4131014],[-0.3084485,51.4131472],[-0.3084829,51.4133953],[-0.308499,51.4135134],[-0.3085019,51.4135341],[-0.3085066,51.4135714],[-0.308512,51.4136138],[-0.3085128,51.4136204],[-0.3085115,51.4136945],[-0.30851,51.4137833],[-0.3085096,51.4137913],[-0.3085095,51.4137951],[-0.3085069,51.413857],[-0.3085057,51.4138831],[-0.3085051,51.4138992],[-0.308503,51.4139484],[-0.3085009,51.4139694],[-0.3085005,51.4139735],[-0.3084962,51.4140167],[-0.3084843,51.4141371],[-0.3084766,51.4142153],[-0.30847,51.4142823],[-0.3084718,51.4143571],[-0.3084723,51.4143782],[-0.3084734,51.4144244],[-0.3084742,51.4144589],[-0.3084725,51.4144739],[-0.3084531,51.4146312],[-0.3084433,51.4146656],[-0.308404,51.4148042],[-0.3083949,51.4148667],[-0.3083932,51.414879],[-0.3083732,51.4150172],[-0.3083541,51.4150844],[-0.3083501,51.4150983],[-0.3083466,51.4151108],[-0.3083081,51.4152461],[-0.3082325,51.415432],[-0.3082254,51.4154494],[-0.308211,51.4154848],[-0.3081279,51.4156889],[-0.3081217,51.4157043],[-0.3081192,51.4157102],[-0.3080303,51.4159288],[-0.3080285,51.4159333],[-0.3080128,51.4159718],[-0.3079686,51.4160803],[-0.3079646,51.4160901],[-0.3079264,51.416184],[-0.307878,51.4163029],[-0.3078735,51.4163139],[-0.3077801,51.4165431],[-0.3077533,51.4166175],[-0.3077513,51.4166232],[-0.3077288,51.4166853],[-0.3076902,51.416792],[-0.3076871,51.4168093],[-0.3076732,51.4168871],[-0.3076195,51.4170261],[-0.3076099,51.4170491],[-0.307607,51.4170561],[-0.3076036,51.4170643],[-0.3076013,51.4170699],[-0.3075783,51.417125],[-0.3075613,51.4171659],[-0.3075426,51.4172038],[-0.3075397,51.4172097],[-0.3075147,51.4172605],[-0.3074991,51.417292],[-0.3074325,51.417416],[-0.3074207,51.4174335],[-0.3073823,51.4174901],[-0.3073501,51.4175377],[-0.3073431,51.4175481],[-0.3072868,51.4176311],[-0.3072735,51.4176507],[-0.3072717,51.4176534],[-0.3072334,51.41771],[-0.3071848,51.4177959],[-0.3071425,51.417871],[-0.3070982,51.4179565],[-0.3070668,51.4180171],[-0.3070318,51.4180846],[-0.3069174,51.4183057],[-0.3068821,51.4183739],[-0.3068744,51.4183888],[-0.3068524,51.418439],[-0.3067163,51.4187499],[-0.3067134,51.4187844],[-0.3067041,51.4188968],[-0.3066992,51.4189551],[-0.3066904,51.4190607],[-0.3067023,51.4192956],[-0.3067057,51.4193647],[-0.3066993,51.4195244],[-0.3066952,51.4196264],[-0.3066944,51.4196477],[-0.306654,51.4198979],[-0.3066496,51.4199248],[-0.3066367,51.4200042],[-0.3066197,51.4200669],[-0.3066049,51.4201212],[-0.30659,51.420176],[-0.3065808,51.420205],[-0.3065375,51.4203418],[-0.3064524,51.4205369],[-0.3064024,51.4206516],[-0.3063797,51.4206866],[-0.3063324,51.4207597],[-0.3061198,51.4210876],[-0.3060307,51.4212345],[-0.3060323,51.421299],[-0.3060345,51.4213918],[-0.3060367,51.4214856],[-0.3060451,51.4215195],[-0.3061048,51.4217615],[-0.3061124,51.4217822],[-0.3062147,51.4220575],[-0.3062442,51.4221275],[-0.3062645,51.4221757],[-0.3062825,51.4222185],[-0.3063121,51.4222814],[-0.3063587,51.4223805],[-0.3065388,51.4227034],[-0.306564,51.4227433],[-0.3065688,51.4227508],[-0.3067426,51.4230253],[-0.3068906,51.4232882],[-0.3069125,51.4233163],[-0.3069735,51.4233942],[-0.3069843,51.4234073],[-0.3069863,51.4234097],[-0.3072184,51.4236896],[-0.3072318,51.4237058],[-0.3072516,51.4237297],[-0.3072593,51.4237389],[-0.3073906,51.4238972],[-0.307393,51.4239001],[-0.3074976,51.4240262],[-0.3076312,51.4241794],[-0.3076348,51.4241836],[-0.3077766,51.4243462],[-0.3077838,51.4243554],[-0.3078184,51.4243995],[-0.3078314,51.4244161],[-0.3078576,51.4244495],[-0.3078955,51.4244978],[-0.3079977,51.4246281],[-0.3080293,51.4246567],[-0.3080445,51.4246704],[-0.3080544,51.4246794],[-0.3081568,51.424772],[-0.3081666,51.4247808],[-0.3081803,51.4247932],[-0.3083673,51.4249623],[-0.3083843,51.4249777],[-0.3084028,51.4249945],[-0.3084152,51.4250056],[-0.3084297,51.4250188],[-0.3084866,51.4250702],[-0.3084931,51.425076],[-0.3085827,51.4251571],[-0.3087083,51.4252583],[-0.30873,51.4252758],[-0.30885,51.4253725],[-0.308876,51.4253934],[-0.3088819,51.4253982],[-0.3091176,51.4255881],[-0.3091248,51.4255939],[-0.3092394,51.4256863],[-0.3092458,51.4256914],[-0.3092615,51.425704],[-0.3094486,51.4258269],[-0.3094611,51.4258351],[-0.3096345,51.425949],[-0.3097715,51.4260167],[-0.3100165,51.4261359],[-0.3103892,51.4263648],[-0.3106961,51.4265249],[-0.3108964,51.4266293],[-0.3109131,51.426638],[-0.3111063,51.4267388],[-0.3111332,51.4267525],[-0.3111753,51.426774],[-0.3112039,51.4267886],[-0.3112474,51.4268108],[-0.3112533,51.4268138],[-0.3113632,51.4268703],[-0.3113862,51.426882],[-0.311436,51.4269074],[-0.3114575,51.4269183],[-0.311754,51.4270695],[-0.3117706,51.427078],[-0.3118273,51.427107],[-0.3118583,51.4271209],[-0.3118942,51.427137],[-0.3123711,51.4273527],[-0.3128901,51.4275787],[-0.3130859,51.4276683],[-0.3132256,51.4277323],[-0.31328,51.4277572],[-0.313421,51.4278217],[-0.3134496,51.4278336],[-0.3135314,51.4278677],[-0.314471,51.4282598],[-0.3142879,51.4284691],[-0.3142262,51.4285396],[-0.3141294,51.4286593],[-0.3141047,51.42869],[-0.3140708,51.4287319],[-0.3140282,51.4287845],[-0.3140048,51.4288135],[-0.31397,51.4288565],[-0.313756,51.4291984],[-0.313592,51.4293999],[-0.3133155,51.4297396],[-0.3133062,51.429751],[-0.3132814,51.4297815],[-0.3132776,51.4297862],[-0.3132751,51.4297893],[-0.3132684,51.4297975],[-0.3132654,51.4298012],[-0.313175,51.4299123],[-0.3131709,51.4299173],[-0.3130951,51.4300104],[-0.3130709,51.4300402],[-0.3130355,51.4300836],[-0.3129727,51.4301608],[-0.3129664,51.4301685],[-0.312962,51.4301739],[-0.3129582,51.4301779],[-0.3129557,51.4301817],[-0.3128357,51.430329],[-0.3128316,51.4303341],[-0.3128233,51.4303443],[-0.3127628,51.4304041],[-0.3127428,51.4304239],[-0.3127279,51.4304385],[-0.3127251,51.4304413],[-0.3126918,51.4304742],[-0.3126601,51.4305055],[-0.3126569,51.4305087],[-0.3126236,51.4305415],[-0.3126148,51.4305502],[-0.3125356,51.4306285],[-0.3125328,51.4306312],[-0.3125106,51.4306532],[-0.3124353,51.4307275],[-0.3124319,51.4307309],[-0.3124293,51.4307334],[-0.3124229,51.4307398],[-0.3123671,51.4307949],[-0.3123629,51.430799],[-0.3123589,51.430803],[-0.3123519,51.4308099],[-0.3122659,51.4308949],[-0.3122628,51.4308979],[-0.3122461,51.4309144],[-0.3122403,51.4309201],[-0.3122177,51.4309424],[-0.3122095,51.4309504],[-0.3121418,51.431017],[-0.312127,51.4310315],[-0.3121178,51.4310406],[-0.3120771,51.4310807],[-0.3120737,51.431084],[-0.312057,51.4311004],[-0.3120475,51.4311098],[-0.3120323,51.4311247],[-0.3120271,51.4311298],[-0.3120229,51.431134],[-0.3120185,51.4311383],[-0.3119326,51.4312056],[-0.3119287,51.4312087],[-0.3119224,51.4312136],[-0.3119102,51.4312232],[-0.3118515,51.4312692],[-0.3118371,51.4312805],[-0.3117977,51.4313113],[-0.3117441,51.4313534],[-0.3117363,51.4313595],[-0.3117326,51.4313624],[-0.311674,51.4314083],[-0.3116635,51.4314166],[-0.3116186,51.4314518],[-0.3116132,51.431456],[-0.3116033,51.4314637],[-0.311599,51.4314671],[-0.3115234,51.4315264],[-0.3115182,51.4315304],[-0.3114211,51.4316065],[-0.3114185,51.4316086],[-0.3113842,51.4316355],[-0.3113794,51.4316392],[-0.3113753,51.4316424],[-0.3113005,51.4317011],[-0.3112799,51.4317172],[-0.311195,51.4317837],[-0.3111915,51.4317865],[-0.3111737,51.4318004],[-0.3110225,51.431919],[-0.3109989,51.4319376],[-0.3109177,51.4320011],[-0.3108393,51.4320706],[-0.3107353,51.4321628],[-0.3107229,51.4321738],[-0.3106616,51.4322282],[-0.3104978,51.4321963],[-0.3101008,51.4321742],[-0.3100736,51.4321726],[-0.3099887,51.4321679],[-0.3099059,51.4321633],[-0.3098715,51.4321614],[-0.3097597,51.4321552],[-0.3096367,51.4320042],[-0.3095494,51.4319466],[-0.3095024,51.4319157],[-0.3093756,51.4318322],[-0.309308,51.4317934],[-0.3090799,51.4316608],[-0.3090756,51.4316583],[-0.3087299,51.431458],[-0.3087144,51.431449],[-0.3086462,51.4314095],[-0.3086138,51.4313907],[-0.3085922,51.4313782],[-0.3084361,51.4312877],[-0.3084266,51.4312822],[-0.308388,51.4312598],[-0.3083723,51.4312507],[-0.3083149,51.4312174],[-0.3083091,51.4312141],[-0.3082288,51.4311676],[-0.308214,51.431159],[-0.3081009,51.4310934],[-0.3085499,51.4308174],[-0.3083352,51.4307103],[-0.3082098,51.4306477],[-0.308131,51.4306084],[-0.3081199,51.4306029],[-0.3081163,51.4306012],[-0.3081097,51.4305979],[-0.3080739,51.4305803],[-0.3080514,51.4305693],[-0.307775,51.4304333],[-0.3077407,51.4304165],[-0.3074734,51.4302988],[-0.307447,51.4302907],[-0.3074414,51.430289],[-0.307336,51.4302568],[-0.3071748,51.4302075],[-0.3071215,51.4302013],[-0.3071015,51.4301989],[-0.3070875,51.4301973],[-0.3070701,51.4301953],[-0.3070395,51.4301917],[-0.3070257,51.4301901],[-0.306907,51.4301762],[-0.3068484,51.4301693],[-0.3068422,51.4301686],[-0.306524,51.4301546],[-0.3064311,51.4301506],[-0.3064223,51.4304247],[-0.3064221,51.430431],[-0.306419,51.4305279],[-0.3064163,51.4306148],[-0.3064162,51.430619],[-0.3064149,51.4306399],[-0.3064151,51.4306516],[-0.3064141,51.430682],[-0.3064083,51.4308666],[-0.306408,51.4308733],[-0.306407,51.4309068],[-0.3064067,51.4309169],[-0.3064001,51.4311234],[-0.3063717,51.4311354],[-0.3063655,51.4311381],[-0.3063184,51.4311581],[-0.3062931,51.4311687],[-0.3062176,51.4312005],[-0.3062072,51.4312048],[-0.3061916,51.4312114],[-0.306132,51.4312364],[-0.3060659,51.4312644],[-0.306018,51.4312847],[-0.3060106,51.4312879],[-0.3060018,51.4312916],[-0.3058365,51.4313613],[-0.3057575,51.4313462],[-0.3056092,51.4313178],[-0.3054295,51.4312834],[-0.3053488,51.431268],[-0.3053447,51.4312672],[-0.3051492,51.4312298],[-0.3051419,51.4312284],[-0.3051357,51.4312272],[-0.3050485,51.4312105],[-0.305033,51.4312075],[-0.3050227,51.4312056],[-0.3049925,51.4311998],[-0.3049749,51.4311964],[-0.3048678,51.4311759],[-0.3048337,51.4311694],[-0.3048011,51.4311631],[-0.3047302,51.4311496],[-0.3046936,51.4311426],[-0.304632,51.4311308],[-0.3046194,51.4311284],[-0.304548,51.4311147],[-0.3044675,51.4310993],[-0.3044585,51.4310979],[-0.3044386,51.4310938],[-0.3043101,51.4310692],[-0.3042946,51.4310662],[-0.3042718,51.4310618],[-0.3042335,51.4310545],[-0.304209,51.4310499],[-0.3041847,51.4310452],[-0.3040694,51.4310234],[-0.3040549,51.4310206],[-0.3039833,51.431007],[-0.3039482,51.4310004],[-0.30392,51.430995],[-0.3039087,51.4309929],[-0.3038152,51.4309751],[-0.3037588,51.4309644],[-0.303741,51.4309611],[-0.3036811,51.4309497],[-0.3036701,51.4309476],[-0.3036493,51.4309437],[-0.3034956,51.4309145],[-0.3034585,51.4309075],[-0.3034438,51.4309047],[-0.3034232,51.4309008],[-0.30329,51.4308755],[-0.3032687,51.4308715],[-0.3032606,51.43087],[-0.3032564,51.4308691],[-0.3032154,51.4308614],[-0.3030768,51.4308351],[-0.3030724,51.4308343],[-0.3030483,51.4308297],[-0.303023,51.4308249],[-0.3029946,51.4308195],[-0.3029396,51.4308091],[-0.3029132,51.4308041],[-0.3027972,51.4307821],[-0.302783,51.4307794],[-0.3027277,51.4307689],[-0.302702,51.430764],[-0.3026346,51.4307512],[-0.3026224,51.4307489],[-0.302577,51.4307403],[-0.3025639,51.4307378],[-0.3024291,51.4307122],[-0.3024036,51.4307074],[-0.3022197,51.4306725],[-0.3022126,51.4306712],[-0.3021987,51.4306685],[-0.3021777,51.4306645],[-0.3021697,51.4306594],[-0.302092,51.4306104],[-0.3020844,51.4306056],[-0.3020042,51.4305549],[-0.3019198,51.4305016],[-0.3019062,51.430493],[-0.3018024,51.4304274],[-0.3017425,51.4303896],[-0.3015659,51.4304989],[-0.3015495,51.430509],[-0.3014858,51.4305487],[-0.3016599,51.4307283],[-0.3016668,51.4307354],[-0.3016709,51.4307397],[-0.3016785,51.4307475],[-0.3018073,51.4308803],[-0.3018347,51.4309085],[-0.3018467,51.4309209],[-0.3018622,51.430937],[-0.301873,51.4309482],[-0.3020017,51.4310812],[-0.3020283,51.4311088],[-0.3020334,51.431114],[-0.3020706,51.4311525],[-0.3019386,51.4312329],[-0.3016176,51.4314285],[-0.3015372,51.4313722],[-0.3015267,51.4313649],[-0.3015168,51.4313579],[-0.301495,51.4313426],[-0.3013901,51.4312692],[-0.301366,51.4312522],[-0.3012686,51.431184],[-0.3012593,51.4311775],[-0.3012447,51.4311673],[-0.3012365,51.4311616],[-0.3012303,51.4311572],[-0.3011807,51.4311225],[-0.3010539,51.4310188],[-0.3010473,51.4310134],[-0.3010443,51.431011],[-0.3009966,51.4309719],[-0.3009941,51.4309699],[-0.3009386,51.4309245],[-0.3009128,51.4309072],[-0.3008723,51.43088],[-0.3008544,51.4308679],[-0.300803,51.4308333],[-0.3007962,51.4308288],[-0.3007804,51.4308182],[-0.3007477,51.4307961],[-0.3007388,51.4307902],[-0.3007289,51.4307835],[-0.3006875,51.4307566],[-0.3006774,51.4307501],[-0.3006701,51.4307454],[-0.3005508,51.430668],[-0.3005147,51.4306445],[-0.300493,51.4306316],[-0.300471,51.4306185],[-0.30039,51.4305702],[-0.3003804,51.4305645],[-0.3003266,51.4305324],[-0.3003182,51.4305274],[-0.3001998,51.4304568],[-0.3001035,51.4303994],[-0.3000955,51.4303947],[-0.3000915,51.430392],[-0.3000487,51.4303639],[-0.3000376,51.4303566],[-0.2999285,51.4302849],[-0.2999139,51.4302752],[-0.2998676,51.4302448],[-0.2998607,51.4302403],[-0.2998533,51.4302354],[-0.2997886,51.4301929],[-0.2996948,51.4301312],[-0.2996894,51.4301277],[-0.2996804,51.4301217],[-0.2996134,51.4300777],[-0.2995907,51.4300627],[-0.2995847,51.4300589],[-0.2994914,51.4299975],[-0.2994587,51.429976],[-0.2994514,51.4299712],[-0.2994156,51.4299476],[-0.2993606,51.4299115],[-0.2993397,51.4298978],[-0.2993114,51.4298792],[-0.2992626,51.4298471],[-0.2991439,51.4297691],[-0.2990615,51.4297148],[-0.2990425,51.4297024],[-0.2989846,51.4296643],[-0.2989809,51.4296619],[-0.298914,51.4296179],[-0.2988861,51.4295996],[-0.2988709,51.4295882],[-0.298868,51.429586],[-0.298862,51.4295815],[-0.2987237,51.4294773],[-0.2985868,51.4293741],[-0.2985758,51.4293658],[-0.2984444,51.4292667],[-0.2982748,51.429139],[-0.2981544,51.429049],[-0.2980607,51.4289776],[-0.298057,51.4289748],[-0.2980479,51.4289694],[-0.2980441,51.4289671],[-0.2977084,51.428768],[-0.2976987,51.4287623],[-0.2976404,51.4287276],[-0.297617,51.4287117],[-0.2975401,51.4286593],[-0.2973961,51.4285611],[-0.2973639,51.4285391],[-0.2971481,51.4283918],[-0.2970495,51.4283364],[-0.2967203,51.4281513],[-0.2966518,51.4281129],[-0.296629,51.4281011],[-0.2966238,51.4280985],[-0.2966118,51.4280923],[-0.2965627,51.4280671],[-0.2965373,51.428054],[-0.296239,51.4279009],[-0.2962123,51.4278882],[-0.2961778,51.4278717],[-0.2959512,51.4277637],[-0.295921,51.4277493],[-0.2959143,51.4277461],[-0.2958752,51.4277696],[-0.2958065,51.4278107],[-0.2957167,51.4277671],[-0.2957096,51.4277637],[-0.2956812,51.4277499],[-0.295654,51.4277367],[-0.2956403,51.42773],[-0.2956366,51.4277283],[-0.2956073,51.427714],[-0.2955931,51.4277072],[-0.2955393,51.427681],[-0.295465,51.427645],[-0.2954612,51.4276335],[-0.2954593,51.4276273],[-0.2954576,51.4276222],[-0.2954474,51.4275907],[-0.2954433,51.4275778],[-0.2954333,51.4275469],[-0.2954282,51.4275312],[-0.2954163,51.4274944],[-0.2954102,51.4274754],[-0.2954091,51.4274721],[-0.2954032,51.4274538],[-0.2953783,51.4273766],[-0.2953755,51.4273678],[-0.295368,51.4273447],[-0.2953668,51.427341],[-0.2953586,51.4273155],[-0.2953705,51.4272641],[-0.2953717,51.427259],[-0.2953765,51.4272384],[-0.295382,51.4272148],[-0.2953947,51.4271602],[-0.2953992,51.4271412],[-0.2954015,51.4271312],[-0.2954059,51.4271121],[-0.2954121,51.4270854],[-0.295413,51.4270817],[-0.2954233,51.4270374],[-0.2954268,51.4270227],[-0.295435,51.4269871],[-0.2953217,51.4269809],[-0.2949811,51.4269621],[-0.2948707,51.4269562],[-0.2948201,51.4269534],[-0.2947774,51.4269511],[-0.2947803,51.4269433],[-0.2947813,51.4269406],[-0.2947827,51.426937],[-0.2947934,51.426908],[-0.2947951,51.4269036],[-0.2948033,51.4268816],[-0.2948043,51.4268788],[-0.2948247,51.4268242],[-0.2948281,51.4268148],[-0.2948295,51.4268112],[-0.2948403,51.426782],[-0.2948204,51.4267381],[-0.2948191,51.4267351],[-0.294813,51.4267217],[-0.2948012,51.4266955],[-0.294797,51.4266863],[-0.2947843,51.4266581],[-0.2947979,51.4266228],[-0.2948119,51.4265866],[-0.2948143,51.4265804],[-0.2948321,51.4265346],[-0.29484,51.4265142],[-0.2948412,51.426511],[-0.2948521,51.426483],[-0.2948569,51.4264704],[-0.2948812,51.4264078],[-0.2948824,51.4264047],[-0.2948869,51.4263928],[-0.2948681,51.426394],[-0.2944081,51.4264401],[-0.2943404,51.4264469],[-0.294288,51.4264521],[-0.2942839,51.4264522],[-0.2939556,51.4264563],[-0.2939256,51.4264566],[-0.2937671,51.4264586],[-0.2935614,51.4264612],[-0.2935393,51.4264615],[-0.2934884,51.4264621],[-0.2934432,51.4264692],[-0.2934347,51.4265396],[-0.2934303,51.4265755],[-0.2934297,51.4265804],[-0.2934264,51.4266077],[-0.2934254,51.4266159],[-0.2934229,51.4266363],[-0.2934187,51.4266715],[-0.293417,51.4266855],[-0.2934141,51.4267095],[-0.2934058,51.4267775],[-0.2934043,51.4267901],[-0.2934019,51.426805],[-0.2934008,51.4268179],[-0.2933963,51.4268538],[-0.2933773,51.4270041],[-0.2933632,51.4271163],[-0.2933615,51.4271301],[-0.293339,51.4276866],[-0.2933389,51.4276905],[-0.2933377,51.4277185],[-0.2933375,51.4277229],[-0.2933335,51.4278223],[-0.2933333,51.4278285],[-0.2933265,51.4279957],[-0.2933253,51.4280262],[-0.2933247,51.4280401],[-0.2933239,51.4280609],[-0.2933235,51.4280712],[-0.2933224,51.4280986],[-0.2933214,51.4281219],[-0.2933208,51.4281368],[-0.2933205,51.4281442],[-0.2933192,51.4281758],[-0.2933178,51.4282124],[-0.2933177,51.4282155],[-0.2933166,51.4282419],[-0.2933159,51.4282582],[-0.2933132,51.4283248],[-0.2933127,51.4283393],[-0.2933125,51.4283423],[-0.2933123,51.4283474],[-0.2933106,51.4283911],[-0.29331,51.4284042],[-0.2933041,51.4285518],[-0.2933027,51.428565],[-0.2932726,51.4285677],[-0.2931972,51.4285743],[-0.2931705,51.4285767],[-0.2931575,51.4285778],[-0.2930994,51.428583],[-0.2930575,51.4285866],[-0.2930405,51.4285882],[-0.2929865,51.4285929],[-0.2929815,51.4285934],[-0.2929227,51.4285986],[-0.2929156,51.4285992],[-0.2928968,51.4286012],[-0.2929477,51.4288367],[-0.2929716,51.4289558],[-0.2926233,51.428961],[-0.2925728,51.4289618],[-0.2924412,51.4289637],[-0.2924147,51.4289642],[-0.2923362,51.4289653],[-0.2923178,51.4289656],[-0.2922832,51.4289661],[-0.292137,51.4289683],[-0.2921099,51.4289687],[-0.2913062,51.4289808],[-0.2912983,51.4289809],[-0.2912566,51.4289815],[-0.2911816,51.4289826],[-0.2911491,51.4289831],[-0.2908751,51.4289872],[-0.2908691,51.4289873],[-0.2908605,51.4289874],[-0.2907006,51.4289898],[-0.2905134,51.4285761],[-0.2905028,51.4285528],[-0.2904762,51.428494],[-0.2904702,51.4284815],[-0.2904481,51.4284318],[-0.290364,51.428246],[-0.290362,51.4282417],[-0.2903228,51.428155],[-0.2903081,51.4281226],[-0.2902912,51.4280853],[-0.2902674,51.4280326],[-0.2902509,51.4279963],[-0.2902493,51.4279926],[-0.2902287,51.427947],[-0.2902094,51.4279045],[-0.2902032,51.4278908],[-0.2901799,51.4278392],[-0.2901041,51.4276717],[-0.2900847,51.427629],[-0.2900856,51.4275473],[-0.290058,51.4274911],[-0.2899877,51.4273511],[-0.2899839,51.4273439],[-0.2899332,51.4272473],[-0.2898669,51.4271209],[-0.2898063,51.4270053],[-0.2897517,51.4269012],[-0.2897284,51.4268568],[-0.2897208,51.4268422],[-0.2897175,51.4268364],[-0.2897092,51.4268216],[-0.2897061,51.4268162],[-0.2896654,51.4267441],[-0.289661,51.4267362],[-0.2896372,51.4266941],[-0.2896318,51.4266845],[-0.2895203,51.4264869],[-0.2895157,51.4264788],[-0.2894189,51.4263072],[-0.2894146,51.426298],[-0.2893891,51.4262425],[-0.2893608,51.4261813],[-0.2892597,51.425962],[-0.2891685,51.4257643],[-0.2891148,51.4256479],[-0.2890889,51.4255918],[-0.2890637,51.4255371],[-0.2890596,51.4255283],[-0.2889865,51.4253697],[-0.2889644,51.4253219],[-0.2889368,51.4252621],[-0.2889132,51.4252109],[-0.2889113,51.4252068],[-0.2888544,51.4250833],[-0.2888331,51.4250372],[-0.2887927,51.4249496],[-0.2887824,51.4249272],[-0.288742,51.4248397],[-0.2887218,51.4247959],[-0.288709,51.4247682],[-0.2887066,51.4247628],[-0.2886749,51.4246941],[-0.2886643,51.4246713],[-0.2886584,51.4246583],[-0.2886465,51.4246327],[-0.2886228,51.4245813],[-0.2885888,51.4245075],[-0.2885822,51.4244933],[-0.2884782,51.4242678],[-0.2884753,51.4242614],[-0.2884722,51.4242548],[-0.2884055,51.4241101],[-0.2884039,51.4241067],[-0.2883941,51.4240853],[-0.2883893,51.424075],[-0.2883764,51.4240469],[-0.2883625,51.4240169],[-0.288329,51.4239442],[-0.2883245,51.4239345],[-0.2883103,51.4239036],[-0.2882974,51.4238756],[-0.2882877,51.4238547],[-0.2882548,51.4237832],[-0.2882498,51.4237725],[-0.2882429,51.4237575],[-0.2882291,51.4237277],[-0.2881905,51.4236439],[-0.2881688,51.4235968],[-0.288162,51.4235821],[-0.2881416,51.4235378],[-0.2881345,51.4235224],[-0.2881078,51.4234646],[-0.2880994,51.4234463],[-0.2880769,51.4233975],[-0.2880031,51.4232376],[-0.2879905,51.4232102],[-0.2879358,51.4230915],[-0.2879333,51.4230862],[-0.2878468,51.4228986],[-0.2878456,51.422896],[-0.2877676,51.422727],[-0.2877604,51.4227114],[-0.2877297,51.4226447],[-0.2877235,51.4226313],[-0.2876888,51.4225561],[-0.287687,51.4225521],[-0.2876489,51.4224694],[-0.2876433,51.4224573],[-0.2876222,51.4224116],[-0.2876179,51.4224023],[-0.2875798,51.4223196],[-0.2875351,51.4222227],[-0.2875314,51.4222147],[-0.2874633,51.4220672],[-0.2874619,51.422064],[-0.2874438,51.4220248],[-0.2874257,51.4219841],[-0.2874222,51.4219761],[-0.2873774,51.4218755],[-0.2873539,51.4218225],[-0.2873241,51.4217556],[-0.2873163,51.421738],[-0.2873112,51.4217266],[-0.2872393,51.421565],[-0.2872339,51.4215527],[-0.2872121,51.4215037],[-0.2872033,51.4214839],[-0.2871531,51.4213711],[-0.2871347,51.4213296],[-0.2871208,51.4212983],[-0.2870633,51.4211691],[-0.2870525,51.4211448],[-0.2870336,51.4211022],[-0.2870247,51.4210823],[-0.2870156,51.4210618],[-0.2870061,51.4210403],[-0.2869735,51.4209671],[-0.2869656,51.4209494],[-0.2869626,51.4209426],[-0.2869003,51.4208024],[-0.2868908,51.4207811],[-0.2868252,51.4206335],[-0.2868186,51.4206187],[-0.286812,51.4206039],[-0.2866196,51.4201721],[-0.2863932,51.4202223],[-0.2862099,51.4202629],[-0.2858489,51.4203578],[-0.2857611,51.4203808],[-0.2857559,51.4203822],[-0.2856388,51.420413],[-0.285616,51.4204196],[-0.2855971,51.4204251],[-0.2855328,51.420444],[-0.2855271,51.4204456],[-0.2854666,51.4204633],[-0.285462,51.4204646],[-0.2854295,51.4204741],[-0.2853503,51.4204973],[-0.285302,51.4205114],[-0.2852185,51.4205358],[-0.2852145,51.420537],[-0.285033,51.4205901],[-0.2850234,51.4205928],[-0.2849581,51.4206119],[-0.2848227,51.4206504],[-0.2848136,51.420653],[-0.2846302,51.4207051],[-0.2846071,51.4207116],[-0.28456,51.420725],[-0.2845499,51.4207279],[-0.2843846,51.4207748],[-0.28437,51.420779],[-0.284275,51.420806],[-0.2842576,51.4208109],[-0.2840152,51.4208798],[-0.2840071,51.4208821],[-0.28368,51.420975],[-0.283668,51.4209784],[-0.2835113,51.4210229],[-0.2834982,51.4210266],[-0.2833433,51.4210706],[-0.2833301,51.4210744],[-0.2831785,51.4211175],[-0.2829759,51.421175],[-0.2827648,51.421235],[-0.2827543,51.4212379],[-0.2827478,51.4212396],[-0.2826915,51.421254],[-0.2826591,51.4212628],[-0.2826474,51.421266],[-0.2822911,51.4213622],[-0.2821194,51.4214085],[-0.2821088,51.4214114],[-0.2818495,51.4214814],[-0.2818353,51.4214852],[-0.2813986,51.4216031],[-0.2813852,51.4216068],[-0.2810416,51.4216995],[-0.2809901,51.4217134],[-0.2809855,51.4217147],[-0.2807791,51.4217703],[-0.2807023,51.4217911],[-0.2806833,51.4217963],[-0.2805008,51.4218456],[-0.2804947,51.4218472],[-0.2804586,51.4218569],[-0.2803615,51.4219344],[-0.2803481,51.4219451],[-0.2802344,51.4220358],[-0.2802255,51.4220429],[-0.2801901,51.4220712],[-0.2801761,51.4220823],[-0.2801137,51.4221321],[-0.2801064,51.4221379],[-0.2800845,51.4221554],[-0.2800522,51.4221811],[-0.2800396,51.4221912],[-0.2800072,51.422217],[-0.2799115,51.4222934],[-0.2798964,51.4223054],[-0.2797832,51.4223957],[-0.2797793,51.4223988],[-0.2797705,51.4224058],[-0.27975,51.4224222],[-0.2795342,51.4225943],[-0.2795187,51.4226067],[-0.2794182,51.4226869],[-0.2791073,51.4229349],[-0.2790623,51.4229708],[-0.2788527,51.423138],[-0.2788394,51.4231486],[-0.2788318,51.4231546],[-0.2785952,51.4233434],[-0.2784379,51.4234689],[-0.2783929,51.4235048],[-0.2783827,51.4235129],[-0.2783263,51.4235579],[-0.278319,51.4235637],[-0.278247,51.4236212],[-0.2781743,51.4236791],[-0.2781562,51.4236935],[-0.2781465,51.4237013],[-0.2778631,51.4239274],[-0.2776325,51.4241113],[-0.2776217,51.4241199],[-0.2774035,51.4242939],[-0.277361,51.4243278],[-0.2773557,51.4243321],[-0.2772058,51.4244517],[-0.2769667,51.4246424],[-0.276816,51.4247625],[-0.2766369,51.4249049],[-0.2765752,51.4249539],[-0.2765705,51.4249577],[-0.2763086,51.4251658],[-0.2762951,51.4251766],[-0.2762209,51.4252355],[-0.2762183,51.4252375],[-0.2762124,51.4252423],[-0.2762081,51.4252457],[-0.2760988,51.4253304],[-0.2760936,51.4253344],[-0.2759032,51.4254821],[-0.2758122,51.4255524],[-0.2756872,51.4256495],[-0.2755112,51.4257853],[-0.2755065,51.4257889],[-0.2754778,51.425811],[-0.2754411,51.4258393],[-0.2753914,51.4258776],[-0.2750663,51.4261323],[-0.2749482,51.4262249],[-0.2746571,51.426453],[-0.2744831,51.4265893],[-0.2744754,51.4265954],[-0.2741678,51.4268365],[-0.2741621,51.4268409],[-0.2741513,51.4268494],[-0.2741249,51.4268701],[-0.2740454,51.4269324],[-0.2739471,51.4270176],[-0.2739277,51.4270344],[-0.2737148,51.427219],[-0.2737099,51.4272232],[-0.2735714,51.4273433],[-0.2732118,51.4276234],[-0.2730412,51.4277563],[-0.2730365,51.4277599],[-0.272968,51.4278134],[-0.2725851,51.428142],[-0.2725787,51.4281474],[-0.2724875,51.4282257],[-0.2724458,51.4282615],[-0.2723467,51.4283466],[-0.2723029,51.4283841],[-0.2722107,51.4284633],[-0.2721339,51.4285257],[-0.272118,51.4285385],[-0.2720758,51.4285729],[-0.2718005,51.4287964],[-0.2717577,51.4288311],[-0.2717498,51.4288375],[-0.2717412,51.4288446],[-0.2715508,51.4289991],[-0.2713274,51.4291719],[-0.2713097,51.4291856],[-0.2712132,51.4292603],[-0.2710428,51.4293921],[-0.2709199,51.4294812],[-0.2707594,51.4295717],[-0.2706879,51.4296121],[-0.2705398,51.4297075],[-0.2704598,51.429759],[-0.270393,51.4298021],[-0.2702686,51.4298767],[-0.2702586,51.4298826],[-0.2699791,51.4300501],[-0.2696625,51.4302049],[-0.2696164,51.4302275],[-0.2696062,51.4302324],[-0.2695358,51.4302668],[-0.2695174,51.4302758],[-0.2694554,51.4303061],[-0.2694416,51.4303129],[-0.2693642,51.4303507],[-0.2693024,51.4303809],[-0.2692934,51.4303853],[-0.2692121,51.4304251],[-0.269205,51.4304286],[-0.2691393,51.4304606],[-0.2690839,51.4304878],[-0.26908,51.4304897],[-0.2690731,51.430493],[-0.2689442,51.430565],[-0.2689356,51.4305698],[-0.2687043,51.430699],[-0.2684822,51.4308163],[-0.2684742,51.4308206],[-0.2684086,51.4308552],[-0.2683653,51.4308781],[-0.2681069,51.4310305],[-0.268103,51.4310328],[-0.2680196,51.431082],[-0.2678872,51.4311349],[-0.2677762,51.4311791],[-0.2677613,51.431185],[-0.267706,51.4312071],[-0.2677003,51.4312094],[-0.2676663,51.4312229],[-0.2676314,51.4312356],[-0.2676252,51.4312378],[-0.2675642,51.4312599],[-0.2675544,51.4312634],[-0.2673787,51.431327],[-0.2673728,51.4313306],[-0.2673613,51.4313374],[-0.2667412,51.431709],[-0.2666395,51.4317699],[-0.2665788,51.4318212],[-0.2664257,51.4319507],[-0.2664219,51.431954],[-0.2664184,51.4319569],[-0.2663307,51.432001],[-0.2662452,51.4320443],[-0.2661672,51.4320837],[-0.2658545,51.4322258],[-0.26584,51.4322324],[-0.2657692,51.4322646],[-0.2656805,51.4323049],[-0.2653848,51.4324394],[-0.2653771,51.4324429],[-0.2653287,51.4324649],[-0.2652434,51.4325082],[-0.2651043,51.4325788],[-0.2650675,51.4325974],[-0.2649724,51.4326456],[-0.2648419,51.4327119],[-0.2647387,51.4327561],[-0.2647229,51.4327629],[-0.2646233,51.4328057],[-0.2646115,51.4328107],[-0.2645723,51.4328276],[-0.2641211,51.4330212],[-0.2638241,51.4331486],[-0.2638145,51.4331527],[-0.2636329,51.4332307],[-0.2633735,51.433342],[-0.2631252,51.4334485],[-0.2629289,51.4335327],[-0.2628797,51.4335525],[-0.2628472,51.4335655],[-0.2627731,51.4335952],[-0.2626942,51.4336268],[-0.2625152,51.4336953],[-0.2625039,51.4336996],[-0.2622115,51.4338115],[-0.2620359,51.4338788],[-0.2619711,51.4339036],[-0.2618242,51.4339598],[-0.2617555,51.4339941],[-0.2616408,51.4340513],[-0.2615068,51.4341181],[-0.2615035,51.4341197],[-0.2613371,51.4342027],[-0.2610252,51.4343376],[-0.2609162,51.4343847],[-0.2608275,51.434423],[-0.2608032,51.4344335],[-0.260739,51.4344613],[-0.2606309,51.434508],[-0.2606248,51.4345107],[-0.2604256,51.4345968],[-0.2600179,51.4347592],[-0.2599617,51.4347816],[-0.2595747,51.4349357],[-0.2594158,51.435006],[-0.2592003,51.4351014],[-0.2591481,51.4351244],[-0.2590886,51.4351508],[-0.2589048,51.4352246],[-0.2587944,51.4352689],[-0.2586847,51.435313],[-0.2585574,51.4353641],[-0.2584232,51.435418],[-0.2583859,51.4354329],[-0.2583785,51.4354359],[-0.2582315,51.435495],[-0.2581866,51.435513],[-0.2581487,51.4355282],[-0.2581174,51.4355417],[-0.2581015,51.4355486],[-0.2580246,51.4355819],[-0.2580142,51.4355864],[-0.2580071,51.4355895],[-0.2579958,51.4355944],[-0.2578738,51.4356473],[-0.2578543,51.4356557],[-0.2576599,51.4357399],[-0.2575756,51.4357764],[-0.257455,51.4358287],[-0.2571714,51.4359515],[-0.2571592,51.4359568],[-0.2570528,51.4360029],[-0.2569727,51.4360376],[-0.2569429,51.4360505],[-0.2568637,51.4360848],[-0.2568323,51.4360978],[-0.2567529,51.4361307],[-0.2567291,51.4361406],[-0.2567248,51.4361424],[-0.2566159,51.4361876],[-0.2563567,51.4362869],[-0.2563515,51.4362888],[-0.2562884,51.4363136],[-0.2562811,51.4363179],[-0.2563017,51.4363408],[-0.256336,51.4363778],[-0.256461,51.4365126],[-0.2564135,51.4365329],[-0.2563966,51.4365401],[-0.256227,51.4366125],[-0.2561216,51.436615],[-0.256033,51.4366171],[-0.2560168,51.4366175],[-0.2558748,51.4366021],[-0.25566,51.4365786],[-0.2556411,51.4365872],[-0.2556326,51.436591],[-0.2556051,51.4366034],[-0.2555781,51.4366156],[-0.2552945,51.4367365],[-0.2552856,51.4367403],[-0.2552389,51.4367602],[-0.2552335,51.4367626],[-0.2551854,51.436783],[-0.2551755,51.4367873],[-0.2551308,51.4368064],[-0.2551219,51.4368101],[-0.2550739,51.4368306],[-0.2550666,51.4368337],[-0.2550286,51.4368499],[-0.2550149,51.4368558],[-0.2549645,51.4368772],[-0.2549593,51.4368795],[-0.2549086,51.4369011],[-0.2549052,51.4369025],[-0.2548668,51.4369189],[-0.2548572,51.436923],[-0.2548137,51.4369416],[-0.2548029,51.4369461],[-0.254776,51.4369576],[-0.2547664,51.4369613],[-0.254754,51.436966],[-0.2547098,51.4369829],[-0.2547011,51.4369863],[-0.2546605,51.4370018],[-0.2546488,51.4370063],[-0.2545964,51.4370263],[-0.2545512,51.4370436],[-0.2545407,51.4370476],[-0.2544885,51.4370676],[-0.2544565,51.4370798],[-0.2544337,51.4370886],[-0.2543917,51.4371046],[-0.2543838,51.4371077],[-0.2542903,51.4371434],[-0.2542796,51.4371475],[-0.2542367,51.4371639],[-0.2542269,51.4371677],[-0.2541855,51.4371835],[-0.2541755,51.4371873],[-0.2540359,51.4372405],[-0.2538892,51.4371014],[-0.2538432,51.437058],[-0.2538151,51.4370312],[-0.2537394,51.4369496],[-0.2536103,51.4367996],[-0.2535582,51.4367265],[-0.2535131,51.4366485],[-0.2534752,51.4365676],[-0.2534528,51.4364895],[-0.2534419,51.4364516],[-0.2534233,51.4363866],[-0.2534117,51.4362817],[-0.2534012,51.4361866],[-0.2533995,51.4361096],[-0.2533985,51.4360618],[-0.2533977,51.4360272],[-0.2533967,51.4359855],[-0.2533965,51.4359762],[-0.2533938,51.4358508],[-0.2533936,51.4358428],[-0.2533923,51.4357837],[-0.2533755,51.435733],[-0.2533701,51.4357167],[-0.2533318,51.4356325],[-0.2533304,51.4356294],[-0.2533133,51.4355918],[-0.2532771,51.4355277],[-0.2532714,51.4355212],[-0.2532472,51.4354933],[-0.2530764,51.4352967],[-0.2530041,51.4352237],[-0.2529212,51.4351578],[-0.2529171,51.4351547],[-0.2528714,51.4351206],[-0.2528355,51.4350938],[-0.2527263,51.4350318],[-0.2526114,51.4349688],[-0.2523448,51.434835],[-0.252297,51.434811],[-0.2521268,51.4347256],[-0.2520992,51.4347118],[-0.2520083,51.4346709],[-0.2519922,51.4346637],[-0.25188,51.4346133],[-0.2517854,51.4345708],[-0.2516421,51.4344959],[-0.2516152,51.4344819],[-0.2516024,51.434474],[-0.2515493,51.4344412],[-0.2515409,51.434436],[-0.2514742,51.4343949],[-0.2514399,51.4343683],[-0.2514135,51.4343479],[-0.2513004,51.4342379],[-0.2512554,51.4341689],[-0.2512155,51.4340948],[-0.2510936,51.433789],[-0.2510723,51.4336893],[-0.2510569,51.4336173],[-0.2510376,51.4335271],[-0.2510315,51.4334779],[-0.2510266,51.4334381],[-0.2510284,51.4334098],[-0.2510401,51.4332229],[-0.2510414,51.433203],[-0.2510413,51.4331856],[-0.2510385,51.432832],[-0.2510454,51.4327854],[-0.2510473,51.4327728],[-0.2510675,51.4326371],[-0.2510854,51.4325652],[-0.2511416,51.4325158],[-0.2513233,51.4323561],[-0.251621,51.4320778],[-0.2516312,51.4320683],[-0.2516559,51.4320452],[-0.2517041,51.4320001],[-0.2517115,51.4319937],[-0.2517633,51.4319481],[-0.2520633,51.4316842],[-0.2521229,51.431626],[-0.2521674,51.4315828],[-0.2521803,51.4315702],[-0.2522552,51.4314972],[-0.2524177,51.4313621],[-0.2524321,51.4313502],[-0.2525546,51.4312854],[-0.2526246,51.4312484],[-0.2527083,51.4312042],[-0.2527502,51.4311845],[-0.2528081,51.4311572],[-0.2530441,51.4310853],[-0.2531301,51.4310463],[-0.2531865,51.4310172],[-0.2532801,51.4309688],[-0.2532879,51.4309647],[-0.2533579,51.4309212],[-0.2533832,51.430896],[-0.2534121,51.4308672],[-0.2536969,51.4305202],[-0.2538648,51.4303472],[-0.2539284,51.4302633],[-0.253995,51.4301754],[-0.2541508,51.4299053],[-0.254164,51.4298824],[-0.2541764,51.4298555],[-0.2541958,51.4298133],[-0.2541967,51.4298107],[-0.2541982,51.4298062],[-0.254237,51.4296873],[-0.2542431,51.4296471],[-0.2542488,51.4296101],[-0.2542521,51.4295879],[-0.2542551,51.4295683],[-0.2542588,51.4295054],[-0.2542576,51.4294974],[-0.2542488,51.4294374],[-0.2541917,51.4292255],[-0.2541242,51.4290762],[-0.254103,51.4290294],[-0.2540809,51.4289915],[-0.2539621,51.4287875],[-0.2537298,51.4283465],[-0.2536721,51.4282466],[-0.2535289,51.4280515],[-0.2533829,51.4278126],[-0.2533561,51.4277421],[-0.253326,51.4276631],[-0.2532634,51.4274983],[-0.2532559,51.4274786],[-0.2530839,51.4271187],[-0.2529869,51.4269887],[-0.2529239,51.4269254],[-0.25277,51.4267707],[-0.2525197,51.4264957],[-0.2524141,51.4263299],[-0.2523361,51.4259489],[-0.2523339,51.4258529],[-0.252347,51.425673],[-0.2523739,51.4254989],[-0.2523871,51.4254222],[-0.2523878,51.4254181],[-0.2523901,51.425405],[-0.252418,51.4253105],[-0.2525331,51.4249209],[-0.2525963,51.424816],[-0.2526511,51.424725],[-0.2527305,51.4245481],[-0.2527341,51.4245401],[-0.2527437,51.4245246],[-0.252851,51.424352],[-0.2528863,51.4242813],[-0.2528879,51.424278],[-0.2529208,51.424206],[-0.2529281,51.4241852],[-0.2529707,51.424064],[-0.2530077,51.423543],[-0.2529789,51.4233901],[-0.2529599,51.4233342],[-0.2528688,51.4232352],[-0.25273,51.4231752],[-0.251992,51.4230212],[-0.2517911,51.4229381],[-0.2517159,51.4228832],[-0.2515581,51.4227523],[-0.2512809,51.4225153],[-0.2512349,51.4224704],[-0.2511549,51.4223413],[-0.2511044,51.4222295],[-0.2510866,51.4221901],[-0.2510743,51.4221629],[-0.2510679,51.4221488],[-0.2509782,51.4219503],[-0.2509763,51.4219462],[-0.2509597,51.4219094],[-0.2509451,51.4218693],[-0.2508555,51.4216225],[-0.2508545,51.4216198],[-0.2508271,51.4215444],[-0.250745,51.4212464],[-0.2507321,51.4212164],[-0.2506492,51.4210244],[-0.250631,51.4209706],[-0.2506121,51.4208991],[-0.2505839,51.4207925],[-0.2506098,51.4205343],[-0.2506088,51.4205057],[-0.250603,51.4203516],[-0.2505519,51.4201596],[-0.2505262,51.4200924],[-0.2505207,51.4200781],[-0.2505159,51.4200655],[-0.2504722,51.4199701],[-0.2503869,51.4197835],[-0.250281,51.4196256],[-0.250112,51.4194157],[-0.2500188,51.419267],[-0.2500157,51.419262],[-0.2498869,51.4190568],[-0.249846,51.4189788],[-0.249781,51.4188542],[-0.2497134,51.4187053],[-0.2497115,51.4187012],[-0.2496584,51.4185841],[-0.2496069,51.4184708],[-0.2496046,51.4184618],[-0.2495862,51.4183908],[-0.2495729,51.4183114],[-0.2495591,51.4182288],[-0.2495544,51.4181656],[-0.2495529,51.4181447],[-0.2495837,51.4179998],[-0.2495937,51.417953],[-0.2496271,51.4178669],[-0.2496322,51.4178539],[-0.2497498,51.4175529],[-0.2497821,51.4174369],[-0.2497935,51.4173851],[-0.2498506,51.4171258],[-0.2498553,51.4170636],[-0.249859,51.4170129],[-0.2498596,51.416914],[-0.2498621,51.4166959],[-0.2498206,51.4164991],[-0.2498175,51.4164845],[-0.249789,51.4163494],[-0.2497821,51.4163166],[-0.2497732,51.4162743],[-0.2497512,51.4161701],[-0.2497465,51.4161475],[-0.2497452,51.4161414],[-0.2497423,51.4161277],[-0.2497341,51.4160891],[-0.2497293,51.4160663],[-0.2497254,51.4160477],[-0.249724,51.4160411],[-0.2497157,51.4160018],[-0.2497027,51.41594],[-0.2496985,51.4159247],[-0.2496914,51.4158994],[-0.2496751,51.4158408],[-0.2496412,51.4157184],[-0.2496345,51.4156942],[-0.2496258,51.4156631],[-0.249625,51.4156601],[-0.2495999,51.4155698],[-0.2495953,51.4155532],[-0.2495814,51.4155031],[-0.2495806,51.4155003],[-0.2495486,51.4153847],[-0.2495461,51.4153756],[-0.2495284,51.415312],[-0.2495258,51.4153025],[-0.2495237,51.4152952],[-0.2495242,51.4152451],[-0.2495247,51.415191],[-0.2495249,51.4151711],[-0.2495334,51.4150805],[-0.249534,51.4150739],[-0.2495422,51.4149868],[-0.2495469,51.4149371],[-0.2494943,51.4148678],[-0.2494876,51.4148527],[-0.2494374,51.4147426],[-0.249435,51.4147373],[-0.2494173,51.4146984],[-0.2494004,51.4146612],[-0.24933,51.4145067],[-0.2493234,51.4144922],[-0.2492591,51.4143512],[-0.2492184,51.4142619],[-0.249217,51.4142588],[-0.2491895,51.4141984],[-0.2491863,51.4141913],[-0.2491814,51.4141805],[-0.2491772,51.4141713],[-0.2491285,51.4140646],[-0.2491265,51.41406],[-0.2491035,51.4140096],[-0.2490958,51.4139925],[-0.2490819,51.4139621],[-0.2490734,51.4139434],[-0.2490428,51.4138762],[-0.2490396,51.4138694],[-0.2490274,51.4138424],[-0.2490202,51.4138271],[-0.2490001,51.4137837],[-0.2489369,51.4136478],[-0.2489355,51.4136447],[-0.2489293,51.4136316],[-0.2488902,51.4135473],[-0.248853,51.4134673],[-0.248845,51.4134501],[-0.24884,51.4134394],[-0.2488133,51.4133819],[-0.248809,51.4133726],[-0.2487916,51.4133352],[-0.2487865,51.4133242],[-0.2487726,51.4132943],[-0.2487684,51.4132852],[-0.2487662,51.4132806],[-0.2487213,51.4131838],[-0.2487107,51.4131611],[-0.2487086,51.4131565],[-0.2486935,51.413124],[-0.2486711,51.413076],[-0.2486672,51.4130676],[-0.2486596,51.4130512],[-0.2486559,51.4130432],[-0.2486105,51.4129455],[-0.2486069,51.4129378],[-0.2485859,51.4128926],[-0.2485835,51.4128874],[-0.2485766,51.4128726],[-0.2485706,51.4128597],[-0.2485652,51.412848],[-0.2485571,51.4128306],[-0.2485452,51.412805],[-0.2485432,51.4128007],[-0.2485222,51.4127555],[-0.2485195,51.4127496],[-0.2485169,51.4127441],[-0.2485155,51.412741],[-0.2485067,51.4127222],[-0.2484801,51.412665],[-0.2484554,51.4126119],[-0.2484502,51.4126006],[-0.2484438,51.4125868],[-0.2484418,51.4125826],[-0.2484407,51.4125802],[-0.2483602,51.412407],[-0.2483039,51.4122857],[-0.2482999,51.4122773],[-0.248292,51.4122602],[-0.2482647,51.4122016],[-0.2482512,51.4121724],[-0.2482478,51.4121651],[-0.2482428,51.4121543],[-0.2482392,51.4121467],[-0.2482359,51.4121395],[-0.2482336,51.4121348],[-0.2482228,51.4121122],[-0.2482198,51.4121059],[-0.2481962,51.4120566],[-0.2481911,51.4120461],[-0.2481539,51.4119684],[-0.2481527,51.4119658],[-0.248124,51.4119061],[-0.2480904,51.411836],[-0.2480855,51.4118257],[-0.2479636,51.4115721],[-0.2479347,51.4115118],[-0.2478487,51.4113316],[-0.2478435,51.4113208],[-0.2478108,51.4112525],[-0.2478078,51.4112464],[-0.2477827,51.4111939],[-0.2477792,51.4111867],[-0.2477645,51.4111561],[-0.2477471,51.4111196],[-0.2477407,51.4111062],[-0.2477108,51.4110438],[-0.2477058,51.4110335],[-0.2476835,51.4109871],[-0.2476581,51.410934],[-0.2476519,51.410921],[-0.2476349,51.4108856],[-0.2476337,51.410883],[-0.2476304,51.4108762],[-0.2475847,51.4107808],[-0.2475772,51.4107653],[-0.2475752,51.410761],[-0.2475482,51.4107046],[-0.2475468,51.4107018],[-0.2475199,51.4106457],[-0.2474914,51.4105863],[-0.2474863,51.4105755],[-0.2474768,51.4105558],[-0.2474271,51.4104347],[-0.2474239,51.4104256],[-0.2474042,51.41037],[-0.2474029,51.4103665],[-0.2473652,51.4102597],[-0.2473623,51.4102515],[-0.2473404,51.4101896],[-0.2473324,51.4101669],[-0.2472979,51.4100692],[-0.2472957,51.410063],[-0.2472835,51.4100286],[-0.2472816,51.4100233],[-0.2472371,51.4098975],[-0.2472314,51.4098811],[-0.2472146,51.4098337],[-0.2472098,51.40982],[-0.2471774,51.4097286],[-0.2471708,51.4097098],[-0.2471669,51.4096942],[-0.2471612,51.4096716],[-0.2471595,51.4096647],[-0.2471251,51.4095289],[-0.2471346,51.4094744],[-0.2471361,51.4094659],[-0.2471424,51.4094545],[-0.2471617,51.4094198],[-0.2472128,51.4093638],[-0.2472421,51.4093138],[-0.2473386,51.4092451],[-0.2473599,51.4092299],[-0.247413,51.4091815],[-0.2475587,51.4090489],[-0.2475583,51.4088933],[-0.2475581,51.4088004],[-0.247558,51.4087618],[-0.2475637,51.4086126],[-0.2475553,51.4085867],[-0.247553,51.4085799],[-0.2475511,51.4085744],[-0.247548,51.408565],[-0.247461,51.408444],[-0.2473948,51.408375],[-0.2473658,51.4083298],[-0.2473648,51.4083269],[-0.2473394,51.4082531],[-0.2473235,51.4082177],[-0.2473058,51.408178],[-0.2472787,51.408124],[-0.2472655,51.4080977],[-0.2472507,51.4080681],[-0.2472227,51.4080283],[-0.247214,51.4080159],[-0.2471931,51.4079962],[-0.2471719,51.4079762],[-0.2471208,51.407928],[-0.2470528,51.407883],[-0.2470169,51.4078638],[-0.2469687,51.407838],[-0.2469208,51.4078196],[-0.2469138,51.407817],[-0.2468981,51.4078131],[-0.2468873,51.4078104],[-0.2468658,51.407805],[-0.2468131,51.4077961],[-0.2467,51.4077906],[-0.246613,51.4077864],[-0.2465229,51.407782],[-0.2464667,51.4077711],[-0.2464492,51.4077663],[-0.2464161,51.4077573],[-0.2461301,51.4076795],[-0.2460786,51.4076655],[-0.2460149,51.4076481],[-0.2459763,51.4076308],[-0.2459279,51.407609],[-0.2458255,51.4075574],[-0.2458167,51.407553],[-0.2457039,51.4074961],[-0.2456671,51.4074702],[-0.2456461,51.4074553],[-0.245631,51.4074448],[-0.2455577,51.4073931],[-0.2455009,51.4073531],[-0.2454329,51.4072411],[-0.2454312,51.4072369],[-0.2454021,51.4071652],[-0.2453859,51.4070931],[-0.2453841,51.407036],[-0.245398,51.4069644],[-0.2453998,51.4069552],[-0.245435,51.4068869],[-0.245455,51.4068482],[-0.2455043,51.4067518],[-0.2455038,51.406689],[-0.2455028,51.4066017],[-0.2454811,51.4065539],[-0.2453952,51.4063592],[-0.2452857,51.4061567],[-0.2452731,51.4061333],[-0.2452644,51.4061105],[-0.245258,51.4060939],[-0.2452375,51.40604],[-0.2451048,51.4056924],[-0.2449928,51.4054963],[-0.2449469,51.4053813],[-0.2449345,51.4053205],[-0.24492,51.4052496],[-0.244909,51.405196],[-0.244894,51.4051229],[-0.2448913,51.4051096],[-0.2448897,51.4050925],[-0.2448849,51.4050409],[-0.2448788,51.4049745],[-0.244863,51.4048034],[-0.2448469,51.4047535],[-0.2448213,51.404697],[-0.2448189,51.4046917],[-0.2447839,51.4046145],[-0.2447352,51.4045185],[-0.24473,51.4045085],[-0.2447247,51.4045005],[-0.2446888,51.4044474],[-0.2446796,51.4044216],[-0.2446716,51.4043991],[-0.2446539,51.4043495],[-0.2446527,51.4043239],[-0.2446524,51.4043179],[-0.2446493,51.4042511],[-0.2446368,51.4039805],[-0.2446317,51.4038725],[-0.2446551,51.4038567],[-0.2446658,51.4036888],[-0.2446765,51.4035122],[-0.2446779,51.4034881],[-0.2446827,51.4034086],[-0.2446903,51.4033774],[-0.2446967,51.4033515],[-0.2447408,51.4031706],[-0.244773,51.4030586],[-0.2450149,51.4024657],[-0.2452086,51.4018777],[-0.2452139,51.4018707],[-0.245326,51.4017218],[-0.2453709,51.4016802],[-0.2454086,51.4016453],[-0.2454685,51.4015898],[-0.2456403,51.4014634],[-0.2456483,51.4014575],[-0.2456988,51.4014204],[-0.2458226,51.4013408],[-0.245837,51.4013302],[-0.2458446,51.4013247],[-0.2459552,51.4012434],[-0.2460306,51.401188],[-0.2460445,51.4011778],[-0.2461115,51.4011286],[-0.2461292,51.4011156],[-0.2462006,51.4010631],[-0.2462062,51.401059],[-0.2463034,51.4009876],[-0.2463142,51.4009797],[-0.2463528,51.4009513],[-0.246363,51.4009438],[-0.2463994,51.4009171],[-0.2464543,51.4008767],[-0.2464715,51.4008641],[-0.2465866,51.4007796],[-0.2467074,51.4006908],[-0.2467293,51.4006714],[-0.2468085,51.4006012],[-0.2468134,51.4005969],[-0.2468179,51.4005906],[-0.2468211,51.400586],[-0.2468459,51.4005509],[-0.2468495,51.4005458],[-0.2468529,51.4005307],[-0.2468535,51.400528],[-0.2468636,51.4004829],[-0.2468584,51.400471],[-0.2468503,51.4004524],[-0.2468343,51.4004157],[-0.2468294,51.4004043],[-0.2468189,51.4003803],[-0.2468125,51.4003654],[-0.2468087,51.4003568],[-0.2468027,51.400343],[-0.2467986,51.4003337],[-0.2467968,51.4003295],[-0.2467897,51.4003131],[-0.2467749,51.4002791],[-0.2467703,51.4002687],[-0.2467641,51.4002544],[-0.246761,51.4002472],[-0.2467511,51.4002246],[-0.2467212,51.4001558],[-0.2467163,51.4001446],[-0.246713,51.4001368],[-0.2467103,51.4001304],[-0.2467096,51.4001268],[-0.2467073,51.4001153],[-0.2467021,51.4000887],[-0.2467003,51.4000795],[-0.2466996,51.4000763],[-0.2466978,51.4000669],[-0.2466934,51.4000447],[-0.2466919,51.4000373],[-0.2466909,51.4000321],[-0.2466904,51.4000293],[-0.2466889,51.4000218],[-0.2466873,51.4000137],[-0.2466843,51.3999984],[-0.2466814,51.3999839],[-0.2466775,51.3999421],[-0.246677,51.3999373],[-0.2466742,51.3999075],[-0.2466702,51.3998642],[-0.246669,51.399852],[-0.2466686,51.3998481],[-0.2466652,51.3998113],[-0.2466641,51.3998002],[-0.2466624,51.3997817],[-0.2466603,51.3997595],[-0.2466599,51.399755],[-0.2466587,51.3997426],[-0.2466569,51.3997227],[-0.2466534,51.399686],[-0.2466525,51.3996764],[-0.2466507,51.399657],[-0.2466501,51.3996505],[-0.2466487,51.3996358],[-0.2466472,51.3996203],[-0.2466463,51.3996103],[-0.2466437,51.3995831],[-0.2466448,51.3995551],[-0.2466455,51.3995369],[-0.2466465,51.3995114],[-0.2466473,51.3994902],[-0.246649,51.3994458],[-0.2466494,51.3994335],[-0.2466496,51.3994286],[-0.2466513,51.3993841],[-0.2466515,51.39938],[-0.2467227,51.3992151],[-0.2467242,51.3992117],[-0.2467294,51.3991853],[-0.2467344,51.399139],[-0.2467252,51.3990944],[-0.2467185,51.3990621],[-0.2467264,51.3988781],[-0.2467275,51.398855],[-0.2467311,51.3987715],[-0.2467337,51.3987127],[-0.2467574,51.3986321],[-0.2467698,51.3986113],[-0.2468228,51.3985222],[-0.2468995,51.3983934],[-0.2469088,51.3983777],[-0.2469683,51.3982778],[-0.2470329,51.3981692],[-0.2470446,51.3981495],[-0.2470546,51.3981328],[-0.2470751,51.3980982],[-0.2470774,51.3980944],[-0.2470857,51.398084],[-0.2471081,51.3980561],[-0.2471631,51.3979877],[-0.2471708,51.3979797],[-0.2471823,51.3979678],[-0.2472662,51.3978813],[-0.2472711,51.3978762],[-0.2473517,51.3977931],[-0.2474368,51.3977053],[-0.2474913,51.3976491],[-0.2474858,51.3976441],[-0.2474623,51.3976221],[-0.2474489,51.3976096],[-0.2474377,51.3975991],[-0.2474001,51.3975639],[-0.2473954,51.3975596],[-0.2473854,51.3975502],[-0.2473795,51.3975447],[-0.2473759,51.3975413],[-0.2473437,51.3975112],[-0.2473058,51.3974758],[-0.2473031,51.3974732],[-0.2472109,51.3973871],[-0.2469682,51.3971602],[-0.2469405,51.3971343],[-0.2468608,51.3970669],[-0.246838,51.3970476],[-0.2467063,51.3969363],[-0.246697,51.3969276],[-0.2464761,51.3967211],[-0.2464066,51.3966553],[-0.2463724,51.3966117],[-0.2463658,51.3966033],[-0.2463573,51.3965925],[-0.2463014,51.3965213],[-0.2462982,51.3965173],[-0.2462775,51.3964826],[-0.246252,51.3964401],[-0.2462479,51.3964333],[-0.2462162,51.3963803],[-0.2462142,51.396377],[-0.2461845,51.3963273],[-0.2461789,51.3963179],[-0.2461636,51.3962923],[-0.2461576,51.3962824],[-0.2461528,51.3962784],[-0.2461067,51.3962403],[-0.2461017,51.3962362],[-0.246045,51.3961893],[-0.2460372,51.3961829],[-0.2460026,51.3961543],[-0.2459821,51.3961332],[-0.2459719,51.3961228],[-0.2459434,51.3960935],[-0.2459249,51.3960723],[-0.2459153,51.3960613],[-0.2458722,51.396012],[-0.2458585,51.3959963],[-0.2458507,51.3959874],[-0.2457991,51.3959283],[-0.2457764,51.3959024],[-0.2457557,51.3958813],[-0.2457436,51.395869],[-0.2457041,51.3958289],[-0.2457019,51.3958266],[-0.2456797,51.3958041],[-0.2456713,51.3957956],[-0.2456137,51.395737],[-0.2456093,51.3957325],[-0.2455857,51.3957085],[-0.2455688,51.3956913],[-0.2455478,51.39567],[-0.2455418,51.3956639],[-0.245483,51.3956042],[-0.2454516,51.3955781],[-0.2454296,51.3955598],[-0.2453348,51.3954816],[-0.2453023,51.3954547],[-0.2452943,51.3954481],[-0.2452427,51.3954054],[-0.2452359,51.3953998],[-0.2451752,51.3953497],[-0.2451635,51.39534],[-0.2451597,51.3953369],[-0.2451429,51.395323],[-0.2451158,51.3953006],[-0.2450965,51.3952819],[-0.2449927,51.3951815],[-0.2449688,51.3951532],[-0.2449667,51.3951508],[-0.2449648,51.3951485],[-0.2447981,51.3948831],[-0.24474,51.3947905],[-0.2446904,51.3947116],[-0.244681,51.3947068],[-0.2446714,51.3947018],[-0.2445957,51.3946626],[-0.2444331,51.3946067],[-0.2444169,51.3946011],[-0.2443214,51.3945683],[-0.2443075,51.3945636],[-0.2443032,51.3945622],[-0.2441912,51.3945264],[-0.2440649,51.3944861],[-0.2440611,51.3944849],[-0.2440026,51.3944662],[-0.2439978,51.3944646],[-0.2437914,51.3944076],[-0.2437778,51.3944038],[-0.2437121,51.3943856],[-0.2436132,51.3943583],[-0.2435494,51.3943407],[-0.2435194,51.3943404],[-0.2434767,51.3943401],[-0.2434276,51.3943396],[-0.2433911,51.394337],[-0.2433286,51.3943326],[-0.2433209,51.3943313],[-0.2431898,51.3943086],[-0.2430667,51.3943028],[-0.2429664,51.3942981],[-0.2429265,51.3942962],[-0.2429145,51.3942956],[-0.2428498,51.3942925],[-0.2428315,51.3942917],[-0.2428,51.3942902],[-0.2427826,51.3942894],[-0.2427466,51.3942876],[-0.2426223,51.3942687],[-0.2426076,51.3942664],[-0.2426025,51.3942656],[-0.2425675,51.3942603],[-0.2425603,51.3942592],[-0.242511,51.3942517],[-0.2424664,51.394241],[-0.242428,51.3942318],[-0.2423929,51.394218],[-0.2423808,51.3942132],[-0.2422941,51.3941792],[-0.2422845,51.3941754],[-0.2421918,51.3941389],[-0.2421819,51.394135],[-0.2421693,51.3941301],[-0.2420914,51.3940995],[-0.242049,51.3940827],[-0.2420232,51.3940696],[-0.2420169,51.3940664],[-0.2419733,51.3940443],[-0.2419574,51.3940362],[-0.2419428,51.3940287],[-0.2419081,51.3940111],[-0.2418474,51.3939802],[-0.2418419,51.3939774],[-0.2418247,51.3939686],[-0.2417971,51.3939476],[-0.2417867,51.3939397],[-0.2417718,51.39392],[-0.2416848,51.3938053],[-0.241683,51.3938029],[-0.2415058,51.3935693],[-0.2415017,51.3935639],[-0.2414122,51.3934458],[-0.2413701,51.393384],[-0.2413496,51.3933538],[-0.2411728,51.3930938],[-0.2411484,51.3930524],[-0.2411398,51.3930379],[-0.2411108,51.392972],[-0.2410904,51.3929258],[-0.2410891,51.3929228],[-0.2410299,51.3927888],[-0.240982,51.3927101],[-0.2409788,51.3927048],[-0.2409758,51.3926999],[-0.2409719,51.3926891],[-0.2409702,51.3926844],[-0.2409642,51.3926678],[-0.2409409,51.3926038],[-0.2409516,51.3924828],[-0.240952,51.3924784],[-0.2410428,51.3922401],[-0.2410568,51.3922032],[-0.240938,51.3921724],[-0.2408487,51.3921489],[-0.24079,51.392124],[-0.240785,51.3921205],[-0.2407121,51.39207],[-0.2406734,51.3920323],[-0.2406711,51.39203],[-0.2406407,51.391987],[-0.2406339,51.3919694],[-0.2406178,51.3919281],[-0.2403639,51.3914824],[-0.2403618,51.3914788],[-0.2402058,51.391205],[-0.2402016,51.3911752],[-0.2401878,51.3910781],[-0.240192,51.3910294],[-0.240203,51.3909031],[-0.2401911,51.3907962],[-0.24019,51.3907862],[-0.2401793,51.3907532],[-0.2401501,51.3906631],[-0.2401395,51.3906303],[-0.2401095,51.3905376],[-0.2401081,51.3905331],[-0.240086,51.3904412],[-0.2400774,51.3903974],[-0.240068,51.3903492],[-0.2400342,51.390065],[-0.2400258,51.3899952],[-0.2400025,51.3898767],[-0.239942,51.3895703],[-0.2399111,51.3894991],[-0.2399077,51.3894914],[-0.2399001,51.3894818],[-0.2397877,51.3893413],[-0.2397269,51.3892873],[-0.2396911,51.3892963],[-0.2396259,51.3891117],[-0.2396232,51.3891039],[-0.2396032,51.3890473],[-0.2395688,51.3888379],[-0.23956,51.3887842],[-0.2395583,51.3887737],[-0.2395548,51.3887523],[-0.2395611,51.388688],[-0.2395628,51.3886704],[-0.2395521,51.3885424],[-0.2395372,51.3885122],[-0.2395335,51.3885045],[-0.2394638,51.3883625],[-0.2394635,51.388358],[-0.2394629,51.3883424],[-0.2394621,51.3883237],[-0.2394618,51.3883158],[-0.2394606,51.3882886],[-0.2394577,51.3882196],[-0.2394548,51.3881518],[-0.2394534,51.3881403],[-0.2394462,51.3880821],[-0.2394458,51.3880793],[-0.2394451,51.3880736],[-0.2394311,51.3879604],[-0.239425,51.3879459],[-0.2394155,51.3879234],[-0.239411,51.3879126],[-0.2394052,51.3878988],[-0.2393649,51.3878033],[-0.2393398,51.3877438],[-0.2393333,51.3877283],[-0.2393241,51.3877064],[-0.2393191,51.387694],[-0.2393166,51.3876879],[-0.2393097,51.3876708],[-0.2392952,51.3876349],[-0.2392856,51.3876112],[-0.2392634,51.387556],[-0.2392514,51.3875264],[-0.2392469,51.3875152],[-0.2392329,51.3874806],[-0.2392248,51.3874606],[-0.2392097,51.387437],[-0.2392047,51.3874293],[-0.2391479,51.3873409],[-0.239131,51.3873146],[-0.239122,51.3873006],[-0.239106,51.3872758],[-0.2390981,51.3872635],[-0.2390806,51.3872313],[-0.2390749,51.3872208],[-0.2390673,51.3872068],[-0.2390514,51.3871774],[-0.2390454,51.3871663],[-0.2389896,51.3870636],[-0.2389798,51.3870456],[-0.2389804,51.3869943],[-0.2389807,51.3869713],[-0.238981,51.3869465],[-0.2389814,51.3869095],[-0.2389814,51.3869059],[-0.2389822,51.3868389],[-0.2389823,51.3868241],[-0.238983,51.3867697],[-0.2389832,51.3867457],[-0.2389801,51.3867315],[-0.2389772,51.3867186],[-0.2389628,51.3866549],[-0.2389561,51.3866254],[-0.2389479,51.3865891],[-0.2389469,51.3865847],[-0.2389323,51.3865202],[-0.2389281,51.386502],[-0.2389113,51.3864276],[-0.2389058,51.3864031],[-0.2389002,51.3863785],[-0.2388968,51.3863633],[-0.2388933,51.386348],[-0.2388884,51.3863263],[-0.2388817,51.3862967],[-0.238856,51.386183],[-0.2388537,51.3861729],[-0.2388353,51.3860914],[-0.238832,51.3860767],[-0.2388567,51.3860286],[-0.2388608,51.3860253],[-0.2388823,51.3860075],[-0.2388885,51.3860024],[-0.2388912,51.3860003],[-0.2389138,51.3859817],[-0.2389346,51.3859709],[-0.2390732,51.3858991],[-0.2391334,51.385868],[-0.2391624,51.3858529],[-0.2391979,51.3858345],[-0.2392356,51.385815],[-0.239246,51.3858096],[-0.2393123,51.3857801],[-0.2393163,51.3857784],[-0.2393551,51.3857611],[-0.2394552,51.3857165],[-0.2394616,51.3857137],[-0.2395157,51.3856925],[-0.239532,51.3856862],[-0.2396357,51.3856456],[-0.2396894,51.3856246],[-0.2397164,51.3856141],[-0.23973,51.3856087],[-0.239753,51.3855998],[-0.2397768,51.3855885],[-0.2398247,51.385566],[-0.2398566,51.385551],[-0.239888,51.3855361],[-0.239925,51.3855187],[-0.2399383,51.3855121],[-0.2399911,51.3854857],[-0.2400188,51.3854718],[-0.2400434,51.3854587],[-0.2400786,51.3854399],[-0.2401039,51.3854264],[-0.2401092,51.3854236],[-0.2401705,51.3853908],[-0.2401908,51.38538],[-0.2402055,51.3853721],[-0.2402569,51.3853447],[-0.240299,51.3853223],[-0.240304,51.3853196],[-0.240319,51.3853116],[-0.2403623,51.3852885],[-0.2404588,51.3852369],[-0.2405564,51.3851848],[-0.2405811,51.3851716],[-0.2405904,51.3851667],[-0.2406109,51.3851558],[-0.2406193,51.3851513],[-0.2406225,51.3851496],[-0.2406878,51.3851147],[-0.2407002,51.3851068],[-0.2407188,51.385095],[-0.2407474,51.3850767],[-0.2407702,51.3850623],[-0.240783,51.3850541],[-0.2407993,51.3850437],[-0.2408057,51.3850396],[-0.2408553,51.3850081],[-0.2408601,51.385005],[-0.2408797,51.3849926],[-0.2409126,51.3849716],[-0.2409197,51.3849671],[-0.2409282,51.3849617],[-0.2409415,51.3849532],[-0.2409718,51.384934],[-0.2409768,51.3849308],[-0.240986,51.3849249],[-0.2410371,51.3848924],[-0.2410648,51.3848747],[-0.2410689,51.3848716],[-0.241077,51.3848653],[-0.2410818,51.3848616],[-0.2410853,51.3848589],[-0.2411724,51.3847915],[-0.2412372,51.3847414],[-0.2412524,51.3847296],[-0.2412567,51.3847263],[-0.2412616,51.3847225],[-0.2412769,51.3847107],[-0.2412883,51.3847019],[-0.2413445,51.3846584],[-0.2413524,51.3846522],[-0.241359,51.3846472],[-0.2413667,51.3846412],[-0.2413814,51.3846298],[-0.2414141,51.3845987],[-0.2414378,51.3845761],[-0.2414421,51.384572],[-0.241453,51.3845616],[-0.2414584,51.3845565],[-0.2414659,51.3845494],[-0.2414948,51.3845218],[-0.2415264,51.3844918],[-0.2415407,51.3844745],[-0.2415431,51.3844716],[-0.2415474,51.3844665],[-0.2415599,51.3844514],[-0.2415645,51.3844458],[-0.2415788,51.3844238],[-0.2415945,51.3843997],[-0.2416122,51.3843724],[-0.2416147,51.3843686],[-0.2416347,51.3843379],[-0.241644,51.3843268],[-0.2416466,51.3843237],[-0.2416818,51.3842819],[-0.2416844,51.3842787],[-0.2416891,51.3842732],[-0.2417026,51.3842572],[-0.24171,51.3842484],[-0.2417299,51.3842248],[-0.2417397,51.3842131],[-0.2417647,51.3841834],[-0.2417702,51.3841769],[-0.2417956,51.3841468],[-0.2418101,51.3841295],[-0.241837,51.3840977],[-0.2418485,51.3840839],[-0.2418553,51.3840759],[-0.2418764,51.3840547],[-0.2418821,51.384049],[-0.2418931,51.3840379],[-0.2419227,51.3840082],[-0.2419319,51.383999],[-0.2419351,51.3839957],[-0.2419722,51.3839585],[-0.2419755,51.3839552],[-0.2420067,51.3839239],[-0.2420196,51.383911],[-0.242047,51.3838834],[-0.2420573,51.3838731],[-0.2420637,51.3838666],[-0.2421023,51.3838279],[-0.2421108,51.3838194],[-0.2421186,51.3838115],[-0.2421228,51.3838073],[-0.2421423,51.3837878],[-0.2421526,51.3837774],[-0.2422084,51.3837214],[-0.2422396,51.38369],[-0.2422419,51.3836878],[-0.2422513,51.3836783],[-0.2423071,51.3836222],[-0.2423625,51.3835667],[-0.2425555,51.3833729],[-0.2425643,51.3833636],[-0.2425715,51.3833561],[-0.242616,51.3833082],[-0.2426188,51.3833056],[-0.2428177,51.3830975],[-0.2429171,51.382993],[-0.2429268,51.3829824],[-0.2429331,51.3829756],[-0.2429609,51.3829453],[-0.2429775,51.3829523],[-0.2430371,51.3829791],[-0.2430589,51.382989],[-0.2430793,51.3829982],[-0.2431511,51.3830306],[-0.2431583,51.3830338],[-0.2432038,51.3830543],[-0.2432308,51.3830665],[-0.2432872,51.3830919],[-0.2433037,51.3830994],[-0.2433991,51.3831424],[-0.2434117,51.3831481],[-0.2434865,51.3831818],[-0.2434923,51.3831844],[-0.243527,51.3832001],[-0.2435875,51.3832274],[-0.2435997,51.3832329],[-0.2438069,51.3833263],[-0.2439267,51.3833803],[-0.2440083,51.3834171],[-0.2440763,51.3834478],[-0.2441025,51.3834596],[-0.2441744,51.383492],[-0.2441898,51.3834392],[-0.2441973,51.3834137],[-0.2442065,51.3833822],[-0.2442131,51.3833597],[-0.2442886,51.3831025],[-0.2443402,51.382926],[-0.2443699,51.3828245],[-0.2443849,51.382773],[-0.2444477,51.3825577],[-0.2444849,51.382431],[-0.24452,51.3823005],[-0.244522,51.3822929],[-0.2445361,51.3822405],[-0.2445408,51.3822228],[-0.2445673,51.3821245],[-0.2445696,51.3821158],[-0.2445977,51.3820112],[-0.244611,51.3819619],[-0.2446218,51.3819216],[-0.2446275,51.3819003],[-0.2446343,51.3818751],[-0.2446366,51.3818665],[-0.2446575,51.3817886],[-0.2446955,51.3816474],[-0.2446969,51.381642],[-0.244689,51.3816293],[-0.2446867,51.3816258],[-0.2446757,51.3816081],[-0.244672,51.3816022],[-0.2446784,51.3815686],[-0.2447136,51.3813844],[-0.2447272,51.3813133],[-0.244756,51.3811632],[-0.2447598,51.3811431],[-0.2447733,51.3810724],[-0.2447858,51.3810072],[-0.2448242,51.3808965],[-0.2448348,51.3808661],[-0.2448359,51.3808631],[-0.2449,51.3808764],[-0.244923,51.3808811],[-0.2449547,51.3807625],[-0.2449739,51.3806904],[-0.244985,51.3806481],[-0.2449864,51.3806392],[-0.2449897,51.3806162],[-0.2449918,51.3806012],[-0.2449877,51.380591],[-0.2449562,51.3805123],[-0.2450378,51.3800913],[-0.2450556,51.3800345],[-0.2452544,51.3800447],[-0.2455299,51.3800593],[-0.245589,51.3799894],[-0.2459811,51.3801443],[-0.246102,51.3801865],[-0.2461078,51.3801885],[-0.246113,51.3801904],[-0.2461647,51.380187],[-0.246239,51.380182],[-0.2462563,51.3801808],[-0.2464566,51.3801678],[-0.2465179,51.3801641],[-0.2465448,51.3801608],[-0.2466261,51.3801513],[-0.2467961,51.3801242],[-0.2468416,51.380117],[-0.2471382,51.3800159],[-0.2472047,51.3799933],[-0.2472247,51.3799864],[-0.2475898,51.380163],[-0.2476428,51.3801745],[-0.2476654,51.3801754],[-0.2476856,51.3801761],[-0.2476917,51.3801764],[-0.2476959,51.3801757],[-0.2477148,51.380173],[-0.2477475,51.3801683],[-0.2477617,51.3801661],[-0.2477731,51.3801606],[-0.2478487,51.3801221],[-0.2479174,51.3801695],[-0.2479723,51.3801562],[-0.2480079,51.3801477],[-0.2483756,51.380059],[-0.248603,51.3800374],[-0.248622,51.3800356],[-0.2486568,51.3800323],[-0.248665,51.3800305],[-0.2486734,51.3800287],[-0.248712,51.3800203],[-0.2487215,51.3800182],[-0.2487998,51.3800011],[-0.2488194,51.3799968],[-0.2488691,51.3799859],[-0.2488752,51.3799843],[-0.2489592,51.379962],[-0.2489725,51.3799585],[-0.249028,51.3799438],[-0.2490576,51.3799359],[-0.2491024,51.379924],[-0.2491317,51.3799134],[-0.249139,51.3799108],[-0.249144,51.379909],[-0.249151,51.3799064],[-0.2492444,51.3798727],[-0.2492706,51.3798632],[-0.24935,51.3798346],[-0.2493632,51.3798298],[-0.2493826,51.3798228],[-0.2493885,51.3798207],[-0.2495199,51.3797732],[-0.2495268,51.3797707],[-0.2496067,51.3797418],[-0.2496427,51.3797288],[-0.2496602,51.3797225],[-0.2496704,51.3797188],[-0.2496752,51.3797171],[-0.249787,51.3796767],[-0.2497985,51.3796725],[-0.249935,51.3796232],[-0.2499437,51.3796201],[-0.2499493,51.3796181],[-0.2499588,51.3796148],[-0.2500026,51.3795996],[-0.250008,51.3795977],[-0.2500157,51.379595],[-0.2500218,51.3795929],[-0.2501253,51.3795569],[-0.250221,51.3795236],[-0.2502803,51.3795029],[-0.2503036,51.3794948],[-0.2503074,51.3794935],[-0.2503335,51.3794845],[-0.2503667,51.3794729],[-0.2503855,51.3794664],[-0.2503891,51.3794651],[-0.2504585,51.379441],[-0.2504676,51.3794378],[-0.2504729,51.379436],[-0.2504831,51.3794324],[-0.2505419,51.3794119],[-0.2506285,51.3793779],[-0.2506368,51.3793747],[-0.2506954,51.3793516],[-0.2507012,51.3793493],[-0.2508081,51.3793074],[-0.2508491,51.3792931],[-0.2508763,51.3792836],[-0.2508805,51.3792821],[-0.2508939,51.3792774],[-0.2509527,51.3792569],[-0.2509613,51.3792539],[-0.2510033,51.3792392],[-0.2510293,51.3792313],[-0.2510614,51.3792217],[-0.2511031,51.3792091],[-0.2511081,51.3792076],[-0.2512212,51.3791734],[-0.2512436,51.3791667],[-0.2512833,51.3791547],[-0.2513649,51.3791301],[-0.251371,51.3791282],[-0.2514771,51.3790962],[-0.2515067,51.3790887],[-0.2515181,51.3790858],[-0.2516334,51.3790566],[-0.2516607,51.3790497],[-0.2516663,51.3790485],[-0.2516861,51.3790442],[-0.2517913,51.3790217],[-0.2518036,51.3790191],[-0.2518721,51.3790044],[-0.2518821,51.3790023],[-0.2518962,51.3789993],[-0.2519279,51.3789925],[-0.2521175,51.3789519],[-0.2521508,51.3789448],[-0.2521587,51.3789431],[-0.252209,51.3789323],[-0.2523537,51.3789014],[-0.2523729,51.3788973],[-0.2523875,51.3788956],[-0.2524567,51.3788877],[-0.2525603,51.3788759],[-0.2525735,51.3788744],[-0.25262,51.378869],[-0.2526248,51.3788685],[-0.2527189,51.3788578],[-0.252762,51.3788528],[-0.2527919,51.3788494],[-0.25287,51.3788428],[-0.2528752,51.3788424],[-0.2528859,51.3788415],[-0.2529606,51.3788352],[-0.2530119,51.3788309],[-0.253235,51.378812],[-0.2532428,51.3788114],[-0.2532898,51.3788074],[-0.2533004,51.3788065],[-0.2534102,51.3787972],[-0.2534217,51.3787963],[-0.2534338,51.3787955],[-0.2535357,51.3787888],[-0.2535499,51.3787879],[-0.2536058,51.3787843],[-0.2536168,51.3787839],[-0.2536264,51.3787836],[-0.2537767,51.3787787],[-0.253857,51.3787759],[-0.2538639,51.3787757],[-0.2539727,51.378772],[-0.2541094,51.3787713],[-0.2541137,51.3787713],[-0.2542207,51.3787708],[-0.2542324,51.3787707],[-0.2542576,51.3787706],[-0.2542718,51.3787705],[-0.2543777,51.37877],[-0.2544173,51.3787698],[-0.2544525,51.3787696],[-0.2544947,51.3787694],[-0.254521,51.3787693],[-0.2545507,51.3787691],[-0.2546729,51.3787666],[-0.2546815,51.3787664],[-0.2547538,51.3787649],[-0.2549111,51.3787617],[-0.2549235,51.3787614],[-0.2549677,51.3787605],[-0.2549807,51.3787602],[-0.2550842,51.3787581],[-0.2550914,51.3787582],[-0.2551057,51.3787585],[-0.2551956,51.3787603],[-0.2552271,51.3787609],[-0.2552696,51.3787617],[-0.2553138,51.3787626],[-0.2555344,51.3787668],[-0.2555893,51.3787679],[-0.2555962,51.378768],[-0.255611,51.3787683],[-0.2556376,51.3787674],[-0.2556514,51.3787669],[-0.2557294,51.378764],[-0.2557387,51.3787637],[-0.2557809,51.3787621],[-0.2559867,51.3787786],[-0.2559927,51.3787791],[-0.2560003,51.3787797],[-0.2560185,51.3787812],[-0.2561024,51.3787879],[-0.2561351,51.3787905],[-0.2561745,51.3787937],[-0.2561908,51.378795],[-0.2562881,51.3788028],[-0.2563168,51.3788051],[-0.2563677,51.3788076],[-0.2564016,51.3788092],[-0.256455,51.3788118],[-0.2564686,51.3788125],[-0.2565078,51.3788144],[-0.2565134,51.3788147],[-0.2565896,51.3788184],[-0.2566276,51.3788202],[-0.2566475,51.3788212],[-0.2567255,51.378825],[-0.2567341,51.3788254],[-0.2567995,51.3788286],[-0.2568201,51.3788296],[-0.2568632,51.3788317],[-0.256875,51.3788322],[-0.2569923,51.3788379],[-0.2570438,51.3788403],[-0.2570874,51.3788426],[-0.2571,51.3788432],[-0.2571286,51.3788446],[-0.2571561,51.3788459],[-0.2572003,51.378848],[-0.2572126,51.3788489],[-0.2573042,51.3788556],[-0.2573271,51.3788594],[-0.2573669,51.378866],[-0.2573869,51.3788693],[-0.2574916,51.3788962],[-0.2575446,51.3789003],[-0.2575549,51.3789011],[-0.2575779,51.3789029],[-0.2577061,51.3789129],[-0.2578116,51.3789211],[-0.2578183,51.3789216],[-0.2579011,51.378928],[-0.257918,51.3789294],[-0.2579957,51.3789354],[-0.2580075,51.3789363],[-0.2580361,51.3789386],[-0.2582322,51.3789538],[-0.2582481,51.378955],[-0.2583445,51.3789625],[-0.2583744,51.3789649],[-0.2584458,51.3789704],[-0.2589157,51.3790732],[-0.2589293,51.3790762],[-0.2589437,51.3790794],[-0.2593074,51.379159],[-0.2593592,51.3791703],[-0.2594067,51.379178],[-0.2597952,51.3792414],[-0.2599241,51.3792893],[-0.2600027,51.3793117],[-0.2600174,51.3793159],[-0.2600296,51.3793184],[-0.2601101,51.3793349],[-0.2601733,51.3793479],[-0.2602838,51.3793823],[-0.2604234,51.3794256],[-0.2604711,51.3794405],[-0.2605153,51.3794542],[-0.2607264,51.3795198],[-0.2607792,51.3795362],[-0.2608422,51.3795558],[-0.2609338,51.3795774],[-0.2609783,51.3795879],[-0.26103,51.3796],[-0.26106,51.3796001],[-0.2611489,51.3796002],[-0.2611709,51.3796002],[-0.2611669,51.3794708],[-0.2612033,51.3794222],[-0.2612107,51.3794124],[-0.2613121,51.379277],[-0.2613788,51.3791879],[-0.2614008,51.3791439],[-0.2614191,51.3791073],[-0.2614354,51.3790553],[-0.2614411,51.3790369],[-0.2614522,51.3789276],[-0.2614531,51.3789194],[-0.2614775,51.3786803],[-0.2614779,51.3786764],[-0.2614798,51.3786571],[-0.2614844,51.3786128],[-0.2614933,51.3785251],[-0.2615203,51.3784883],[-0.2615346,51.3784741],[-0.2615586,51.3784502],[-0.2615907,51.3784182],[-0.261839,51.3782605],[-0.2619013,51.3782209],[-0.2619351,51.3781894],[-0.2619386,51.3781862],[-0.2619542,51.3781636],[-0.2619578,51.3781585],[-0.2619689,51.3781423],[-0.2619748,51.3781268],[-0.2619929,51.3780781],[-0.2624128,51.3773553],[-0.2624847,51.3772659],[-0.2624946,51.3772542],[-0.2626136,51.377195],[-0.2626286,51.3771875],[-0.2627981,51.3771032],[-0.2628965,51.3770542],[-0.2630459,51.3769699],[-0.2632989,51.3768272],[-0.2633179,51.3768136],[-0.2638588,51.3764262],[-0.2640244,51.3762836],[-0.2641786,51.3761509],[-0.2642584,51.3760822],[-0.2644186,51.3759167],[-0.2647023,51.3756236],[-0.2648305,51.3755629],[-0.2648358,51.3755605],[-0.2648517,51.3755529],[-0.2648732,51.3755428],[-0.2650386,51.3754645],[-0.2650863,51.375442],[-0.2652199,51.3753788],[-0.2652392,51.3753697],[-0.2652547,51.3753623],[-0.2652648,51.3753576],[-0.2655296,51.3752323],[-0.2655448,51.3752251],[-0.2655989,51.3751996],[-0.2656348,51.3751827],[-0.2656505,51.3751752],[-0.2656834,51.3751597],[-0.265975,51.375022],[-0.2659807,51.3750194],[-0.2660293,51.3749964],[-0.2660379,51.3749924],[-0.2661248,51.3749513],[-0.2661805,51.374925],[-0.2662025,51.3749147],[-0.2662545,51.3748901],[-0.2665338,51.3747582],[-0.2665489,51.3747511],[-0.2665724,51.37474],[-0.2665971,51.3747284],[-0.2667033,51.3746783],[-0.2667131,51.3746736],[-0.2668043,51.3746305],[-0.2668334,51.3746169],[-0.2669031,51.3745843],[-0.2669233,51.3745748],[-0.2669456,51.3745644],[-0.2669564,51.3745593],[-0.2671077,51.3744884],[-0.2671271,51.3744793],[-0.2672412,51.3744259],[-0.2672534,51.3744202],[-0.2672707,51.3744121],[-0.2672964,51.3744001],[-0.2674013,51.3743509],[-0.2674173,51.3743434],[-0.2675727,51.3742706],[-0.267584,51.3742653],[-0.2677439,51.3741904],[-0.2677602,51.3741828],[-0.2677692,51.3741785],[-0.2678142,51.3741574],[-0.2678382,51.3741462],[-0.2678746,51.3741292],[-0.2679453,51.374096],[-0.2679824,51.3740787],[-0.2680102,51.3740657],[-0.2681988,51.3739732],[-0.2682032,51.373971],[-0.2682267,51.3739595],[-0.2682634,51.3739415],[-0.268308,51.3739197],[-0.2684119,51.3738687],[-0.2684889,51.373831],[-0.2685225,51.3738145],[-0.268575,51.3737888],[-0.2686381,51.3737578],[-0.2686439,51.373755],[-0.2687294,51.3737131],[-0.2687936,51.3736816],[-0.2688752,51.3736416],[-0.2688885,51.3736348],[-0.26891,51.3736238],[-0.2689404,51.3736135],[-0.2689633,51.3736057],[-0.2690376,51.3735803],[-0.2690511,51.3735756],[-0.2691631,51.3735374],[-0.2691694,51.3735352],[-0.2692621,51.3735036],[-0.269388,51.3734566],[-0.2694108,51.3734481],[-0.2695038,51.3734134],[-0.269534,51.3734021],[-0.269562,51.3733916],[-0.2697608,51.3733175],[-0.2698376,51.3732933],[-0.2698483,51.3732899],[-0.2698558,51.3732876],[-0.2700599,51.3732234],[-0.270066,51.3732215],[-0.2701192,51.3732047],[-0.2701567,51.373193],[-0.2701647,51.3731904],[-0.2703614,51.3731286],[-0.2704909,51.3730878],[-0.2706437,51.3730377],[-0.2706557,51.3730337],[-0.2708111,51.3729827],[-0.2708954,51.372955],[-0.2710669,51.3728986],[-0.2712047,51.3728529],[-0.2712908,51.3728236],[-0.2713016,51.37282],[-0.2719574,51.3725969],[-0.2720678,51.3725509],[-0.2721923,51.3724989],[-0.2723525,51.3724062],[-0.2724466,51.3723518],[-0.2724927,51.3723194],[-0.2725702,51.3722648],[-0.2726016,51.3722416],[-0.2726494,51.3722089],[-0.2727726,51.3721246],[-0.2728004,51.3721066],[-0.2729834,51.371988],[-0.2732261,51.3718561],[-0.2732295,51.3718542],[-0.2733962,51.3717426],[-0.2734315,51.3717116],[-0.2734953,51.3716486],[-0.2735016,51.3716423],[-0.2735772,51.3715677],[-0.2735848,51.3715602],[-0.2736125,51.3715328],[-0.2736691,51.3714427],[-0.2737376,51.3713338],[-0.2737587,51.371295],[-0.2737627,51.3712876],[-0.2738196,51.371183],[-0.2738233,51.3711769],[-0.2739041,51.3710455],[-0.2739467,51.3709763],[-0.2739482,51.3709737],[-0.2739944,51.3708602],[-0.2739967,51.3708547],[-0.2740145,51.3708109],[-0.2740465,51.3706567],[-0.2742629,51.3705927],[-0.2743901,51.3705647],[-0.2746364,51.3705099],[-0.2749924,51.3704039],[-0.2751333,51.3703503],[-0.2751598,51.3703403],[-0.2752862,51.3702922],[-0.2752943,51.3702891],[-0.2753596,51.3702643],[-0.2753887,51.3702532],[-0.2753965,51.3702497],[-0.2754225,51.3702381],[-0.2756469,51.3701384],[-0.2756521,51.3701361],[-0.2756624,51.37013],[-0.2757817,51.3700597],[-0.275797,51.3700506],[-0.2758573,51.370015],[-0.2758965,51.3699818],[-0.2759159,51.3699653],[-0.2759197,51.3699621],[-0.2759955,51.3698978],[-0.2760009,51.3698921],[-0.2760247,51.3698671],[-0.2761223,51.3697642],[-0.2761274,51.3697589],[-0.2761885,51.3696727],[-0.276208,51.3696452],[-0.2762285,51.369585],[-0.276269,51.3694662],[-0.2762811,51.3694123],[-0.2762897,51.3693738],[-0.2762919,51.3693638],[-0.2763103,51.3692817],[-0.2763111,51.3692781],[-0.2762859,51.369172],[-0.2762952,51.3690678],[-0.2762979,51.3690649],[-0.2764059,51.3689493],[-0.2764234,51.3689307],[-0.2764332,51.3689202],[-0.2765232,51.3688533],[-0.2765837,51.3688092],[-0.2765943,51.3688055],[-0.2766333,51.3687919],[-0.2766903,51.3687715],[-0.2768139,51.3687272],[-0.2769886,51.3686335],[-0.2770027,51.368626],[-0.2770063,51.368624],[-0.2770511,51.368599],[-0.2770542,51.3685973],[-0.27706,51.3685941],[-0.2770811,51.3685859],[-0.2771007,51.3685784],[-0.2771054,51.3685766],[-0.2771345,51.3685653],[-0.2772621,51.3685162],[-0.2772668,51.3685143],[-0.2774228,51.3684712],[-0.2774355,51.3684677],[-0.2774737,51.3684571],[-0.2775417,51.3684376],[-0.2775504,51.368435],[-0.27756,51.3684336],[-0.2775997,51.3684278],[-0.2776335,51.3684228],[-0.2778185,51.3683955],[-0.2778307,51.3683937],[-0.2778351,51.3683931],[-0.2778552,51.3683901],[-0.2779246,51.3683798],[-0.2780556,51.3683605],[-0.2780659,51.368359],[-0.2780886,51.3683557],[-0.2782295,51.3683349],[-0.2782341,51.3683342],[-0.278428,51.3683055],[-0.27845,51.3683023],[-0.2784777,51.3682982],[-0.2784942,51.3682938],[-0.2785413,51.3682813],[-0.278613,51.3682622],[-0.2786695,51.3682472],[-0.278826,51.3682048],[-0.2788441,51.3681999],[-0.27885,51.3681983],[-0.2788553,51.3681969],[-0.2790178,51.3681528],[-0.2790321,51.3681489],[-0.2790438,51.3681457],[-0.2790587,51.3681417],[-0.2791068,51.3681285],[-0.2791292,51.3681224],[-0.2794243,51.3680079],[-0.2794368,51.3680031],[-0.2794414,51.3680013],[-0.279475,51.3679884],[-0.279498,51.3679796],[-0.2795043,51.3679772],[-0.2796505,51.3679122],[-0.2798441,51.3678261],[-0.2799717,51.367755],[-0.2800631,51.3677039],[-0.2801645,51.3676471],[-0.2801747,51.367641],[-0.2803321,51.3675468],[-0.2804176,51.3674956],[-0.2804951,51.3674492],[-0.2805486,51.3674159],[-0.2805581,51.36741],[-0.2805637,51.3674065],[-0.2807887,51.3672676],[-0.280804,51.3672582],[-0.2808352,51.367238],[-0.2808394,51.3672352],[-0.2809207,51.3671836],[-0.2810246,51.3671176],[-0.281058,51.3670965],[-0.2810889,51.3670723],[-0.2811196,51.3670483],[-0.2811975,51.3669874],[-0.2812142,51.3669692],[-0.2812568,51.3669227],[-0.2812785,51.3668991],[-0.2813335,51.3668016],[-0.2813722,51.3667331],[-0.2814381,51.3666587],[-0.2814796,51.3666119],[-0.2815629,51.3665354],[-0.2816414,51.3664635],[-0.2817372,51.3663796],[-0.2818149,51.3663115],[-0.2819041,51.3662331],[-0.2819614,51.366182],[-0.2819759,51.3661691],[-0.28199,51.3661565],[-0.2820408,51.3661162],[-0.2821852,51.3660013],[-0.2822817,51.3659435],[-0.2823641,51.3658941],[-0.282419,51.3658612],[-0.2824656,51.3658333],[-0.282551,51.3657823],[-0.2825662,51.3657732],[-0.2826366,51.3657312],[-0.2828183,51.3656443],[-0.2828501,51.365629],[-0.2830359,51.3655595],[-0.2831283,51.3655252],[-0.2832164,51.3654877],[-0.2832409,51.3654773],[-0.2832802,51.3654606],[-0.2833178,51.3654501],[-0.2834444,51.365415],[-0.2834521,51.3654129],[-0.2834797,51.3654054],[-0.2836707,51.3653537],[-0.2838067,51.3653077],[-0.28386,51.365284],[-0.2839358,51.3652501],[-0.2839827,51.3652208],[-0.2840347,51.3651883],[-0.2841062,51.3651448],[-0.284381,51.3649535],[-0.2845977,51.3648022],[-0.2846946,51.3647121],[-0.2847027,51.3647045],[-0.2847069,51.3647007],[-0.2847408,51.3646691],[-0.2847525,51.3646582],[-0.2847618,51.3646496],[-0.2847801,51.3646375],[-0.2847876,51.3646325],[-0.2848033,51.3646222],[-0.2848861,51.3645675],[-0.2849294,51.3645387],[-0.2850252,51.3644797],[-0.2850516,51.3644635],[-0.2852148,51.3643855],[-0.2853899,51.3642898],[-0.2854618,51.3642505],[-0.2854904,51.3642291],[-0.2855887,51.3641557],[-0.2856005,51.3641468],[-0.2856188,51.3641331],[-0.2856226,51.3641303],[-0.2856626,51.3641003],[-0.2856747,51.3640913],[-0.2856804,51.364087],[-0.2857025,51.3640704],[-0.2857128,51.3640627],[-0.2857264,51.3640525],[-0.2857707,51.3640196],[-0.2858436,51.3639497],[-0.2858586,51.3639353],[-0.2859469,51.3638507],[-0.2859565,51.3638416],[-0.2859641,51.3638343],[-0.2859749,51.363824],[-0.2860261,51.3637751],[-0.2860494,51.363755],[-0.286101,51.3637104],[-0.2861538,51.3636647],[-0.2861595,51.3636598],[-0.2861944,51.3636296],[-0.2861972,51.3636273],[-0.2863157,51.3635249],[-0.2863269,51.3635152],[-0.2863406,51.3635007],[-0.2863557,51.3634845],[-0.286365,51.3634745],[-0.2863701,51.363469],[-0.286374,51.3634648],[-0.2864072,51.3634292],[-0.2864378,51.3633964],[-0.2864496,51.3633838],[-0.286459,51.3633736],[-0.2864711,51.3633607],[-0.2864983,51.3633315],[-0.2865242,51.3633037],[-0.2865345,51.3632927],[-0.2865812,51.3632356],[-0.286589,51.363226],[-0.2866045,51.3632072],[-0.2866211,51.3631868],[-0.2866281,51.3631783],[-0.28664,51.3631638],[-0.2866523,51.3631487],[-0.2866645,51.3631338],[-0.2866714,51.3631255],[-0.2867049,51.3630773],[-0.2867179,51.3630586],[-0.2867522,51.3630094],[-0.2867778,51.3629725],[-0.2867804,51.3629687],[-0.2868106,51.362929],[-0.2868231,51.3629124],[-0.2868504,51.3628763],[-0.2868909,51.3628228],[-0.2870462,51.3626677],[-0.2870555,51.362661],[-0.2870695,51.362651],[-0.2870812,51.3626427],[-0.2871493,51.3625939],[-0.2871534,51.3625909],[-0.2871674,51.3625809],[-0.2871943,51.3625616],[-0.2872031,51.3625553],[-0.2872233,51.3625409],[-0.2872829,51.3625116],[-0.2872958,51.3625052],[-0.2873376,51.3624847],[-0.2873724,51.3624676],[-0.287425,51.3624505],[-0.2874991,51.3624265],[-0.2875707,51.3624066],[-0.2875837,51.362403],[-0.2877012,51.3623704],[-0.2877082,51.3623684],[-0.2877209,51.3623653],[-0.2878029,51.3623452],[-0.2878309,51.3623383],[-0.2879194,51.3623166],[-0.2879728,51.362305],[-0.2881542,51.3622658],[-0.2881782,51.3622356],[-0.2882531,51.3621431],[-0.2882613,51.362133],[-0.2882741,51.3621171],[-0.2883034,51.3620809],[-0.2882272,51.3620508],[-0.2880735,51.36199],[-0.2880438,51.3619783],[-0.2880385,51.3619762],[-0.2879943,51.3619587],[-0.287971,51.3619495],[-0.2879663,51.3619477],[-0.2879349,51.3619352],[-0.2879205,51.3619295],[-0.2877899,51.3618774],[-0.2877858,51.3618758],[-0.2877221,51.3618504],[-0.2876234,51.361811],[-0.2876098,51.3618056],[-0.2876006,51.361803],[-0.287561,51.3617918],[-0.2875318,51.3617836],[-0.2875129,51.3617782],[-0.2874991,51.3617743],[-0.2874828,51.3617697],[-0.2874553,51.3617619],[-0.2873844,51.3617419],[-0.287315,51.3617222],[-0.2873059,51.3617197],[-0.2872385,51.3617006],[-0.2871227,51.3616684],[-0.2871074,51.3616642],[-0.2870902,51.3616594],[-0.2870239,51.361641],[-0.2868392,51.3615873],[-0.2867147,51.3615512],[-0.2866914,51.3615444],[-0.2866867,51.3615429],[-0.2865941,51.361516],[-0.2865804,51.361512],[-0.286532,51.3614979],[-0.2865226,51.3614952],[-0.286481,51.3614843],[-0.2864458,51.361475],[-0.2863632,51.3614533],[-0.2863488,51.3614495],[-0.2863357,51.3614461],[-0.2861983,51.3614099],[-0.2861811,51.3614054],[-0.2861669,51.3614017],[-0.2861569,51.3614],[-0.2861234,51.3613946],[-0.2861159,51.3613934],[-0.286062,51.3613846],[-0.2860441,51.3613817],[-0.2860266,51.3613789],[-0.286007,51.3613757],[-0.2859498,51.3613664],[-0.2859457,51.3613657],[-0.2859357,51.3613641],[-0.2858484,51.3613499],[-0.2858376,51.3613483],[-0.2857059,51.3613283],[-0.2856935,51.3613264],[-0.2856274,51.3613164],[-0.2856107,51.3613138],[-0.2855927,51.3613111],[-0.2855886,51.3613104],[-0.2854998,51.361297],[-0.2854893,51.3612954],[-0.2854636,51.3612915],[-0.2854257,51.3612857],[-0.2853872,51.3612769],[-0.2853795,51.3612752],[-0.28536,51.3612707],[-0.2851405,51.3612206],[-0.2851026,51.361212],[-0.2851678,51.3611765],[-0.2852149,51.3611509],[-0.2853605,51.3610716],[-0.2855007,51.3609152],[-0.2855562,51.3608533],[-0.2857458,51.3606417],[-0.2857481,51.3606392],[-0.2857569,51.3606293],[-0.2857591,51.3606269],[-0.2858223,51.3605564],[-0.2858254,51.360553],[-0.2858857,51.3604857],[-0.2858942,51.3604762],[-0.2859298,51.3604364],[-0.2859357,51.3604299],[-0.2860007,51.3603573],[-0.2860036,51.3603541],[-0.286037,51.3603169],[-0.2860546,51.3602973],[-0.2860735,51.3602808],[-0.286081,51.3602743],[-0.2861516,51.360213],[-0.2862878,51.3600945],[-0.2862911,51.3600916],[-0.2863657,51.3600267],[-0.2863728,51.3600205],[-0.2863938,51.3600023],[-0.2863985,51.3599982],[-0.286403,51.3599943],[-0.2864143,51.3599845],[-0.2864543,51.3599464],[-0.2864692,51.3599322],[-0.2864767,51.359925],[-0.2864875,51.3599148],[-0.286541,51.3598638],[-0.2865527,51.3598526],[-0.2865759,51.3598306],[-0.2865787,51.359828],[-0.2866115,51.3597967],[-0.2866299,51.359778],[-0.2866327,51.3597751],[-0.2866375,51.3597703],[-0.2866704,51.3597369],[-0.286703,51.3597037],[-0.2867584,51.3596404],[-0.2867697,51.3596275],[-0.2868079,51.3595839],[-0.286813,51.3595781],[-0.2868167,51.3595739],[-0.2868586,51.359526],[-0.2869247,51.3594544],[-0.2869973,51.3593756],[-0.2870413,51.359362],[-0.2872336,51.359304],[-0.2872506,51.3592989],[-0.2873772,51.3592607],[-0.287384,51.3592587],[-0.2874724,51.359232],[-0.2874865,51.3592278],[-0.2875933,51.3591956],[-0.2876218,51.359187],[-0.287795,51.3591348],[-0.2878006,51.3591331],[-0.287832,51.3591237],[-0.2878499,51.3591182],[-0.2878684,51.3591127],[-0.2878768,51.3591102],[-0.2880118,51.3590694],[-0.2880414,51.3590605],[-0.288058,51.3590555],[-0.2880993,51.3590431],[-0.2881055,51.3590408],[-0.2881267,51.359033],[-0.2881534,51.3590231],[-0.2882175,51.3589995],[-0.2883373,51.3589554],[-0.2883799,51.3589397],[-0.2884382,51.3589182],[-0.2884794,51.358903],[-0.288544,51.3588792],[-0.288549,51.3588774],[-0.288564,51.3588718],[-0.2886225,51.3588503],[-0.2886361,51.3588453],[-0.2887555,51.3588013],[-0.2887606,51.3587994],[-0.2887863,51.3587899],[-0.2888161,51.3587789],[-0.2888482,51.3587671],[-0.2888528,51.3587654],[-0.2889315,51.3587364],[-0.2889974,51.3587121],[-0.2890283,51.3586783],[-0.2890321,51.358674],[-0.2890848,51.3586153],[-0.2891213,51.3585746],[-0.2891478,51.3585451],[-0.2892006,51.3584863],[-0.2892374,51.3584453],[-0.28937,51.3582371],[-0.2893893,51.3582114],[-0.2894333,51.3581525],[-0.2894448,51.3581372],[-0.2894584,51.358119],[-0.2894829,51.3580863],[-0.2894866,51.3580813],[-0.2895608,51.3579869],[-0.2896101,51.3579241],[-0.2896884,51.3578352],[-0.2898829,51.3576142],[-0.2900778,51.3574237],[-0.2901605,51.3573429],[-0.2902247,51.3572801],[-0.2902424,51.3572638],[-0.2903342,51.357179],[-0.2903621,51.3571532],[-0.2904845,51.35704],[-0.2906231,51.356912],[-0.2907578,51.3568037],[-0.2908218,51.3567522],[-0.2908632,51.3567189],[-0.2908989,51.3566902],[-0.2910547,51.3565945],[-0.2911088,51.3565612],[-0.2911317,51.3564761],[-0.2912369,51.355918],[-0.291243,51.3558861],[-0.2912493,51.3557161],[-0.2912515,51.3556576],[-0.2912412,51.3555246],[-0.2912277,51.3553496],[-0.2912245,51.3553083],[-0.2912248,51.3552733],[-0.2912253,51.3552014],[-0.2913158,51.3550187],[-0.2913368,51.3549762],[-0.2913486,51.3549524],[-0.2914489,51.3547842],[-0.2914521,51.3547789],[-0.2914637,51.3547593],[-0.2915013,51.3546964],[-0.2916019,51.3545792],[-0.2917246,51.3544363],[-0.2919879,51.3541893],[-0.292004,51.3541742],[-0.2923086,51.3539877],[-0.2923807,51.3539276],[-0.2924216,51.3538934],[-0.2924709,51.3538478],[-0.2925243,51.3537985],[-0.2926315,51.3536761],[-0.2926846,51.3536155],[-0.2927098,51.3535679],[-0.2927836,51.3534284],[-0.2927774,51.3531454],[-0.2927745,51.353013],[-0.2927733,51.3529558],[-0.2927731,51.3529479],[-0.2927728,51.3529307],[-0.2927723,51.3529099],[-0.2927836,51.3526908],[-0.2927904,51.3526558],[-0.2927946,51.3526339],[-0.2927997,51.3526077],[-0.2928201,51.3525271],[-0.2929304,51.3523746],[-0.2930711,51.3522731],[-0.2931771,51.3521966],[-0.2932266,51.3521668],[-0.2933213,51.3521097],[-0.2934609,51.3520267],[-0.2934723,51.3520199],[-0.2936895,51.3519042],[-0.2941723,51.351647],[-0.2942421,51.3516076],[-0.2943502,51.3515465],[-0.2945209,51.3514338],[-0.2947884,51.3512481],[-0.2948419,51.351211],[-0.2949923,51.3511017],[-0.2951614,51.3509482],[-0.2952644,51.3508548],[-0.2953741,51.3507627],[-0.2956396,51.3505398],[-0.2959791,51.3502976],[-0.2960393,51.3502547],[-0.2964777,51.349964],[-0.2965387,51.3499333],[-0.296723,51.3498405],[-0.297268,51.3495662],[-0.2974357,51.3494687],[-0.2975606,51.3493961],[-0.2978135,51.3492525],[-0.2978213,51.3492479],[-0.2978303,51.349243],[-0.29816,51.3490598],[-0.2984168,51.3488743],[-0.2985167,51.3487959],[-0.2985292,51.3487862],[-0.2986751,51.3486717],[-0.2989254,51.3485463],[-0.2989934,51.3485123],[-0.2992007,51.348369],[-0.2994543,51.3481241],[-0.2999494,51.347671],[-0.3001022,51.3474952],[-0.3001853,51.3473722],[-0.3002722,51.3472441]]]}},{"type":"Feature","properties":{"Name":null,"description":null,"timestamp":null,"begin":null,"end":null,"altitudeMode":null,"tessellate":"NA","extrude":"NA","visibility":"NA","drawOrder":"NA","icon":null,"ltla22cd":null,"ltla22nm":null,"ltla22nmw":null,"label":null,"stroke-opacity":"NA","stroke-width":4,"stroke":"#1A43A8","fill-opacity":"NA","fill":null,"LengthInMetres":1559,"Title":"C28","Direction":"TwoWay","Flow":null,"Protection":null,"RoadOwnership":null,"YearBuilt":null,"Borough":"Kingston upon Thames"},"geometry":{"type":"LineString","coordinates":[[-0.3075993,51.40804],[-0.3078165,51.40758],[-0.3080177,51.40682],[-0.3082295,51.40608],[-0.3082952,51.40579],[-0.30831,51.40566],[-0.3081223,51.40495],[-0.3080472,51.40458],[-0.3079372,51.40412],[-0.3079104,51.40378],[-0.3078997,51.40341],[-0.3079211,51.40326],[-0.3079908,51.40293],[-0.308259,51.40115],[-0.3083449,51.40086],[-0.3084133,51.40068],[-0.3085728,51.40034],[-0.3087727,51.40002],[-0.3091516,51.39949],[-0.3096672,51.39883],[-0.310028,51.39836],[-0.3105168,51.3977],[-0.3110298,51.39705],[-0.3113101,51.39672],[-0.3116166,51.39639],[-0.312435,51.39558],[-0.3132051,51.39486]]}},{"type":"Feature","properties":{"Name":null,"description":null,"timestamp":null,"begin":null,"end":null,"altitudeMode":null,"tessellate":"NA","extrude":"NA","visibility":"NA","drawOrder":"NA","icon":null,"ltla22cd":null,"ltla22nm":null,"ltla22nmw":null,"label":null,"stroke-opacity":"NA","stroke-width":4,"stroke":"#1A43A8","fill-opacity":"NA","fill":null,"LengthInMetres":920,"Title":"C29","Direction":"TwoWay","Flow":null,"Protection":null,"RoadOwnership":null,"YearBuilt":null,"Borough":"Kingston upon Thames"},"geometry":{"type":"LineString","coordinates":[[-0.3043795,51.40182],[-0.3044006,51.40188],[-0.3043278,51.40299],[-0.3041799,51.40382],[-0.3039055,51.40578],[-0.3036802,51.40659],[-0.3037016,51.40707],[-0.3036265,51.40748],[-0.3034656,51.4077],[-0.3029184,51.4078],[-0.3021567,51.4079],[-0.3019314,51.40798],[-0.3009151,51.40915]]}},{"type":"Feature","properties":{"Name":null,"description":null,"timestamp":null,"begin":null,"end":null,"altitudeMode":null,"tessellate":"NA","extrude":"NA","visibility":"NA","drawOrder":"NA","icon":null,"ltla22cd":null,"ltla22nm":null,"ltla22nmw":null,"label":null,"stroke-opacity":"NA","stroke-width":4,"stroke":"#1A43A8","fill-opacity":"NA","fill":null,"LengthInMetres":149,"Title":"C29 - link","Direction":"TwoWay","Flow":null,"Protection":null,"RoadOwnership":null,"YearBuilt":null,"Borough":"Kingston upon Thames"},"geometry":{"type":"LineString","coordinates":[[-0.3040692,51.39674],[-0.3039726,51.39702],[-0.303931,51.39743],[-0.3039146,51.39765],[-0.3039196,51.39785],[-0.3039082,51.39799],[-0.3039149,51.39807]]}},{"type":"Feature","properties":{"Name":null,"description":null,"timestamp":null,"begin":null,"end":null,"altitudeMode":null,"tessellate":"NA","extrude":"NA","visibility":"NA","drawOrder":"NA","icon":null,"ltla22cd":null,"ltla22nm":null,"ltla22nmw":null,"label":null,"stroke-opacity":"NA","stroke-width":2,"stroke":"#1A43A8","fill-opacity":"NA","fill":null,"LengthInMetres":336,"Title":"C29 - link","Direction":"OneWay","Flow":null,"Protection":null,"RoadOwnership":null,"YearBuilt":null,"Borough":"Kingston upon Thames"},"geometry":{"type":"LineString","coordinates":[[-0.3038592,51.39338],[-0.3007531,51.39483],[-0.3001845,51.39505],[-0.299927,51.39513]]}},{"type":"Feature","properties":{"Name":null,"description":null,"timestamp":null,"begin":null,"end":null,"altitudeMode":null,"tessellate":"NA","extrude":"NA","visibility":"NA","drawOrder":"NA","icon":null,"ltla22cd":null,"ltla22nm":null,"ltla22nmw":null,"label":null,"stroke-opacity":"NA","stroke-width":4,"stroke":"#1A43A8","fill-opacity":"NA","fill":null,"LengthInMetres":592,"Title":"C29","Direction":"TwoWay","Flow":null,"Protection":null,"RoadOwnership":null,"YearBuilt":null,"Borough":"Kingston upon Thames"},"geometry":{"type":"LineString","coordinates":[[-0.2978571,51.38954],[-0.2978792,51.38966],[-0.2979623,51.3899],[-0.2980106,51.39017],[-0.298126,51.39064],[-0.298252,51.39115],[-0.2982896,51.39144],[-0.2983191,51.39161],[-0.2983969,51.39194],[-0.2984425,51.39214],[-0.2985095,51.39238],[-0.2985819,51.39268],[-0.2986141,51.39284],[-0.2986651,51.39326],[-0.2987053,51.39358],[-0.2987777,51.3945],[-0.2988019,51.39469],[-0.2988421,51.39482]]}},{"type":"Feature","properties":{"Name":null,"description":null,"timestamp":null,"begin":null,"end":null,"altitudeMode":null,"tessellate":"NA","extrude":"NA","visibility":"NA","drawOrder":"NA","icon":null,"ltla22cd":null,"ltla22nm":null,"ltla22nmw":null,"label":null,"stroke-opacity":"NA","stroke-width":4,"stroke":"#1A43A8","fill-opacity":"NA","fill":null,"LengthInMetres":98,"Title":"C29","Direction":"TwoWay","Flow":null,"Protection":null,"RoadOwnership":null,"YearBuilt":null,"Borough":"Kingston upon Thames"},"geometry":{"type":"LineString","coordinates":[[-0.2971558,51.38777],[-0.2973367,51.38823],[-0.2975218,51.38862]]}},{"type":"Feature","properties":{"Name":null,"description":null,"timestamp":null,"begin":null,"end":null,"altitudeMode":null,"tessellate":"NA","extrude":"NA","visibility":"NA","drawOrder":"NA","icon":null,"ltla22cd":null,"ltla22nm":null,"ltla22nmw":null,"label":null,"stroke-opacity":"NA","stroke-width":4,"stroke":"#1A43A8","fill-opacity":"NA","fill":null,"LengthInMetres":260,"Title":"C29","Direction":"TwoWay","Flow":null,"Protection":null,"RoadOwnership":null,"YearBuilt":null,"Borough":"Kingston upon Thames"},"geometry":{"type":"LineString","coordinates":[[-0.2957855,51.38561],[-0.2959273,51.38577],[-0.2960467,51.3859],[-0.2962291,51.38611],[-0.2963257,51.38622],[-0.2964678,51.38642],[-0.2965925,51.38658],[-0.2966851,51.38673],[-0.2968125,51.38697],[-0.2969412,51.38725],[-0.297019,51.3874],[-0.2971558,51.38777]]}},{"type":"Feature","properties":{"Name":null,"description":null,"timestamp":null,"begin":null,"end":null,"altitudeMode":null,"tessellate":"NA","extrude":"NA","visibility":"NA","drawOrder":"NA","icon":null,"ltla22cd":null,"ltla22nm":null,"ltla22nmw":null,"label":null,"stroke-opacity":"NA","stroke-width":4,"stroke":"#1A43A8","fill-opacity":"NA","fill":null,"LengthInMetres":191,"Title":"C29","Direction":"TwoWay","Flow":null,"Protection":null,"RoadOwnership":null,"YearBuilt":null,"Borough":"Kingston upon Thames"},"geometry":{"type":"LineString","coordinates":[[-0.2864334,51.38265],[-0.2871013,51.38281],[-0.2874607,51.3829],[-0.2879623,51.38305],[-0.2889377,51.38335]]}},{"type":"Feature","properties":{"Name":null,"description":null,"timestamp":null,"begin":null,"end":null,"altitudeMode":null,"tessellate":"NA","extrude":"NA","visibility":"NA","drawOrder":"NA","icon":null,"ltla22cd":null,"ltla22nm":null,"ltla22nmw":null,"label":null,"stroke-opacity":"NA","stroke-width":4,"stroke":"#1A43A8","fill-opacity":"NA","fill":null,"LengthInMetres":47,"Title":"C30","Direction":"TwoWay","Flow":null,"Protection":null,"RoadOwnership":null,"YearBuilt":null,"Borough":"Kingston upon Thames"},"geometry":{"type":"LineString","coordinates":[[-0.3011095,51.41088],[-0.3004443,51.41082]]}},{"type":"Feature","properties":{"Name":null,"description":null,"timestamp":null,"begin":null,"end":null,"altitudeMode":null,"tessellate":"NA","extrude":"NA","visibility":"NA","drawOrder":"NA","icon":null,"ltla22cd":null,"ltla22nm":null,"ltla22nmw":null,"label":null,"stroke-opacity":"NA","stroke-width":4,"stroke":"#1A43A8","fill-opacity":"NA","fill":null,"LengthInMetres":499,"Title":"C30","Direction":"TwoWay","Flow":null,"Protection":null,"RoadOwnership":null,"YearBuilt":null,"Borough":"Kingston upon Thames"},"geometry":{"type":"LineString","coordinates":[[-0.2877307,51.41353],[-0.2873981,51.41387],[-0.2862751,51.41468],[-0.285195,51.41535],[-0.2827558,51.41674]]}},{"type":"Feature","properties":{"Name":null,"description":null,"timestamp":null,"begin":null,"end":null,"altitudeMode":null,"tessellate":"NA","extrude":"NA","visibility":"NA","drawOrder":"NA","icon":null,"ltla22cd":null,"ltla22nm":null,"ltla22nmw":null,"label":null,"stroke-opacity":"NA","stroke-width":4,"stroke":"#1A43A8","fill-opacity":"NA","fill":null,"LengthInMetres":799,"Title":"C30","Direction":"TwoWay","Flow":null,"Protection":null,"RoadOwnership":null,"YearBuilt":null,"Borough":"Kingston upon Thames"},"geometry":{"type":"LineString","coordinates":[[-0.297333,51.41078],[-0.2958793,51.41065],[-0.2953213,51.4106],[-0.2948975,51.41058],[-0.2943611,51.4106],[-0.2936745,51.41067],[-0.2925532,51.41079],[-0.2920813,51.41086],[-0.2918452,51.41093],[-0.2916038,51.41101],[-0.291239,51.41118],[-0.2908045,51.41139],[-0.2906221,51.41155],[-0.2904397,51.41174],[-0.2899911,51.41208],[-0.289741,51.41228],[-0.2894212,51.41253],[-0.289112,51.41269],[-0.2884455,51.41302],[-0.2879506,51.41333],[-0.2877307,51.41353]]}},{"type":"Feature","properties":{"Name":null,"description":null,"timestamp":null,"begin":null,"end":null,"altitudeMode":null,"tessellate":"NA","extrude":"NA","visibility":"NA","drawOrder":"NA","icon":null,"ltla22cd":null,"ltla22nm":null,"ltla22nmw":null,"label":null,"stroke-opacity":"NA","stroke-width":4,"stroke":"#1A43A8","fill-opacity":"NA","fill":null,"LengthInMetres":2684,"Title":"C30","Direction":"TwoWay","Flow":null,"Protection":null,"RoadOwnership":null,"YearBuilt":null,"Borough":"Kingston upon Thames"},"geometry":{"type":"LineString","coordinates":[[-0.2817151,51.41741],[-0.280653,51.41806],[-0.2792368,51.41889],[-0.2784428,51.41984],[-0.2778635,51.42079],[-0.2772841,51.42163],[-0.2762971,51.42282],[-0.2754817,51.42376],[-0.2748165,51.42475],[-0.2731428,51.42677],[-0.2721128,51.4276],[-0.2709112,51.42829],[-0.2698168,51.42887],[-0.2682504,51.42947],[-0.2673277,51.4299],[-0.2665124,51.43038],[-0.2653536,51.43122],[-0.2645382,51.43191],[-0.2632079,51.43273],[-0.262135,51.43331],[-0.2606973,51.43395],[-0.2588949,51.43474],[-0.2573285,51.43541]]}},{"type":"Feature","properties":{"Name":null,"description":null,"timestamp":null,"begin":null,"end":null,"altitudeMode":null,"tessellate":"NA","extrude":"NA","visibility":"NA","drawOrder":"NA","icon":null,"ltla22cd":null,"ltla22nm":null,"ltla22nmw":null,"label":null,"stroke-opacity":"NA","stroke-width":4,"stroke":"#1A43A8","fill-opacity":"NA","fill":null,"LengthInMetres":1449,"Title":"C31","Direction":"TwoWay","Flow":null,"Protection":null,"RoadOwnership":null,"YearBuilt":null,"Borough":"Kingston upon Thames"},"geometry":{"type":"LineString","coordinates":[[-0.2652473,51.40253],[-0.2640242,51.40258],[-0.2570826,51.40401],[-0.252083,51.40511],[-0.2486819,51.40578],[-0.2454213,51.40642]]}},{"type":"Feature","properties":{"Name":null,"description":null,"timestamp":null,"begin":null,"end":null,"altitudeMode":null,"tessellate":"NA","extrude":"NA","visibility":"NA","drawOrder":"NA","icon":null,"ltla22cd":null,"ltla22nm":null,"ltla22nmw":null,"label":null,"stroke-opacity":"NA","stroke-width":4,"stroke":"#1A43A8","fill-opacity":"NA","fill":null,"LengthInMetres":165,"Title":"C32","Direction":"TwoWay","Flow":null,"Protection":null,"RoadOwnership":null,"YearBuilt":null,"Borough":"Kingston upon Thames"},"geometry":{"type":"LineString","coordinates":[[-0.2920465,51.41088],[-0.291907,51.41056],[-0.2917622,51.41031],[-0.2915584,51.41014],[-0.2913813,51.41009],[-0.2912579,51.41006],[-0.2909683,51.41002],[-0.290523,51.40996]]}},{"type":"Feature","properties":{"Name":null,"description":null,"timestamp":null,"begin":null,"end":null,"altitudeMode":null,"tessellate":"NA","extrude":"NA","visibility":"NA","drawOrder":"NA","icon":null,"ltla22cd":null,"ltla22nm":null,"ltla22nmw":null,"label":null,"stroke-opacity":"NA","stroke-width":4,"stroke":"#1A43A8","fill-opacity":"NA","fill":null,"LengthInMetres":64,"Title":"C32","Direction":"TwoWay","Flow":null,"Protection":null,"RoadOwnership":null,"YearBuilt":null,"Borough":"Kingston upon Thames"},"geometry":{"type":"LineString","coordinates":[[-0.2663831,51.40101],[-0.2655488,51.40077]]}},{"type":"Feature","properties":{"Name":null,"description":null,"timestamp":null,"begin":null,"end":null,"altitudeMode":null,"tessellate":"NA","extrude":"NA","visibility":"NA","drawOrder":"NA","icon":null,"ltla22cd":null,"ltla22nm":null,"ltla22nmw":null,"label":null,"stroke-opacity":"NA","stroke-width":4,"stroke":"#1A43A8","fill-opacity":"NA","fill":null,"LengthInMetres":313,"Title":"C32","Direction":"TwoWay","Flow":null,"Protection":null,"RoadOwnership":null,"YearBuilt":null,"Borough":"Kingston upon Thames"},"geometry":{"type":"LineString","coordinates":[[-0.2627486,51.39992],[-0.2624589,51.39985],[-0.2620405,51.39977],[-0.26137,51.39964],[-0.2603829,51.39945],[-0.2594709,51.39926],[-0.2584785,51.39905]]}},{"type":"Feature","properties":{"Name":null,"description":null,"timestamp":null,"begin":null,"end":null,"altitudeMode":null,"tessellate":"NA","extrude":"NA","visibility":"NA","drawOrder":"NA","icon":null,"ltla22cd":null,"ltla22nm":null,"ltla22nmw":null,"label":null,"stroke-opacity":"NA","stroke-width":2,"stroke":"#1A43A8","fill-opacity":"NA","fill":null,"LengthInMetres":32,"Title":"C32","Direction":"OneWay","Flow":null,"Protection":null,"RoadOwnership":null,"YearBuilt":null,"Borough":"Kingston upon Thames"},"geometry":{"type":"LineString","coordinates":[[-0.2728714,51.40297],[-0.2724566,51.40284]]}},{"type":"Feature","properties":{"Name":null,"description":null,"timestamp":null,"begin":null,"end":null,"altitudeMode":null,"tessellate":"NA","extrude":"NA","visibility":"NA","drawOrder":"NA","icon":null,"ltla22cd":null,"ltla22nm":null,"ltla22nmw":null,"label":null,"stroke-opacity":"NA","stroke-width":2,"stroke":"#1A43A8","fill-opacity":"NA","fill":null,"LengthInMetres":47,"Title":"C32","Direction":"OneWay","Flow":null,"Protection":null,"RoadOwnership":null,"YearBuilt":null,"Borough":"Kingston upon Thames"},"geometry":{"type":"LineString","coordinates":[[-0.2713715,51.40252],[-0.2707638,51.40234]]}},{"type":"Feature","properties":{"Name":null,"description":null,"timestamp":null,"begin":null,"end":null,"altitudeMode":null,"tessellate":"NA","extrude":"NA","visibility":"NA","drawOrder":"NA","icon":null,"ltla22cd":null,"ltla22nm":null,"ltla22nmw":null,"label":null,"stroke-opacity":"NA","stroke-width":4,"stroke":"#1A43A8","fill-opacity":"NA","fill":null,"LengthInMetres":53,"Title":"C32","Direction":"TwoWay","Flow":null,"Protection":null,"RoadOwnership":null,"YearBuilt":null,"Borough":"Kingston upon Thames"},"geometry":{"type":"LineString","coordinates":[[-0.2686177,51.40169],[-0.2679311,51.40148]]}},{"type":"Feature","properties":{"Name":null,"description":null,"timestamp":null,"begin":null,"end":null,"altitudeMode":null,"tessellate":"NA","extrude":"NA","visibility":"NA","drawOrder":"NA","icon":null,"ltla22cd":null,"ltla22nm":null,"ltla22nmw":null,"label":null,"stroke-opacity":"NA","stroke-width":4,"stroke":"#1A43A8","fill-opacity":"NA","fill":null,"LengthInMetres":217,"Title":"C32","Direction":"TwoWay","Flow":null,"Protection":null,"RoadOwnership":null,"YearBuilt":null,"Borough":"Kingston upon Thames"},"geometry":{"type":"LineString","coordinates":[[-0.2655488,51.40077],[-0.2646369,51.40049],[-0.2636874,51.40021],[-0.2627486,51.39992]]}},{"type":"Feature","properties":{"Name":null,"description":null,"timestamp":null,"begin":null,"end":null,"altitudeMode":null,"tessellate":"NA","extrude":"NA","visibility":"NA","drawOrder":"NA","icon":null,"ltla22cd":null,"ltla22nm":null,"ltla22nmw":null,"label":null,"stroke-opacity":"NA","stroke-width":4,"stroke":"#1A43A8","fill-opacity":"NA","fill":null,"LengthInMetres":18,"Title":"Cycleway Link (C28-C29)","Direction":"TwoWay","Flow":null,"Protection":null,"RoadOwnership":null,"YearBuilt":null,"Borough":"Kingston upon Thames"},"geometry":{"type":"LineString","coordinates":[[-0.3087573,51.40004],[-0.308591,51.40003],[-0.3085051,51.40001]]}},{"type":"Feature","properties":{"Name":null,"description":null,"timestamp":null,"begin":null,"end":null,"altitudeMode":null,"tessellate":"NA","extrude":"NA","visibility":"NA","drawOrder":"NA","icon":null,"ltla22cd":null,"ltla22nm":null,"ltla22nmw":null,"label":null,"stroke-opacity":"NA","stroke-width":4,"stroke":"#1A43A8","fill-opacity":"NA","fill":null,"LengthInMetres":6,"Title":"LCN 33","Direction":"TwoWay","Flow":null,"Protection":null,"RoadOwnership":null,"YearBuilt":null,"Borough":"Kingston upon Thames"},"geometry":{"type":"LineString","coordinates":[[-0.3007501,51.4126],[-0.3007984,51.41255]]}},{"type":"Feature","properties":{"Name":null,"description":null,"timestamp":null,"begin":null,"end":null,"altitudeMode":null,"tessellate":"NA","extrude":"NA","visibility":"NA","drawOrder":"NA","icon":null,"ltla22cd":null,"ltla22nm":null,"ltla22nmw":null,"label":null,"stroke-opacity":"NA","stroke-width":4,"stroke":"#1A43A8","fill-opacity":"NA","fill":null,"LengthInMetres":186,"Title":"LCN 33","Direction":"TwoWay","Flow":null,"Protection":null,"RoadOwnership":null,"YearBuilt":null,"Borough":"Kingston upon Thames"},"geometry":{"type":"LineString","coordinates":[[-0.3007501,51.4126],[-0.300724,51.41278],[-0.3007032,51.4129],[-0.3006616,51.41325],[-0.3006549,51.4134],[-0.3006435,51.41351],[-0.3006401,51.41363],[-0.3006764,51.41381],[-0.3007448,51.41403],[-0.3008252,51.41426]]}},{"type":"Feature","properties":{"Name":null,"description":null,"timestamp":null,"begin":null,"end":null,"altitudeMode":null,"tessellate":"NA","extrude":"NA","visibility":"NA","drawOrder":"NA","icon":null,"ltla22cd":null,"ltla22nm":null,"ltla22nmw":null,"label":null,"stroke-opacity":"NA","stroke-width":4,"stroke":"#1A43A8","fill-opacity":"NA","fill":null,"LengthInMetres":148,"Title":"LCN 33","Direction":"TwoWay","Flow":null,"Protection":null,"RoadOwnership":null,"YearBuilt":null,"Borough":"Kingston upon Thames"},"geometry":{"type":"LineString","coordinates":[[-0.3007244,51.41097],[-0.3007083,51.41101],[-0.30066,51.41105],[-0.3005474,51.41113],[-0.3004307,51.41123],[-0.300314,51.41135],[-0.3002832,51.41144],[-0.3002952,51.41154],[-0.3003287,51.41161],[-0.300373,51.4117],[-0.3004454,51.41188],[-0.3005018,51.41203],[-0.3005742,51.41219]]}},{"type":"Feature","properties":{"Name":null,"description":null,"timestamp":null,"begin":null,"end":null,"altitudeMode":null,"tessellate":"NA","extrude":"NA","visibility":"NA","drawOrder":"NA","icon":null,"ltla22cd":null,"ltla22nm":null,"ltla22nmw":null,"label":null,"stroke-opacity":"NA","stroke-width":4,"stroke":"#1A43A8","fill-opacity":"NA","fill":null,"LengthInMetres":94,"Title":"LCN 33","Direction":"TwoWay","Flow":null,"Protection":null,"RoadOwnership":null,"YearBuilt":null,"Borough":"Kingston upon Thames"},"geometry":{"type":"LineString","coordinates":[[-0.3006477,51.4094],[-0.30056,51.4095],[-0.300491,51.40963],[-0.300491,51.41005],[-0.3004964,51.41013],[-0.3004803,51.41022]]}},{"type":"Feature","properties":{"Name":null,"description":null,"timestamp":null,"begin":null,"end":null,"altitudeMode":null,"tessellate":"NA","extrude":"NA","visibility":"NA","drawOrder":"NA","icon":null,"ltla22cd":null,"ltla22nm":null,"ltla22nmw":null,"label":null,"stroke-opacity":"NA","stroke-width":2,"stroke":"#1A43A8","fill-opacity":"NA","fill":null,"LengthInMetres":253,"Title":"LCN 33","Direction":"OneWay","Flow":null,"Protection":null,"RoadOwnership":null,"YearBuilt":null,"Borough":"Kingston upon Thames"},"geometry":{"type":"LineString","coordinates":[[-0.3067491,51.42774],[-0.3068499,51.42805],[-0.3068955,51.42824],[-0.3069303,51.42845],[-0.3069974,51.42883],[-0.3070993,51.42964],[-0.3071261,51.43]]}},{"type":"Feature","properties":{"Name":null,"description":null,"timestamp":null,"begin":null,"end":null,"altitudeMode":null,"tessellate":"NA","extrude":"NA","visibility":"NA","drawOrder":"NA","icon":null,"ltla22cd":null,"ltla22nm":null,"ltla22nmw":null,"label":null,"stroke-opacity":"NA","stroke-width":4,"stroke":"#1A43A8","fill-opacity":"NA","fill":null,"LengthInMetres":42,"Title":"National Cycle Network - 4","Direction":"TwoWay","Flow":null,"Protection":null,"RoadOwnership":null,"YearBuilt":null,"Borough":"Kingston upon Thames"},"geometry":{"type":"LineString","coordinates":[[-0.3051251,51.41299],[-0.3051573,51.41326],[-0.3052538,51.41335]]}},{"type":"Feature","properties":{"Name":null,"description":null,"timestamp":null,"begin":null,"end":null,"altitudeMode":null,"tessellate":"NA","extrude":"NA","visibility":"NA","drawOrder":"NA","icon":null,"ltla22cd":null,"ltla22nm":null,"ltla22nmw":null,"label":null,"stroke-opacity":"NA","stroke-width":4,"stroke":"#1A43A8","fill-opacity":"NA","fill":null,"LengthInMetres":127,"Title":"LCN 33 - branch","Direction":"TwoWay","Flow":null,"Protection":null,"RoadOwnership":null,"YearBuilt":null,"Borough":"Kingston upon Thames"},"geometry":{"type":"LineString","coordinates":[[-0.3037239,51.40652],[-0.3041154,51.40655],[-0.3042442,51.40691],[-0.3044695,51.40708],[-0.304566,51.40738]]}},{"type":"Feature","properties":{"Name":null,"description":null,"timestamp":null,"begin":null,"end":null,"altitudeMode":null,"tessellate":"NA","extrude":"NA","visibility":"NA","drawOrder":"NA","icon":null,"ltla22cd":null,"ltla22nm":null,"ltla22nmw":null,"label":null,"stroke-opacity":"NA","stroke-width":4,"stroke":"#1A43A8","fill-opacity":"NA","fill":null,"LengthInMetres":155,"Title":"Hogsmill Open Space","Direction":"TwoWay","Flow":null,"Protection":null,"RoadOwnership":null,"YearBuilt":null,"Borough":"Kingston upon Thames"},"geometry":{"type":"LineString","coordinates":[[-0.26699,51.38319],[-0.2665286,51.38346],[-0.2659922,51.3836],[-0.2658849,51.3837],[-0.2657025,51.38392],[-0.2653914,51.3841]]}},{"type":"Feature","properties":{"Name":null,"description":null,"timestamp":null,"begin":null,"end":null,"altitudeMode":null,"tessellate":"NA","extrude":"NA","visibility":"NA","drawOrder":"NA","icon":null,"ltla22cd":null,"ltla22nm":null,"ltla22nmw":null,"label":null,"stroke-opacity":"NA","stroke-width":4,"stroke":"#1A43A8","fill-opacity":"NA","fill":null,"LengthInMetres":127,"Title":"Skerne Walk","Direction":"TwoWay","Flow":null,"Protection":null,"RoadOwnership":null,"YearBuilt":null,"Borough":"Kingston upon Thames"},"geometry":{"type":"LineString","coordinates":[[-0.3052143,51.41492],[-0.304592,51.41599]]}},{"type":"Feature","properties":{"Name":null,"description":null,"timestamp":null,"begin":null,"end":null,"altitudeMode":null,"tessellate":"NA","extrude":"NA","visibility":"NA","drawOrder":"NA","icon":null,"ltla22cd":null,"ltla22nm":null,"ltla22nmw":null,"label":null,"stroke-opacity":"NA","stroke-width":4,"stroke":"#1A43A8","fill-opacity":"NA","fill":null,"LengthInMetres":267,"Title":"Green Lane Recreation Ground","Direction":"TwoWay","Flow":null,"Protection":null,"RoadOwnership":null,"YearBuilt":null,"Borough":"Kingston upon Thames"},"geometry":{"type":"LineString","coordinates":[[-0.2769912,51.39706],[-0.2760417,51.39712],[-0.2756554,51.39714],[-0.2751136,51.39708],[-0.275001,51.39709],[-0.2743572,51.39723],[-0.273751,51.39737],[-0.273279,51.39749]]}},{"type":"Feature","properties":{"Name":null,"description":null,"timestamp":null,"begin":null,"end":null,"altitudeMode":null,"tessellate":"NA","extrude":"NA","visibility":"NA","drawOrder":"NA","icon":null,"ltla22cd":null,"ltla22nm":null,"ltla22nmw":null,"label":null,"stroke-opacity":"NA","stroke-width":2,"stroke":"#1A43A8","fill-opacity":"NA","fill":null,"LengthInMetres":120,"Title":"Canbury Park Road","Direction":"OneWay","Flow":null,"Protection":null,"RoadOwnership":null,"YearBuilt":null,"Borough":"Kingston upon Thames"},"geometry":{"type":"LineString","coordinates":[[-0.3006646,51.41315],[-0.2989479,51.4131]]}},{"type":"Feature","properties":{"Name":null,"description":null,"timestamp":null,"begin":null,"end":null,"altitudeMode":null,"tessellate":"NA","extrude":"NA","visibility":"NA","drawOrder":"NA","icon":null,"ltla22cd":null,"ltla22nm":null,"ltla22nmw":null,"label":null,"stroke-opacity":"NA","stroke-width":4,"stroke":"#1A43A8","fill-opacity":"NA","fill":null,"LengthInMetres":126,"Title":"Dinton Road","Direction":"TwoWay","Flow":null,"Protection":null,"RoadOwnership":null,"YearBuilt":null,"Borough":"Kingston upon Thames"},"geometry":{"type":"LineString","coordinates":[[-0.2926072,51.42131],[-0.2926716,51.42184],[-0.2927681,51.42232],[-0.2929398,51.42237]]}},{"type":"Feature","properties":{"Name":null,"description":null,"timestamp":null,"begin":null,"end":null,"altitudeMode":null,"tessellate":"NA","extrude":"NA","visibility":"NA","drawOrder":"NA","icon":null,"ltla22cd":null,"ltla22nm":null,"ltla22nmw":null,"label":null,"stroke-opacity":"NA","stroke-width":4,"stroke":"#1A43A8","fill-opacity":"NA","fill":null,"LengthInMetres":639,"Title":"Kingston Road","Direction":"TwoWay","Flow":null,"Protection":null,"RoadOwnership":null,"YearBuilt":null,"Borough":"Kingston upon Thames"},"geometry":{"type":"LineString","coordinates":[[-0.2791852,51.37797],[-0.2786488,51.37749],[-0.278048,51.37693],[-0.2768249,51.37586],[-0.2740998,51.37336],[-0.273971,51.37324]]}},{"type":"Feature","properties":{"Name":null,"description":null,"timestamp":null,"begin":null,"end":null,"altitudeMode":null,"tessellate":"NA","extrude":"NA","visibility":"NA","drawOrder":"NA","icon":null,"ltla22cd":null,"ltla22nm":null,"ltla22nmw":null,"label":null,"stroke-opacity":"NA","stroke-width":4,"stroke":"#1A43A8","fill-opacity":"NA","fill":null,"LengthInMetres":36,"Title":"Kingston Road","Direction":"TwoWay","Flow":null,"Protection":null,"RoadOwnership":null,"YearBuilt":null,"Borough":"Kingston upon Thames"},"geometry":{"type":"LineString","coordinates":[[-0.2788127,51.37714],[-0.2785337,51.37687]]}},{"type":"Feature","properties":{"Name":null,"description":null,"timestamp":null,"begin":null,"end":null,"altitudeMode":null,"tessellate":"NA","extrude":"NA","visibility":"NA","drawOrder":"NA","icon":null,"ltla22cd":null,"ltla22nm":null,"ltla22nmw":null,"label":null,"stroke-opacity":"NA","stroke-width":4,"stroke":"#1A43A8","fill-opacity":"NA","fill":null,"LengthInMetres":25,"Title":"Kingston Road","Direction":"TwoWay","Flow":null,"Protection":null,"RoadOwnership":null,"YearBuilt":null,"Borough":"Kingston upon Thames"},"geometry":{"type":"LineString","coordinates":[[-0.2784157,51.37677],[-0.2782119,51.37659]]}},{"type":"Feature","properties":{"Name":null,"description":null,"timestamp":null,"begin":null,"end":null,"altitudeMode":null,"tessellate":"NA","extrude":"NA","visibility":"NA","drawOrder":"NA","icon":null,"ltla22cd":null,"ltla22nm":null,"ltla22nmw":null,"label":null,"stroke-opacity":"NA","stroke-width":4,"stroke":"#1A43A8","fill-opacity":"NA","fill":null,"LengthInMetres":72,"Title":"Kingston Road","Direction":"TwoWay","Flow":null,"Protection":null,"RoadOwnership":null,"YearBuilt":null,"Borough":"Kingston upon Thames"},"geometry":{"type":"LineString","coordinates":[[-0.2780724,51.37647],[-0.277493,51.37593]]}},{"type":"Feature","properties":{"Name":null,"description":null,"timestamp":null,"begin":null,"end":null,"altitudeMode":null,"tessellate":"NA","extrude":"NA","visibility":"NA","drawOrder":"NA","icon":null,"ltla22cd":null,"ltla22nm":null,"ltla22nmw":null,"label":null,"stroke-opacity":"NA","stroke-width":4,"stroke":"#1A43A8","fill-opacity":"NA","fill":null,"LengthInMetres":464,"Title":"Kingston Road","Direction":"TwoWay","Flow":null,"Protection":null,"RoadOwnership":null,"YearBuilt":null,"Borough":"Kingston upon Thames"},"geometry":{"type":"LineString","coordinates":[[-0.2768922,51.37535],[-0.2760446,51.37459],[-0.2750576,51.3737],[-0.2740062,51.37276],[-0.2733517,51.37237],[-0.2728474,51.37218],[-0.2727286,51.37215]]}},{"type":"Feature","properties":{"Name":null,"description":null,"timestamp":null,"begin":null,"end":null,"altitudeMode":null,"tessellate":"NA","extrude":"NA","visibility":"NA","drawOrder":"NA","icon":null,"ltla22cd":null,"ltla22nm":null,"ltla22nmw":null,"label":null,"stroke-opacity":"NA","stroke-width":2,"stroke":"#1A43A8","fill-opacity":"NA","fill":null,"LengthInMetres":65,"Title":"King Charles Road","Direction":"OneWay","Flow":null,"Protection":null,"RoadOwnership":null,"YearBuilt":null,"Borough":"Kingston upon Thames"},"geometry":{"type":"LineString","coordinates":[[-0.2967431,51.39568],[-0.2965177,51.39542],[-0.2962924,51.39517]]}},{"type":"Feature","properties":{"Name":null,"description":null,"timestamp":null,"begin":null,"end":null,"altitudeMode":null,"tessellate":"NA","extrude":"NA","visibility":"NA","drawOrder":"NA","icon":null,"ltla22cd":null,"ltla22nm":null,"ltla22nmw":null,"label":null,"stroke-opacity":"NA","stroke-width":2,"stroke":"#1A43A8","fill-opacity":"NA","fill":null,"LengthInMetres":80,"Title":"Fife Road","Direction":"OneWay","Flow":null,"Protection":null,"RoadOwnership":null,"YearBuilt":null,"Borough":"Kingston upon Thames"},"geometry":{"type":"LineString","coordinates":[[-0.3011828,51.41227],[-0.3012914,51.41212],[-0.301345,51.41208],[-0.3014148,51.41205],[-0.3015301,51.41203],[-0.302096,51.41191]]}},{"type":"Feature","properties":{"Name":null,"description":null,"timestamp":null,"begin":null,"end":null,"altitudeMode":null,"tessellate":"NA","extrude":"NA","visibility":"NA","drawOrder":"NA","icon":null,"ltla22cd":null,"ltla22nm":null,"ltla22nmw":null,"label":null,"stroke-opacity":"NA","stroke-width":4,"stroke":"#1A43A8","fill-opacity":"NA","fill":null,"LengthInMetres":146,"Title":"Springfield Road","Direction":"TwoWay","Flow":null,"Protection":null,"RoadOwnership":null,"YearBuilt":null,"Borough":"Kingston upon Thames"},"geometry":{"type":"LineString","coordinates":[[-0.3007744,51.40573],[-0.3008549,51.40532],[-0.3009729,51.40468],[-0.3010265,51.40443]]}},{"type":"Feature","properties":{"Name":null,"description":null,"timestamp":null,"begin":null,"end":null,"altitudeMode":null,"tessellate":"NA","extrude":"NA","visibility":"NA","drawOrder":"NA","icon":null,"ltla22cd":null,"ltla22nm":null,"ltla22nmw":null,"label":null,"stroke-opacity":"NA","stroke-width":4,"stroke":"#1A43A8","fill-opacity":"NA","fill":null,"LengthInMetres":120,"Title":"Kingston Station","Direction":"TwoWay","Flow":null,"Protection":null,"RoadOwnership":null,"YearBuilt":null,"Borough":"Kingston upon Thames"},"geometry":{"type":"LineString","coordinates":[[-0.3031244,51.4129],[-0.3022427,51.41281],[-0.3019316,51.41271],[-0.3014748,51.41261]]}},{"type":"Feature","properties":{"Name":null,"description":null,"timestamp":null,"begin":null,"end":null,"altitudeMode":null,"tessellate":"NA","extrude":"NA","visibility":"NA","drawOrder":"NA","icon":null,"ltla22cd":null,"ltla22nm":null,"ltla22nmw":null,"label":null,"stroke-opacity":"NA","stroke-width":4,"stroke":"#1A43A8","fill-opacity":"NA","fill":null,"LengthInMetres":125,"Title":"Kingston Bridge","Direction":"TwoWay","Flow":null,"Protection":null,"RoadOwnership":null,"YearBuilt":null,"Borough":"Kingston upon Thames"},"geometry":{"type":"LineString","coordinates":[[-0.3070832,51.41111],[-0.307102,51.41107],[-0.307153,51.41106],[-0.3072468,51.41106],[-0.3073649,51.41105],[-0.3074587,51.41105],[-0.3077565,51.41107],[-0.3079684,51.41105],[-0.3083197,51.41107],[-0.3088231,51.41111]]}},{"type":"Feature","properties":{"Name":null,"description":null,"timestamp":null,"begin":null,"end":null,"altitudeMode":null,"tessellate":"NA","extrude":"NA","visibility":"NA","drawOrder":"NA","icon":null,"ltla22cd":null,"ltla22nm":null,"ltla22nmw":null,"label":null,"stroke-opacity":"NA","stroke-width":4,"stroke":"#1A43A8","fill-opacity":"NA","fill":null,"LengthInMetres":91,"Title":"Wood Street","Direction":"TwoWay","Flow":null,"Protection":null,"RoadOwnership":null,"YearBuilt":null,"Borough":"Kingston upon Thames"},"geometry":{"type":"LineString","coordinates":[[-0.3056121,51.41186],[-0.3055584,51.41198],[-0.3054833,51.41211],[-0.3053975,51.41224],[-0.3052419,51.41241],[-0.3051078,51.41253],[-0.3050354,51.41259]]}},{"type":"Feature","properties":{"Name":null,"description":null,"timestamp":null,"begin":null,"end":null,"altitudeMode":null,"tessellate":"NA","extrude":"NA","visibility":"NA","drawOrder":"NA","icon":null,"ltla22cd":null,"ltla22nm":null,"ltla22nmw":null,"label":null,"stroke-opacity":"NA","stroke-width":2,"stroke":"#1A43A8","fill-opacity":"NA","fill":null,"LengthInMetres":86,"Title":"King Charles Road","Direction":"OneWay","Flow":null,"Protection":null,"RoadOwnership":null,"YearBuilt":null,"Borough":"Kingston upon Thames"},"geometry":{"type":"LineString","coordinates":[[-0.2874336,51.3829],[-0.287396,51.38295],[-0.2874067,51.38303],[-0.2874175,51.38307],[-0.2875113,51.38321],[-0.2875945,51.38328],[-0.2876401,51.38334],[-0.2877447,51.38344],[-0.2878761,51.38359]]}},{"type":"Feature","properties":{"Name":null,"description":null,"timestamp":null,"begin":null,"end":null,"altitudeMode":null,"tessellate":"NA","extrude":"NA","visibility":"NA","drawOrder":"NA","icon":null,"ltla22cd":null,"ltla22nm":null,"ltla22nmw":null,"label":null,"stroke-opacity":"NA","stroke-width":4,"stroke":"#1A43A8","fill-opacity":"NA","fill":null,"LengthInMetres":217,"Title":"Eden Street - RB Kingston","Direction":"TwoWay","Flow":null,"Protection":null,"RoadOwnership":null,"YearBuilt":null,"Borough":"Kingston upon Thames"},"geometry":{"type":"LineString","coordinates":[[-0.3011095,51.41088],[-0.3017436,51.41073],[-0.302044,51.41058],[-0.3023766,51.41012],[-0.3029882,51.40944]]}}]}