{"type":"FeatureCollection","features":[{"type":"Feature","properties":{"Name":"Lewisham","description":null,"timestamp":null,"begin":null,"end":null,"altitudeMode":null,"tessellate":-1,"extrude":0,"visibility":-1,"drawOrder":"NA","icon":null,"ltla22cd":"E09000023","ltla22nm":"Lewisham","ltla22nmw":null,"label":"E92000001E12000007E09000023","stroke-opacity":0.2,"stroke-width":0.25,"stroke":"#FF7043","fill-opacity":0.1,"fill":"#FF7043","LengthInMetres":7574,"Title":null,"Direction":null,"Flow":null,"Protection":null,"RoadOwnership":null,"YearBuilt":null,"Borough":null},"geometry":{"type":"Polygon","coordinates":[[[-0.0543303,51.4236899],[-0.0544038,51.4236929],[-0.0544164,51.4236934],[-0.0544385,51.4236942],[-0.0547604,51.4237074],[-0.0547674,51.4237077],[-0.0547783,51.4237081],[-0.0548319,51.4237103],[-0.0548434,51.4236849],[-0.0548767,51.4236108],[-0.0548937,51.4235732],[-0.0549371,51.4234768],[-0.0549389,51.4234728],[-0.0549657,51.4234133],[-0.0550498,51.4232264],[-0.0550542,51.4232167],[-0.0550848,51.4231487],[-0.0551063,51.4231009],[-0.0551102,51.4230923],[-0.0551127,51.4230868],[-0.0551297,51.4230489],[-0.0551489,51.4230064],[-0.0551497,51.4230036],[-0.0551613,51.4229788],[-0.0557869,51.4230803],[-0.0558446,51.4229855],[-0.0558626,51.4229555],[-0.055867,51.4229554],[-0.0558968,51.4229559],[-0.0559374,51.4229567],[-0.0562039,51.4229615],[-0.0564297,51.4229657],[-0.0564503,51.422966],[-0.0565647,51.4229636],[-0.0566064,51.4229628],[-0.0566752,51.4229613],[-0.0569621,51.4229793],[-0.0569968,51.4229853],[-0.0573241,51.4230424],[-0.0573354,51.4230443],[-0.057389,51.423054],[-0.0575125,51.4230752],[-0.0576913,51.4231063],[-0.0577483,51.4231163],[-0.0580397,51.4231672],[-0.0580952,51.4231768],[-0.0581267,51.4231823],[-0.0581938,51.4231952],[-0.0581755,51.4232229],[-0.0581561,51.4232523],[-0.0581528,51.4232572],[-0.0581484,51.4232638],[-0.0581329,51.423287],[-0.0581119,51.4233183],[-0.0585945,51.4234755],[-0.0587384,51.4235228],[-0.0587779,51.4235352],[-0.05888,51.4235685],[-0.0589679,51.4235971],[-0.0589729,51.4235988],[-0.0590683,51.4236298],[-0.0590991,51.4236399],[-0.0591149,51.423645],[-0.0591971,51.4236718],[-0.0592259,51.4236812],[-0.0593281,51.4237145],[-0.059334,51.4237164],[-0.0593787,51.4237309],[-0.0593982,51.4237373],[-0.0594085,51.4237406],[-0.0594669,51.4237597],[-0.0595061,51.4237724],[-0.0597108,51.4238391],[-0.0597622,51.4238593],[-0.0598263,51.4238844],[-0.0599679,51.4239398],[-0.0601483,51.4240105],[-0.0601923,51.4240277],[-0.0603283,51.424081],[-0.0603709,51.4240977],[-0.0604086,51.4241115],[-0.0605525,51.4241688],[-0.0607662,51.4242525],[-0.0609536,51.4243258],[-0.0611396,51.4243987],[-0.0613747,51.4244908],[-0.0613789,51.4244924],[-0.0614264,51.424511],[-0.0614413,51.4246281],[-0.0614513,51.424707],[-0.0614364,51.424727],[-0.0613989,51.424777],[-0.0614278,51.4247894],[-0.0614577,51.4248025],[-0.0615325,51.4248345],[-0.0616797,51.424898],[-0.062038,51.425036],[-0.0621416,51.4250685],[-0.0622388,51.4250997],[-0.0623272,51.4251269],[-0.0624954,51.4251535],[-0.0625003,51.4251542],[-0.062541,51.4251607],[-0.0625695,51.4251652],[-0.0625735,51.4251658],[-0.0625912,51.4251686],[-0.0626005,51.4251701],[-0.0626048,51.4251708],[-0.0627073,51.425187],[-0.0627225,51.4251893],[-0.0627281,51.4251902],[-0.0628148,51.4252039],[-0.0630673,51.4252241],[-0.0631207,51.4252284],[-0.063477,51.4252569],[-0.0634903,51.4253019],[-0.063608,51.4253032],[-0.0636142,51.4253033],[-0.0640545,51.4253082],[-0.0640994,51.4253087],[-0.0643868,51.4253119],[-0.0643917,51.4253119],[-0.0644204,51.4252416],[-0.0644297,51.4252189],[-0.0644841,51.4250862],[-0.0644851,51.4250835],[-0.0645009,51.4250449],[-0.0645197,51.4249987],[-0.064524,51.424988],[-0.0645736,51.42502],[-0.0646197,51.4250498],[-0.0646237,51.4250524],[-0.0646369,51.4250609],[-0.0647472,51.4251326],[-0.0648277,51.4251849],[-0.0648399,51.4251929],[-0.0649317,51.4252148],[-0.0650734,51.425248],[-0.0650945,51.425253],[-0.0654491,51.425285],[-0.0654843,51.425285],[-0.0655354,51.425285],[-0.0655728,51.4252848],[-0.0655878,51.4252848],[-0.0657793,51.425284],[-0.0657877,51.425284],[-0.0658151,51.4252838],[-0.0658188,51.4252806],[-0.0658854,51.4252234],[-0.0659256,51.4251889],[-0.0659758,51.4251457],[-0.0660637,51.4250703],[-0.066189,51.4251141],[-0.0662825,51.4251472],[-0.0663416,51.4251681],[-0.0663479,51.4251703],[-0.0665759,51.425251],[-0.0665835,51.4252537],[-0.0667057,51.4252969],[-0.0667274,51.4253046],[-0.0668964,51.4253644],[-0.0670132,51.4254057],[-0.0670616,51.4254229],[-0.0670887,51.4254338],[-0.0672213,51.425487],[-0.0672922,51.4255156],[-0.0674777,51.4255901],[-0.0674854,51.4255932],[-0.0676669,51.4256662],[-0.0678227,51.4257288],[-0.0678451,51.4257377],[-0.0678533,51.425741],[-0.0679684,51.4257871],[-0.0679789,51.4257913],[-0.0679824,51.4257927],[-0.0679299,51.4258611],[-0.0678991,51.4259008],[-0.0680249,51.4259163],[-0.0680323,51.4259172],[-0.0680823,51.4259236],[-0.0682535,51.4259444],[-0.068265,51.4259458],[-0.0684419,51.4259675],[-0.0686629,51.4259947],[-0.0686655,51.4259908],[-0.0686896,51.4259536],[-0.068703,51.425933],[-0.0687168,51.4259117],[-0.0687369,51.4258809],[-0.0687709,51.4257809],[-0.0687954,51.4257089],[-0.0688387,51.4256524],[-0.0688435,51.4256461],[-0.0688509,51.4256364],[-0.0688708,51.4256105],[-0.0688743,51.425606],[-0.0690475,51.4256718],[-0.0691851,51.4257243],[-0.069232,51.4257422],[-0.0695765,51.4258811],[-0.0696076,51.4258937],[-0.0696488,51.4259058],[-0.0696561,51.425908],[-0.0698804,51.4259742],[-0.0698901,51.425977],[-0.0699812,51.4260039],[-0.0700083,51.4260119],[-0.0700669,51.4260292],[-0.0702243,51.4260756],[-0.070404,51.426131],[-0.0704348,51.4261408],[-0.0704439,51.4261438],[-0.0704506,51.4261459],[-0.0704856,51.4261568],[-0.0705283,51.4261697],[-0.0705718,51.4261807],[-0.0706154,51.4261917],[-0.0706257,51.4261937],[-0.0706648,51.426202],[-0.0707359,51.4262138],[-0.0708072,51.4262237],[-0.0708763,51.4262317],[-0.0708989,51.426234],[-0.0709122,51.4262353],[-0.0709658,51.4262407],[-0.0710545,51.4262477],[-0.0710821,51.4262492],[-0.071098,51.4262501],[-0.0711263,51.4262517],[-0.071199,51.4262547],[-0.0712704,51.4262567],[-0.0712959,51.4262581],[-0.0714466,51.4262664],[-0.071467,51.4262675],[-0.0716197,51.4262759],[-0.0716451,51.4262773],[-0.0716871,51.4262796],[-0.0717896,51.4262857],[-0.0717982,51.4262863],[-0.0718547,51.4262897],[-0.0720355,51.4262824],[-0.072185,51.4262764],[-0.0721972,51.4262759],[-0.0722275,51.4262747],[-0.0722659,51.4262721],[-0.0725909,51.4262499],[-0.0726822,51.4262437],[-0.0728347,51.4262333],[-0.0728986,51.4262289],[-0.0729172,51.4262277],[-0.0730985,51.4262153],[-0.0731037,51.4262152],[-0.0731937,51.4262138],[-0.0731984,51.4262137],[-0.0732105,51.4262134],[-0.0732857,51.4262116],[-0.0733297,51.4262096],[-0.073373,51.4262077],[-0.0734213,51.4262049],[-0.073439,51.4262039],[-0.0734604,51.4262027],[-0.0734804,51.4262013],[-0.0735274,51.4261981],[-0.0735479,51.4261967],[-0.0736267,51.4261895],[-0.0736355,51.4261887],[-0.0736436,51.4261878],[-0.0737212,51.4261797],[-0.0737557,51.4261758],[-0.0737655,51.4261747],[-0.0738125,51.4261697],[-0.0738298,51.4261671],[-0.0738604,51.4261626],[-0.0739083,51.4261566],[-0.0739445,51.4261516],[-0.0739378,51.4261788],[-0.0739312,51.4262055],[-0.0739304,51.4262087],[-0.0739313,51.4262138],[-0.0739328,51.4262225],[-0.0739637,51.4263981],[-0.0739855,51.4265225],[-0.0739949,51.4265507],[-0.0739984,51.4265613],[-0.0740256,51.4266432],[-0.0740541,51.4267287],[-0.0740816,51.4268115],[-0.0740829,51.4268154],[-0.0741018,51.4268723],[-0.0741049,51.4268816],[-0.0741063,51.4268858],[-0.0741118,51.4269025],[-0.0741342,51.4269698],[-0.0741361,51.4269756],[-0.0741559,51.4270352],[-0.0741667,51.4270676],[-0.0741768,51.4270916],[-0.0741951,51.4271351],[-0.0742175,51.4271885],[-0.0742534,51.4272737],[-0.0743269,51.4274485],[-0.0743984,51.4275273],[-0.0744009,51.4275301],[-0.074403,51.4275324],[-0.0744276,51.4275595],[-0.0744297,51.4275618],[-0.0744364,51.4275692],[-0.0744902,51.4276285],[-0.0745015,51.4276462],[-0.0745145,51.4276665],[-0.0745244,51.4276818],[-0.0745572,51.427733],[-0.0745747,51.4277603],[-0.0745825,51.4277725],[-0.0745881,51.4277813],[-0.0746414,51.4278643],[-0.0746531,51.4278825],[-0.0746577,51.4278896],[-0.0746621,51.4278965],[-0.074705,51.4279634],[-0.0747323,51.4280061],[-0.0747973,51.4281073],[-0.0748398,51.4281835],[-0.0748683,51.4282346],[-0.074935,51.4283539],[-0.0749453,51.4283724],[-0.0750201,51.4285336],[-0.0750302,51.4285553],[-0.0750682,51.428696],[-0.0750946,51.4287943],[-0.0750873,51.4288561],[-0.0750635,51.4290524],[-0.0750583,51.4290945],[-0.0750558,51.4291158],[-0.075048,51.4291794],[-0.0750219,51.4292995],[-0.075018,51.429317],[-0.0750167,51.4293231],[-0.0750027,51.4293874],[-0.0749712,51.4295322],[-0.0749314,51.4296463],[-0.0749296,51.4296514],[-0.0749163,51.4296895],[-0.0748955,51.4297493],[-0.074824,51.4298368],[-0.0748069,51.4298577],[-0.074745,51.4299336],[-0.0747417,51.4299377],[-0.0746979,51.4299899],[-0.0746172,51.43009],[-0.0746083,51.4301009],[-0.0745737,51.4301433],[-0.0745233,51.430205],[-0.0745152,51.430215],[-0.0744054,51.4303494],[-0.0744023,51.4303531],[-0.0743234,51.4304497],[-0.0742818,51.4305007],[-0.0742751,51.4305089],[-0.0741577,51.4306526],[-0.0740804,51.4307473],[-0.0740679,51.4307626],[-0.0739885,51.4308598],[-0.0739836,51.4308658],[-0.0739329,51.4309278],[-0.073871,51.4310036],[-0.0738638,51.4310125],[-0.0738608,51.4310161],[-0.0738326,51.4310507],[-0.0738301,51.4310537],[-0.0737446,51.4311584],[-0.0737331,51.4311725],[-0.0736624,51.431259],[-0.0736597,51.4312624],[-0.0735864,51.4313521],[-0.0735194,51.4314199],[-0.07349,51.4314497],[-0.0734406,51.4314997],[-0.0734371,51.4315033],[-0.0732823,51.43166],[-0.0732487,51.431694],[-0.0732168,51.4317263],[-0.0731737,51.43177],[-0.0731361,51.431808],[-0.0731329,51.4318113],[-0.0730799,51.4318649],[-0.0730401,51.4319053],[-0.0730108,51.4319349],[-0.0729942,51.4319517],[-0.0729083,51.4320386],[-0.0728774,51.43207],[-0.0728694,51.4320784],[-0.0728595,51.4320881],[-0.0727085,51.4322359],[-0.0726297,51.432292],[-0.0725394,51.432345],[-0.0724664,51.43238],[-0.0724621,51.432382],[-0.0724558,51.4323845],[-0.0724513,51.4323862],[-0.0723846,51.432412],[-0.0723218,51.4324291],[-0.0722154,51.432458],[-0.0721323,51.4324724],[-0.0720768,51.432482],[-0.0719795,51.4324824],[-0.0719148,51.4324827],[-0.0718898,51.4324828],[-0.0718096,51.4324831],[-0.0717951,51.4324832],[-0.0717717,51.4324833],[-0.0716786,51.4324837],[-0.0716739,51.4324837],[-0.0716134,51.4324839],[-0.0716083,51.432484],[-0.071602,51.4324836],[-0.0715577,51.4324814],[-0.071523,51.4324796],[-0.0714956,51.4324782],[-0.0713507,51.4324707],[-0.0713346,51.4324699],[-0.0713233,51.432469],[-0.0713149,51.4324682],[-0.0712787,51.4324652],[-0.0711097,51.4324509],[-0.071055,51.4324496],[-0.0710482,51.4324494],[-0.0709427,51.4324469],[-0.0707975,51.4324534],[-0.0707844,51.432454],[-0.0707502,51.4324556],[-0.0706967,51.432458],[-0.0706199,51.4324676],[-0.070393,51.432496],[-0.0703012,51.4325113],[-0.0702901,51.4325132],[-0.0702853,51.432514],[-0.0701892,51.43253],[-0.0701268,51.4325423],[-0.0700018,51.4325669],[-0.0699861,51.43257],[-0.0698141,51.4326113],[-0.0696917,51.4326407],[-0.0696237,51.432657],[-0.0695789,51.4326691],[-0.0695309,51.432682],[-0.069373,51.4327328],[-0.0692569,51.4327701],[-0.0692493,51.4327726],[-0.0691935,51.4327905],[-0.069187,51.4327926],[-0.0690214,51.4328459],[-0.0689918,51.4328567],[-0.0689751,51.4328628],[-0.0689066,51.4328878],[-0.0686058,51.4329976],[-0.0686022,51.4329989],[-0.0684796,51.4330632],[-0.0684251,51.4330918],[-0.0683655,51.433123],[-0.0683592,51.4331264],[-0.0678105,51.433414],[-0.0677535,51.433444],[-0.0675664,51.4335209],[-0.0675585,51.4335242],[-0.0671526,51.4336912],[-0.0670466,51.4337465],[-0.066887,51.4338297],[-0.066881,51.4338328],[-0.0667096,51.4339222],[-0.0665526,51.4340297],[-0.0665026,51.4340639],[-0.0661902,51.434278],[-0.0661452,51.4343088],[-0.0660446,51.4343919],[-0.0659834,51.4344484],[-0.0659744,51.4344568],[-0.0659226,51.4345156],[-0.0659167,51.4345223],[-0.0659092,51.4345307],[-0.0658727,51.4345804],[-0.0658348,51.4346318],[-0.0658096,51.4346719],[-0.0657895,51.4347037],[-0.065763,51.4347586],[-0.0657162,51.4348553],[-0.0657073,51.4348737],[-0.065705,51.4348785],[-0.0656082,51.4350787],[-0.0654829,51.435295],[-0.0654799,51.4353001],[-0.0654669,51.4353226],[-0.0654152,51.4354117],[-0.065392,51.4354477],[-0.0653886,51.4354529],[-0.0653643,51.4354906],[-0.0653602,51.435497],[-0.0653581,51.4355002],[-0.0653265,51.4355491],[-0.0651727,51.4357875],[-0.0651645,51.4357989],[-0.0650864,51.4359193],[-0.0650135,51.4360129],[-0.0650026,51.4360275],[-0.0649899,51.4360454],[-0.0648017,51.4362887],[-0.0647171,51.4364627],[-0.0646126,51.4366776],[-0.064561,51.4367926],[-0.0645556,51.4368082],[-0.0645311,51.4368836],[-0.0644952,51.4369438],[-0.0644838,51.4369629],[-0.0644808,51.436968],[-0.0644691,51.4369876],[-0.0644209,51.4370407],[-0.064416,51.4370453],[-0.0643667,51.4370915],[-0.0642543,51.4371687],[-0.0642477,51.4371733],[-0.0642095,51.4371918],[-0.064201,51.4371959],[-0.0641582,51.4372165],[-0.0639828,51.4372825],[-0.0639778,51.4372849],[-0.0638752,51.4373355],[-0.0638094,51.437368],[-0.0636814,51.4374312],[-0.0636731,51.4374353],[-0.0636106,51.4374661],[-0.063592,51.4374753],[-0.0635511,51.4374955],[-0.0635399,51.4375008],[-0.0634881,51.4375251],[-0.0634575,51.4375399],[-0.063457,51.4375808],[-0.0634566,51.4376178],[-0.0634565,51.4376265],[-0.0634746,51.437655],[-0.0635403,51.4377589],[-0.063545,51.4377665],[-0.0635576,51.4377795],[-0.063565,51.4377872],[-0.0635783,51.437801],[-0.0637009,51.4379285],[-0.0637047,51.4379626],[-0.0637088,51.4379954],[-0.0637096,51.4380017],[-0.0637108,51.4380122],[-0.0637119,51.4380214],[-0.0637128,51.4380292],[-0.0637174,51.4380684],[-0.0637259,51.4381405],[-0.063734,51.4382094],[-0.0637351,51.4382538],[-0.0637363,51.438306],[-0.0637378,51.4383708],[-0.0637391,51.4384286],[-0.0637405,51.4384874],[-0.0637407,51.4384959],[-0.0637427,51.4385806],[-0.0637428,51.4385839],[-0.0637448,51.4386723],[-0.0637464,51.4387371],[-0.0637466,51.4387461],[-0.0637485,51.4388291],[-0.0637498,51.4388869],[-0.0637502,51.4389035],[-0.0637523,51.4389904],[-0.0637571,51.4390444],[-0.0637588,51.4390645],[-0.0637624,51.4391048],[-0.0637677,51.4391645],[-0.0637766,51.4392643],[-0.06378,51.4393032],[-0.0637804,51.4393068],[-0.0637809,51.4393126],[-0.0637817,51.4393223],[-0.0637842,51.4393495],[-0.0637915,51.4394323],[-0.063795,51.4394719],[-0.063801,51.4395393],[-0.0638053,51.4395617],[-0.0638346,51.439713],[-0.0638415,51.4397487],[-0.0638562,51.4398248],[-0.0638679,51.4398851],[-0.063876,51.4399271],[-0.0638766,51.4399304],[-0.0639111,51.4401085],[-0.0639193,51.4401508],[-0.0639207,51.4401581],[-0.0639242,51.4401762],[-0.0639312,51.4402127],[-0.0639325,51.4402191],[-0.0639391,51.4402536],[-0.0639407,51.4402619],[-0.063944,51.4402786],[-0.0639476,51.4402972],[-0.0639494,51.440307],[-0.0639824,51.4404774],[-0.0639913,51.4405235],[-0.0639953,51.4405439],[-0.0640001,51.4405686],[-0.0640022,51.4405797],[-0.0640086,51.4406128],[-0.0640106,51.4406234],[-0.0640144,51.4406427],[-0.0640167,51.4406547],[-0.0640184,51.4406633],[-0.0640192,51.4406674],[-0.0640508,51.4408311],[-0.0640541,51.4408481],[-0.0640649,51.4408508],[-0.0641026,51.4408599],[-0.0641438,51.4408699],[-0.0642368,51.4408926],[-0.0642802,51.4409031],[-0.0646706,51.4410081],[-0.0647453,51.4410393],[-0.0647685,51.4410489],[-0.0647936,51.4410594],[-0.0649258,51.4411146],[-0.0649564,51.4411277],[-0.0650262,51.4411575],[-0.065002,51.4411805],[-0.064999,51.4411831],[-0.0649159,51.4412587],[-0.064859,51.4413105],[-0.0647437,51.4414154],[-0.0646133,51.441534],[-0.0643852,51.4417465],[-0.0643717,51.441759],[-0.0642772,51.441847],[-0.0642188,51.441909],[-0.0641658,51.4419719],[-0.0641459,51.4420024],[-0.0641425,51.4420076],[-0.0640836,51.4420978],[-0.064032,51.4422021],[-0.0639711,51.4423251],[-0.0639034,51.4424618],[-0.0638716,51.4425259],[-0.0638501,51.4425797],[-0.0638483,51.4425842],[-0.0638427,51.4425983],[-0.0638405,51.4426037],[-0.0638335,51.4426213],[-0.0637819,51.4427504],[-0.0637757,51.4427658],[-0.0637733,51.4427719],[-0.0637668,51.442788],[-0.0637349,51.4428679],[-0.0637322,51.4428861],[-0.0637272,51.4429208],[-0.0637267,51.4429245],[-0.0637255,51.4429333],[-0.0637157,51.4430009],[-0.0637142,51.4430117],[-0.0637014,51.4431002],[-0.0636943,51.4431497],[-0.0636915,51.4431692],[-0.0636906,51.4431757],[-0.0636773,51.443268],[-0.0636695,51.4433219],[-0.0636689,51.4433265],[-0.0636648,51.4433549],[-0.0636668,51.4433737],[-0.0636674,51.4433786],[-0.0636677,51.4433816],[-0.0636721,51.4434223],[-0.0636726,51.4434269],[-0.0636838,51.4435298],[-0.0636845,51.4435367],[-0.0636873,51.443562],[-0.0636919,51.4436044],[-0.0636922,51.4436076],[-0.0636937,51.4436213],[-0.0636986,51.4436667],[-0.063703,51.4437065],[-0.0637094,51.4437662],[-0.0637101,51.4437723],[-0.0637176,51.4438417],[-0.0637221,51.4438826],[-0.0637226,51.4438878],[-0.0637248,51.4439079],[-0.0637358,51.4440094],[-0.0637383,51.4440322],[-0.0637411,51.4440583],[-0.0637411,51.4440641],[-0.0637476,51.4441179],[-0.0637481,51.4441227],[-0.0637515,51.4441538],[-0.0637431,51.4442373],[-0.0637376,51.4442918],[-0.0637363,51.4443046],[-0.0637348,51.4443195],[-0.0637287,51.4443799],[-0.063726,51.4444067],[-0.0637219,51.4444474],[-0.0637174,51.4444917],[-0.0637128,51.4445376],[-0.0637091,51.4445515],[-0.0637009,51.4445819],[-0.063693,51.4446114],[-0.0636724,51.4446878],[-0.0636564,51.4447476],[-0.063651,51.4447675],[-0.0636402,51.4448078],[-0.0636342,51.4448255],[-0.0636294,51.4448393],[-0.0636127,51.4448883],[-0.0636115,51.4448917],[-0.0636045,51.4449123],[-0.0635837,51.4449733],[-0.0635825,51.4449769],[-0.0635543,51.4450593],[-0.0635448,51.4450872],[-0.0635318,51.4451254],[-0.0635123,51.4451823],[-0.0635104,51.4451879],[-0.0634852,51.4452617],[-0.0634836,51.4452658],[-0.0634488,51.4453525],[-0.0634425,51.4453682],[-0.0634025,51.445468],[-0.0633899,51.4454993],[-0.0633792,51.4455262],[-0.0633665,51.4455576],[-0.063364,51.4455638],[-0.0633601,51.4455734],[-0.0633153,51.445683],[-0.0633017,51.4457163],[-0.0632811,51.445767],[-0.0632554,51.44583],[-0.0632461,51.4458526],[-0.0632308,51.445884],[-0.0631947,51.4459581],[-0.0631906,51.4459664],[-0.063162,51.4460249],[-0.0631057,51.4461404],[-0.0630842,51.4461841],[-0.0630796,51.4461909],[-0.0630757,51.4461964],[-0.0630468,51.4462382],[-0.0629704,51.4463483],[-0.0629016,51.4464476],[-0.0628922,51.4464621],[-0.0628547,51.4465197],[-0.0628438,51.4465364],[-0.0627734,51.4466446],[-0.0627713,51.4466479],[-0.062743,51.4466914],[-0.0627177,51.4467302],[-0.0627004,51.4467568],[-0.0626607,51.4468178],[-0.0626404,51.4468489],[-0.0625795,51.4469424],[-0.0625698,51.4469575],[-0.0625392,51.4469892],[-0.0624941,51.4470359],[-0.0624236,51.4471089],[-0.0624163,51.4471165],[-0.062392,51.4471417],[-0.062363,51.4471717],[-0.0623456,51.4471898],[-0.062343,51.4471924],[-0.0622629,51.4472962],[-0.0622242,51.4473469],[-0.0622211,51.4473509],[-0.0621966,51.447383],[-0.0621596,51.4474314],[-0.0621141,51.4474909],[-0.062099,51.4475098],[-0.0620794,51.4475354],[-0.0620744,51.4475406],[-0.0620474,51.4475687],[-0.0620253,51.4475916],[-0.0620087,51.4476089],[-0.0619956,51.4476224],[-0.0619866,51.4476318],[-0.0619053,51.4477163],[-0.0618282,51.4477964],[-0.0617984,51.4478193],[-0.0617683,51.4478425],[-0.061666,51.4479214],[-0.0616506,51.4479333],[-0.0616271,51.4479513],[-0.0615972,51.4479744],[-0.0615709,51.4479947],[-0.0615193,51.4480345],[-0.0614581,51.4480816],[-0.0614151,51.4481147],[-0.0613846,51.4481382],[-0.0613802,51.4481414],[-0.0612828,51.4482097],[-0.0612706,51.4482183],[-0.0612451,51.4482362],[-0.0612076,51.4482625],[-0.0610759,51.448355],[-0.06099,51.4484153],[-0.060973,51.4484272],[-0.0609439,51.4484401],[-0.0608841,51.4484665],[-0.0608592,51.4484775],[-0.0607071,51.4485448],[-0.0606582,51.4485664],[-0.0606466,51.4485715],[-0.0606237,51.4485816],[-0.0605136,51.4486303],[-0.060412,51.4486752],[-0.060159,51.448787],[-0.060037,51.4488407],[-0.0598358,51.4489299],[-0.0597671,51.4489602],[-0.0596787,51.4489993],[-0.0596136,51.4490319],[-0.059578,51.4490497],[-0.0595185,51.4490795],[-0.0594589,51.4491094],[-0.0592133,51.4492324],[-0.059062,51.4493082],[-0.0589608,51.4493622],[-0.0587736,51.4494622],[-0.0587632,51.4494677],[-0.0586893,51.4495072],[-0.0586204,51.4495622],[-0.0584497,51.4496863],[-0.0583924,51.449728],[-0.0583113,51.449787],[-0.0581006,51.4499402],[-0.0580739,51.44996],[-0.0580436,51.4499823],[-0.0580339,51.4499895],[-0.0579081,51.4500826],[-0.0575866,51.4503203],[-0.0575709,51.4503318],[-0.0575613,51.4503388],[-0.0575466,51.450333],[-0.057496,51.4503134],[-0.0570817,51.4501507],[-0.0570548,51.4501401],[-0.057047,51.4501371],[-0.0570109,51.4501229],[-0.0569172,51.4500861],[-0.056883,51.4500726],[-0.0567166,51.4500072],[-0.0565766,51.4499522],[-0.0565436,51.4499392],[-0.056501,51.4499221],[-0.0564154,51.4498878],[-0.0562719,51.4498296],[-0.0562157,51.449807],[-0.0561027,51.4497614],[-0.0560847,51.4497542],[-0.0559637,51.4497054],[-0.0559374,51.4496947],[-0.055932,51.4496926],[-0.0558716,51.4496682],[-0.0558488,51.449659],[-0.0557585,51.4496226],[-0.0556814,51.4495915],[-0.0556361,51.4495732],[-0.0555705,51.4495468],[-0.055479,51.4495099],[-0.0554355,51.4494923],[-0.0554271,51.4494886],[-0.0554237,51.4494872],[-0.0553979,51.4494759],[-0.0553647,51.4494615],[-0.0553186,51.4494414],[-0.0552996,51.4494332],[-0.0552844,51.4494266],[-0.0552469,51.4494102],[-0.0552331,51.4494042],[-0.0552126,51.4493953],[-0.055209,51.4493937],[-0.0550648,51.449331],[-0.0550611,51.4493294],[-0.0548432,51.4492345],[-0.0547687,51.4492021],[-0.0547484,51.4491933],[-0.0547374,51.449188],[-0.0547247,51.4491819],[-0.0546583,51.44915],[-0.0546226,51.4491328],[-0.0545852,51.4491148],[-0.0544949,51.4490714],[-0.0544654,51.4490573],[-0.0543469,51.4490003],[-0.0543338,51.448994],[-0.0542477,51.4489319],[-0.0541565,51.4488658],[-0.0541394,51.4488534],[-0.0540828,51.4488124],[-0.0540097,51.4487533],[-0.0539841,51.4487419],[-0.0539559,51.4487294],[-0.0539456,51.448727],[-0.0539164,51.4487201],[-0.0539087,51.4487183],[-0.0538526,51.4487141],[-0.0538294,51.4487123],[-0.0537892,51.4487093],[-0.0537177,51.4487138],[-0.0537085,51.4487144],[-0.053646,51.4487183],[-0.0535798,51.4487304],[-0.0535718,51.4487327],[-0.053468,51.4487623],[-0.0534642,51.4487634],[-0.0534413,51.4487676],[-0.0534348,51.4487689],[-0.0532139,51.4488103],[-0.0530698,51.4488373],[-0.0530474,51.4488444],[-0.0529916,51.4488621],[-0.0529088,51.4488883],[-0.0528993,51.4488913],[-0.0528125,51.4489188],[-0.0527994,51.4489229],[-0.052698,51.4489551],[-0.0526818,51.4489602],[-0.0526584,51.4489676],[-0.0525721,51.448995],[-0.0524856,51.4490224],[-0.0524492,51.4490339],[-0.0523081,51.4490786],[-0.0522494,51.4490971],[-0.0520676,51.4491547],[-0.0519147,51.4492032],[-0.0518602,51.4492204],[-0.0516381,51.4492908],[-0.0516318,51.4492927],[-0.0514033,51.4493651],[-0.0513963,51.4493673],[-0.0513826,51.4493717],[-0.0512022,51.4494288],[-0.0511887,51.4494331],[-0.0509544,51.4495073],[-0.0509425,51.4495112],[-0.0506834,51.449598],[-0.0506791,51.4495995],[-0.0503602,51.4497063],[-0.0503502,51.4497096],[-0.049936,51.4498483],[-0.0498999,51.4498599],[-0.049884,51.449865],[-0.0496279,51.4499472],[-0.0495773,51.4499634],[-0.0493661,51.4500312],[-0.0493368,51.4500396],[-0.0492321,51.4500697],[-0.0490874,51.4501113],[-0.0489652,51.4501177],[-0.0487579,51.4501285],[-0.0487223,51.4501304],[-0.0485982,51.4501206],[-0.0483612,51.4501019],[-0.0483065,51.4500975],[-0.0482386,51.4500921],[-0.0482146,51.4500901],[-0.0482028,51.4500891],[-0.0480344,51.4500834],[-0.0478502,51.4500592],[-0.0477588,51.4500515],[-0.0475885,51.4500325],[-0.0471276,51.4499811],[-0.0470289,51.4499701],[-0.0469413,51.4499604],[-0.046929,51.4499592],[-0.0467523,51.4499423],[-0.0465113,51.4499193],[-0.0463837,51.449903],[-0.0463256,51.4498956],[-0.0461516,51.4498733],[-0.0461466,51.4498802],[-0.0460483,51.4499935],[-0.0459466,51.4501105],[-0.0456941,51.4504011],[-0.045672,51.4504266],[-0.0456146,51.4504926],[-0.045595,51.4505151],[-0.0455475,51.4505698],[-0.0455286,51.4505916],[-0.045488,51.4506383],[-0.0454837,51.4506432],[-0.0454469,51.4506817],[-0.0454212,51.4507086],[-0.0453521,51.4507808],[-0.0453426,51.4507907],[-0.0452817,51.4508544],[-0.0452658,51.4508711],[-0.0451805,51.4509602],[-0.0451894,51.4510138],[-0.0451926,51.4510334],[-0.0451942,51.4510431],[-0.0451962,51.4510552],[-0.0451931,51.4510628],[-0.0451906,51.4510688],[-0.0451864,51.4510792],[-0.0451619,51.4511386],[-0.0451545,51.4511566],[-0.0451318,51.4512116],[-0.045125,51.4512283],[-0.0451158,51.451233],[-0.0450017,51.4512923],[-0.0449915,51.451295],[-0.0448753,51.4513253],[-0.0448584,51.4513428],[-0.0448417,51.4513602],[-0.0447374,51.4514687],[-0.0447176,51.4514893],[-0.0447052,51.4515022],[-0.0446897,51.4515183],[-0.0445546,51.4516589],[-0.0445464,51.4516674],[-0.0445081,51.4517072],[-0.0444832,51.4517355],[-0.0444469,51.4517767],[-0.0444431,51.4517811],[-0.044436,51.4517891],[-0.0444271,51.4517991],[-0.0444246,51.451802],[-0.0443993,51.4518307],[-0.044365,51.4518696],[-0.0443226,51.4519178],[-0.0443164,51.4519247],[-0.0442627,51.4519858],[-0.0441815,51.4520779],[-0.0441709,51.4520899],[-0.0441159,51.4521523],[-0.0440679,51.4522068],[-0.0440609,51.4522147],[-0.0440361,51.4522428],[-0.0439756,51.4523116],[-0.0439091,51.452387],[-0.043886,51.4524132],[-0.043858,51.4524438],[-0.0438453,51.4524576],[-0.0438335,51.4524705],[-0.0438184,51.452487],[-0.0437893,51.4525187],[-0.0437709,51.4525388],[-0.0436949,51.4526217],[-0.0436629,51.4526566],[-0.0435986,51.4527196],[-0.043592,51.452726],[-0.0435657,51.4527517],[-0.0435596,51.4527577],[-0.0434843,51.4528313],[-0.0434775,51.452838],[-0.0434437,51.452871],[-0.0434288,51.4528856],[-0.0433556,51.4529572],[-0.043197,51.4531123],[-0.0431904,51.4531183],[-0.0431763,51.4531235],[-0.0429891,51.4531919],[-0.0428672,51.4533491],[-0.042483,51.4538435],[-0.0424775,51.4538513],[-0.0424475,51.4538898],[-0.0423953,51.4539616],[-0.0423917,51.4539667],[-0.0423634,51.4540056],[-0.042332,51.4540488],[-0.0423231,51.454061],[-0.0422998,51.4540931],[-0.0422714,51.4541323],[-0.0422585,51.45415],[-0.0422561,51.4541533],[-0.0422212,51.4542013],[-0.0422027,51.4542269],[-0.042182,51.4542553],[-0.042147,51.4543035],[-0.0421156,51.4543468],[-0.0421122,51.4543514],[-0.042074,51.4544039],[-0.042046,51.4544425],[-0.0420436,51.4544458],[-0.0420394,51.4544516],[-0.042014,51.4544865],[-0.0419815,51.4545312],[-0.0419655,51.4545533],[-0.0419528,51.4545707],[-0.0419287,51.454604],[-0.0418871,51.4546612],[-0.0418742,51.4546789],[-0.0418655,51.454691],[-0.0418331,51.4547355],[-0.0418273,51.4547435],[-0.0418209,51.4547523],[-0.0417947,51.4547883],[-0.0417772,51.4548125],[-0.0417726,51.4548188],[-0.0417591,51.4548373],[-0.0417549,51.4548432],[-0.0417465,51.4548547],[-0.0416485,51.4549899],[-0.0418253,51.4550368],[-0.0418344,51.4550409],[-0.041963,51.4550988],[-0.0420997,51.4551638],[-0.0423005,51.4552659],[-0.0426337,51.4554352],[-0.0426554,51.4554463],[-0.0426916,51.4554646],[-0.0427468,51.4554927],[-0.0428433,51.4555528],[-0.0431376,51.4557359],[-0.0433532,51.4558702],[-0.0434522,51.4559318],[-0.0436533,51.4560416],[-0.0438907,51.4561712],[-0.0438995,51.4561761],[-0.0439612,51.4562098],[-0.0439674,51.4562132],[-0.0439786,51.4562193],[-0.0441151,51.4562938],[-0.0441227,51.456298],[-0.0441494,51.4563126],[-0.0441751,51.4563266],[-0.044263,51.4563746],[-0.044269,51.4563779],[-0.0443013,51.4563955],[-0.0443052,51.4563976],[-0.0443875,51.4564426],[-0.044401,51.45645],[-0.0444681,51.4564866],[-0.0444843,51.4564955],[-0.0446282,51.4565741],[-0.0446329,51.4565766],[-0.0446581,51.4565824],[-0.0446684,51.4565853],[-0.0447503,51.4566043],[-0.0448277,51.4566223],[-0.0449131,51.456642],[-0.0450649,51.4566773],[-0.0450762,51.4566798],[-0.0453078,51.4567331],[-0.0453232,51.4567363],[-0.0454306,51.4567611],[-0.0454537,51.4567664],[-0.0454979,51.4567766],[-0.0457867,51.4568398],[-0.045816,51.4568462],[-0.046174,51.4569244],[-0.0461631,51.4569576],[-0.0461621,51.4569605],[-0.0461048,51.4571215],[-0.0460697,51.4571394],[-0.0460347,51.4571573],[-0.0460027,51.4571737],[-0.0459787,51.4572286],[-0.045958,51.4572759],[-0.0459476,51.4572999],[-0.0459391,51.4573193],[-0.0459182,51.457367],[-0.0458879,51.4574365],[-0.0458689,51.4574799],[-0.045854,51.4575141],[-0.0458475,51.4575289],[-0.0458373,51.4575522],[-0.0458227,51.4575857],[-0.0458034,51.4576299],[-0.0457971,51.4576442],[-0.0457814,51.4576804],[-0.0457785,51.4576903],[-0.0457742,51.4577052],[-0.0457699,51.4577203],[-0.0457618,51.4577483],[-0.0457611,51.457751],[-0.0457494,51.4577916],[-0.0457479,51.4577968],[-0.0457461,51.4578033],[-0.0457358,51.4578389],[-0.0457232,51.4578828],[-0.0457218,51.4578879],[-0.045719,51.4578975],[-0.0457161,51.4579048],[-0.045703,51.4579382],[-0.0457009,51.4579436],[-0.0456872,51.4579782],[-0.0456807,51.4579946],[-0.0456726,51.4580152],[-0.0456691,51.4580242],[-0.0456642,51.4580364],[-0.04565,51.4580726],[-0.0456425,51.4580915],[-0.0456365,51.4581066],[-0.045622,51.4581434],[-0.0456161,51.4581584],[-0.0456108,51.458174],[-0.0455963,51.4582168],[-0.045594,51.4582236],[-0.0455874,51.458243],[-0.0455752,51.4582791],[-0.0455732,51.4582848],[-0.0455646,51.4583101],[-0.0455576,51.4583309],[-0.0455554,51.4583373],[-0.0455505,51.4583516],[-0.0455442,51.4583703],[-0.0455384,51.4583873],[-0.0455352,51.4583969],[-0.0455336,51.4584016],[-0.0455319,51.4584065],[-0.0455178,51.4584482],[-0.0455061,51.4584827],[-0.045486,51.4585418],[-0.0454845,51.4585464],[-0.0454678,51.4585955],[-0.0454655,51.4586022],[-0.0454459,51.4586601],[-0.0454369,51.4586852],[-0.045409,51.4587688],[-0.0453837,51.4588432],[-0.0453811,51.4588509],[-0.0453741,51.4588715],[-0.0453564,51.4589238],[-0.0453454,51.4589562],[-0.0453372,51.4589804],[-0.0453337,51.4589929],[-0.0453106,51.4590763],[-0.0453053,51.4590954],[-0.0452957,51.4591426],[-0.0452809,51.4592161],[-0.04527,51.4592698],[-0.0452555,51.4593421],[-0.0452498,51.4593702],[-0.0452425,51.4594063],[-0.0452393,51.4594317],[-0.0452369,51.4594581],[-0.0452281,51.459539],[-0.0452254,51.4595641],[-0.0452193,51.4596209],[-0.0452137,51.4596721],[-0.0452055,51.4597483],[-0.0451969,51.4598275],[-0.045187,51.4599289],[-0.0451963,51.4599354],[-0.0452584,51.4599797],[-0.0452518,51.4600127],[-0.0452488,51.460028],[-0.0452482,51.460031],[-0.045247,51.460037],[-0.0452199,51.4601733],[-0.045213,51.4602079],[-0.0452116,51.4602151],[-0.045197,51.4602881],[-0.0451946,51.4603002],[-0.045192,51.4603136],[-0.0451829,51.4603592],[-0.0451825,51.4603773],[-0.0451815,51.4604343],[-0.0451798,51.4605207],[-0.0451796,51.460533],[-0.0451793,51.4605463],[-0.0451784,51.4605942],[-0.0451779,51.4606241],[-0.0451795,51.4606625],[-0.0451821,51.4607237],[-0.0451823,51.4607282],[-0.0451832,51.4607504],[-0.045185,51.4607918],[-0.0451859,51.4608137],[-0.0451866,51.4608293],[-0.0451872,51.4608449],[-0.045191,51.4609328],[-0.0451911,51.4609369],[-0.0451913,51.460941],[-0.0451922,51.4609492],[-0.0451931,51.4609577],[-0.0452091,51.4611043],[-0.0452103,51.4611146],[-0.0452117,51.4611313],[-0.0452151,51.461162],[-0.0452238,51.461239],[-0.0452269,51.4612671],[-0.0452302,51.4613218],[-0.0452388,51.461462],[-0.0452409,51.4614967],[-0.0452417,51.4615085],[-0.0452418,51.4615115],[-0.0452441,51.4615475],[-0.0452444,51.4615537],[-0.0452453,51.4615672],[-0.0452459,51.4615771],[-0.0452496,51.4616376],[-0.0452502,51.4616476],[-0.0452525,51.4616859],[-0.0452537,51.4617055],[-0.0452539,51.4617086],[-0.0452562,51.4617458],[-0.0452588,51.4617878],[-0.0452643,51.4618788],[-0.0452656,51.4618988],[-0.0452672,51.4619249],[-0.0452681,51.4619409],[-0.0452927,51.4620847],[-0.0452991,51.4621219],[-0.0453163,51.4622252],[-0.0453176,51.4622296],[-0.0453186,51.4622359],[-0.0453253,51.4622609],[-0.0453335,51.4622916],[-0.0453782,51.4624587],[-0.0453925,51.4625123],[-0.0454026,51.4625501],[-0.0454035,51.4625536],[-0.0454491,51.462724],[-0.0454544,51.4627438],[-0.0454926,51.4628198],[-0.0455282,51.4628907],[-0.0455461,51.4629262],[-0.0455983,51.46303],[-0.0456208,51.4630746],[-0.0456267,51.4630865],[-0.0456297,51.4630923],[-0.0456804,51.4631933],[-0.045686,51.4632044],[-0.0456955,51.4632233],[-0.0457006,51.4632334],[-0.0457101,51.4632523],[-0.0457438,51.4633192],[-0.0457641,51.4633597],[-0.0458044,51.4634397],[-0.045808,51.4634459],[-0.0458207,51.4634675],[-0.0458665,51.4635453],[-0.0458744,51.4635589],[-0.0459059,51.4636125],[-0.0459083,51.4636165],[-0.0459103,51.4636199],[-0.0459407,51.4636715],[-0.0459496,51.4636867],[-0.0459726,51.4637259],[-0.0459827,51.463743],[-0.045995,51.463764],[-0.0459981,51.4637692],[-0.0460689,51.4638896],[-0.046072,51.4638948],[-0.0461139,51.4639578],[-0.0461308,51.4639831],[-0.0461436,51.4640025],[-0.046152,51.464015],[-0.0461644,51.4640337],[-0.0461951,51.4640798],[-0.0462064,51.4640967],[-0.0462098,51.4641008],[-0.0462345,51.4641301],[-0.0462574,51.4641573],[-0.0462845,51.4641896],[-0.0462989,51.4642067],[-0.0463064,51.4642154],[-0.0463618,51.4642794],[-0.0463694,51.4642882],[-0.0463785,51.4642987],[-0.0463932,51.4643156],[-0.0464279,51.4643474],[-0.0464409,51.4643593],[-0.0464572,51.4643743],[-0.0464611,51.4643778],[-0.0465325,51.4644432],[-0.0465363,51.4644467],[-0.0465491,51.4644584],[-0.0465619,51.4644701],[-0.0465646,51.4644726],[-0.0465745,51.4644809],[-0.0465894,51.4644934],[-0.0466521,51.4645462],[-0.0466576,51.4645508],[-0.0467042,51.46459],[-0.0467097,51.4645946],[-0.0467141,51.464598],[-0.0467188,51.4646015],[-0.0468422,51.4646956],[-0.0469172,51.464746],[-0.0469629,51.4647766],[-0.0471202,51.4648646],[-0.0471499,51.4648792],[-0.0471691,51.4648881],[-0.0472233,51.4649142],[-0.0472802,51.4649415],[-0.0474546,51.4650253],[-0.0476542,51.4651212],[-0.0476801,51.4651336],[-0.0478139,51.4651979],[-0.0479201,51.4652489],[-0.0480262,51.4652999],[-0.0481867,51.465377],[-0.0483898,51.4654745],[-0.0484183,51.4654882],[-0.0484997,51.4655274],[-0.0486004,51.4655757],[-0.0486103,51.4655805],[-0.0484706,51.4657075],[-0.0482724,51.4658875],[-0.0482999,51.4659018],[-0.0483147,51.4659094],[-0.04837,51.4659381],[-0.0484067,51.4659572],[-0.0484454,51.4659772],[-0.0485164,51.4660141],[-0.0485536,51.4660334],[-0.0485794,51.4660468],[-0.0486289,51.4660724],[-0.0486554,51.4660821],[-0.0486655,51.4660859],[-0.0487025,51.4660994],[-0.0487364,51.4661119],[-0.0488241,51.4661441],[-0.0488448,51.4661517],[-0.0490177,51.4662151],[-0.0490569,51.4662295],[-0.0490706,51.466234],[-0.0494317,51.4663512],[-0.0494385,51.4663534],[-0.0494509,51.4663574],[-0.0495109,51.4663708],[-0.0495157,51.4663719],[-0.049702,51.4664134],[-0.0497284,51.4664193],[-0.0498054,51.4664367],[-0.0499189,51.4664623],[-0.0499632,51.4664708],[-0.0499712,51.4664724],[-0.0499867,51.4664753],[-0.0500849,51.4664941],[-0.0501042,51.4664978],[-0.0504937,51.4665724],[-0.050771,51.4666006],[-0.0508525,51.4666089],[-0.0508755,51.4666112],[-0.0509269,51.4666164],[-0.0509549,51.4666195],[-0.0508726,51.4666517],[-0.0508609,51.4666562],[-0.0508341,51.4666666],[-0.0507413,51.4667026],[-0.0507282,51.4667077],[-0.0506257,51.4667474],[-0.050634,51.466764],[-0.0506384,51.4667727],[-0.0506522,51.4668004],[-0.0507848,51.4669075],[-0.0509117,51.4670102],[-0.0509179,51.4670152],[-0.0509813,51.4670664],[-0.0510054,51.4670859],[-0.0510249,51.4671017],[-0.0512204,51.4672597],[-0.0512254,51.4672638],[-0.0512295,51.4672671],[-0.0513071,51.4673298],[-0.0513119,51.4673337],[-0.0513384,51.4673553],[-0.051313,51.4673686],[-0.0511725,51.4674411],[-0.0511169,51.4674699],[-0.0511043,51.4674764],[-0.0510956,51.4674809],[-0.0510386,51.4675103],[-0.0509472,51.4675576],[-0.0509016,51.4675813],[-0.0510326,51.4677563],[-0.051047,51.4677745],[-0.0510963,51.4678367],[-0.0511,51.4678414],[-0.0512038,51.4679725],[-0.0512076,51.4679773],[-0.0512499,51.4680308],[-0.0512803,51.4680691],[-0.0513124,51.4681096],[-0.0514402,51.4682522],[-0.051443,51.4682553],[-0.0514857,51.4683029],[-0.0515693,51.4683962],[-0.0515742,51.4684016],[-0.0516227,51.4684556],[-0.051631,51.4684649],[-0.0516381,51.4684728],[-0.0516533,51.4684897],[-0.0516686,51.4685068],[-0.0516798,51.4685193],[-0.0517292,51.4685744],[-0.0517354,51.4685813],[-0.0517418,51.4685884],[-0.0517656,51.4686149],[-0.051776,51.4686265],[-0.0518272,51.4686835],[-0.0518333,51.4686904],[-0.0518376,51.4686952],[-0.0518761,51.4687399],[-0.0519038,51.4687721],[-0.0519114,51.4687809],[-0.0519411,51.4688153],[-0.0519442,51.468819],[-0.0519614,51.4688389],[-0.0520003,51.4688841],[-0.052013,51.4688989],[-0.0520399,51.46893],[-0.0520458,51.4689369],[-0.0521036,51.469004],[-0.0522498,51.4691738],[-0.0522545,51.4691793],[-0.0522575,51.4691827],[-0.0522768,51.4692052],[-0.0522828,51.4692136],[-0.0522194,51.4692874],[-0.0522149,51.4692926],[-0.0521932,51.4693179],[-0.0521595,51.469357],[-0.0521425,51.4693685],[-0.0521084,51.4693918],[-0.0520351,51.4694417],[-0.0520168,51.4694542],[-0.0520096,51.4694591],[-0.0519666,51.4694885],[-0.0519434,51.4695043],[-0.0519039,51.4695311],[-0.051843,51.4695727],[-0.0518329,51.4695795],[-0.0517823,51.4696141],[-0.0517787,51.4696184],[-0.0517482,51.4696542],[-0.0517408,51.4696637],[-0.051733,51.4696731],[-0.0517315,51.4696766],[-0.0517199,51.4697041],[-0.0517194,51.4697156],[-0.0517176,51.4697599],[-0.0517512,51.4698556],[-0.0517544,51.4698645],[-0.0517666,51.4698993],[-0.0517872,51.4699579],[-0.0517962,51.4699835],[-0.051801,51.4699971],[-0.0518094,51.4700209],[-0.0518309,51.4700821],[-0.0518364,51.4700978],[-0.0518503,51.4701371],[-0.0518587,51.4701611],[-0.05189,51.4702499],[-0.0518978,51.470272],[-0.0519081,51.4703015],[-0.0519212,51.4703386],[-0.0519284,51.4703591],[-0.0519382,51.4703871],[-0.0519552,51.4704352],[-0.0519572,51.4704409],[-0.0519635,51.4704588],[-0.0519848,51.4705194],[-0.0519899,51.4705338],[-0.0519946,51.4705471],[-0.052025,51.4706335],[-0.0520476,51.4706977],[-0.0520636,51.4707432],[-0.0520809,51.4707923],[-0.0521034,51.4708567],[-0.0521324,51.4709486],[-0.0521505,51.4710064],[-0.0521619,51.4710425],[-0.0521915,51.4711368],[-0.0521986,51.4711591],[-0.0522129,51.4712048],[-0.0522272,51.4712501],[-0.0522302,51.4712596],[-0.0522339,51.4712712],[-0.0522846,51.4714326],[-0.0523126,51.4715224],[-0.0523315,51.4715823],[-0.0523804,51.4717373],[-0.0523901,51.4717679],[-0.0524017,51.4718049],[-0.0524046,51.471814],[-0.0524131,51.471841],[-0.0524247,51.4718778],[-0.0524334,51.4719057],[-0.0524624,51.4719977],[-0.0524656,51.472008],[-0.0524906,51.4720873],[-0.052492,51.4720918],[-0.0524947,51.4721004],[-0.0524961,51.472105],[-0.0525216,51.4721861],[-0.0525494,51.4722744],[-0.0525747,51.4723548],[-0.0525775,51.4723637],[-0.0525938,51.4724154],[-0.0525982,51.4724296],[-0.0526008,51.4724379],[-0.0526066,51.4724563],[-0.0526075,51.472459],[-0.0526177,51.4724915],[-0.05262,51.4724988],[-0.0526346,51.4725396],[-0.0526379,51.4725557],[-0.0526425,51.4725703],[-0.0526587,51.4726217],[-0.0526842,51.4727029],[-0.0527502,51.4729128],[-0.0527567,51.4729334],[-0.0527569,51.4729415],[-0.0527569,51.472947],[-0.0527571,51.4729678],[-0.0527571,51.4729684],[-0.0527581,51.4730771],[-0.0527582,51.4730916],[-0.0527585,51.4731163],[-0.0527593,51.4732115],[-0.0527602,51.4733023],[-0.0527602,51.473305],[-0.0527606,51.4733538],[-0.0527614,51.4734351],[-0.0527615,51.4734493],[-0.0527621,51.473516],[-0.0527622,51.4735198],[-0.0527619,51.4735897],[-0.052763,51.4736104],[-0.052763,51.4736154],[-0.0527641,51.473737],[-0.0527642,51.4737438],[-0.0527645,51.4737723],[-0.0527648,51.4738128],[-0.0527649,51.4738242],[-0.052765,51.4738353],[-0.0527651,51.4738385],[-0.0527649,51.4738645],[-0.0527644,51.4739252],[-0.0527644,51.4739297],[-0.0527644,51.4739325],[-0.0527643,51.4739491],[-0.052764,51.4739926],[-0.0527639,51.4740047],[-0.0527638,51.4740135],[-0.0527638,51.4740164],[-0.0527637,51.4740241],[-0.0527634,51.4740736],[-0.0527631,51.4741185],[-0.0527629,51.474134],[-0.0527629,51.4741459],[-0.0527623,51.4742322],[-0.0527617,51.4743128],[-0.0527613,51.4743731],[-0.052761,51.4744074],[-0.0527603,51.4745069],[-0.0527592,51.4746578],[-0.0527591,51.474676],[-0.0527588,51.474721],[-0.0527587,51.4747338],[-0.0527585,51.474759],[-0.0527584,51.4747659],[-0.0527583,51.4747832],[-0.0527581,51.4748081],[-0.0527581,51.4748109],[-0.0527577,51.4748648],[-0.0527573,51.474927],[-0.0527573,51.4749323],[-0.0527568,51.4750011],[-0.0527567,51.475012],[-0.0527555,51.4751867],[-0.0527547,51.4752408],[-0.052754,51.4753851],[-0.0527524,51.475586],[-0.0527508,51.4758369],[-0.0527495,51.4760131],[-0.0527491,51.4760756],[-0.0527485,51.4761613],[-0.0527475,51.4763015],[-0.0527457,51.4763662],[-0.0527446,51.4764077],[-0.052743,51.4764654],[-0.0527427,51.4764777],[-0.0527425,51.4764832],[-0.0527417,51.4765134],[-0.0527406,51.4765552],[-0.0527403,51.4765639],[-0.0527399,51.4765793],[-0.0527397,51.4765866],[-0.0527387,51.4766226],[-0.0527386,51.4766272],[-0.0527383,51.4766371],[-0.0527377,51.4766585],[-0.0527376,51.4766631],[-0.0527375,51.4766669],[-0.0527369,51.47669],[-0.0527367,51.4766978],[-0.0527365,51.4767033],[-0.0527359,51.4767254],[-0.052735,51.4767574],[-0.0527349,51.4767636],[-0.0527342,51.4767877],[-0.0527332,51.4768248],[-0.0527331,51.4768293],[-0.0527263,51.4770758],[-0.0527262,51.4770803],[-0.0527261,51.4770832],[-0.0527256,51.4771045],[-0.0527226,51.4772118],[-0.0527218,51.4772408],[-0.0527198,51.4773171],[-0.0527196,51.4773245],[-0.0527195,51.4773282],[-0.0527177,51.4773943],[-0.0527163,51.4774422],[-0.0527121,51.4775988],[-0.0527011,51.478008],[-0.052706,51.4780098],[-0.0527161,51.4780135],[-0.0527308,51.4780189],[-0.0528134,51.4780492],[-0.0528752,51.478072],[-0.0529271,51.478091],[-0.0530188,51.4781247],[-0.0531383,51.4781686],[-0.0532206,51.4781988],[-0.053236,51.4782045],[-0.0533236,51.4782367],[-0.0533808,51.4782577],[-0.0535167,51.4783076],[-0.05355,51.4783198],[-0.0535833,51.478332],[-0.053591,51.4783349],[-0.0535949,51.4783363],[-0.0536154,51.4783438],[-0.0536602,51.4783603],[-0.0537791,51.4784039],[-0.0539191,51.4784553],[-0.0539297,51.4784592],[-0.0540103,51.4784889],[-0.0540162,51.478491],[-0.054111,51.4785259],[-0.0542641,51.4785821],[-0.0543289,51.4786059],[-0.0543072,51.4786408],[-0.0543043,51.4786454],[-0.05419,51.4788291],[-0.0541059,51.4789643],[-0.0540274,51.4790904],[-0.05402,51.4791021],[-0.0539785,51.479169],[-0.0539376,51.4792349],[-0.0540707,51.4792824],[-0.0540945,51.4792909],[-0.0540477,51.4793708],[-0.0540336,51.4793948],[-0.054022,51.4794147],[-0.0540172,51.4794229],[-0.0539838,51.47948],[-0.0539442,51.4795476],[-0.0539415,51.4795522],[-0.0539303,51.4795714],[-0.0538552,51.4796996],[-0.0538137,51.4797705],[-0.053803,51.4797887],[-0.0537931,51.4798047],[-0.0537221,51.4797894],[-0.0537039,51.4797855],[-0.0536678,51.4797777],[-0.0536606,51.4797907],[-0.0536416,51.4798248],[-0.0536374,51.4798324],[-0.0536295,51.4798465],[-0.0536119,51.4798782],[-0.0536063,51.4798883],[-0.0536028,51.4798945],[-0.0535982,51.4799028],[-0.0535683,51.4799565],[-0.0535634,51.4799654],[-0.0535563,51.4799781],[-0.0535353,51.480016],[-0.0535274,51.4800301],[-0.0535225,51.480039],[-0.053519,51.4800452],[-0.0535109,51.4800598],[-0.0535125,51.480063],[-0.0535998,51.4802348],[-0.0535514,51.4803086],[-0.0535434,51.4803091],[-0.0534233,51.4803002],[-0.0534198,51.4803069],[-0.0534115,51.4803212],[-0.0533775,51.4803821],[-0.0533759,51.4803848],[-0.0533698,51.4803958],[-0.0534075,51.4804007],[-0.0535004,51.4804128],[-0.0534949,51.4804539],[-0.0534939,51.4804617],[-0.0534934,51.4804653],[-0.0534886,51.4805007],[-0.0534845,51.4805317],[-0.0534402,51.480618],[-0.0534356,51.4806269],[-0.0533849,51.4807256],[-0.0533522,51.4807892],[-0.0533471,51.4807992],[-0.0532865,51.4809158],[-0.0532315,51.4809213],[-0.0532086,51.4809237],[-0.0531916,51.4809691],[-0.0531619,51.4810486],[-0.0531665,51.481049],[-0.0531909,51.4810508],[-0.0532847,51.4810581],[-0.0532596,51.481167],[-0.0532525,51.481198],[-0.053237,51.4812656],[-0.0532139,51.4813658],[-0.0531948,51.4814488],[-0.0531766,51.4815283],[-0.0531081,51.4818261],[-0.0530981,51.4818696],[-0.0530887,51.4819376],[-0.0530746,51.4820397],[-0.0530736,51.4820465],[-0.053041,51.4822828],[-0.0530276,51.4823798],[-0.0529925,51.4826335],[-0.0529917,51.482639],[-0.0529893,51.4826564],[-0.0529868,51.4826695],[-0.0529658,51.4826703],[-0.0528577,51.4826746],[-0.0528575,51.4826862],[-0.052858,51.4827342],[-0.0528582,51.4827684],[-0.0528717,51.4827705],[-0.0529548,51.4827829],[-0.0529646,51.4829117],[-0.0529707,51.4829924],[-0.0530051,51.4834603],[-0.052853,51.4834647],[-0.052867,51.4835029],[-0.0528932,51.4835744],[-0.0529847,51.4835804],[-0.0530221,51.4838253],[-0.053029,51.4838703],[-0.053033,51.4838964],[-0.0530345,51.4839061],[-0.0530783,51.484193],[-0.0531044,51.4843684],[-0.0530152,51.4843887],[-0.0530323,51.4845449],[-0.0530326,51.4845477],[-0.053034,51.4845681],[-0.0530391,51.4846074],[-0.0530479,51.4846858],[-0.0530632,51.4848232],[-0.0531875,51.4850793],[-0.0531981,51.4851011],[-0.053251,51.4852122],[-0.053388,51.4852906],[-0.0534013,51.4852981],[-0.0534037,51.4853041],[-0.0534104,51.4853201],[-0.0534823,51.4854931],[-0.053518,51.4855791],[-0.0535347,51.4857324],[-0.0535362,51.4857456],[-0.0535393,51.4857751],[-0.0534621,51.4857877],[-0.0532397,51.4858239],[-0.0530466,51.4858554],[-0.0530354,51.4858572],[-0.0530608,51.4859278],[-0.053087,51.4860004],[-0.0530898,51.4860091],[-0.0530632,51.4860134],[-0.0529868,51.4860258],[-0.0529541,51.4860311],[-0.0529492,51.4860786],[-0.0529373,51.4861916],[-0.0529268,51.4861932],[-0.0528244,51.4862044],[-0.0528259,51.4862111],[-0.052829,51.4862252],[-0.0528408,51.486279],[-0.052853,51.4863342],[-0.0528598,51.486365],[-0.0528657,51.4864198],[-0.0528837,51.486588],[-0.0528917,51.4866623],[-0.0528933,51.486677],[-0.0529417,51.4867437],[-0.0529981,51.4868215],[-0.0530201,51.4868519],[-0.0530757,51.4869287],[-0.0530899,51.4869482],[-0.053104,51.4869677],[-0.0531493,51.4869685],[-0.0532679,51.48697],[-0.0533226,51.4870243],[-0.0533562,51.4870577],[-0.053507,51.4872077],[-0.0535101,51.4872107],[-0.0536445,51.4873443],[-0.0536483,51.4873508],[-0.0538675,51.4877193],[-0.0538985,51.4877714],[-0.0540158,51.4879688],[-0.053637,51.4878579],[-0.0535058,51.4878196],[-0.0527105,51.487587],[-0.0526103,51.4875574],[-0.0525741,51.4875473],[-0.0525515,51.4875733],[-0.0525422,51.487584],[-0.052477,51.487659],[-0.0523813,51.4877699],[-0.0522204,51.4878034],[-0.0521415,51.4878198],[-0.0520734,51.4878339],[-0.0519415,51.4878501],[-0.0518225,51.4878647],[-0.0517141,51.487878],[-0.0514299,51.4878606],[-0.0512865,51.4878519],[-0.0512584,51.487853],[-0.0511697,51.4878566],[-0.0510874,51.4878598],[-0.0508083,51.487946],[-0.0507414,51.4879099],[-0.0506507,51.4878603],[-0.0505985,51.487832],[-0.0505025,51.4878674],[-0.0504149,51.4878997],[-0.0503548,51.4879221],[-0.0503926,51.487959],[-0.0502492,51.4880737],[-0.050224,51.4880937],[-0.0502026,51.4881108],[-0.0501438,51.4881577],[-0.0499882,51.4882818],[-0.0500538,51.4883107],[-0.0501703,51.4883608],[-0.0503674,51.488446],[-0.0503945,51.4884578],[-0.0505679,51.4885327],[-0.0506141,51.4885527],[-0.0507926,51.4886299],[-0.0510071,51.4887226],[-0.0510321,51.4887334],[-0.0511567,51.4887873],[-0.0511765,51.4887958],[-0.0512307,51.4888193],[-0.0514037,51.4888941],[-0.0516757,51.4890117],[-0.0519032,51.48911],[-0.051919,51.4891168],[-0.0519393,51.4891256],[-0.0519603,51.4891347],[-0.051953,51.4891392],[-0.0517498,51.4892644],[-0.0517132,51.4892869],[-0.0516942,51.4892986],[-0.0516656,51.4893162],[-0.051651,51.4893252],[-0.0515389,51.4893942],[-0.051492,51.4894231],[-0.0514666,51.4894387],[-0.0513155,51.4894922],[-0.0512783,51.4895054],[-0.0512715,51.4895078],[-0.0512358,51.4895204],[-0.0512224,51.4895252],[-0.0511527,51.4895498],[-0.0511094,51.4895584],[-0.0510354,51.4895732],[-0.0510206,51.4895761],[-0.050985,51.4895832],[-0.0509284,51.4895945],[-0.0508436,51.4896114],[-0.0508171,51.4896166],[-0.050539,51.4896933],[-0.0505268,51.4896966],[-0.0503452,51.4897466],[-0.0501466,51.4897809],[-0.0499504,51.4898136],[-0.0498102,51.4898387],[-0.0497228,51.4898537],[-0.0496587,51.4898648],[-0.0497121,51.4899448],[-0.0496999,51.4899475],[-0.0496829,51.4899512],[-0.0496466,51.4899591],[-0.0495998,51.4899693],[-0.0495858,51.4899723],[-0.0495519,51.4899797],[-0.0495423,51.4899818],[-0.0494999,51.489991],[-0.0494864,51.489994],[-0.0494632,51.489999],[-0.049375,51.4900183],[-0.0493591,51.4900217],[-0.049303,51.490033],[-0.0492605,51.4900416],[-0.0492542,51.4900328],[-0.0492208,51.4899858],[-0.0491621,51.4899992],[-0.0491559,51.4900007],[-0.0491509,51.4900018],[-0.0491305,51.4900065],[-0.0490548,51.4900239],[-0.0490432,51.4900265],[-0.0490126,51.4900336],[-0.0489985,51.4900368],[-0.0489886,51.4900391],[-0.0489205,51.4900547],[-0.0489129,51.4900564],[-0.0489044,51.4900584],[-0.0488792,51.4900642],[-0.0488706,51.4900661],[-0.0487842,51.490086],[-0.0487448,51.490095],[-0.048739,51.4900963],[-0.0487326,51.4900978],[-0.0487231,51.4901],[-0.0486387,51.4901193],[-0.0485917,51.4901301],[-0.0484675,51.4901586],[-0.0484245,51.4901685],[-0.0483253,51.4901913],[-0.0482403,51.4902108],[-0.0482289,51.4902134],[-0.0482117,51.4902174],[-0.0480583,51.4902525],[-0.0480485,51.4902548],[-0.0478757,51.4902944],[-0.047868,51.4902962],[-0.0478619,51.4902976],[-0.0477553,51.4903221],[-0.0477058,51.4903334],[-0.0475986,51.490358],[-0.0475522,51.4903689],[-0.0475958,51.4904448],[-0.0475518,51.4904576],[-0.0475431,51.4904602],[-0.0475315,51.4904636],[-0.047449,51.4904876],[-0.0473741,51.4905095],[-0.0473427,51.4905186],[-0.0470727,51.4905973],[-0.0469433,51.490635],[-0.0469378,51.4906366],[-0.0466153,51.4907306],[-0.0465732,51.4907428],[-0.0465674,51.4907445],[-0.0465668,51.4906253],[-0.0465664,51.4904808],[-0.0465663,51.4904707],[-0.0465664,51.4904674],[-0.0465662,51.4904591],[-0.0465669,51.4903916],[-0.0465655,51.4903419],[-0.0464977,51.4903459],[-0.0464928,51.4903462],[-0.0463262,51.4903561],[-0.0461657,51.4903657],[-0.0460653,51.4903043],[-0.0459715,51.4902469],[-0.0459336,51.4902237],[-0.045927,51.4902197],[-0.045924,51.4902178],[-0.0459068,51.4902072],[-0.0458324,51.4901619],[-0.0455222,51.4902347],[-0.0451167,51.4903311],[-0.0451362,51.4903768],[-0.0450344,51.4903943],[-0.0447987,51.4904349],[-0.0447936,51.4904358],[-0.0447588,51.4904417],[-0.0447376,51.4903623],[-0.0447207,51.49034],[-0.0447155,51.4903331],[-0.0446552,51.4902535],[-0.0446269,51.4902161],[-0.0446247,51.4902132],[-0.0446181,51.4902045],[-0.0445691,51.4901389],[-0.0445648,51.4901343],[-0.0445197,51.4901146],[-0.0444995,51.4901058],[-0.0444823,51.490105],[-0.0444546,51.4901037],[-0.0443543,51.4900989],[-0.0442374,51.4900933],[-0.0437799,51.4900715],[-0.0436631,51.4900659],[-0.0436582,51.4900656],[-0.0434431,51.4900554],[-0.0434182,51.4900542],[-0.0432538,51.4900463],[-0.0432497,51.4900461],[-0.0431778,51.4900427],[-0.0431189,51.4900399],[-0.0431063,51.4900393],[-0.0428121,51.4900252],[-0.042786,51.490024],[-0.0427403,51.4900218],[-0.0424383,51.4900265],[-0.042387,51.4900273],[-0.0423583,51.4900278],[-0.0423362,51.4900291],[-0.0422274,51.4900357],[-0.0422955,51.4900861],[-0.0423906,51.4901565],[-0.0425047,51.4902409],[-0.042492,51.490245],[-0.0424567,51.4902585],[-0.0424411,51.4902644],[-0.0421548,51.4903732],[-0.0419694,51.4904437],[-0.0418753,51.4904795],[-0.0418505,51.490489],[-0.0416547,51.4905634],[-0.0414533,51.49064],[-0.0414463,51.4906427],[-0.0414291,51.4906492],[-0.0414226,51.4906517],[-0.0412773,51.4907069],[-0.0409941,51.4908146],[-0.0409753,51.4908217],[-0.0408719,51.4908611],[-0.0406255,51.4909548],[-0.0406224,51.490956],[-0.0405006,51.4910022],[-0.0404293,51.4910294],[-0.0404042,51.4910389],[-0.040393,51.4910431],[-0.0403443,51.4910619],[-0.0403675,51.4910868],[-0.0403982,51.4911197],[-0.0404135,51.4911363],[-0.040462,51.4911882],[-0.0404688,51.4911956],[-0.0410036,51.4917696],[-0.041048,51.4918172],[-0.0410547,51.4918276],[-0.0410543,51.4918277],[-0.0410414,51.4918319],[-0.0409996,51.4918461],[-0.0409996,51.4918462],[-0.0409166,51.4918744],[-0.0408998,51.4918802],[-0.0408494,51.4918973],[-0.0406387,51.4919691],[-0.0406282,51.4919727],[-0.0405822,51.4919884],[-0.0405365,51.4920039],[-0.0405256,51.4920076],[-0.0404799,51.4920232],[-0.0404494,51.4920336],[-0.0404441,51.4920354],[-0.0404256,51.4920417],[-0.0403881,51.4920545],[-0.0403795,51.4920574],[-0.0402946,51.4920864],[-0.0402766,51.4920925],[-0.0402721,51.492094],[-0.0402564,51.4920994],[-0.0401396,51.4921392],[-0.0400713,51.492163],[-0.0400783,51.4921722],[-0.040084,51.4921796],[-0.0401634,51.492283],[-0.0403035,51.4924654],[-0.0403716,51.492554],[-0.0403787,51.4925633],[-0.040511,51.4927355],[-0.0405474,51.492783],[-0.0405578,51.4927965],[-0.0404271,51.4928195],[-0.04037,51.4928295],[-0.0401846,51.492883],[-0.0401761,51.4928854],[-0.039968,51.4929455],[-0.0399528,51.4929486],[-0.0399199,51.4929555],[-0.0398844,51.4929618],[-0.0398545,51.492967],[-0.0398477,51.4929681],[-0.0398347,51.49297],[-0.0398174,51.4929726],[-0.0398047,51.4929745],[-0.0397547,51.4929801],[-0.0396972,51.4929839],[-0.03967,51.4929855],[-0.0396547,51.4929865],[-0.0396451,51.4929865],[-0.0396052,51.4929865],[-0.0395378,51.4929845],[-0.0394715,51.4929801],[-0.0394649,51.4929794],[-0.0394212,51.4929745],[-0.039371,51.4929675],[-0.0393057,51.492957],[-0.0392396,51.492945],[-0.0391843,51.4929335],[-0.0391353,51.4929216],[-0.0390925,51.4929116],[-0.0390534,51.4928995],[-0.0390143,51.4928875],[-0.0389753,51.4928745],[-0.038908,51.4928497],[-0.0388144,51.492812],[-0.0388085,51.4928095],[-0.0387916,51.4928023],[-0.0387876,51.4928005],[-0.038777,51.4927956],[-0.0387531,51.4927845],[-0.0387135,51.492765],[-0.0386676,51.4927415],[-0.0386281,51.4927196],[-0.0385903,51.4926975],[-0.0385517,51.4926745],[-0.0385193,51.4926534],[-0.0385149,51.4926505],[-0.038479,51.4926265],[-0.038445,51.4926015],[-0.0383997,51.492566],[-0.038393,51.4925619],[-0.0382952,51.4925031],[-0.0382347,51.4924666],[-0.0381272,51.4924037],[-0.038124,51.4924018],[-0.0381077,51.4923941],[-0.0380913,51.4923866],[-0.0380823,51.4923822],[-0.0380587,51.4923706],[-0.0380252,51.4923556],[-0.0379984,51.4923449],[-0.0379977,51.4923446],[-0.0379897,51.4923415],[-0.0379677,51.4923335],[-0.0379543,51.4923287],[-0.0379424,51.4923242],[-0.037902,51.4923091],[-0.0378478,51.4922926],[-0.0377909,51.4922761],[-0.0377709,51.4922712],[-0.0377283,51.4922607],[-0.0377134,51.492257],[-0.0376519,51.4922462],[-0.0376417,51.4922446],[-0.0376354,51.4922437],[-0.0376213,51.4922422],[-0.0375851,51.492238],[-0.0375765,51.4922371],[-0.0375316,51.4922325],[-0.0375265,51.4922323],[-0.0374894,51.4922305],[-0.0374095,51.4922249],[-0.0373781,51.4922226],[-0.0373711,51.4922223],[-0.0373669,51.4922221],[-0.0373665,51.4922221],[-0.0373515,51.4922214],[-0.0373259,51.4922201],[-0.0373152,51.4922196],[-0.03728,51.4922266],[-0.0371546,51.4922516],[-0.0369136,51.4922997],[-0.0368887,51.4923046],[-0.0368882,51.4923047],[-0.0368114,51.49232],[-0.0367938,51.4923236],[-0.0367547,51.4923313],[-0.0367373,51.4923348],[-0.0367159,51.4923391],[-0.0366798,51.4923463],[-0.0366014,51.4923619],[-0.0365956,51.4923631],[-0.0365086,51.4923804],[-0.036486,51.4923849],[-0.0363914,51.4924038],[-0.0363021,51.4924216],[-0.0362753,51.4924269],[-0.0361813,51.4924456],[-0.035834,51.4925149],[-0.0358223,51.4925172],[-0.0357556,51.4925305],[-0.0357504,51.4925315],[-0.0357425,51.4925331],[-0.0356696,51.4925476],[-0.0353955,51.4926023],[-0.0353305,51.4926152],[-0.0353196,51.4926174],[-0.035308,51.4926197],[-0.0352953,51.4926222],[-0.0352677,51.4926277],[-0.0352628,51.4926287],[-0.0351968,51.4926419],[-0.035187,51.4926438],[-0.0351719,51.4926468],[-0.0350847,51.4926642],[-0.0350261,51.4926759],[-0.0349944,51.4926822],[-0.0349613,51.4926888],[-0.0349507,51.4926909],[-0.0347498,51.492731],[-0.0346926,51.4927424],[-0.034675,51.4927459],[-0.0346431,51.4927522],[-0.0346066,51.4927595],[-0.0344992,51.4927809],[-0.0344597,51.4927888],[-0.0342853,51.4928235],[-0.0342803,51.4928245],[-0.0342382,51.4928329],[-0.0342147,51.4928376],[-0.0341852,51.4928435],[-0.0341699,51.4928465],[-0.034147,51.4928511],[-0.0341389,51.4928527],[-0.0340955,51.4928614],[-0.0340462,51.4928712],[-0.0340055,51.4928793],[-0.0339055,51.4928992],[-0.0338628,51.4929077],[-0.0338375,51.4929128],[-0.0337873,51.4929228],[-0.0337818,51.4929239],[-0.0337596,51.4929283],[-0.0337403,51.4929321],[-0.0337205,51.4929361],[-0.0336623,51.4929477],[-0.0336575,51.4929487],[-0.0335822,51.4929637],[-0.0335558,51.4929689],[-0.0335403,51.492972],[-0.0335044,51.4929792],[-0.0334501,51.49299],[-0.0334187,51.4929962],[-0.0333828,51.4930034],[-0.0333367,51.4930126],[-0.0332436,51.4928365],[-0.0332367,51.4928236],[-0.0330635,51.4928546],[-0.0329441,51.492876],[-0.0329299,51.4928786],[-0.0329096,51.4928822],[-0.0328329,51.4928959],[-0.0327909,51.4929034],[-0.0327732,51.4929066],[-0.0326389,51.4929309],[-0.0326507,51.4929669],[-0.0324784,51.4930076],[-0.0324024,51.4930256],[-0.0323818,51.4930301],[-0.0321541,51.4930834],[-0.0318171,51.493162],[-0.0318106,51.4931658],[-0.0317659,51.4931927],[-0.0307292,51.4934038],[-0.0302838,51.4934945],[-0.0299492,51.4935628],[-0.0299319,51.4934856],[-0.0299276,51.4934662],[-0.0298381,51.4930677],[-0.029823,51.4930124],[-0.0297966,51.4929164],[-0.0297728,51.4928297],[-0.029754,51.4927812],[-0.0297474,51.4927641],[-0.0297461,51.4927607],[-0.0297133,51.4927024],[-0.0297101,51.4926967],[-0.0296817,51.4926626],[-0.0296168,51.4925847],[-0.029589,51.4925392],[-0.0294668,51.492339],[-0.0293155,51.4920913],[-0.0292851,51.4920414],[-0.0292577,51.4919965],[-0.0292258,51.4919443],[-0.0292047,51.4919098],[-0.0291815,51.4918765],[-0.0291149,51.4917811],[-0.0290897,51.4917449],[-0.02908,51.491731],[-0.0290684,51.4917145],[-0.0287944,51.4913228],[-0.0287333,51.4912355],[-0.028722,51.4912181],[-0.0287194,51.4912144],[-0.0284323,51.4908029],[-0.0284266,51.4907953],[-0.0281888,51.4904759],[-0.028143,51.4904143],[-0.0277974,51.48995],[-0.0276495,51.4897785],[-0.0276335,51.4897599],[-0.0276268,51.4897521],[-0.0275446,51.4896657],[-0.0274986,51.4896173],[-0.0273742,51.4894864],[-0.0273406,51.4894511],[-0.0273064,51.4894151],[-0.0272779,51.4893892],[-0.0271843,51.4893044],[-0.0271124,51.4892392],[-0.027078,51.4892107],[-0.0269505,51.489105],[-0.0269133,51.4890741],[-0.0268135,51.4889954],[-0.0267431,51.4889399],[-0.0267078,51.4889121],[-0.0265828,51.4888159],[-0.0265593,51.4887979],[-0.0263424,51.4886309],[-0.026321,51.4886145],[-0.0262051,51.4885253],[-0.0259476,51.4883445],[-0.0258855,51.4883015],[-0.0254466,51.4879929],[-0.025336,51.4879151],[-0.0252853,51.4878794],[-0.0250631,51.4877234],[-0.0250023,51.4876831],[-0.024853,51.4875843],[-0.024824,51.4875661],[-0.0247838,51.4875408],[-0.0245761,51.4874104],[-0.0244387,51.487328],[-0.0242944,51.4872414],[-0.0239634,51.4870578],[-0.023824,51.4869805],[-0.0235838,51.4868556],[-0.0235546,51.4868405],[-0.023549,51.4868376],[-0.0235178,51.4868215],[-0.024097,51.4862837],[-0.0248841,51.485553],[-0.0251895,51.4850887],[-0.0252301,51.4848633],[-0.0252827,51.4844947],[-0.0253446,51.4842245],[-0.0253463,51.4842169],[-0.0253557,51.484176],[-0.025377,51.4840827],[-0.0254235,51.483933],[-0.0254299,51.4839122],[-0.025446,51.4838603],[-0.0254513,51.4838433],[-0.0254528,51.4838382],[-0.0254906,51.4837162],[-0.025493,51.4837086],[-0.0255106,51.4836517],[-0.0255152,51.4836371],[-0.0255298,51.4835899],[-0.0255332,51.4835789],[-0.0255545,51.4835101],[-0.0255792,51.4834344],[-0.0255814,51.4834158],[-0.0255822,51.4834114],[-0.0255837,51.4834036],[-0.0256056,51.4832865],[-0.0256197,51.4832114],[-0.025624,51.483188],[-0.0256258,51.4831785],[-0.0256283,51.4831655],[-0.0256405,51.4831002],[-0.0256426,51.4830889],[-0.02565,51.4830495],[-0.0256555,51.4830202],[-0.025657,51.4830118],[-0.0256639,51.482975],[-0.0256804,51.482887],[-0.0256819,51.4828789],[-0.0256825,51.4828759],[-0.0256844,51.4828656],[-0.0256893,51.482839],[-0.0256903,51.4828338],[-0.0256981,51.4827926],[-0.0256985,51.48279],[-0.025701,51.4827768],[-0.0257113,51.4827218],[-0.0257121,51.4827174],[-0.0257163,51.4826953],[-0.0257172,51.4826904],[-0.0257222,51.4826637],[-0.0257247,51.4826501],[-0.0257272,51.4826366],[-0.0257308,51.4826176],[-0.0257342,51.4825996],[-0.0257396,51.4825707],[-0.0257794,51.4823812],[-0.02578,51.4823785],[-0.0258062,51.4822537],[-0.0258068,51.482251],[-0.0258198,51.4821889],[-0.0258516,51.4821168],[-0.0258574,51.4821037],[-0.0258706,51.4820736],[-0.0258751,51.4820636],[-0.0258837,51.482044],[-0.025886,51.4820407],[-0.0258894,51.4820358],[-0.0259537,51.4819429],[-0.0260148,51.4818808],[-0.0260281,51.4818673],[-0.0260348,51.4818604],[-0.0260489,51.4818462],[-0.0260667,51.481828],[-0.0260819,51.4818152],[-0.0261135,51.4817887],[-0.0261627,51.4817473],[-0.0261659,51.4817446],[-0.0261705,51.4817408],[-0.0261874,51.4817266],[-0.0262524,51.4816718],[-0.0263675,51.481575],[-0.0263749,51.4815637],[-0.0263895,51.4815413],[-0.0264092,51.48151],[-0.0263889,51.4815062],[-0.0263611,51.481501],[-0.0263145,51.4814924],[-0.0262583,51.481482],[-0.025765,51.4813906],[-0.0257603,51.4813897],[-0.0256417,51.4813677],[-0.025582,51.4813566],[-0.0254477,51.4813318],[-0.025377,51.4813187],[-0.0252915,51.4813028],[-0.025268,51.4812984],[-0.0249738,51.4812439],[-0.0249004,51.4812303],[-0.0248731,51.4812253],[-0.0247918,51.4812102],[-0.0247213,51.4811971],[-0.0246049,51.4811627],[-0.0244907,51.481129],[-0.0244481,51.4811164],[-0.0244476,51.4811162],[-0.0244054,51.4811037],[-0.0243788,51.4810959],[-0.024124,51.4810206],[-0.0241152,51.4810179],[-0.0241048,51.4810149],[-0.0237923,51.4809225],[-0.0236923,51.4808929],[-0.0236761,51.4808881],[-0.023601,51.4808659],[-0.023485,51.4808316],[-0.0234263,51.4808143],[-0.0232853,51.4807726],[-0.0232762,51.4807699],[-0.0232557,51.4807638],[-0.0232262,51.4807551],[-0.0231729,51.4807394],[-0.0231624,51.4807362],[-0.0231619,51.4807302],[-0.0231611,51.4807208],[-0.0231587,51.480691],[-0.0231461,51.4805353],[-0.0231455,51.4805272],[-0.0231396,51.4804543],[-0.0231345,51.4803908],[-0.0231342,51.4803868],[-0.0231249,51.4802722],[-0.0231245,51.4802671],[-0.0231224,51.4802414],[-0.0230717,51.4796282],[-0.0229938,51.4796383],[-0.0226007,51.4796893],[-0.0225439,51.4796966],[-0.0225301,51.4796984],[-0.0225231,51.4796993],[-0.0224613,51.4797061],[-0.0218583,51.4797721],[-0.021792,51.4797794],[-0.0217813,51.4797805],[-0.0216898,51.4797905],[-0.0216722,51.4797925],[-0.0216721,51.4797925],[-0.0216229,51.4797979],[-0.0214967,51.4798117],[-0.0214539,51.4798164],[-0.0212291,51.479841],[-0.0212194,51.4798421],[-0.0212193,51.4798421],[-0.0207864,51.4798895],[-0.0207739,51.4798908],[-0.0207119,51.4798976],[-0.0207015,51.4798988],[-0.0206296,51.4799066],[-0.0206224,51.4799074],[-0.0205573,51.4799145],[-0.0205483,51.4799155],[-0.020368,51.4799354],[-0.020397,51.4801],[-0.0203996,51.4801147],[-0.0204032,51.4801349],[-0.0204181,51.4802195],[-0.0204195,51.4802275],[-0.02042,51.4802302],[-0.020402,51.4802362],[-0.020387,51.4802412],[-0.0203825,51.4802428],[-0.0200985,51.4803377],[-0.0200116,51.4803667],[-0.0194838,51.4805431],[-0.019359,51.4805849],[-0.0190086,51.480702],[-0.0189358,51.4807263],[-0.0189046,51.4807349],[-0.0188028,51.4807629],[-0.0187273,51.4807836],[-0.0185845,51.4808152],[-0.0184022,51.4808473],[-0.0181632,51.4808583],[-0.0179357,51.4808756],[-0.0178752,51.4808801],[-0.01787,51.4808764],[-0.0176446,51.4807197],[-0.0171165,51.4804095],[-0.0170674,51.4803808],[-0.0170152,51.4803573],[-0.0168795,51.4802962],[-0.0168597,51.4802873],[-0.01686,51.4802801],[-0.0169103,51.480183],[-0.0169618,51.4801254],[-0.0169738,51.4801164],[-0.0170288,51.4800753],[-0.0171063,51.4800313],[-0.017185,51.4800025],[-0.0172316,51.4799854],[-0.0173807,51.4799585],[-0.0174647,51.4799434],[-0.0174963,51.4799401],[-0.0176456,51.4799243],[-0.0177692,51.4799183],[-0.0178819,51.4799165],[-0.0179529,51.4799154],[-0.0181261,51.4799047],[-0.0182941,51.4798943],[-0.0183776,51.4798773],[-0.0184435,51.4798534],[-0.0185039,51.4798241],[-0.0185179,51.4798173],[-0.0185737,51.4797774],[-0.0185964,51.4797521],[-0.0186323,51.4797123],[-0.0188973,51.4795164],[-0.0189641,51.4794504],[-0.0189758,51.4794346],[-0.0189975,51.4794054],[-0.0190003,51.4794002],[-0.0190309,51.4793425],[-0.0190429,51.4792839],[-0.019059,51.4792059],[-0.0190616,51.4791934],[-0.0190725,51.4791558],[-0.0190799,51.4791297],[-0.0191218,51.478984],[-0.0191326,51.4789464],[-0.0191298,51.4787825],[-0.0190938,51.4786164],[-0.0190882,51.4785044],[-0.0190881,51.4785005],[-0.0191216,51.4783272],[-0.0191328,51.4782689],[-0.0191434,51.4782145],[-0.0191449,51.4782066],[-0.0191537,51.478101],[-0.0191561,51.4780716],[-0.0191557,51.4779975],[-0.0191483,51.4779196],[-0.0191478,51.4779168],[-0.0191181,51.4777652],[-0.0191041,51.4776936],[-0.0190884,51.4775652],[-0.0190608,51.4773401],[-0.0190514,51.4772638],[-0.0190437,51.4772007],[-0.019043,51.4771951],[-0.0190508,51.4771851],[-0.0190619,51.4771717],[-0.0190644,51.4771694],[-0.0191079,51.4771286],[-0.0191745,51.4770866],[-0.0192443,51.4770556],[-0.0193235,51.4770336],[-0.0194078,51.4770207],[-0.0194143,51.4770204],[-0.0194204,51.4770201],[-0.019452,51.4770187],[-0.0196404,51.4770327],[-0.0197378,51.4770276],[-0.0197867,51.4770197],[-0.0198382,51.4770029],[-0.0198825,51.4769883],[-0.0199581,51.4769497],[-0.0200672,51.4769139],[-0.0201562,51.4768847],[-0.0201873,51.4768663],[-0.0202873,51.4768071],[-0.0203764,51.4767543],[-0.020381,51.4767516],[-0.0207188,51.4765516],[-0.0207391,51.4765348],[-0.0207638,51.4765144],[-0.0207841,51.4764977],[-0.0208009,51.4764739],[-0.020811,51.4764596],[-0.0208197,51.4764353],[-0.0208252,51.4764197],[-0.0208263,51.4764167],[-0.0208267,51.4764128],[-0.0208298,51.4763777],[-0.0208172,51.4763368],[-0.0207801,51.4762777],[-0.0206274,51.47593],[-0.0206032,51.4758748],[-0.0206104,51.4758537],[-0.020638,51.4757739],[-0.0206536,51.4757288],[-0.0206774,51.4756791],[-0.0206862,51.4756608],[-0.0207153,51.4756288],[-0.0207306,51.4756118],[-0.0207416,51.4756023],[-0.0207821,51.4755669],[-0.0208191,51.4755428],[-0.0208632,51.4755239],[-0.0209166,51.4755069],[-0.0210247,51.4754868],[-0.0210645,51.4754794],[-0.0213534,51.4754258],[-0.0216034,51.4754308],[-0.0217299,51.4754347],[-0.0217993,51.4754368],[-0.0220067,51.4754255],[-0.0220259,51.4754244],[-0.0220419,51.4754236],[-0.0221468,51.4754178],[-0.0221522,51.4754159],[-0.022319,51.4753561],[-0.0223473,51.4753458],[-0.0223752,51.4753358],[-0.0224668,51.4753084],[-0.0225093,51.4752958],[-0.0225273,51.4752947],[-0.0225561,51.4752931],[-0.0226922,51.475285],[-0.0227123,51.4752839],[-0.0228478,51.475158],[-0.0229298,51.4750818],[-0.0229078,51.4750022],[-0.0229019,51.4749808],[-0.0228325,51.4747299],[-0.0228024,51.474532],[-0.0228033,51.4745022],[-0.0228044,51.4744638],[-0.0228074,51.4743863],[-0.0228074,51.4743862],[-0.0228083,51.4743619],[-0.0228102,51.4743122],[-0.0228112,51.474283],[-0.0226808,51.4742734],[-0.0226472,51.4742709],[-0.0226211,51.4741218],[-0.0226162,51.4740935],[-0.0226731,51.4739849],[-0.0225065,51.4739659],[-0.0224583,51.4740675],[-0.0224491,51.4740869],[-0.0223427,51.4740859],[-0.0223319,51.4740844],[-0.0221883,51.47406],[-0.022101,51.4740389],[-0.0220335,51.4740165],[-0.0220196,51.4740106],[-0.0219997,51.474002],[-0.0219774,51.4739923],[-0.0219648,51.4739868],[-0.0218786,51.4739499],[-0.0217795,51.4740198],[-0.0217724,51.4740248],[-0.0217663,51.4740221],[-0.0217076,51.4739943],[-0.0215783,51.473933],[-0.0215916,51.4739216],[-0.0216464,51.473875],[-0.0215572,51.4738465],[-0.0212363,51.473744],[-0.0211417,51.473705],[-0.0210545,51.4736611],[-0.0210098,51.4736339],[-0.0209847,51.4736186],[-0.0209361,51.473589],[-0.0209235,51.4735803],[-0.0208413,51.4735233],[-0.0208383,51.4735212],[-0.0208014,51.4734872],[-0.0207958,51.4734821],[-0.0207866,51.4734696],[-0.0207697,51.4734467],[-0.0207678,51.4734441],[-0.0207521,51.4734111],[-0.0207499,51.4734025],[-0.0207371,51.4733544],[-0.0207359,51.4733481],[-0.0207212,51.4733215],[-0.0206579,51.4732067],[-0.020655,51.4732044],[-0.0206467,51.4731991],[-0.0206302,51.4731886],[-0.0206216,51.4731831],[-0.0205547,51.4731692],[-0.0205067,51.47317],[-0.0203594,51.4731725],[-0.0203268,51.473173],[-0.0202266,51.4731591],[-0.0201192,51.473124],[-0.0200526,51.4730831],[-0.0200459,51.473074],[-0.0200342,51.4730584],[-0.0200154,51.4730332],[-0.0200041,51.4730181],[-0.0200006,51.4730096],[-0.0199911,51.4729871],[-0.0199786,51.4729211],[-0.0199798,51.4729069],[-0.0199801,51.4729035],[-0.0199845,51.4728472],[-0.0200015,51.4727959],[-0.0200045,51.4727868],[-0.0200063,51.4727812],[-0.020034,51.4727359],[-0.020039,51.4727278],[-0.0200412,51.4727242],[-0.020076,51.4726824],[-0.0200818,51.4726754],[-0.0201077,51.4726538],[-0.0201326,51.472633],[-0.0201363,51.47263],[-0.0201426,51.4726248],[-0.0201576,51.4726122],[-0.0201893,51.4725778],[-0.0201959,51.4725706],[-0.0202909,51.4724673],[-0.0202938,51.4724642],[-0.0202976,51.47246],[-0.0203099,51.4724467],[-0.0203124,51.4724439],[-0.020337,51.4724171],[-0.0203363,51.4724128],[-0.0203298,51.4723748],[-0.0203291,51.4723712],[-0.0203249,51.4723593],[-0.0203103,51.4723178],[-0.0203059,51.4723055],[-0.0203034,51.4722983],[-0.0202995,51.4722872],[-0.0202902,51.4722693],[-0.02028,51.4722496],[-0.0202455,51.4721832],[-0.0202404,51.4721787],[-0.0201998,51.4721434],[-0.0201466,51.4720972],[-0.0201107,51.4720793],[-0.0201073,51.4720778],[-0.0200521,51.4720551],[-0.0200014,51.4720425],[-0.019972,51.4720382],[-0.019938,51.4720334],[-0.019895,51.4720272],[-0.0198592,51.4720286],[-0.0198544,51.4720288],[-0.0198458,51.4720291],[-0.0197225,51.4720338],[-0.0196971,51.4720348],[-0.0196885,51.4720351],[-0.0196813,51.4720354],[-0.0196092,51.4720382],[-0.0195956,51.4720387],[-0.0194016,51.4720462],[-0.0193955,51.4720432],[-0.0193476,51.4720113],[-0.0193216,51.4719867],[-0.0193182,51.4719831],[-0.019302,51.4719607],[-0.0192851,51.4719372],[-0.0192694,51.4718815],[-0.0192613,51.471852],[-0.0192493,51.4718089],[-0.0192017,51.4716377],[-0.0191876,51.4715873],[-0.0191857,51.4715805],[-0.0191704,51.4715255],[-0.0191686,51.4715189],[-0.019157,51.4714774],[-0.019156,51.4714737],[-0.0191542,51.4714674],[-0.0191489,51.4714382],[-0.0191471,51.4714286],[-0.0191398,51.4713885],[-0.019138,51.471379],[-0.0191291,51.4713302],[-0.0191221,51.4712924],[-0.0191207,51.4712843],[-0.0191106,51.4712293],[-0.0190474,51.4711633],[-0.0190411,51.4711567],[-0.0190236,51.4711383],[-0.0189725,51.4711567],[-0.0188847,51.4711883],[-0.0188432,51.4711259],[-0.0188275,51.4711017],[-0.0189531,51.4710707],[-0.0189709,51.4710663],[-0.0189569,51.4709648],[-0.0189449,51.4708788],[-0.0188599,51.4708061],[-0.0188032,51.4707579],[-0.018795,51.4707509],[-0.0187921,51.4707485],[-0.0187776,51.4707358],[-0.0187686,51.4707279],[-0.0187449,51.4707071],[-0.0186734,51.4706445],[-0.0189377,51.4705244],[-0.0189571,51.4705424],[-0.0189784,51.4705623],[-0.0190315,51.4706113],[-0.0190852,51.4705888],[-0.0190907,51.4705864],[-0.0192003,51.4705494],[-0.0192289,51.47053],[-0.0192361,51.4705251],[-0.0192726,51.4705003],[-0.0192655,51.4704834],[-0.0192582,51.470466],[-0.0192353,51.4704115],[-0.0192081,51.4703465],[-0.0191682,51.4702514],[-0.0191263,51.4701968],[-0.0191003,51.4701631],[-0.019047,51.4700939],[-0.0190267,51.4700675],[-0.0190208,51.4700599],[-0.0191193,51.4699475],[-0.0189996,51.4698798],[-0.0189955,51.4698775],[-0.0188617,51.4698018],[-0.0187021,51.4697115],[-0.0184736,51.4696045],[-0.0183559,51.4695703],[-0.0183345,51.4695641],[-0.0183181,51.4695594],[-0.0182017,51.4695256],[-0.0178847,51.4694781],[-0.0178497,51.4694737],[-0.0177446,51.4694605],[-0.0175633,51.4694398],[-0.0175091,51.4694336],[-0.0174679,51.4694296],[-0.0172725,51.4694099],[-0.0171409,51.4692978],[-0.0171159,51.4692466],[-0.0170838,51.4692097],[-0.0170801,51.4692055],[-0.0170509,51.469172],[-0.0169975,51.4691107],[-0.0169708,51.4690801],[-0.0169496,51.4690556],[-0.0169449,51.4690577],[-0.0166987,51.469166],[-0.0165654,51.4692247],[-0.0165589,51.4692275],[-0.0165259,51.4691631],[-0.0165199,51.4691513],[-0.016494,51.4691006],[-0.0164673,51.4690488],[-0.0164617,51.4690431],[-0.0164178,51.4689987],[-0.016415,51.4689949],[-0.016405,51.4689846],[-0.0163817,51.4689628],[-0.0163784,51.4689598],[-0.0163151,51.4689005],[-0.0163116,51.4688972],[-0.0162715,51.4688597],[-0.0162642,51.4688535],[-0.0162426,51.4688352],[-0.0162324,51.4688265],[-0.0161749,51.4687779],[-0.0161683,51.4687723],[-0.0161047,51.4687184],[-0.0160915,51.4687072],[-0.0160765,51.4686945],[-0.0160589,51.4686797],[-0.0160441,51.4686671],[-0.0160275,51.4686531],[-0.016018,51.468645],[-0.0159824,51.4686148],[-0.0159524,51.4685894],[-0.0159154,51.4685581],[-0.0159043,51.4685487],[-0.0158571,51.4685149],[-0.015847,51.4685077],[-0.0158369,51.4685004],[-0.0158065,51.4684787],[-0.015786,51.4684664],[-0.0157344,51.4684356],[-0.0156819,51.4684042],[-0.0156778,51.4684018],[-0.015663,51.4683929],[-0.0156476,51.4683837],[-0.0156382,51.4683781],[-0.0155782,51.4683422],[-0.0155592,51.4683308],[-0.0155338,51.4683136],[-0.0155265,51.4683087],[-0.0155202,51.4683045],[-0.0155073,51.4682958],[-0.0154939,51.4682867],[-0.0154878,51.4682827],[-0.0154841,51.4682801],[-0.0154555,51.4682608],[-0.01544,51.4682496],[-0.0154251,51.4682389],[-0.0154146,51.4682314],[-0.0153998,51.4682207],[-0.0153932,51.468216],[-0.015384,51.4682093],[-0.0153812,51.4682073],[-0.0153572,51.46819],[-0.0153422,51.4681793],[-0.0153346,51.4681738],[-0.0153064,51.4681535],[-0.0153022,51.4681506],[-0.0152921,51.4681451],[-0.0152758,51.4681362],[-0.0152625,51.468129],[-0.0152452,51.4681196],[-0.0151979,51.468094],[-0.0151718,51.4680798],[-0.0151677,51.4680776],[-0.0150906,51.4680358],[-0.0150445,51.4680387],[-0.0150318,51.4680395],[-0.0150265,51.4680398],[-0.014985,51.4680614],[-0.0148172,51.4681486],[-0.0148102,51.4681523],[-0.0146536,51.4682337],[-0.0146435,51.4682384],[-0.0146363,51.4682417],[-0.0144942,51.4683077],[-0.014389,51.4683524],[-0.0143644,51.4683628],[-0.0142568,51.4684085],[-0.0141079,51.4684717],[-0.0140422,51.4685023],[-0.0139072,51.4685651],[-0.0139009,51.4685681],[-0.0138738,51.4685807],[-0.0138627,51.4685858],[-0.0137939,51.4686179],[-0.0137897,51.4686198],[-0.0137305,51.4686473],[-0.0137258,51.4686495],[-0.0136805,51.4686706],[-0.0136594,51.4686804],[-0.0135872,51.468714],[-0.0135755,51.4687195],[-0.013476,51.4687658],[-0.0134551,51.468776],[-0.0131916,51.4689056],[-0.0131304,51.4689357],[-0.0131577,51.4689712],[-0.0131934,51.4690174],[-0.0132425,51.4690809],[-0.013246,51.4690854],[-0.0132937,51.4691475],[-0.0133955,51.4692787],[-0.0134736,51.4693797],[-0.0135362,51.4694502],[-0.0135894,51.4695103],[-0.0135986,51.4695207],[-0.0136452,51.4695733],[-0.0137172,51.4696546],[-0.0137887,51.4697273],[-0.0138411,51.4697815],[-0.0138878,51.4698422],[-0.0139236,51.4698885],[-0.0139775,51.4699582],[-0.0139819,51.4699638],[-0.0140356,51.4700339],[-0.0140399,51.4700405],[-0.0140425,51.4700446],[-0.0140467,51.4700501],[-0.0140973,51.4701188],[-0.0141699,51.470242],[-0.0141856,51.4702664],[-0.0142647,51.4704006],[-0.0143028,51.4704654],[-0.0143235,51.4705004],[-0.0143464,51.4705393],[-0.0143844,51.4706039],[-0.0144204,51.4706649],[-0.0144237,51.4706705],[-0.0144281,51.4706779],[-0.0144668,51.4707422],[-0.0144735,51.4707533],[-0.0144942,51.4707877],[-0.0145649,51.4709052],[-0.0145674,51.4709092],[-0.0146078,51.4709763],[-0.0146159,51.4709897],[-0.0146848,51.4711042],[-0.0147033,51.471135],[-0.0147633,51.4712346],[-0.0148043,51.4713027],[-0.0148312,51.4713474],[-0.0148618,51.4713983],[-0.0148692,51.4714068],[-0.0148789,51.4714182],[-0.0148952,51.4714372],[-0.0149099,51.4714543],[-0.0149438,51.4714937],[-0.0149785,51.4715341],[-0.0149885,51.4715457],[-0.0150373,51.4716026],[-0.0150406,51.4716064],[-0.0150897,51.4716636],[-0.0151014,51.4716772],[-0.0151458,51.4717295],[-0.0147809,51.4718579],[-0.0147773,51.4718591],[-0.0147719,51.471861],[-0.0146999,51.4718862],[-0.014537,51.4718922],[-0.0145326,51.4718926],[-0.014533,51.4718961],[-0.0145333,51.4719036],[-0.0145394,51.4719484],[-0.0145521,51.4720537],[-0.0145554,51.4720811],[-0.0145557,51.4720836],[-0.0145591,51.4721113],[-0.0145486,51.4721235],[-0.0145224,51.4721539],[-0.014515,51.4721624],[-0.0144768,51.4722068],[-0.0144722,51.472212],[-0.0144681,51.4722167],[-0.0144243,51.4722676],[-0.0144204,51.4722722],[-0.0144165,51.4722767],[-0.0143621,51.4723398],[-0.0142915,51.4724216],[-0.0141573,51.4725772],[-0.0141392,51.472591],[-0.0141065,51.4726159],[-0.0140772,51.4726382],[-0.0135727,51.4724314],[-0.0135113,51.4724062],[-0.0134369,51.4723989],[-0.0133564,51.4723911],[-0.013339,51.4723894],[-0.0131918,51.472375],[-0.0131447,51.4723704],[-0.0129622,51.4723582],[-0.0129437,51.472357],[-0.0128738,51.4723523],[-0.0127794,51.4723491],[-0.0127704,51.4723488],[-0.0127629,51.4723485],[-0.012684,51.4723459],[-0.0125729,51.4723421],[-0.0125529,51.4723415],[-0.0125206,51.4723404],[-0.0123516,51.47235],[-0.0121069,51.4723751],[-0.011751,51.4723842],[-0.0117392,51.4723849],[-0.011732,51.4723853],[-0.0116807,51.4723883],[-0.0116004,51.472398],[-0.0113911,51.4724233],[-0.0113776,51.4724249],[-0.011146,51.4724529],[-0.0111395,51.4724537],[-0.0111254,51.4724554],[-0.0110153,51.4724687],[-0.0110101,51.4724694],[-0.0110012,51.4724704],[-0.0109562,51.4724759],[-0.0109439,51.4724774],[-0.0109031,51.4724823],[-0.0108819,51.4724849],[-0.0107198,51.4725045],[-0.0106972,51.4725072],[-0.0106066,51.4725182],[-0.010532,51.4725272],[-0.0104386,51.4725385],[-0.0104003,51.4725431],[-0.0103236,51.4725524],[-0.0102917,51.4725557],[-0.0102704,51.472558],[-0.0102629,51.4725588],[-0.0102203,51.4725633],[-0.0101383,51.4725719],[-0.0100766,51.4725784],[-0.0099958,51.4725869],[-0.0097089,51.4726171],[-0.0095325,51.4726357],[-0.0095165,51.4726374],[-0.0094123,51.4726484],[-0.0093531,51.4726546],[-0.0092841,51.4726619],[-0.0091823,51.4726726],[-0.0091715,51.4726738],[-0.0091622,51.4726748],[-0.0091189,51.4726793],[-0.009006,51.4726912],[-0.0089732,51.4726947],[-0.008943,51.4726978],[-0.0089242,51.4726974],[-0.0089196,51.4726973],[-0.008804,51.4726949],[-0.0086089,51.4726907],[-0.008544,51.4726893],[-0.0085162,51.4726887],[-0.0083481,51.4726851],[-0.0081302,51.4726804],[-0.0078536,51.4726491],[-0.0077054,51.4726327],[-0.0075902,51.4726194],[-0.0074167,51.4725985],[-0.0074074,51.4725974],[-0.0069851,51.4725467],[-0.0068524,51.4725307],[-0.0068047,51.472525],[-0.0065056,51.4724891],[-0.0064524,51.4724827],[-0.0064113,51.4724778],[-0.0063184,51.4724666],[-0.005917,51.4724184],[-0.0057931,51.4724035],[-0.0056872,51.4723908],[-0.0054891,51.4723669],[-0.0054292,51.4723598],[-0.0052929,51.4723434],[-0.0051732,51.4723261],[-0.0047192,51.4722605],[-0.0044592,51.4722229],[-0.0044367,51.4722197],[-0.0033486,51.4720624],[-0.0026314,51.4719587],[-0.0025545,51.4719476],[-0.0024184,51.4719288],[-0.0022269,51.4719024],[-0.0018576,51.4718516],[-0.0015143,51.4718325],[-0.0013166,51.4718216],[-0.0012756,51.4718193],[-0.0011187,51.4718106],[-0.0009724,51.4718025],[-0.0006927,51.4718088],[-0.0005751,51.4718115],[-0.0004292,51.4718148],[-0.0002529,51.4718189],[-0.0000446,51.4718236],[0.0000564,51.4718316],[0.0003596,51.4718558],[0.000659,51.4718796],[0.0013862,51.4719636],[0.0020962,51.4720455],[0.0026975,51.4721148],[0.0039505,51.4722594],[0.0040301,51.4722686],[0.0042017,51.4722884],[0.0045737,51.4723315],[0.0050767,51.4723896],[0.0072382,51.4726206],[0.0080212,51.4727043],[0.0081425,51.4727172],[0.0084147,51.4727463],[0.0089072,51.4727989],[0.0092095,51.4728312],[0.0092791,51.4728387],[0.009803,51.4728946],[0.0099116,51.4729079],[0.0105588,51.4729868],[0.0109451,51.4730338],[0.0112806,51.4730747],[0.0116816,51.4731236],[0.01209,51.4731733],[0.0126793,51.4732446],[0.0126867,51.4732455],[0.012816,51.4732611],[0.0128215,51.4732618],[0.0130559,51.4732901],[0.013078,51.4732928],[0.0131695,51.4733039],[0.013206,51.4733083],[0.0133163,51.4733216],[0.013326,51.4733228],[0.0135059,51.4733445],[0.0135225,51.4733465],[0.0137928,51.4733792],[0.0138039,51.4733806],[0.0139944,51.4734036],[0.0141174,51.4734185],[0.0141959,51.473428],[0.0142361,51.4734328],[0.014376,51.4734497],[0.0143861,51.473451],[0.0143913,51.4734516],[0.0146047,51.4734766],[0.0146243,51.4734789],[0.0147494,51.4734936],[0.014766,51.4734956],[0.0149261,51.4735144],[0.014935,51.4735154],[0.0150501,51.4735289],[0.0150661,51.4735308],[0.0150795,51.4735323],[0.0152701,51.4735547],[0.0152848,51.4735565],[0.0154629,51.4735773],[0.0154855,51.47358],[0.0156519,51.4735995],[0.0156571,51.4736001],[0.0157116,51.4736065],[0.0157439,51.4736103],[0.0162633,51.4736714],[0.0163154,51.4736774],[0.0163554,51.4736821],[0.0166476,51.4737164],[0.0167824,51.4737322],[0.017271,51.4737895],[0.0173761,51.4738019],[0.0173879,51.4738032],[0.017553,51.4738226],[0.0177064,51.4738406],[0.0178453,51.4738569],[0.0180703,51.4738833],[0.018188,51.4738971],[0.0183237,51.4739128],[0.0181924,51.4738807],[0.0181503,51.4738704],[0.0180123,51.4738377],[0.0178995,51.4738106],[0.0178528,51.4737994],[0.0176109,51.4737413],[0.0174263,51.4736969],[0.0172222,51.4736479],[0.0170114,51.4735973],[0.0168753,51.4735646],[0.0166382,51.4735077],[0.0164626,51.4734655],[0.0162221,51.4734078],[0.0160283,51.4733612],[0.0155998,51.4732583],[0.0151526,51.4731509],[0.0151304,51.4731456],[0.0149104,51.4730927],[0.0148951,51.4729805],[0.0148859,51.4729117],[0.0148929,51.4728271],[0.0149,51.4727406],[0.0149035,51.4726977],[0.0149143,51.4726493],[0.0149153,51.4726446],[0.0149169,51.4726373],[0.0149658,51.4724178],[0.0149986,51.472323],[0.0150032,51.4723097],[0.0150079,51.4722959],[0.0150109,51.4722871],[0.0150912,51.4720548],[0.015112,51.4719967],[0.0151354,51.4719316],[0.0151455,51.4719035],[0.0151679,51.4718409],[0.0151716,51.4718307],[0.0151752,51.4718207],[0.0151969,51.4717601],[0.0152458,51.4716239],[0.0152519,51.4716127],[0.0152564,51.4716043],[0.0152783,51.4715636],[0.0154168,51.4713065],[0.0154192,51.471302],[0.0155016,51.4711492],[0.0155074,51.4711384],[0.015527,51.471102],[0.0156216,51.470952],[0.0156845,51.4708522],[0.0156919,51.4708405],[0.0157062,51.4708178],[0.0157123,51.4708081],[0.0157632,51.4707273],[0.0158314,51.4706193],[0.0158759,51.4705486],[0.0159727,51.4703951],[0.015984,51.4703773],[0.0160688,51.4702427],[0.0160715,51.4702384],[0.0161638,51.4700921],[0.0162171,51.4700328],[0.0162546,51.4699905],[0.0162584,51.4699862],[0.0162668,51.4699769],[0.0163484,51.4698855],[0.0164159,51.46981],[0.0165447,51.4696358],[0.0165869,51.4695788],[0.0165904,51.469574],[0.0166166,51.4695385],[0.0166494,51.4694942],[0.0165139,51.4692999],[0.01645,51.4692084],[0.0163813,51.4691099],[0.0163447,51.4690575],[0.0163422,51.4690538],[0.0163104,51.4690082],[0.0160418,51.4691546],[0.0159144,51.469224],[0.0158718,51.4692472],[0.0156126,51.4693362],[0.0155945,51.4693423],[0.0153633,51.4694217],[0.0153531,51.4694252],[0.0153188,51.469437],[0.0152628,51.4694562],[0.0151755,51.4694806],[0.0151582,51.4694854],[0.0150602,51.4695128],[0.0150352,51.4695198],[0.0149829,51.4695344],[0.0149658,51.4695392],[0.0148652,51.4695673],[0.0148512,51.4695712],[0.0147389,51.4696025],[0.0147021,51.4696128],[0.0145965,51.4696423],[0.0145823,51.4696463],[0.0144327,51.4696881],[0.0144169,51.4696925],[0.0143401,51.469714],[0.0143224,51.4697189],[0.0142684,51.469734],[0.0142293,51.4697449],[0.0142231,51.4697449],[0.0140894,51.469743],[0.0139937,51.4697523],[0.0138096,51.4697702],[0.0136057,51.46979],[0.0135492,51.4698805],[0.0134723,51.469878],[0.0134279,51.4698766],[0.0133455,51.469874],[0.0133401,51.4698737],[0.0132442,51.4698677],[0.0129918,51.4698521],[0.0129443,51.4698466],[0.0128416,51.4698348],[0.0128283,51.4698333],[0.0128205,51.4698324],[0.0127725,51.4698268],[0.0126001,51.469807],[0.0126096,51.4697781],[0.012756,51.4693329],[0.0128301,51.4691073],[0.0128371,51.469086],[0.0128384,51.4690821],[0.0128621,51.46901],[0.012879,51.4689587],[0.012918,51.4688398],[0.0129487,51.4687465],[0.01295,51.4687426],[0.0129849,51.4686364],[0.0129918,51.4686155],[0.0130146,51.4685459],[0.0130442,51.4684568],[0.0130606,51.468406],[0.0130636,51.468397],[0.0130701,51.4683772],[0.0131128,51.4682472],[0.0131222,51.4681902],[0.0131305,51.4681391],[0.013129,51.4681293],[0.0131217,51.4680813],[0.0131049,51.4680262],[0.0130871,51.467996],[0.0130271,51.4678942],[0.0128601,51.4677423],[0.0127911,51.4676796],[0.0127778,51.4676673],[0.0127328,51.4675988],[0.0127305,51.4675952],[0.0127079,51.4675113],[0.0127191,51.4674285],[0.0127208,51.4674163],[0.0127279,51.4674011],[0.0127295,51.4673977],[0.0127617,51.4673288],[0.0127759,51.4672984],[0.012842,51.4672345],[0.0129131,51.4671658],[0.0129157,51.4671633],[0.0129221,51.4671605],[0.012981,51.4671344],[0.0130519,51.4670893],[0.0130582,51.4670827],[0.0130656,51.4670749],[0.0130886,51.4670507],[0.0130962,51.4670403],[0.0131049,51.4670283],[0.0131195,51.4670084],[0.0131406,51.4669564],[0.0132024,51.4669009],[0.0132757,51.4668354],[0.0132448,51.4668271],[0.0131644,51.4668087],[0.0130999,51.4667939],[0.0127486,51.4667133],[0.0127425,51.4667119],[0.0125104,51.4666587],[0.0124829,51.4666524],[0.0124049,51.4666236],[0.0123931,51.4666193],[0.0122726,51.4665748],[0.0122329,51.4665602],[0.0121356,51.4665241],[0.0121143,51.4665164],[0.012087,51.4665048],[0.0120602,51.4664934],[0.0119897,51.4664635],[0.0119797,51.4664592],[0.011942,51.4664433],[0.0119131,51.466431],[0.0119074,51.4664285],[0.0118441,51.4664017],[0.0118284,51.4663951],[0.0117943,51.4663806],[0.0117575,51.4663649],[0.0117455,51.4663598],[0.0116864,51.4663348],[0.0116103,51.4663024],[0.0115843,51.4662914],[0.0115495,51.4662789],[0.01154,51.4662754],[0.0115083,51.466264],[0.0114976,51.4662601],[0.0114849,51.4662556],[0.0114206,51.4662324],[0.0114113,51.4662304],[0.0114067,51.4662294],[0.0113622,51.4662198],[0.0113417,51.4662154],[0.011289,51.4662041],[0.0112851,51.4662033],[0.0112232,51.46619],[0.0112119,51.4661876],[0.0111926,51.4661834],[0.0111367,51.4661714],[0.0111283,51.4661696],[0.0110739,51.4661579],[0.0110664,51.4661563],[0.0110364,51.4661499],[0.0109229,51.4661255],[0.010911,51.466123],[0.0108841,51.4661183],[0.0108412,51.4661108],[0.0108005,51.4661037],[0.0107532,51.4660954],[0.0107004,51.4660899],[0.0105239,51.4660715],[0.010504,51.4660695],[0.0104847,51.4660674],[0.010449,51.4660655],[0.0103157,51.4660582],[0.0102877,51.4660567],[0.0102754,51.466056],[0.0102457,51.4660544],[0.0102388,51.4660533],[0.0102208,51.4660505],[0.0101829,51.4660446],[0.0101618,51.4660413],[0.0101546,51.4660401],[0.010025,51.4660199],[0.0100077,51.4660172],[0.0099415,51.4660068],[0.0099032,51.4660008],[0.009767,51.4659794],[0.0091146,51.4658774],[0.0090959,51.4658744],[0.0091092,51.4658401],[0.0091155,51.465824],[0.0091169,51.4658204],[0.0091872,51.4655865],[0.0091934,51.4655659],[0.0092075,51.465519],[0.0092224,51.4654694],[0.0092244,51.4654623],[0.0092163,51.4654169],[0.0092099,51.4653813],[0.0092072,51.4653666],[0.0091989,51.4653202],[0.0091879,51.4652593],[0.0091838,51.4652361],[0.0091822,51.4652272],[0.0091768,51.4651975],[0.0091671,51.4651648],[0.0091369,51.4650634],[0.0091324,51.4650482],[0.0091274,51.4650312],[0.0090923,51.4649134],[0.0090903,51.4649066],[0.0090863,51.464881],[0.0090765,51.4648176],[0.0090771,51.4647982],[0.0090802,51.4647126],[0.0090833,51.4646966],[0.0091006,51.4646096],[0.0091091,51.4645847],[0.0091168,51.4645618],[0.0091189,51.4645556],[0.0091245,51.4645424],[0.009141,51.4645036],[0.0092014,51.4643613],[0.0092233,51.4643096],[0.0093189,51.46403],[0.0093857,51.4638307],[0.0094382,51.4636766],[0.0094395,51.4636727],[0.0095054,51.4634791],[0.0095359,51.4633894],[0.0095388,51.4633808],[0.0095449,51.463365],[0.009548,51.4633568],[0.009589,51.4632496],[0.0096107,51.4631926],[0.0096406,51.4631146],[0.009653,51.4630822],[0.0096859,51.4629959],[0.0096942,51.4629741],[0.0097226,51.4629],[0.0097524,51.4628219],[0.0097777,51.4627558],[0.0097861,51.4627234],[0.0097994,51.4626722],[0.0098004,51.4626683],[0.0098136,51.4626174],[0.0098164,51.4626066],[0.0098254,51.4625719],[0.0098451,51.4624652],[0.009855,51.4624121],[0.0098614,51.4623776],[0.009863,51.4623687],[0.0098668,51.4623479],[0.0098829,51.4621609],[0.0098828,51.4621432],[0.0098827,51.4621397],[0.0098826,51.4621174],[0.0098825,51.4621055],[0.0098815,51.4619915],[0.0098804,51.4618594],[0.0098802,51.461832],[0.0098764,51.4617943],[0.009875,51.4617799],[0.0098649,51.4616801],[0.0098542,51.4615736],[0.0098478,51.4615092],[0.0098478,51.4615037],[0.0098349,51.4613812],[0.0098326,51.4613577],[0.0098314,51.4613458],[0.0098277,51.461309],[0.0098257,51.4612888],[0.0098251,51.4612828],[0.0098226,51.461258],[0.009821,51.4611716],[0.0098188,51.4610481],[0.0098183,51.4610237],[0.0098182,51.461018],[0.0098179,51.4609986],[0.0098178,51.4609944],[0.0098169,51.460945],[0.0098231,51.4608546],[0.0098251,51.4608247],[0.009828,51.4607824],[0.0098313,51.4607327],[0.0098362,51.4606629],[0.0098366,51.4606566],[0.0098425,51.4605715],[0.0098434,51.4605578],[0.0098437,51.460554],[0.009844,51.4605486],[0.0098443,51.4605454],[0.0098465,51.4605122],[0.0098483,51.4604868],[0.009852,51.4604323],[0.0098522,51.4604296],[0.0098527,51.4604226],[0.0098571,51.4603573],[0.0098575,51.4603511],[0.0098723,51.4601349],[0.0098727,51.4601291],[0.0098739,51.4601124],[0.0098746,51.4601016],[0.0098755,51.4600882],[0.0098805,51.4600161],[0.0098872,51.4599756],[0.0098916,51.4599488],[0.009895,51.4599283],[0.0098973,51.4599143],[0.0098979,51.459911],[0.0099076,51.4598524],[0.009911,51.4598317],[0.0099116,51.4598278],[0.0099145,51.4598101],[0.0099154,51.4598049],[0.009918,51.4597895],[0.0099228,51.4597603],[0.0099256,51.4597434],[0.0099271,51.459734],[0.0099374,51.4596719],[0.0099386,51.4596644],[0.0099402,51.4596551],[0.0099503,51.4596111],[0.0099511,51.4596075],[0.0099545,51.4595927],[0.0099564,51.4595844],[0.0099764,51.4594971],[0.0099989,51.4594219],[0.0100066,51.4593962],[0.010051,51.4592475],[0.0100599,51.4592178],[0.0100769,51.4591606],[0.0100941,51.4591032],[0.010096,51.4591],[0.0100998,51.4590935],[0.0101165,51.4590654],[0.0101336,51.4590364],[0.0101389,51.4590275],[0.0101454,51.4590166],[0.0101514,51.4590063],[0.0101548,51.4590006],[0.0101673,51.4589794],[0.0101758,51.4589651],[0.0102285,51.4588761],[0.0102523,51.4588359],[0.0102639,51.4588162],[0.010272,51.4588026],[0.0102791,51.4587906],[0.0102807,51.4587878],[0.0102922,51.4587684],[0.0102944,51.4587648],[0.0103166,51.4587273],[0.0103224,51.4587175],[0.0103423,51.4586838],[0.0103479,51.4586744],[0.0103511,51.4586689],[0.0104097,51.4585699],[0.0104408,51.4585174],[0.0104697,51.4584652],[0.0104722,51.4584608],[0.0105063,51.4583992],[0.0105194,51.4583756],[0.0105232,51.4583687],[0.0105253,51.4583649],[0.0105276,51.4583608],[0.0105427,51.4583334],[0.0105874,51.4582528],[0.0105894,51.4582491],[0.0106377,51.458162],[0.0106653,51.4581121],[0.010669,51.4581055],[0.0106863,51.4580742],[0.0107021,51.4580456],[0.0107103,51.4580309],[0.010751,51.4579575],[0.0107583,51.4579442],[0.0107649,51.4579324],[0.0107909,51.4578854],[0.010796,51.457878],[0.0108,51.4578722],[0.0108611,51.457784],[0.0108641,51.4577797],[0.0108661,51.4577768],[0.0109052,51.4577202],[0.0109083,51.4577158],[0.0109101,51.4577132],[0.0109254,51.4576912],[0.0109371,51.4576742],[0.0109584,51.4576434],[0.0109769,51.4576167],[0.0109946,51.4575911],[0.0109976,51.4575868],[0.0110008,51.4575821],[0.0110227,51.4575506],[0.0110407,51.4575245],[0.0111325,51.4573919],[0.0111484,51.4573689],[0.011172,51.4573348],[0.0111865,51.4573139],[0.011191,51.4573073],[0.0111949,51.457299],[0.0111998,51.4572884],[0.0112264,51.4572311],[0.0112471,51.4571865],[0.0112641,51.4571498],[0.0112669,51.4571438],[0.0112872,51.4570999],[0.0112952,51.4570829],[0.0113,51.4570723],[0.0113113,51.457048],[0.0113199,51.4570296],[0.0113269,51.4570145],[0.0113283,51.4570115],[0.0113452,51.4570021],[0.0114006,51.4569717],[0.0114628,51.4569371],[0.0114743,51.4569089],[0.0114754,51.4569062],[0.0114765,51.4569035],[0.0114986,51.4568348],[0.0115217,51.4567631],[0.0115248,51.4567535],[0.01153,51.4567258],[0.0115318,51.4567112],[0.0114861,51.4567004],[0.0114413,51.4566897],[0.0114336,51.4566879],[0.0113822,51.4566756],[0.0113991,51.4566659],[0.0114865,51.4566169],[0.0114955,51.4566124],[0.0115067,51.4566068],[0.011517,51.4566016],[0.0115316,51.4565943],[0.0116387,51.4565404],[0.0117228,51.4564981],[0.011738,51.4564904],[0.0117496,51.4564846],[0.0118086,51.4564617],[0.0120792,51.4563569],[0.0122476,51.4562916],[0.0122827,51.456278],[0.0123217,51.4562629],[0.0123355,51.4562576],[0.0124498,51.4562134],[0.012493,51.4561967],[0.0127544,51.4560956],[0.0128239,51.4560771],[0.0129013,51.4560565],[0.0130609,51.456014],[0.0131423,51.4559923],[0.0132083,51.4559747],[0.0133268,51.4559431],[0.0133978,51.4559242],[0.0134934,51.4558988],[0.0136179,51.4558656],[0.0136642,51.4558524],[0.0136993,51.4558424],[0.0137573,51.4558259],[0.0138011,51.4558135],[0.0138371,51.4558032],[0.0139462,51.4557722],[0.014127,51.4557207],[0.0142398,51.4556956],[0.0142526,51.4556927],[0.0144363,51.4556541],[0.0145747,51.4556251],[0.0145999,51.4556198],[0.0147289,51.4555927],[0.0150159,51.4555324],[0.0150242,51.4555307],[0.0152961,51.4554736],[0.0153035,51.455472],[0.0153143,51.4554697],[0.0156469,51.4554122],[0.0157801,51.4553891],[0.0159773,51.455355],[0.0159907,51.4553527],[0.0161279,51.455329],[0.0161323,51.4553282],[0.0161804,51.4553199],[0.0161904,51.4553182],[0.0162044,51.4553157],[0.0162333,51.4553097],[0.0162487,51.4553065],[0.0162608,51.455304],[0.0162927,51.4552973],[0.0164046,51.455274],[0.0167552,51.4552009],[0.0167933,51.4551929],[0.0168755,51.4551758],[0.0170959,51.4551298],[0.0171542,51.4551177],[0.0171692,51.4551146],[0.0172942,51.4550885],[0.0173039,51.4550864],[0.01748,51.4550497],[0.0174794,51.4550428],[0.0174514,51.4547434],[0.0174497,51.454725],[0.0174491,51.4547186],[0.0174484,51.4547117],[0.0174394,51.4546156],[0.0174375,51.4545948],[0.0174383,51.4545767],[0.0174384,51.4545729],[0.017439,51.4545594],[0.0174393,51.4545526],[0.0174403,51.4545303],[0.0174424,51.4544809],[0.017443,51.4544693],[0.0174487,51.4543379],[0.0174495,51.4543237],[0.0174538,51.4542543],[0.0174561,51.454217],[0.0174566,51.4542093],[0.017457,51.4542024],[0.0175147,51.4541839],[0.0175236,51.4541584],[0.0175465,51.4540929],[0.0175539,51.4540715],[0.0175683,51.4540302],[0.0175868,51.4539772],[0.017591,51.4539653],[0.0176078,51.4539171],[0.0176154,51.4538953],[0.0176249,51.4538679],[0.0176465,51.4538172],[0.0176497,51.4538097],[0.0176615,51.453782],[0.0176798,51.4537391],[0.0176915,51.4537116],[0.0177031,51.4536844],[0.0177142,51.4536583],[0.0177211,51.453642],[0.0177257,51.4536329],[0.0177539,51.4535765],[0.017769,51.4535461],[0.017776,51.4535322],[0.0177821,51.4535199],[0.0178164,51.4534513],[0.0178224,51.4534394],[0.017855,51.453374],[0.0178585,51.453368],[0.0178766,51.4533367],[0.0178884,51.4533163],[0.017901,51.4532945],[0.0179186,51.453264],[0.017924,51.4532547],[0.0179346,51.4532364],[0.0179449,51.4532187],[0.0179489,51.4532117],[0.0179703,51.4531749],[0.017972,51.4531719],[0.017983,51.453153],[0.0179885,51.4531436],[0.0180009,51.4530823],[0.0180275,51.4529486],[0.0180415,51.4528789],[0.0180607,51.4527822],[0.0180671,51.4527502],[0.0180731,51.45272],[0.0180935,51.452618],[0.0180989,51.4525909],[0.0181003,51.4525837],[0.0181024,51.4525732],[0.0181041,51.4525646],[0.0181194,51.452488],[0.0181263,51.4524534],[0.0181394,51.4523874],[0.0181413,51.4523781],[0.0181425,51.4523719],[0.0181814,51.4521767],[0.018187,51.4521485],[0.0181938,51.4521145],[0.0181996,51.4520856],[0.018209,51.4520382],[0.0182188,51.451989],[0.0182266,51.4519499],[0.0182416,51.4518744],[0.0182449,51.451858],[0.018249,51.4518375],[0.0182549,51.4518081],[0.0182604,51.4517802],[0.0182699,51.4517329],[0.0182989,51.4515872],[0.0183709,51.4515945],[0.0184519,51.4516028],[0.0184636,51.451604],[0.0185562,51.4516134],[0.0185825,51.4516161],[0.0186989,51.451628],[0.0187278,51.4516309],[0.0188435,51.4516427],[0.0188748,51.4516459],[0.0190366,51.4516624],[0.0191232,51.4516712],[0.0191322,51.4516721],[0.0192768,51.4516869],[0.0192899,51.4516882],[0.0195651,51.4517212],[0.019693,51.4512573],[0.0197052,51.4512132],[0.0197065,51.4512087],[0.0197086,51.451201],[0.0198396,51.4507275],[0.0196327,51.4507055],[0.0196011,51.4507021],[0.0195118,51.4506927],[0.0194887,51.4506902],[0.0194018,51.450681],[0.019395,51.4506803],[0.0192788,51.4506679],[0.0191154,51.4506506],[0.0189821,51.4506365],[0.0189479,51.4506329],[0.0188792,51.4506256],[0.0188187,51.4506192],[0.0186785,51.4506043],[0.0186699,51.4506034],[0.0185709,51.4505929],[0.0185649,51.4505923],[0.0183938,51.4505741],[0.018376,51.4505722],[0.0182049,51.4505541],[0.0181089,51.4505439],[0.018075,51.4505403],[0.0179521,51.4505273],[0.0179362,51.4505256],[0.0178298,51.4505143],[0.0178135,51.4505126],[0.0176578,51.4504961],[0.017634,51.4504936],[0.0174139,51.4504702],[0.0173994,51.4504687],[0.0173516,51.4504636],[0.0173359,51.450462],[0.0171579,51.4504431],[0.017141,51.4504413],[0.0170124,51.4504277],[0.0170075,51.4504271],[0.0169228,51.4504181],[0.0168911,51.4504148],[0.0168842,51.4504141],[0.016852,51.4504106],[0.016536,51.4503771],[0.0165222,51.4503757],[0.0164194,51.4503648],[0.016411,51.4503639],[0.0162227,51.4503439],[0.0161973,51.4503412],[0.0161559,51.4503368],[0.0160266,51.4503231],[0.016,51.4503203],[0.0159359,51.4503135],[0.0159097,51.4503107],[0.0158089,51.4503],[0.0156447,51.4502826],[0.0156301,51.4502811],[0.0155161,51.450269],[0.0154657,51.4502636],[0.0153268,51.4502489],[0.0153046,51.4502466],[0.0152313,51.4502388],[0.0152079,51.4502363],[0.0151235,51.4502273],[0.015004,51.4502188],[0.0150418,51.4500383],[0.0151971,51.4500022],[0.0152929,51.4499805],[0.0153092,51.4499768],[0.0156538,51.4498986],[0.015691,51.4498902],[0.0157016,51.4498878],[0.015745,51.4498779],[0.0158682,51.44985],[0.0160375,51.4498115],[0.0161525,51.4497855],[0.0161671,51.4497822],[0.0163324,51.4497446],[0.0163716,51.4497358],[0.0164845,51.4497101],[0.0165083,51.4497047],[0.0165807,51.4496883],[0.0168975,51.4496164],[0.0169033,51.4496151],[0.016969,51.4496002],[0.0169854,51.4495965],[0.0171685,51.4495549],[0.0171841,51.4495514],[0.0172941,51.4495264],[0.0175627,51.4494817],[0.0175688,51.4494807],[0.0178011,51.4494421],[0.0178151,51.4494397],[0.0179853,51.4494114],[0.0182274,51.4493845],[0.018246,51.4493824],[0.0183952,51.4493658],[0.0184449,51.4493603],[0.0184646,51.4493581],[0.0188818,51.4493118],[0.018924,51.4493071],[0.0189334,51.449306],[0.0189701,51.449302],[0.0190565,51.4492923],[0.0190913,51.4492885],[0.0191216,51.4492851],[0.0191641,51.4492804],[0.0191817,51.4492784],[0.0192497,51.4492705],[0.0193086,51.4492638],[0.0193134,51.4492632],[0.0195804,51.4492325],[0.019589,51.4492315],[0.0196318,51.4492266],[0.0196747,51.4492217],[0.0197166,51.4492168],[0.0198578,51.4492006],[0.0198656,51.4491997],[0.0201371,51.4491685],[0.0201457,51.4491675],[0.0201879,51.4491626],[0.0204672,51.4491305],[0.0205086,51.4491261],[0.0205383,51.4491229],[0.0205744,51.4491191],[0.0206431,51.4491118],[0.0207382,51.4491016],[0.0207498,51.4491004],[0.0209313,51.4490811],[0.020941,51.4490801],[0.0215657,51.4490136],[0.021572,51.4490126],[0.0219276,51.4489575],[0.0219906,51.4488294],[0.0220608,51.4486867],[0.0220638,51.4486805],[0.0220659,51.4486762],[0.0221185,51.4485694],[0.0221368,51.4485322],[0.0221562,51.4484927],[0.0221821,51.4484172],[0.0222255,51.4482907],[0.0222837,51.4482029],[0.0223092,51.4481652],[0.0223436,51.4481127],[0.0223817,51.4480506],[0.0226374,51.4476337],[0.0226607,51.4475958],[0.0226728,51.4475769],[0.0226747,51.4475739],[0.0226828,51.4475612],[0.0229071,51.4472086],[0.0229147,51.4471967],[0.0228252,51.4471669],[0.0228138,51.4471631],[0.0227495,51.4471418],[0.0227403,51.4471391],[0.0227301,51.4471362],[0.0227223,51.447134],[0.022706,51.4471293],[0.0225408,51.447082],[0.0225194,51.4470759],[0.0224861,51.4470664],[0.0224778,51.447064],[0.0223846,51.4470373],[0.0223506,51.4470276],[0.0222314,51.4469934],[0.02222,51.4469902],[0.0220834,51.4469511],[0.0220769,51.4469492],[0.0220613,51.4469447],[0.0220346,51.4469371],[0.0219858,51.4469231],[0.0219758,51.4469202],[0.0219359,51.4469088],[0.0219179,51.4469036],[0.0218724,51.4468906],[0.0218156,51.4468743],[0.0217865,51.446866],[0.0217228,51.4468478],[0.0217153,51.4468456],[0.0216514,51.4468273],[0.0216428,51.4468249],[0.0215622,51.4468018],[0.0215403,51.4467955],[0.0214274,51.4467632],[0.0214169,51.4467602],[0.0213979,51.4467547],[0.0213928,51.4467533],[0.0213801,51.4467497],[0.0213545,51.4467423],[0.0213474,51.4467403],[0.0213422,51.4467388],[0.0212213,51.4467046],[0.0212104,51.4467013],[0.0211609,51.4466869],[0.0211639,51.4466574],[0.0211641,51.446651],[0.0211669,51.4465697],[0.0211673,51.446558],[0.0211693,51.4464982],[0.0211698,51.4464855],[0.0211712,51.4464478],[0.0211733,51.4463836],[0.0211734,51.4463796],[0.0211781,51.4462423],[0.0211783,51.4462351],[0.0211793,51.4462082],[0.0211796,51.4461991],[0.0211834,51.446088],[0.0211836,51.4460822],[0.0211845,51.4460537],[0.0211846,51.4460506],[0.021185,51.44604],[0.0211851,51.4460371],[0.0211856,51.4460237],[0.0211868,51.4459888],[0.0211881,51.4459484],[0.0211883,51.445944],[0.0211905,51.4458783],[0.0211907,51.4458751],[0.0211913,51.4458571],[0.021192,51.4458368],[0.0211936,51.4457884],[0.021194,51.4457762],[0.0211971,51.4456862],[0.0211975,51.4456741],[0.0212001,51.4455999],[0.0212009,51.4455765],[0.0212013,51.4455647],[0.0212022,51.445536],[0.0212027,51.4455232],[0.0212029,51.4455178],[0.0212049,51.4454595],[0.0212056,51.4454367],[0.0212065,51.4454108],[0.0212074,51.4453864],[0.0212076,51.4453784],[0.0212088,51.4453444],[0.0212092,51.4453324],[0.0212097,51.4453178],[0.0212098,51.4453144],[0.021211,51.4452801],[0.0212111,51.4452755],[0.0212125,51.4452356],[0.0212133,51.4452121],[0.0212139,51.4451948],[0.0212143,51.4451823],[0.021216,51.4451341],[0.0212161,51.44513],[0.0212167,51.4451245],[0.0212189,51.4451039],[0.0212226,51.4450705],[0.0212234,51.4450627],[0.0212303,51.4449984],[0.0212317,51.4449876],[0.0212438,51.4449618],[0.0212707,51.4449047],[0.0213053,51.4448313],[0.0213067,51.4448283],[0.0213163,51.4448078],[0.0213205,51.4447989],[0.0213282,51.4447827],[0.021331,51.4447767],[0.0213716,51.4446905],[0.0213785,51.4446759],[0.0213805,51.4446716],[0.02141,51.4446088],[0.0214126,51.4446033],[0.0214171,51.4445937],[0.0214386,51.4445481],[0.0214425,51.4445399],[0.0214638,51.4444945],[0.0214654,51.4444911],[0.0214821,51.4444436],[0.0214857,51.4444335],[0.0214951,51.4444059],[0.02145,51.4443938],[0.0213233,51.4443597],[0.0213129,51.4443569],[0.0212322,51.4443351],[0.0212221,51.4443324],[0.0206474,51.4441777],[0.020635,51.4441743],[0.0206435,51.4441589],[0.0206782,51.4441015],[0.0206906,51.4440811],[0.0207271,51.4440206],[0.0207374,51.4440036],[0.020753,51.4439778],[0.0207643,51.4439591],[0.0207659,51.4439565],[0.0207947,51.4439089],[0.0208142,51.4438767],[0.0208834,51.4437622],[0.0208853,51.4437592],[0.0209201,51.4437017],[0.0209981,51.4435727],[0.0210006,51.4435684],[0.0210489,51.4434886],[0.0210518,51.4434839],[0.0210711,51.4434519],[0.0210727,51.4434494],[0.0210804,51.4434365],[0.0210828,51.4434327],[0.021097,51.4434092],[0.0211326,51.443355],[0.021144,51.4433377],[0.0211511,51.443327],[0.0211571,51.4433179],[0.0212073,51.4432415],[0.0212137,51.4432318],[0.0212161,51.4432283],[0.0212179,51.4432254],[0.0212213,51.4432203],[0.0213138,51.4430797],[0.0213225,51.4430665],[0.021403,51.4429442],[0.0214078,51.4429369],[0.0214429,51.4428835],[0.0214469,51.4428776],[0.0215109,51.4427803],[0.0215587,51.4427076],[0.0215619,51.4427027],[0.0216137,51.4426892],[0.0216936,51.4426691],[0.0217487,51.4426556],[0.021929,51.4426096],[0.022072,51.4425735],[0.0220825,51.4425705],[0.0221278,51.4425571],[0.0223013,51.442506],[0.022312,51.4425028],[0.0223301,51.4424975],[0.0223411,51.4424942],[0.0225347,51.4424371],[0.0225627,51.4424289],[0.0225747,51.4424254],[0.022647,51.4424041],[0.0226633,51.4423993],[0.0227686,51.4423682],[0.022775,51.4423663],[0.0228637,51.4423346],[0.022878,51.4423295],[0.0228894,51.4423255],[0.0229629,51.4422992],[0.02297,51.4422967],[0.023103,51.4422491],[0.0231082,51.4422473],[0.0231197,51.4422432],[0.0231487,51.4422328],[0.0231562,51.4422301],[0.0232593,51.4421933],[0.023284,51.4421861],[0.0232966,51.4421823],[0.0233089,51.4421787],[0.0233176,51.4421762],[0.0233328,51.4421717],[0.0233465,51.4421677],[0.0234195,51.4421462],[0.0234328,51.4421423],[0.0234587,51.4421347],[0.0236247,51.4420859],[0.0236367,51.4420824],[0.0236462,51.4420801],[0.0236864,51.4420703],[0.0236972,51.4420677],[0.0237713,51.4420498],[0.0238882,51.4420215],[0.023918,51.4420143],[0.0239247,51.4420127],[0.0240792,51.4419753],[0.0241741,51.4419524],[0.024235,51.4419393],[0.0243322,51.4419184],[0.0243473,51.4419151],[0.0244156,51.4419004],[0.0244494,51.4418941],[0.0244619,51.4418918],[0.0245092,51.4418829],[0.0245175,51.4418813],[0.0245895,51.4418678],[0.0245982,51.4418662],[0.0246716,51.4418525],[0.0247191,51.4418445],[0.02473,51.4418426],[0.0248397,51.4418242],[0.0248881,51.441816],[0.0249202,51.4418106],[0.0249256,51.4418097],[0.0250046,51.4417964],[0.0250286,51.4417929],[0.0250433,51.4417908],[0.0251386,51.4417772],[0.0251471,51.4417759],[0.0251721,51.4417723],[0.0251834,51.4417707],[0.0251886,51.44177],[0.025247,51.4417616],[0.025251,51.441761],[0.0254147,51.4417375],[0.0254267,51.4417363],[0.0254372,51.4417352],[0.025499,51.4417291],[0.0255294,51.441726],[0.0255388,51.4417251],[0.0256527,51.4417138],[0.0256961,51.4417095],[0.0257153,51.4417075],[0.0257371,51.4417054],[0.0257612,51.441703],[0.0257693,51.4417022],[0.0258624,51.4416929],[0.0258944,51.4416897],[0.0259046,51.4416887],[0.0259215,51.441687],[0.0260191,51.4416773],[0.0260534,51.4416739],[0.0261078,51.4416684],[0.0261933,51.4416587],[0.026199,51.4416581],[0.026209,51.441657],[0.026321,51.4416442],[0.0263516,51.4416408],[0.0264031,51.4416349],[0.0264407,51.4416307],[0.0265109,51.4416227],[0.0265163,51.4416221],[0.0265245,51.4416211],[0.0265575,51.4416174],[0.0265668,51.4416163],[0.0265846,51.4416143],[0.0266027,51.4416123],[0.0266626,51.4416055],[0.0266905,51.4416032],[0.0267314,51.4415999],[0.0267544,51.4415981],[0.0267827,51.4415958],[0.0268106,51.4415935],[0.0268202,51.4415928],[0.0269434,51.4415828],[0.026963,51.4415813],[0.0269683,51.4415808],[0.0269887,51.4415792],[0.0271089,51.4415695],[0.0271236,51.4415695],[0.0271293,51.4415695],[0.0272245,51.4415695],[0.0272402,51.4415695],[0.0272449,51.4415695],[0.0273158,51.4415696],[0.0274298,51.4415647],[0.0274361,51.4415645],[0.0275091,51.4415614],[0.027515,51.4415611],[0.0275362,51.4415602],[0.0275518,51.4415596],[0.0276198,51.4415567],[0.0276408,51.4415558],[0.0277592,51.4415508],[0.0277724,51.4415503],[0.0278642,51.4415464],[0.0280884,51.4415369],[0.028101,51.4415363],[0.0281229,51.4415354],[0.0281507,51.4415342],[0.0281704,51.4415334],[0.028175,51.4415332],[0.0282143,51.4415315],[0.0282627,51.4415378],[0.0282769,51.4415396],[0.0283392,51.4415476],[0.0285635,51.4415765],[0.0287013,51.4415972],[0.0287324,51.4416019],[0.0288629,51.4416216],[0.028887,51.4416252],[0.0289458,51.4413746],[0.0288381,51.4412147],[0.0288123,51.4411762],[0.0288037,51.4411635],[0.0287821,51.4411315],[0.0287775,51.4411245],[0.0287339,51.4410598],[0.0287303,51.4410545],[0.0287287,51.4410521],[0.0286861,51.4409888],[0.0286752,51.4409727],[0.0286396,51.4409197],[0.0286326,51.440905],[0.0286305,51.4409006],[0.028592,51.4408197],[0.0285896,51.4408149],[0.0285484,51.4407283],[0.0285417,51.4407142],[0.0285363,51.440703],[0.0285292,51.4406881],[0.0285109,51.4406496],[0.0285066,51.4406407],[0.0284909,51.4406077],[0.0284901,51.4406042],[0.0284891,51.4406001],[0.028471,51.4405228],[0.0284643,51.4404944],[0.0284636,51.4404911],[0.0284621,51.4404848],[0.0284601,51.4404765],[0.0284454,51.4404136],[0.0284407,51.4403933],[0.0284367,51.4403745],[0.0284434,51.4403378],[0.0284613,51.44024],[0.0284646,51.4402216],[0.0284694,51.4401954],[0.0284703,51.4401902],[0.0284807,51.4401336],[0.0284897,51.4401114],[0.0284919,51.440106],[0.0285303,51.4400121],[0.0285363,51.4399974],[0.0285563,51.4399485],[0.0285639,51.43993],[0.0285772,51.4398974],[0.0285859,51.4398762],[0.0285969,51.4398493],[0.0285983,51.4398458],[0.0286032,51.4398345],[0.0286376,51.4397548],[0.0286426,51.4397432],[0.0286538,51.4397175],[0.028657,51.4397099],[0.0286676,51.4396855],[0.0286794,51.4396582],[0.028681,51.4396545],[0.0287342,51.4395314],[0.0287359,51.4395275],[0.0287435,51.4395098],[0.0287372,51.4394681],[0.0287364,51.4394628],[0.0287352,51.4394545],[0.0287342,51.439448],[0.0287254,51.4393889],[0.0287226,51.4393703],[0.028718,51.4393398],[0.0287143,51.4392673],[0.0287142,51.4392642],[0.0287108,51.4391982],[0.0286997,51.4389768],[0.0286994,51.4389713],[0.0286967,51.4389185],[0.0286965,51.4389137],[0.0286955,51.438893],[0.0286911,51.4388057],[0.0286883,51.4387504],[0.0283332,51.4386992],[0.0283252,51.438698],[0.0282733,51.4386906],[0.0282281,51.4386842],[0.0281778,51.438677],[0.0281601,51.4386745],[0.0281393,51.4386715],[0.0279253,51.438641],[0.0278973,51.438637],[0.0278022,51.4386235],[0.0277877,51.4386214],[0.0277398,51.4386146],[0.0276838,51.4386066],[0.0276597,51.4386032],[0.0276513,51.438602],[0.0276007,51.4385948],[0.0275918,51.4385935],[0.0275276,51.4385843],[0.0275006,51.4385805],[0.0273017,51.4385521],[0.0272729,51.438548],[0.0272442,51.4385439],[0.0271767,51.4385343],[0.0271401,51.4385291],[0.0271196,51.4385262],[0.0271022,51.4385237],[0.0269755,51.4385056],[0.0269559,51.4385028],[0.0269251,51.4384985],[0.0268894,51.4384934],[0.0268091,51.4384819],[0.0267326,51.438471],[0.0267158,51.4384686],[0.0266686,51.4384619],[0.0266007,51.4384522],[0.0265829,51.4384497],[0.0264898,51.4384364],[0.02648,51.438435],[0.0264096,51.438425],[0.0263932,51.4384226],[0.0263662,51.4384188],[0.026325,51.4384129],[0.0262929,51.4384083],[0.0259886,51.438365],[0.0259667,51.4384388],[0.0259199,51.4384308],[0.0259132,51.4384297],[0.0257718,51.4384055],[0.0256756,51.438389],[0.0256638,51.438387],[0.02564,51.4383829],[0.0255041,51.4383597],[0.025485,51.4383564],[0.0249801,51.4382701],[0.0249686,51.4382681],[0.0249339,51.4382622],[0.0249277,51.4382611],[0.0247906,51.4382377],[0.02467,51.4382169],[0.0246699,51.4381331],[0.0246697,51.4379786],[0.0246697,51.437946],[0.0246726,51.4379343],[0.0246837,51.4378894],[0.0246878,51.4378729],[0.0247469,51.4376341],[0.0247683,51.4375479],[0.0247742,51.4375239],[0.0247921,51.4374343],[0.0248303,51.4372434],[0.0248347,51.4372209],[0.0248366,51.4372115],[0.0248397,51.4371959],[0.0248625,51.4371507],[0.0249298,51.4370171],[0.025028,51.4368219],[0.0250315,51.4368149],[0.0251121,51.4365832],[0.0253395,51.4359291],[0.0253529,51.4358419],[0.0253667,51.4357527],[0.0253765,51.4356895],[0.0254998,51.4357332],[0.0255298,51.4357647],[0.0257451,51.4359911],[0.0257827,51.4360055],[0.0258082,51.4360152],[0.0258228,51.4360208],[0.0258465,51.4360298],[0.0258545,51.4360329],[0.0259785,51.4360801],[0.0260016,51.436089],[0.0260385,51.4361031],[0.0260684,51.4361145],[0.0261323,51.4361388],[0.0261377,51.4361409],[0.0261961,51.4361632],[0.0262029,51.4361658],[0.0262719,51.4361921],[0.0262756,51.4361935],[0.0262919,51.4361999],[0.026368,51.4362297],[0.0263923,51.4362393],[0.0264015,51.4362429],[0.0264182,51.4362494],[0.0264867,51.4362763],[0.026495,51.4362795],[0.026552,51.4363019],[0.0265589,51.4363046],[0.0266708,51.4363484],[0.0266819,51.4363528],[0.0270599,51.4365009],[0.0271391,51.436532],[0.0271499,51.4365362],[0.0272566,51.436578],[0.0272884,51.4365772],[0.0276534,51.436566],[0.0276466,51.4365102],[0.0277221,51.4365067],[0.0278455,51.4365009],[0.0279929,51.4364941],[0.0281656,51.4364756],[0.0286401,51.4364245],[0.0287196,51.4361856],[0.0288799,51.4357194],[0.0289379,51.4355488],[0.0289406,51.4354924],[0.0289403,51.4354751],[0.0289417,51.4354481],[0.0289423,51.4354354],[0.0289444,51.4353924],[0.0289446,51.4353879],[0.0289484,51.4353102],[0.0289674,51.4349223],[0.0289916,51.4346557],[0.0289921,51.4346506],[0.0289928,51.4346434],[0.0289825,51.4343914],[0.028952,51.4343127],[0.0289495,51.4343062],[0.0289165,51.4342213],[0.0288745,51.4342003],[0.0285809,51.4340534],[0.0286093,51.434038],[0.028672,51.4340039],[0.0286856,51.4339965],[0.0288466,51.4339089],[0.0289581,51.4338482],[0.0289645,51.4338447],[0.0290716,51.4337865],[0.0290874,51.4337779],[0.0291076,51.4337669],[0.0291304,51.4337545],[0.0292242,51.4337034],[0.0292406,51.4336946],[0.0292916,51.4336668],[0.0293243,51.433649],[0.0293347,51.4336434],[0.0294671,51.4335713],[0.0294766,51.4335662],[0.0295894,51.4335048],[0.0295927,51.433503],[0.0297206,51.4334334],[0.0297454,51.433417],[0.029749,51.4334146],[0.0298671,51.4333365],[0.0300404,51.4332218],[0.0300624,51.4332073],[0.0301678,51.4331375],[0.0301765,51.4331336],[0.0301806,51.4331318],[0.0302112,51.433118],[0.0302938,51.4330808],[0.0303145,51.4330715],[0.030335,51.4330623],[0.0303966,51.4330346],[0.0304637,51.4330044],[0.0304679,51.4330025],[0.0305484,51.4329663],[0.0305594,51.4329614],[0.0306418,51.4329243],[0.0306587,51.4329167],[0.0307253,51.4328867],[0.0307914,51.432857],[0.030811,51.4328482],[0.0309142,51.4328017],[0.0309292,51.432795],[0.0309855,51.4327696],[0.0310292,51.43275],[0.0311324,51.4327036],[0.0311417,51.4326994],[0.0312635,51.4326446],[0.0312889,51.4326332],[0.0313633,51.4325997],[0.0313551,51.4325894],[0.0313372,51.432567],[0.0310453,51.4322007],[0.0310644,51.4321804],[0.0311087,51.4321336],[0.0311498,51.4320901],[0.0311619,51.4320774],[0.0311664,51.4320727],[0.0311686,51.4320752],[0.0311746,51.4320821],[0.031512,51.4324678],[0.0315418,51.4325019],[0.031623,51.4325946],[0.0317356,51.4325457],[0.0317837,51.4325249],[0.031907,51.4324714],[0.0321575,51.4323627],[0.0321742,51.4323089],[0.0321806,51.4322884],[0.0322331,51.4321197],[0.0322882,51.432062],[0.0323981,51.4319473],[0.0324043,51.4319408],[0.0324452,51.431898],[0.0324513,51.4318916],[0.0325237,51.4319242],[0.03253,51.4319271],[0.0326856,51.4319972],[0.0327498,51.4320262],[0.032754,51.4320281],[0.032773,51.4320366],[0.0328393,51.4320665],[0.0329326,51.4321086],[0.0329463,51.4321147],[0.0329871,51.4321331],[0.0329973,51.4321378],[0.0332631,51.4322575],[0.0332744,51.4322626],[0.0332812,51.4322555],[0.0332939,51.4322422],[0.0332998,51.4322361],[0.0335046,51.4320219],[0.0335103,51.4320159],[0.0335127,51.4320134],[0.0335717,51.4319517],[0.0335755,51.4319477],[0.03359,51.4319326],[0.0335957,51.4319267],[0.0336116,51.43191],[0.0336239,51.4318972],[0.0337458,51.4317697],[0.0337745,51.4317397],[0.0338187,51.4317576],[0.0338337,51.4317637],[0.0339079,51.4317938],[0.034019,51.4318389],[0.0340355,51.4318456],[0.0341217,51.4318806],[0.0341268,51.4318827],[0.0342317,51.4319252],[0.0342384,51.431928],[0.0344498,51.4320138],[0.0344626,51.432019],[0.034565,51.4320605],[0.0345709,51.4320629],[0.0346241,51.4320845],[0.0346406,51.4320912],[0.0346444,51.4320927],[0.0346858,51.4321101],[0.0346912,51.4321124],[0.0347523,51.432138],[0.0347563,51.4321397],[0.0348507,51.4321792],[0.0348557,51.4321813],[0.0348637,51.4321847],[0.0349106,51.4322043],[0.0349465,51.4322194],[0.0349644,51.4322269],[0.0350698,51.4322711],[0.0351283,51.4322956],[0.035139,51.4323001],[0.0352195,51.4323338],[0.0353555,51.4323908],[0.035419,51.4324175],[0.0354302,51.4324221],[0.0354503,51.4324306],[0.0354974,51.4324503],[0.0355141,51.4324573],[0.0355549,51.4324744],[0.0355619,51.4324773],[0.0355807,51.4324852],[0.0356162,51.4325001],[0.0356241,51.4325035],[0.0356725,51.4325237],[0.0357112,51.4325399],[0.0357766,51.4325674],[0.0357907,51.4325733],[0.035833,51.432591],[0.0358437,51.4325955],[0.0358519,51.4325989],[0.0358596,51.4326022],[0.0359312,51.4326328],[0.0359438,51.4326382],[0.0359818,51.4326544],[0.0359971,51.432661],[0.0360822,51.4326973],[0.0360953,51.4327029],[0.0362355,51.4327629],[0.0362487,51.4327685],[0.036353,51.4328131],[0.0363579,51.4328152],[0.0363899,51.4328289],[0.036409,51.4328371],[0.0364193,51.4328414],[0.0365048,51.432878],[0.0365145,51.4328821],[0.0365373,51.4328919],[0.0365552,51.4328995],[0.0365739,51.4329075],[0.0366369,51.4329345],[0.0366417,51.4329365],[0.036651,51.4329405],[0.0366862,51.4329555],[0.0367384,51.4329779],[0.0367619,51.4329879],[0.0369862,51.4330838],[0.03699,51.4330854],[0.037001,51.4330901],[0.0370151,51.4330962],[0.0370347,51.4331045],[0.0373314,51.4332314],[0.037341,51.4332355],[0.037361,51.433244],[0.0373693,51.4332476],[0.0376761,51.4333787],[0.0376223,51.4329874],[0.0376207,51.4329755],[0.0376026,51.4328439],[0.0376018,51.4328375],[0.0375747,51.4326404],[0.0375706,51.4326103],[0.0375363,51.4323605],[0.0375353,51.4323537],[0.0375256,51.4322825],[0.0375148,51.4322043],[0.0375111,51.4321772],[0.0375003,51.4320985],[0.0374991,51.4320898],[0.0375037,51.4320457],[0.0375072,51.432012],[0.0375075,51.432009],[0.0375194,51.4318935],[0.0375223,51.4318659],[0.0375318,51.4317738],[0.0375373,51.4317491],[0.0375481,51.4317012],[0.0375543,51.4316734],[0.0376016,51.4314619],[0.0375837,51.4314187],[0.0375623,51.4313669],[0.0375681,51.4313469],[0.0375738,51.4313259],[0.0376582,51.4310169],[0.0376861,51.4309184],[0.0376917,51.430899],[0.0377383,51.4307349],[0.0378221,51.4305267],[0.0378304,51.430506],[0.0378505,51.4304561],[0.0378557,51.4304433],[0.0378593,51.4304342],[0.0378708,51.4304058],[0.0378727,51.4304011],[0.0378741,51.4303979],[0.0378812,51.4303821],[0.0378915,51.4303592],[0.037949,51.4302315],[0.0379501,51.4302289],[0.0380257,51.430061],[0.0380296,51.4300473],[0.0380305,51.4300442],[0.0380313,51.4300412],[0.0380909,51.4298333],[0.0380925,51.4298274],[0.0381498,51.4296274],[0.0381945,51.4294712],[0.0381547,51.4294624],[0.0381391,51.429459],[0.0381271,51.4294563],[0.0380896,51.4294481],[0.0381041,51.4294228],[0.0381633,51.4293233],[0.0382222,51.4292241],[0.0382508,51.429083],[0.0382518,51.4290776],[0.0382622,51.4290266],[0.0382686,51.4289955],[0.0382486,51.4289906],[0.0381978,51.4289792],[0.0382008,51.4289357],[0.0382011,51.4289322],[0.0382068,51.4288493],[0.03821,51.4288048],[0.0382103,51.4287998],[0.0382114,51.4287836],[0.0382134,51.4287548],[0.0382141,51.4287461],[0.0382148,51.4287353],[0.0382181,51.4286871],[0.0382186,51.4286811],[0.0382206,51.4286524],[0.0382215,51.4286391],[0.0382291,51.4285296],[0.0382294,51.4285252],[0.0382328,51.4284768],[0.0382341,51.4284577],[0.0382362,51.4284275],[0.0382372,51.4284127],[0.0382378,51.4284054],[0.038241,51.4283586],[0.038242,51.4283451],[0.0382445,51.4283082],[0.0382448,51.4283046],[0.0382461,51.4282853],[0.0382504,51.428224],[0.0382506,51.4282204],[0.0382554,51.4281527],[0.0382559,51.4281456],[0.0382621,51.4280566],[0.038263,51.4280424],[0.0382691,51.4279553],[0.0380071,51.4278567],[0.0379461,51.4278338],[0.0379399,51.4278315],[0.0379355,51.4278298],[0.0379049,51.4278183],[0.0378808,51.4278092],[0.0378302,51.4277902],[0.0378377,51.427758],[0.0378432,51.4277344],[0.037845,51.4277264],[0.0378637,51.4276461],[0.0378685,51.4276252],[0.0378735,51.4276037],[0.0378777,51.4275856],[0.037879,51.4275823],[0.0379731,51.4275832],[0.0380017,51.4275834],[0.0380254,51.4275837],[0.0380319,51.4275837],[0.0380474,51.4275839],[0.0381327,51.4275847],[0.03816,51.427585],[0.0381662,51.427585],[0.0382327,51.4275856],[0.0382968,51.4275863],[0.0383033,51.4275863],[0.0383281,51.4275866],[0.0384056,51.4275873],[0.0384083,51.4275151],[0.0384188,51.4272553],[0.0384189,51.4272483],[0.0384199,51.427211],[0.0384214,51.4271734],[0.0384221,51.4271698],[0.0384231,51.4271647],[0.0384382,51.4270935],[0.0384564,51.4270076],[0.0384664,51.4269602],[0.0384672,51.4269564],[0.0384677,51.4269539],[0.038471,51.4269384],[0.0384745,51.4269217],[0.0384766,51.4269118],[0.0384817,51.4268877],[0.0384874,51.4268608],[0.0384885,51.4268557],[0.0384891,51.4268526],[0.0384991,51.4268055],[0.0385,51.4268011],[0.0385029,51.4267877],[0.0385064,51.4267711],[0.0385087,51.4267603],[0.0385102,51.4267531],[0.0385134,51.4267379],[0.0385159,51.4267261],[0.0385229,51.4266932],[0.0385331,51.426645],[0.0385414,51.4266054],[0.0385622,51.4265122],[0.0385638,51.4265097],[0.0385799,51.426511],[0.0385859,51.4265114],[0.0386619,51.4265175],[0.0386627,51.426509],[0.0386633,51.4265023],[0.0386684,51.4264476],[0.0386974,51.4261368],[0.0387033,51.4260744],[0.0387417,51.4260749],[0.0388571,51.4260764],[0.0388761,51.4260766],[0.0390208,51.4260775],[0.0390556,51.4257285],[0.0390066,51.4255175],[0.0390026,51.4253856],[0.0389977,51.4253242],[0.0389686,51.4249529],[0.0389631,51.4248836],[0.0389163,51.4247406],[0.0389153,51.4247377],[0.0388212,51.4246918],[0.0385744,51.4246444],[0.038544,51.4246385],[0.0382319,51.4243377],[0.0381611,51.4242695],[0.0380028,51.4241169],[0.0379984,51.4241126],[0.0378013,51.4239226],[0.0377727,51.423895],[0.0375945,51.4237233],[0.0374733,51.4236064],[0.0373545,51.4234918],[0.0373368,51.4234748],[0.0373317,51.4234699],[0.0361861,51.4223655],[0.0349603,51.4231148],[0.0345654,51.4233936],[0.0342647,51.4236067],[0.0338588,51.4239678],[0.0338421,51.4239827],[0.0338243,51.423999],[0.0337767,51.4240409],[0.0337611,51.4240548],[0.0337095,51.4241007],[0.0335899,51.4241573],[0.0333757,51.4242588],[0.0333453,51.4242732],[0.0333365,51.4242773],[0.0332689,51.4243093],[0.0330426,51.4244165],[0.0330386,51.4244184],[0.0329921,51.4244405],[0.0329569,51.4244572],[0.0328968,51.4244856],[0.0327341,51.4245838],[0.032728,51.4245875],[0.0327146,51.4245956],[0.0327042,51.4246018],[0.0326124,51.4246573],[0.0325769,51.4246787],[0.0325639,51.4246865],[0.0325594,51.4246893],[0.0325241,51.4247105],[0.0324964,51.4247273],[0.0324405,51.424761],[0.0324178,51.4247747],[0.0324071,51.4247812],[0.0323938,51.4247892],[0.0323764,51.4247997],[0.0323491,51.4248162],[0.0323382,51.4248228],[0.0322637,51.4248677],[0.0322574,51.4248715],[0.0322363,51.4248843],[0.0322328,51.4248864],[0.0321595,51.4249306],[0.0320311,51.4250102],[0.0319761,51.4250444],[0.0319718,51.4250471],[0.0318216,51.4251402],[0.0318057,51.4251501],[0.0317927,51.4251581],[0.0317795,51.4251663],[0.0317325,51.4251954],[0.0316828,51.4252263],[0.0316675,51.4252358],[0.0316444,51.4252501],[0.0314879,51.4253472],[0.0314819,51.4253509],[0.0314666,51.4253604],[0.0312937,51.4254397],[0.0312662,51.4254523],[0.0312548,51.4254576],[0.0312096,51.4254783],[0.031092,51.4255334],[0.0310174,51.4255677],[0.0307806,51.425677],[0.0307223,51.4257],[0.0306095,51.4257447],[0.0303388,51.4258518],[0.0303139,51.4258615],[0.0302857,51.4258727],[0.030221,51.4258983],[0.0302023,51.4259085],[0.030184,51.4259185],[0.0300849,51.4259724],[0.030069,51.4259888],[0.0299869,51.4260734],[0.02997,51.4260899],[0.0298641,51.4261934],[0.0298486,51.4262086],[0.0298437,51.4262133],[0.029774,51.4262815],[0.0297681,51.4262872],[0.0296749,51.4263784],[0.0296195,51.4264156],[0.0295813,51.4264413],[0.0292988,51.4266312],[0.0292704,51.4266503],[0.0291621,51.4267231],[0.0291591,51.4267251],[0.0291493,51.4267317],[0.0291463,51.4267338],[0.0291354,51.426741],[0.029129,51.4267454],[0.0291179,51.4267528],[0.0289496,51.4268561],[0.0289368,51.426864],[0.0288835,51.4268967],[0.0288762,51.4269012],[0.0288027,51.4269464],[0.0287704,51.4269662],[0.0287559,51.4269751],[0.0287414,51.426984],[0.0287153,51.427],[0.0286911,51.4270149],[0.0285522,51.4271002],[0.0285256,51.4271165],[0.0284932,51.4271364],[0.0284886,51.4271392],[0.0284573,51.4271585],[0.0284421,51.4271679],[0.028414,51.4271886],[0.0283582,51.4272296],[0.0283508,51.4272351],[0.0282752,51.4272907],[0.0282708,51.4272939],[0.0281809,51.4273601],[0.0281745,51.4273648],[0.0281698,51.4273683],[0.0281361,51.4273931],[0.0281217,51.4274037],[0.0280247,51.427475],[0.0280065,51.4274884],[0.0277701,51.4276623],[0.0277272,51.4276939],[0.0277082,51.4277079],[0.027681,51.4277279],[0.0276282,51.4277668],[0.0275164,51.427849],[0.0274839,51.427873],[0.0273825,51.4279475],[0.0273097,51.4280011],[0.0272145,51.4280711],[0.0272016,51.4280782],[0.026909,51.4282391],[0.0269055,51.4282412],[0.0268235,51.4282895],[0.0268202,51.428292],[0.0264041,51.4285364],[0.0260617,51.428738],[0.0257247,51.4288468],[0.0256027,51.4288863],[0.0255374,51.4289074],[0.0254995,51.4289196],[0.0254642,51.428931],[0.0253808,51.4289461],[0.0253511,51.4289514],[0.0252056,51.4289777],[0.025166,51.4289848],[0.0251539,51.428987],[0.0251217,51.4289928],[0.0249382,51.4288862],[0.0246625,51.4287275],[0.0243736,51.4285619],[0.0243227,51.4285326],[0.0242471,51.428489],[0.0242416,51.4284873],[0.0240319,51.428421],[0.024005,51.4284082],[0.0239905,51.4284013],[0.023829,51.4283245],[0.0238141,51.4283174],[0.023745,51.4282846],[0.0237089,51.4282674],[0.0236986,51.4282625],[0.0236655,51.4282468],[0.023626,51.428228],[0.0236203,51.4282253],[0.0235432,51.4281886],[0.0235305,51.4281826],[0.0235228,51.428179],[0.0234515,51.428145],[0.0234469,51.4281421],[0.0234261,51.4281288],[0.0233374,51.4280719],[0.0233265,51.428065],[0.0231348,51.4279421],[0.0229897,51.4278491],[0.0229402,51.4278272],[0.0229306,51.427823],[0.0229038,51.4278112],[0.0228926,51.4278062],[0.0227408,51.4277393],[0.0227301,51.4277346],[0.0226989,51.4277209],[0.0226554,51.4277017],[0.0226193,51.4276858],[0.0226046,51.4276793],[0.0225964,51.4276756],[0.0225898,51.4276727],[0.0225227,51.4276432],[0.0224692,51.4276196],[0.0224588,51.427615],[0.0223165,51.4275414],[0.0223063,51.4275361],[0.0222001,51.4274812],[0.0221964,51.4274793],[0.0221753,51.4274684],[0.0221637,51.4274624],[0.0220812,51.4274197],[0.0220647,51.4274112],[0.0220443,51.4274007],[0.0220083,51.427382],[0.02198,51.4273674],[0.0219137,51.4273331],[0.0219083,51.4273303],[0.0218953,51.4273236],[0.0218549,51.4273027],[0.0218434,51.4272968],[0.0217884,51.4272683],[0.0217846,51.4272664],[0.0217596,51.4272534],[0.0216953,51.4272202],[0.0216891,51.427217],[0.0216836,51.4272141],[0.0216734,51.4272088],[0.0216686,51.4272064],[0.0215491,51.4271446],[0.0214802,51.4271089],[0.0214688,51.4271031],[0.0214699,51.4270858],[0.0214715,51.4270611],[0.0214716,51.4270543],[0.0214722,51.4270366],[0.0214747,51.4269501],[0.0213641,51.4269131],[0.021351,51.4269087],[0.0213227,51.4268993],[0.0210531,51.4268091],[0.0209365,51.4268163],[0.0209277,51.4268168],[0.0209141,51.4268177],[0.0209078,51.4268189],[0.0205107,51.4268411],[0.0205051,51.4268414],[0.02042,51.4268464],[0.0203504,51.4268504],[0.0202565,51.4268558],[0.020063,51.4268671],[0.0199696,51.4268887],[0.0198762,51.4269103],[0.0198521,51.4269159],[0.0198477,51.4269169],[0.0197829,51.4269319],[0.0197669,51.4269356],[0.0195916,51.4269761],[0.0195812,51.4269785],[0.0195531,51.426985],[0.0195434,51.4269853],[0.0194962,51.4269864],[0.0194608,51.4269873],[0.0194431,51.4269877],[0.0194388,51.4269878],[0.0193986,51.4269888],[0.0191753,51.4269943],[0.0191554,51.4269947],[0.0190972,51.4269962],[0.0190876,51.4269964],[0.018997,51.4269986],[0.018961,51.4269995],[0.0189538,51.4269997],[0.0188485,51.4270023],[0.0188161,51.427003],[0.0187644,51.4270043],[0.0187578,51.4270045],[0.0187538,51.4270046],[0.0186812,51.4270063],[0.0186046,51.4270082],[0.0185249,51.4270102],[0.0185157,51.4270104],[0.0185098,51.4270105],[0.0184308,51.4270125],[0.0184215,51.4270127],[0.0184044,51.4270131],[0.0183178,51.4269906],[0.0182804,51.4269809],[0.0182373,51.4269697],[0.0181388,51.4269441],[0.0181169,51.4269413],[0.0179891,51.4269254],[0.0179255,51.4269175],[0.0179119,51.4269158],[0.0178553,51.4269087],[0.01779,51.4269006],[0.0177755,51.4268988],[0.0176416,51.4268821],[0.0175577,51.4268628],[0.0175518,51.4268614],[0.0174573,51.4268396],[0.0174469,51.4268372],[0.0173724,51.426815],[0.0173639,51.4268118],[0.0171157,51.426719],[0.0170816,51.4267044],[0.0169851,51.4266631],[0.0169794,51.4266606],[0.0168847,51.4266201],[0.0168298,51.4265911],[0.0168257,51.426589],[0.0167104,51.4265282],[0.0166931,51.4265191],[0.0166095,51.426475],[0.0166023,51.4264712],[0.0165912,51.4264653],[0.0165121,51.4264236],[0.0164904,51.4264122],[0.0164036,51.4263664],[0.0163957,51.4263623],[0.0162388,51.4262795],[0.0161944,51.4262561],[0.0160232,51.4262324],[0.0159625,51.426224],[0.0159449,51.4262215],[0.0159074,51.4262163],[0.0158986,51.4262151],[0.0157181,51.426211],[0.0156997,51.4262106],[0.0155916,51.4262081],[0.0155357,51.4262068],[0.0154928,51.4262058],[0.0154879,51.4262057],[0.015432,51.4262044],[0.0154253,51.4262043],[0.0153792,51.4262032],[0.0153312,51.4262021],[0.0153174,51.4262018],[0.0151539,51.4261981],[0.0151289,51.4261975],[0.0150312,51.4261952],[0.0150106,51.4261948],[0.0146743,51.4261876],[0.0146168,51.4261857],[0.014189,51.4261759],[0.0141069,51.426174],[0.0141076,51.426168],[0.0141147,51.426143],[0.0141257,51.4261047],[0.0141265,51.4261017],[0.01414,51.4260543],[0.0141453,51.4260359],[0.0141463,51.4260321],[0.0141499,51.4260196],[0.0141576,51.4259926],[0.0141622,51.4259766],[0.0141647,51.4259678],[0.0141694,51.4259512],[0.0141729,51.425939],[0.0141759,51.4259286],[0.0141868,51.4258903],[0.014203,51.4258335],[0.0142074,51.4258178],[0.0142082,51.425815],[0.0142129,51.4257987],[0.0142251,51.4257557],[0.0142303,51.4257377],[0.0142337,51.4257257],[0.0142353,51.4257201],[0.0142378,51.4257113],[0.0142387,51.425708],[0.0142559,51.4256476],[0.0142609,51.4256302],[0.0142709,51.4256005],[0.0142777,51.4255805],[0.0142833,51.4255638],[0.0143041,51.4255023],[0.0143064,51.4254956],[0.0143139,51.4254733],[0.0143156,51.4254683],[0.0143261,51.4254372],[0.0143275,51.425433],[0.0143292,51.425428],[0.0143434,51.4253861],[0.0143547,51.4253524],[0.014359,51.4253398],[0.0143707,51.4253053],[0.0143722,51.4253007],[0.014374,51.4252955],[0.0143798,51.4252782],[0.0143837,51.4252667],[0.014394,51.4252361],[0.0143952,51.4252326],[0.014388,51.425231],[0.0139104,51.4251515],[0.0139028,51.4251503],[0.0138942,51.4251488],[0.0138851,51.4251473],[0.0136489,51.425108],[0.0136101,51.4251015],[0.0135322,51.4250886],[0.0135126,51.4250853],[0.0134765,51.4250026],[0.0134719,51.4249919],[0.0134683,51.4249836],[0.013464,51.4249735],[0.0134603,51.4249651],[0.0134332,51.4249023],[0.0134296,51.424894],[0.0134271,51.4248883],[0.0134241,51.4248813],[0.0134139,51.4248578],[0.0134009,51.4248278],[0.0133948,51.4248135],[0.013391,51.4248048],[0.0133777,51.4247741],[0.0133735,51.4247645],[0.013366,51.4247471],[0.0133644,51.4247434],[0.0133499,51.4247088],[0.0133433,51.4246945],[0.0132738,51.4246626],[0.0132652,51.4246587],[0.0132465,51.4246501],[0.0132255,51.4246405],[0.0131931,51.4246257],[0.0131656,51.4246132],[0.0131531,51.4246075],[0.013143,51.4246028],[0.0131316,51.4245976],[0.0130893,51.4245783],[0.0130517,51.4245612],[0.0130135,51.4245437],[0.0129998,51.4245374],[0.0129761,51.4245266],[0.0129521,51.4245156],[0.0128947,51.4244894],[0.0128676,51.424477],[0.0128578,51.4244726],[0.0128538,51.4244707],[0.0127773,51.4244358],[0.0127555,51.4244258],[0.0127216,51.4244103],[0.0127007,51.4244008],[0.0126688,51.4243862],[0.0126522,51.4243786],[0.012648,51.4243767],[0.0126446,51.4243752],[0.0126365,51.4243714],[0.0126326,51.4243696],[0.0126207,51.4243642],[0.012612,51.4243603],[0.0125904,51.4243504],[0.0125746,51.4243431],[0.0125226,51.4243194],[0.0125113,51.4243142],[0.0124661,51.4242936],[0.0124513,51.4242868],[0.0124287,51.4242765],[0.0124218,51.4242734],[0.0123941,51.4242607],[0.0123831,51.4242557],[0.0123743,51.4242517],[0.0123512,51.4242411],[0.0123189,51.4242264],[0.0123152,51.4242247],[0.0122822,51.4242096],[0.0122617,51.4242002],[0.0122467,51.4241934],[0.0122248,51.4241834],[0.0121888,51.4241718],[0.0121838,51.4241702],[0.0121761,51.4241677],[0.0121637,51.4241638],[0.0121047,51.4241449],[0.0120983,51.4241428],[0.0120822,51.4241377],[0.0120215,51.4241182],[0.0119954,51.4241099],[0.0119782,51.4241044],[0.0119679,51.424101],[0.0119468,51.4240943],[0.0119292,51.4240887],[0.0119089,51.4240822],[0.0118899,51.4240761],[0.0118445,51.4240615],[0.0118346,51.4240583],[0.0118139,51.4240517],[0.0118055,51.4240385],[0.0118003,51.424029],[0.0116522,51.4237629],[0.0116472,51.4237539],[0.0116391,51.4237393],[0.0116338,51.4237298],[0.0116277,51.4237188],[0.0116216,51.4237078],[0.0116178,51.423701],[0.0113529,51.4236326],[0.0113132,51.4236224],[0.0112966,51.4236182],[0.0112863,51.4236156],[0.0112726,51.423612],[0.011264,51.4236098],[0.0112483,51.4236034],[0.0112065,51.4235856],[0.0111829,51.4235754],[0.0111753,51.4235721],[0.011162,51.4235665],[0.011147,51.42356],[0.0111341,51.4235545],[0.0110761,51.4235296],[0.0110392,51.4235138],[0.0110336,51.4235114],[0.0110075,51.4235002],[0.0109843,51.4234903],[0.0109669,51.4234773],[0.0109607,51.4234727],[0.010934,51.4234528],[0.0109153,51.4234389],[0.0109088,51.423434],[0.0108962,51.4234247],[0.0108487,51.4233892],[0.0108403,51.423383],[0.0107148,51.4232895],[0.0106884,51.4232698],[0.0106809,51.4232618],[0.0106744,51.4232548],[0.01067,51.4232499],[0.0106577,51.4232365],[0.0106521,51.4232303],[0.0105324,51.4230994],[0.0105115,51.4230765],[0.0104667,51.4230275],[0.010463,51.4230234],[0.010451,51.4230103],[0.0104426,51.4230011],[0.010433,51.4229907],[0.0103892,51.4229427],[0.0103723,51.4229243],[0.0103682,51.4229197],[0.0103558,51.4229062],[0.010353,51.4229031],[0.0103501,51.4229],[0.0103451,51.4228945],[0.0103356,51.4228841],[0.0103007,51.4228459],[0.0102918,51.4228361],[0.0102896,51.4228337],[0.0102871,51.422831],[0.0102824,51.4228259],[0.0102617,51.4228032],[0.0102568,51.4227978],[0.0102224,51.4227602],[0.0102092,51.4227458],[0.0102015,51.4227373],[0.0101807,51.4227146],[0.0101568,51.4226885],[0.0101458,51.4226765],[0.0101349,51.4226647],[0.0099989,51.4225186],[0.0099719,51.4224896],[0.0099688,51.4224863],[0.0099653,51.4224841],[0.0099301,51.4224963],[0.0097489,51.4225592],[0.0097148,51.422571],[0.0095879,51.4226151],[0.0095508,51.4226279],[0.0094402,51.4226664],[0.009424,51.422672],[0.0093181,51.4227087],[0.0091289,51.4227744],[0.0090656,51.4227964],[0.0089756,51.4228276],[0.0089282,51.4228441],[0.0089093,51.4228506],[0.0088954,51.4228555],[0.0088769,51.4228619],[0.0088731,51.4228632],[0.0086775,51.4229313],[0.0086647,51.4229358],[0.0085829,51.4229507],[0.0084946,51.4229668],[0.008462,51.4229728],[0.0080899,51.4230394],[0.0080733,51.4230027],[0.0080719,51.4229995],[0.0080571,51.422967],[0.0080537,51.4229593],[0.0080294,51.4229058],[0.0080126,51.4228688],[0.0080094,51.4228617],[0.0079595,51.4227518],[0.0079459,51.4227218],[0.0079152,51.4226541],[0.0078669,51.422564],[0.0078512,51.4225191],[0.0078497,51.422512],[0.0078557,51.422511],[0.0078705,51.4225085],[0.0078681,51.4225005],[0.0078667,51.4224956],[0.007862,51.4224938],[0.0078651,51.4224903],[0.0078583,51.4224672],[0.0078321,51.4224699],[0.0078167,51.4224712],[0.0077722,51.4224763],[0.0076253,51.4220963],[0.0075362,51.4218652],[0.0075293,51.4218472],[0.007502,51.4217764],[0.0074982,51.4217669],[0.0074885,51.4217415],[0.0074795,51.4217184],[0.0073481,51.421379],[0.0069688,51.4214665],[0.0068479,51.4214944],[0.0068134,51.4214201],[0.0068078,51.421408],[0.0067955,51.4213815],[0.0067905,51.4213707],[0.0067862,51.4213615],[0.0067319,51.4212468],[0.0067291,51.421241],[0.0067275,51.4212376],[0.006722,51.4212233],[0.0067285,51.4212219],[0.0068121,51.4212045],[0.0068696,51.4211925],[0.0068005,51.4210595],[0.0067976,51.4210539],[0.0067785,51.4210171],[0.0067472,51.4209569],[0.0067361,51.4209355],[0.0066251,51.4209555],[0.006616,51.4209572],[0.0065336,51.420972],[0.0065197,51.4209745],[0.0064614,51.420985],[0.0064544,51.4209863],[0.0063676,51.4210019],[0.0062974,51.4210145],[0.0062936,51.4210092],[0.0062891,51.4210027],[0.0062631,51.420965],[0.0062548,51.4209528],[0.0062501,51.420946],[0.0062309,51.420918],[0.0062285,51.4209146],[0.0062167,51.4208975],[0.0061866,51.4208537],[0.0061801,51.4208442],[0.0061753,51.4208372],[0.0061421,51.4207889],[0.0061355,51.4207794],[0.0061225,51.4207606],[0.0060809,51.4207169],[0.006077,51.4207129],[0.0060597,51.4206947],[0.0060538,51.4206885],[0.006046,51.4206661],[0.0060424,51.4206559],[0.0060239,51.4206026],[0.0060178,51.4205545],[0.0060171,51.4205499],[0.0060104,51.4204966],[0.0060079,51.4204775],[0.0060071,51.4204711],[0.0060062,51.4204635],[0.0059686,51.4203365],[0.0059643,51.420322],[0.0059566,51.4202956],[0.0059424,51.4202643],[0.0059384,51.4202554],[0.0059338,51.4202452],[0.0059302,51.4202374],[0.0059257,51.4202275],[0.0059122,51.4201975],[0.0059062,51.4201844],[0.0059019,51.4201749],[0.0058918,51.420158],[0.0058417,51.4200747],[0.0058352,51.4200663],[0.0058152,51.4200406],[0.0057744,51.419988],[0.0057704,51.4199829],[0.0057399,51.4199436],[0.0057295,51.4199301],[0.0057245,51.4199237],[0.0056954,51.4198936],[0.0056929,51.419891],[0.0056786,51.4198762],[0.0056721,51.4198695],[0.0056181,51.4198137],[0.0055849,51.4197821],[0.00558,51.4197774],[0.0055654,51.4197635],[0.0055627,51.4197609],[0.0055382,51.4197377],[0.0055344,51.4197341],[0.0055046,51.4197058],[0.0054844,51.4196773],[0.0054692,51.419656],[0.0054665,51.4196523],[0.0054501,51.4196292],[0.0054467,51.4196245],[0.0054302,51.4196013],[0.0054237,51.4195921],[0.0054102,51.4195731],[0.0053673,51.4195129],[0.0053638,51.4195079],[0.0053205,51.4194471],[0.005316,51.4194409],[0.0053078,51.4194294],[0.0052938,51.4194096],[0.0052574,51.4193586],[0.0052502,51.4193485],[0.0052462,51.4193428],[0.0052276,51.4193167],[0.0053025,51.4192673],[0.0053518,51.4192358],[0.0053635,51.4192283],[0.0053826,51.4192161],[0.0055143,51.4191319],[0.0053721,51.4190198],[0.0053293,51.418986],[0.0053452,51.4189491],[0.0053474,51.4189441],[0.0053886,51.4188498],[0.0054127,51.4187946],[0.0054285,51.4187585],[0.0054674,51.4186695],[0.0056538,51.4185287],[0.0055258,51.4184611],[0.0055627,51.4184515],[0.0055737,51.4184488],[0.0055481,51.418436],[0.0055447,51.4184343],[0.0054933,51.4184085],[0.0054867,51.4184053],[0.0053454,51.4183345],[0.0053182,51.4183208],[0.0052815,51.4183024],[0.0052597,51.4182915],[0.005256,51.4182896],[0.0052343,51.4182787],[0.0052306,51.4182769],[0.0051583,51.4182406],[0.0050749,51.4181988],[0.0050405,51.4181816],[0.0049638,51.4181431],[0.0049567,51.4181396],[0.0049216,51.4181219],[0.0049179,51.4181201],[0.0048597,51.4180909],[0.0047762,51.4180491],[0.0047466,51.4180342],[0.0046907,51.4180062],[0.0046857,51.4180036],[0.0046287,51.4179751],[0.0046242,51.4179728],[0.0045164,51.4179187],[0.0045126,51.4179169],[0.0044525,51.4178867],[0.0044283,51.4178746],[0.0044213,51.4178711],[0.0043806,51.4178507],[0.0043616,51.4178411],[0.0043442,51.4178324],[0.0043054,51.4178129],[0.0042855,51.417803],[0.0042238,51.417772],[0.0041837,51.4177519],[0.0041804,51.4177502],[0.0040381,51.4176789],[0.0040323,51.417676],[0.0040218,51.4176707],[0.0035136,51.4174158],[0.0034922,51.4174051],[0.0034825,51.4174111],[0.0034547,51.4174287],[0.0034234,51.4174486],[0.0033577,51.4174904],[0.0033416,51.4175006],[0.0033075,51.4175223],[0.0032932,51.4175314],[0.0032733,51.417544],[0.0032515,51.4175579],[0.0032121,51.4175829],[0.0031887,51.4175983],[0.0031111,51.4176492],[0.0030957,51.4176594],[0.0030409,51.4176953],[0.0030336,51.4177001],[0.0029528,51.4177532],[0.0029339,51.4177656],[0.0029141,51.4177786],[0.0028962,51.4177904],[0.0028796,51.4178013],[0.0028631,51.4178121],[0.0027072,51.4179145],[0.0027004,51.417919],[0.0026736,51.4179365],[0.0025665,51.4180069],[0.0025624,51.4180096],[0.0024016,51.4181152],[0.0022022,51.4182465],[0.0021283,51.4182947],[0.0021202,51.4183],[0.0020641,51.4183368],[0.0017277,51.4185578],[0.0017224,51.4185555],[0.0016479,51.4185217],[0.0016333,51.418515],[0.0015855,51.4184933],[0.0014911,51.4184505],[0.0013704,51.4183956],[0.0012986,51.418363],[0.0005345,51.4180159],[0.000523,51.4180107],[0.0005081,51.418004],[0.0004871,51.4179944],[0.0005045,51.4179598],[0.0005166,51.4179378],[0.0003698,51.4178558],[0.0000827,51.4176947],[0.0000467,51.4176753],[0.0000302,51.4176671],[0.0000232,51.4176638],[0.0000155,51.4176598],[-0.0000158,51.4176434],[-0.0000537,51.4176203],[-0.0000695,51.4176101],[-0.0000824,51.4176018],[-0.000096,51.4175915],[-0.0001084,51.4175823],[-0.0001344,51.4175628],[-0.0001569,51.4175419],[-0.0001609,51.4175376],[-0.000169,51.4175288],[-0.000185,51.4175113],[-0.0001876,51.4175062],[-0.0001951,51.4174953],[-0.0001991,51.4174894],[-0.0002006,51.4174867],[-0.0002056,51.4174775],[-0.0002116,51.4174625],[-0.0002163,51.4174441],[-0.0002192,51.4174328],[-0.0002207,51.4174215],[-0.0002231,51.4174024],[-0.0002259,51.4173727],[-0.0002266,51.4173651],[-0.0002603,51.4171724],[-0.0002628,51.4171582],[-0.0002676,51.4171306],[-0.0002817,51.4170499],[-0.0002874,51.416972],[-0.0002888,51.4169528],[-0.0002939,51.4168813],[-0.0002943,51.416876],[-0.0002947,51.4168701],[-0.0002952,51.4168645],[-0.0002954,51.4168607],[-0.0002975,51.4168325],[-0.0002981,51.4168242],[-0.0003018,51.4167722],[-0.000302,51.4167697],[-0.0003022,51.4167668],[-0.000306,51.4167147],[-0.0003117,51.4166354],[-0.0003141,51.4166023],[-0.0003145,51.4165976],[-0.0003172,51.4165602],[-0.0003175,51.4165562],[-0.0003179,51.4165494],[-0.0003201,51.4165219],[-0.000324,51.4165027],[-0.0003257,51.4164945],[-0.0003273,51.4164901],[-0.0003313,51.4164788],[-0.000335,51.4164684],[-0.000336,51.4164658],[-0.0003389,51.416459],[-0.000343,51.416449],[-0.0003474,51.4164415],[-0.0003493,51.4164381],[-0.0003566,51.4164256],[-0.000376,51.4163998],[-0.0003785,51.4163965],[-0.0003946,51.4163781],[-0.0004012,51.416372],[-0.0004124,51.4163615],[-0.0004237,51.4163504],[-0.0004318,51.4163425],[-0.0004368,51.4163376],[-0.000447,51.4163273],[-0.0004782,51.416296],[-0.0005042,51.4162718],[-0.0005139,51.4162627],[-0.0005265,51.4162535],[-0.0005445,51.4162405],[-0.0005723,51.416221],[-0.0005792,51.4162165],[-0.0006028,51.4162009],[-0.000647,51.4161775],[-0.0006517,51.4161751],[-0.0006632,51.4161692],[-0.000681,51.41616],[-0.0007022,51.4161513],[-0.0007227,51.4161429],[-0.0008057,51.4161014],[-0.0008615,51.4160734],[-0.0008675,51.4160704],[-0.0008802,51.416064],[-0.0008659,51.4159787],[-0.0008614,51.4159517],[-0.0008587,51.415936],[-0.0008534,51.4159044],[-0.000851,51.41589],[-0.00092,51.415885],[-0.0009458,51.4158831],[-0.0010685,51.4158742],[-0.0012513,51.4158609],[-0.0019433,51.4158107],[-0.0025392,51.4157674],[-0.0033166,51.415711],[-0.0033756,51.4157067],[-0.0036747,51.415685],[-0.0036306,51.4155825],[-0.0035091,51.4153031],[-0.0034719,51.4152176],[-0.0034201,51.4150982],[-0.0034039,51.4150611],[-0.0047339,51.4147166],[-0.0049348,51.4146646],[-0.0049984,51.4146481],[-0.0050282,51.4146803],[-0.0050879,51.4147448],[-0.0050932,51.4147504],[-0.005153,51.414815],[-0.0052205,51.4149324],[-0.0052791,51.4150341],[-0.005382,51.4151218],[-0.0054589,51.4151873],[-0.0054915,51.4152151],[-0.0055617,51.4153008],[-0.0055717,51.415313],[-0.0055738,51.4153333],[-0.0055789,51.4153825],[-0.0055809,51.415401],[-0.0055856,51.4154468],[-0.0055876,51.4154661],[-0.005589,51.4154791],[-0.0055909,51.4154975],[-0.0055914,51.4155025],[-0.0055932,51.4155199],[-0.0055937,51.4155246],[-0.0056,51.4155847],[-0.0056044,51.4156278],[-0.0056053,51.415636],[-0.0056064,51.4156412],[-0.0056237,51.4157213],[-0.0056265,51.415734],[-0.0056271,51.4157366],[-0.0056309,51.4157544],[-0.005633,51.4157639],[-0.0056463,51.4157715],[-0.005652,51.4157748],[-0.0058066,51.415863],[-0.0060782,51.4160049],[-0.0062895,51.4159819],[-0.0063149,51.4159828],[-0.0065651,51.415991],[-0.0065794,51.4159301],[-0.0065999,51.415843],[-0.0066103,51.4157985],[-0.0066235,51.4157423],[-0.0066736,51.4155295],[-0.0066811,51.4154975],[-0.0066823,51.4154923],[-0.0066831,51.415489],[-0.0066845,51.4154681],[-0.0066863,51.4154424],[-0.0066871,51.4154297],[-0.0066917,51.4153613],[-0.0066925,51.4153502],[-0.006694,51.4153277],[-0.006696,51.4152985],[-0.0066971,51.415281],[-0.0066979,51.4152695],[-0.0066991,51.4152522],[-0.0067003,51.4152342],[-0.0067033,51.415189],[-0.0067024,51.4151627],[-0.0066996,51.4150898],[-0.0066994,51.4150839],[-0.0066938,51.4149341],[-0.0066766,51.4148319],[-0.006672,51.4148042],[-0.0066654,51.4147652],[-0.0066495,51.4146701],[-0.0066963,51.4146639],[-0.0067234,51.4146603],[-0.0071117,51.4146091],[-0.007191,51.4145986],[-0.0077091,51.4145303],[-0.0077168,51.4145292],[-0.0080817,51.4144816],[-0.0083002,51.4144531],[-0.0083842,51.4144413],[-0.0084334,51.4144345],[-0.0085114,51.4144236],[-0.0085586,51.4144167],[-0.0087271,51.4143389],[-0.0087443,51.414331],[-0.0087808,51.4143141],[-0.0088587,51.4142653],[-0.0088645,51.4142618],[-0.0089628,51.4142002],[-0.0090531,51.414138],[-0.0091139,51.4140961],[-0.0091449,51.4140583],[-0.0091822,51.4140131],[-0.0091938,51.4139884],[-0.0091965,51.4139826],[-0.0092303,51.4139104],[-0.0092328,51.4139052],[-0.0092533,51.4138996],[-0.0092599,51.4138978],[-0.009443,51.4138483],[-0.0100791,51.4136762],[-0.0100857,51.4136744],[-0.0103696,51.4135976],[-0.0105451,51.4135502],[-0.0109285,51.4135548],[-0.0109344,51.4135548],[-0.0114675,51.4135612],[-0.011474,51.4135613],[-0.0115534,51.4135622],[-0.011609,51.4135629],[-0.0116763,51.4135637],[-0.0116896,51.4135639],[-0.0117687,51.4135648],[-0.0117814,51.413565],[-0.0118378,51.4135656],[-0.0118549,51.4135658],[-0.0119325,51.4135668],[-0.0119411,51.4135669],[-0.012013,51.4135677],[-0.0120295,51.4135679],[-0.0120631,51.4135683],[-0.0120849,51.4135686],[-0.0122156,51.4135702],[-0.0122404,51.4135705],[-0.0123292,51.4135715],[-0.0124381,51.4135728],[-0.0124429,51.4135729],[-0.0125726,51.4135744],[-0.0126519,51.4135754],[-0.0126598,51.4135755],[-0.0127523,51.4135766],[-0.0127649,51.4135767],[-0.0127778,51.4135769],[-0.012791,51.413577],[-0.0128107,51.4135781],[-0.0128885,51.4135823],[-0.0129676,51.4135866],[-0.0130248,51.4135898],[-0.0130403,51.4135906],[-0.013112,51.4135945],[-0.0131244,51.4135952],[-0.0132327,51.4136011],[-0.0132437,51.4136017],[-0.0132598,51.4136025],[-0.0136141,51.4136218],[-0.0139233,51.4136386],[-0.0139304,51.413639],[-0.0142624,51.4136573],[-0.0142593,51.4136803],[-0.0142453,51.4137841],[-0.014263,51.413787],[-0.0144273,51.4138142],[-0.0144326,51.4138152],[-0.0144245,51.4138652],[-0.0145691,51.4139004],[-0.0144891,51.4142492],[-0.0144193,51.414552],[-0.0143344,51.4149209],[-0.0142156,51.4149493],[-0.014251,51.4150143],[-0.0142676,51.4150448],[-0.0143078,51.4151188],[-0.0152233,51.4150379],[-0.0152476,51.4150368],[-0.015254,51.4150365],[-0.0153688,51.4150316],[-0.0155434,51.415024],[-0.0156777,51.4150182],[-0.0156941,51.4150175],[-0.0158459,51.4150109],[-0.0158662,51.4150103],[-0.0158781,51.4150099],[-0.015896,51.4150094],[-0.0164624,51.4149928],[-0.0166494,51.4150022],[-0.0166682,51.4150032],[-0.0166738,51.4150035],[-0.0170194,51.4150209],[-0.0173605,51.4150404],[-0.0173756,51.4150412],[-0.0173942,51.4150423],[-0.0174093,51.4150432],[-0.0174535,51.4150457],[-0.0175098,51.4150489],[-0.0175791,51.4150533],[-0.0179841,51.4150794],[-0.0179894,51.4150798],[-0.0178474,51.4157428],[-0.0182613,51.4157858],[-0.0187846,51.4158402],[-0.0188001,51.4158418],[-0.0188934,51.4158515],[-0.0192275,51.4158863],[-0.0192498,51.4158886],[-0.0196192,51.415927],[-0.0199259,51.4159588],[-0.020463,51.4160147],[-0.0207242,51.4159627],[-0.0207878,51.415978],[-0.0207948,51.4159797],[-0.0210012,51.4160294],[-0.0210277,51.416036],[-0.021038,51.4160494],[-0.0211321,51.4161727],[-0.0214142,51.4162681],[-0.0214994,51.4162969],[-0.0215219,51.4163046],[-0.0218368,51.4164867],[-0.0219721,51.416582],[-0.0220295,51.4166226],[-0.0220638,51.4166443],[-0.0222261,51.4167479],[-0.0221603,51.4168212],[-0.0221533,51.4168291],[-0.0220051,51.4169941],[-0.0219703,51.4170329],[-0.0217382,51.4172915],[-0.021981,51.4173657],[-0.0219934,51.4173695],[-0.0220281,51.4173801],[-0.0224865,51.4175202],[-0.0225562,51.4175415],[-0.0221992,51.4177327],[-0.0219737,51.4178535],[-0.0219626,51.4178618],[-0.0216356,51.4181074],[-0.0214805,51.4182854],[-0.0213851,51.4184125],[-0.0213388,51.4185257],[-0.0213258,51.4185574],[-0.021322,51.4185668],[-0.0213087,51.4185993],[-0.0212656,51.4188274],[-0.0212536,51.4189484],[-0.0212531,51.418953],[-0.0212515,51.4189693],[-0.0212467,51.4190179],[-0.0212464,51.4190207],[-0.0212346,51.4191396],[-0.0212339,51.4191461],[-0.0212281,51.4192052],[-0.0212265,51.4192208],[-0.0212163,51.4193244],[-0.0211931,51.4194825],[-0.0211796,51.419506],[-0.0211242,51.4196023],[-0.0210572,51.4196734],[-0.0210359,51.419696],[-0.0210298,51.4197025],[-0.0210046,51.4197293],[-0.0209686,51.4197593],[-0.0207952,51.4199046],[-0.0211983,51.4201982],[-0.0213332,51.4202791],[-0.021563,51.4204286],[-0.0216258,51.4204694],[-0.021632,51.4204734],[-0.0216454,51.4204821],[-0.0216341,51.4204893],[-0.0216117,51.4205037],[-0.021517,51.4205641],[-0.0215031,51.420573],[-0.0214753,51.4205907],[-0.0212585,51.4207292],[-0.0210767,51.4208454],[-0.0210409,51.4208683],[-0.0209613,51.4209191],[-0.0213268,51.4211711],[-0.0213364,51.4211777],[-0.0214456,51.421253],[-0.0214792,51.4212762],[-0.0215395,51.4213178],[-0.021552,51.4213264],[-0.0215671,51.4213368],[-0.0215857,51.4213496],[-0.0215918,51.4213538],[-0.0216021,51.4213609],[-0.0216775,51.4214129],[-0.0216808,51.4214151],[-0.0218339,51.4215208],[-0.0218413,51.4215259],[-0.0220198,51.4216489],[-0.0220438,51.4216655],[-0.022207,51.421778],[-0.0223979,51.4216689],[-0.0224077,51.4216633],[-0.0225517,51.4215811],[-0.0225625,51.4215994],[-0.0225752,51.4216211],[-0.022601,51.4216545],[-0.0226645,51.421737],[-0.022765,51.421857],[-0.0227703,51.4218634],[-0.0228553,51.4219651],[-0.0228586,51.421969],[-0.0229056,51.4220063],[-0.0229534,51.4220441],[-0.0229644,51.4220528],[-0.0230841,51.4221477],[-0.0230983,51.4221589],[-0.0231863,51.4222287],[-0.0231983,51.4222382],[-0.0233414,51.4223516],[-0.0233672,51.4223721],[-0.0233728,51.4223766],[-0.0234112,51.422407],[-0.023508,51.4224837],[-0.0235112,51.4224862],[-0.0236685,51.422608],[-0.0237685,51.4226855],[-0.0238541,51.4227518],[-0.0238589,51.4227567],[-0.0241258,51.4229359],[-0.0242075,51.4229824],[-0.0242293,51.4229947],[-0.0242944,51.4230316],[-0.0243689,51.4230739],[-0.0245056,51.423121],[-0.024512,51.4231232],[-0.0245615,51.4231402],[-0.0246484,51.4231701],[-0.0246581,51.4231735],[-0.0247205,51.423195],[-0.024726,51.4231969],[-0.0247347,51.4231999],[-0.0248652,51.42324],[-0.0249911,51.4232787],[-0.0250634,51.4233009],[-0.0250773,51.4233051],[-0.0251,51.4233121],[-0.0251508,51.4233277],[-0.0255237,51.4234411],[-0.0255289,51.4234427],[-0.0255457,51.4234478],[-0.0256055,51.4235129],[-0.0256273,51.4235367],[-0.0257538,51.4236712],[-0.0258476,51.4237705],[-0.0259215,51.4237064],[-0.0259243,51.4237039],[-0.0259679,51.4236661],[-0.025976,51.423659],[-0.0259856,51.4236508],[-0.0260031,51.4236352],[-0.0260282,51.4236129],[-0.0260342,51.4236076],[-0.0261925,51.4236798],[-0.0261978,51.4236822],[-0.0269432,51.4240217],[-0.0270675,51.4240818],[-0.0271982,51.424145],[-0.0272207,51.4241559],[-0.0272387,51.4241646],[-0.0273839,51.4242348],[-0.0273997,51.4242424],[-0.0274064,51.4242457],[-0.0274655,51.4242743],[-0.027507,51.4242943],[-0.0275393,51.42431],[-0.0275447,51.4243126],[-0.0276385,51.4243582],[-0.0278265,51.4244495],[-0.0278334,51.4246311],[-0.0280072,51.4247014],[-0.0280811,51.4247313],[-0.0280994,51.4247387],[-0.0281418,51.4247593],[-0.0281873,51.4247814],[-0.0281999,51.4247875],[-0.028296,51.4248343],[-0.0283741,51.4248723],[-0.0283796,51.4248749],[-0.0283867,51.4248784],[-0.0284571,51.4249126],[-0.0284698,51.4249188],[-0.0284758,51.4249217],[-0.0285182,51.4249423],[-0.028539,51.4249524],[-0.0286205,51.4249921],[-0.0286332,51.4249982],[-0.0286644,51.4250134],[-0.028732,51.4250463],[-0.0287366,51.4250485],[-0.0288052,51.4250795],[-0.0288781,51.4251123],[-0.0288897,51.4251175],[-0.0289228,51.4251325],[-0.0289353,51.4251381],[-0.0289388,51.4251397],[-0.0289445,51.4251422],[-0.0289543,51.4251466],[-0.0290161,51.4251745],[-0.0290802,51.4252034],[-0.0290954,51.4252102],[-0.0291039,51.4252141],[-0.0291198,51.4252212],[-0.0292101,51.4252619],[-0.0292345,51.4252729],[-0.0292705,51.4252891],[-0.0292802,51.4252935],[-0.0293061,51.4253051],[-0.0293326,51.4253171],[-0.0294646,51.4253765],[-0.0294712,51.4253796],[-0.029487,51.4253848],[-0.0295648,51.4254084],[-0.0296149,51.4254238],[-0.0296755,51.4254425],[-0.0296857,51.4254466],[-0.0297694,51.4254798],[-0.0297977,51.4254911],[-0.0298946,51.4255296],[-0.0298996,51.4255316],[-0.0299901,51.4255676],[-0.0299989,51.4255711],[-0.0300194,51.4255793],[-0.0300286,51.4255829],[-0.0301616,51.4256358],[-0.0301874,51.4256461],[-0.0302877,51.425686],[-0.0303065,51.4256934],[-0.0303128,51.425696],[-0.0303337,51.4257043],[-0.0303431,51.425708],[-0.0303718,51.4257194],[-0.0305519,51.4257087],[-0.0305674,51.4257078],[-0.030575,51.4257074],[-0.0305991,51.425706],[-0.0306108,51.4257053],[-0.030618,51.4257048],[-0.030625,51.4257044],[-0.0306847,51.4257009],[-0.0306946,51.4257003],[-0.030745,51.4256973],[-0.030755,51.4256967],[-0.0307693,51.4256958],[-0.0307838,51.425695],[-0.0308396,51.4256917],[-0.0308576,51.4256906],[-0.0308775,51.4256894],[-0.0309311,51.4256828],[-0.0309375,51.425682],[-0.0310541,51.4256675],[-0.0310684,51.4256657],[-0.0311142,51.4256601],[-0.0311268,51.4256585],[-0.0311481,51.4256558],[-0.0311656,51.4256537],[-0.0311742,51.4256526],[-0.0312635,51.4256415],[-0.0312838,51.425639],[-0.0312883,51.4256384],[-0.031306,51.4256362],[-0.0313907,51.4256257],[-0.0314126,51.425623],[-0.0316013,51.4255996],[-0.0316055,51.4255991],[-0.0317179,51.4255851],[-0.031993,51.4255512],[-0.0320533,51.4255435],[-0.0320346,51.4254575],[-0.0319895,51.4252418],[-0.0319825,51.4252087],[-0.0319387,51.4249991],[-0.0319344,51.4249788],[-0.0319293,51.4249546],[-0.0319267,51.4249419],[-0.0319207,51.4249135],[-0.031919,51.424905],[-0.0318812,51.4247248],[-0.0323623,51.4246986],[-0.0324216,51.4246956],[-0.0329631,51.4246675],[-0.0330652,51.4246385],[-0.0330744,51.4246359],[-0.033146,51.4246155],[-0.0333492,51.4246396],[-0.0333739,51.4246425],[-0.0334795,51.4246551],[-0.0335924,51.4246685],[-0.0336707,51.4247203],[-0.0336815,51.4247275],[-0.0340475,51.4247574],[-0.0342433,51.4247734],[-0.0342617,51.4250985],[-0.0343978,51.4250894],[-0.0351467,51.4250372],[-0.0354163,51.4250183],[-0.0358729,51.4249864],[-0.0359596,51.4249804],[-0.0367256,51.4250004],[-0.0372743,51.4250147],[-0.0373429,51.4250165],[-0.0373483,51.4250166],[-0.0373891,51.4250177],[-0.037481,51.4250201],[-0.0374916,51.4250204],[-0.0375106,51.4249989],[-0.0375143,51.4249946],[-0.0375173,51.4249912],[-0.0375249,51.4249827],[-0.0375764,51.4249242],[-0.0375992,51.4248983],[-0.0376542,51.4248358],[-0.037661,51.4248281],[-0.0377404,51.4247379],[-0.0377488,51.4247284],[-0.0378197,51.4246478],[-0.037825,51.4246418],[-0.0379373,51.4245143],[-0.0379411,51.42451],[-0.0383431,51.4240534],[-0.0384317,51.4239513],[-0.0384562,51.4239232],[-0.0384698,51.4239075],[-0.0385021,51.4239189],[-0.038533,51.4239299],[-0.0386752,51.4239805],[-0.0391176,51.4240693],[-0.0392637,51.4240986],[-0.0392989,51.4241057],[-0.0393081,51.4241075],[-0.0394799,51.4241532],[-0.0398121,51.4242414],[-0.0398597,51.424288],[-0.0398682,51.4242963],[-0.0398787,51.424301],[-0.0399088,51.4243144],[-0.0399185,51.4243187],[-0.0400182,51.4243625],[-0.0403805,51.4243614],[-0.0404042,51.4243624],[-0.0404619,51.424365],[-0.0405276,51.4243678],[-0.0405582,51.4243692],[-0.0406235,51.424372],[-0.0406284,51.4243722],[-0.0406535,51.4243732],[-0.0406752,51.4243726],[-0.0406987,51.4243717],[-0.0407077,51.4243713],[-0.0407522,51.4243695],[-0.0408041,51.4243636],[-0.0408213,51.4243617],[-0.0408243,51.4243613],[-0.0408644,51.4243563],[-0.0409066,51.4243474],[-0.0409117,51.4243468],[-0.0409502,51.4243395],[-0.0409579,51.4243376],[-0.0409834,51.4243317],[-0.0409998,51.4243271],[-0.0410081,51.4243249],[-0.0410426,51.4243138],[-0.041059,51.424309],[-0.0410776,51.4243035],[-0.0410866,51.4242998],[-0.0410987,51.424295],[-0.0411353,51.4242801],[-0.0411566,51.4242715],[-0.0411734,51.4242632],[-0.0411953,51.4242524],[-0.0412319,51.4242344],[-0.0412507,51.4242222],[-0.0412841,51.4242004],[-0.0412936,51.4241942],[-0.0413485,51.4241584],[-0.0413916,51.4241237],[-0.0413977,51.4241187],[-0.0414643,51.4240651],[-0.0414856,51.4240479],[-0.0415167,51.4240229],[-0.0416799,51.4238915],[-0.0416598,51.4238475],[-0.0416578,51.4238432],[-0.0415626,51.423635],[-0.0419689,51.4235042],[-0.0421032,51.4234611],[-0.0421442,51.423448],[-0.0426486,51.4232863],[-0.042832,51.4232275],[-0.0428706,51.4232893],[-0.0429373,51.4233962],[-0.0429494,51.4234156],[-0.0429599,51.4234324],[-0.0429964,51.4234198],[-0.0430085,51.4234155],[-0.0430247,51.4234095],[-0.0433722,51.4233015],[-0.0434333,51.4232826],[-0.0436634,51.4232364],[-0.0437605,51.423217],[-0.043794,51.4232102],[-0.0438029,51.4232085],[-0.0437856,51.423175],[-0.0437769,51.4231582],[-0.0437527,51.4231112],[-0.0437439,51.4230943],[-0.0436737,51.4229597],[-0.0436476,51.4229076],[-0.0436726,51.4229026],[-0.0437449,51.4228883],[-0.0437531,51.4228867],[-0.043773,51.4228828],[-0.0438621,51.4228651],[-0.0438898,51.4228596],[-0.0439969,51.4228384],[-0.0440025,51.4228373],[-0.0440376,51.4228304],[-0.0441546,51.4228072],[-0.0441679,51.4228046],[-0.0441779,51.4228026],[-0.0442048,51.4227973],[-0.0443645,51.4227657],[-0.0443841,51.4227618],[-0.0444092,51.4227568],[-0.044452,51.4227484],[-0.0445649,51.422726],[-0.0445776,51.4227235],[-0.0447081,51.4226977],[-0.0447142,51.4226964],[-0.044916,51.4226565],[-0.04493,51.4226537],[-0.0449547,51.4226489],[-0.0449747,51.4226449],[-0.0451029,51.4226195],[-0.0451102,51.4226181],[-0.0452266,51.422595],[-0.0452459,51.4225912],[-0.0453685,51.4225669],[-0.0453853,51.4225636],[-0.0455143,51.4225381],[-0.0455826,51.4225246],[-0.0456116,51.4225188],[-0.0457227,51.4224968],[-0.0457278,51.4224958],[-0.0457365,51.4224941],[-0.0457447,51.4224925],[-0.045898,51.4224621],[-0.0459148,51.4224588],[-0.0459864,51.4224446],[-0.0459916,51.4225887],[-0.045993,51.4226311],[-0.0459974,51.4227626],[-0.0460404,51.4227621],[-0.0460508,51.422762],[-0.0463272,51.4227591],[-0.0463338,51.4227591],[-0.0468548,51.4227536],[-0.0472423,51.4227496],[-0.047243,51.4228155],[-0.0472563,51.4228158],[-0.0478817,51.4228301],[-0.0478891,51.4228303],[-0.0481513,51.4228363],[-0.0481671,51.4228366],[-0.0485542,51.4228455],[-0.0485647,51.422845],[-0.0487659,51.4228354],[-0.0491379,51.4227868],[-0.0491469,51.4227856],[-0.0493706,51.4227565],[-0.0499243,51.4226974],[-0.0501599,51.4226469],[-0.0502734,51.4226225],[-0.0503124,51.4226141],[-0.05032,51.4226125],[-0.0504723,51.4225798],[-0.0504891,51.4225762],[-0.0505349,51.4225664],[-0.0506203,51.4225601],[-0.05074,51.4225512],[-0.0507674,51.4225492],[-0.0508261,51.4225449],[-0.0508439,51.4225435],[-0.0508913,51.42254],[-0.0509641,51.4225347],[-0.0509928,51.4225325],[-0.0510624,51.4225274],[-0.0510952,51.4225263],[-0.0512171,51.4225224],[-0.0512465,51.4225215],[-0.0512578,51.4225211],[-0.051779,51.4225045],[-0.0517798,51.4225209],[-0.0517815,51.4225567],[-0.0517819,51.4225638],[-0.0517829,51.4225856],[-0.0517832,51.4225927],[-0.0517881,51.422667],[-0.0517888,51.4226777],[-0.0517898,51.4226924],[-0.0517916,51.4227203],[-0.0517935,51.4227496],[-0.0517951,51.4227744],[-0.0517979,51.4228167],[-0.0518069,51.4229545],[-0.0518082,51.4229749],[-0.0518088,51.4229848],[-0.051811,51.4230077],[-0.0518134,51.4230328],[-0.0518172,51.4230719],[-0.0518194,51.4230951],[-0.0518242,51.4231453],[-0.0518281,51.4231856],[-0.0518353,51.4232605],[-0.0518389,51.4232983],[-0.0518397,51.4233064],[-0.0518403,51.4233129],[-0.0518454,51.423366],[-0.0518479,51.4233923],[-0.0518495,51.4234091],[-0.0518526,51.4234418],[-0.0518602,51.4235205],[-0.0518624,51.4235433],[-0.0518633,51.4235527],[-0.0518644,51.4235751],[-0.0518668,51.4235894],[-0.0519034,51.4235909],[-0.0523392,51.4236087],[-0.0523824,51.4236104],[-0.0525071,51.4236155],[-0.0525119,51.4236157],[-0.0525438,51.423617],[-0.052556,51.4236175],[-0.0525844,51.4236187],[-0.0526585,51.4236217],[-0.0528876,51.423631],[-0.0530206,51.4236365],[-0.0531124,51.4236402],[-0.0531264,51.4236408],[-0.053218,51.4236445],[-0.0532422,51.4236455],[-0.0532605,51.4236462],[-0.0532956,51.4236477],[-0.0534077,51.4236522],[-0.0534405,51.4236536],[-0.0534466,51.4236538],[-0.0536501,51.4236621],[-0.0536992,51.4236641],[-0.0537897,51.4236678],[-0.0539456,51.4236742],[-0.0540993,51.4236804],[-0.0541234,51.4236814],[-0.0541436,51.4236822],[-0.0541636,51.4236831],[-0.0542112,51.423685],[-0.0542815,51.4236879],[-0.054305,51.4236888],[-0.0543303,51.4236899]]]}},{"type":"Feature","properties":{"Name":null,"description":null,"timestamp":null,"begin":null,"end":null,"altitudeMode":null,"tessellate":"NA","extrude":"NA","visibility":"NA","drawOrder":"NA","icon":null,"ltla22cd":null,"ltla22nm":null,"ltla22nmw":null,"label":null,"stroke-opacity":"NA","stroke-width":4,"stroke":"#FF7043","fill-opacity":"NA","fill":null,"LengthInMetres":1455,"Title":"C4","Direction":"TwoWay","Flow":null,"Protection":null,"RoadOwnership":null,"YearBuilt":null,"Borough":"Lewisham"},"geometry":{"type":"LineString","coordinates":[[-0.0421171,51.49003],[-0.0416597,51.48974],[-0.0407424,51.4892],[-0.0403562,51.48899],[-0.0398238,51.48873],[-0.0391023,51.48837],[-0.0385685,51.4881],[-0.0381447,51.48789],[-0.0376834,51.48766],[-0.0369699,51.48728],[-0.0366172,51.48708],[-0.036247,51.48685],[-0.0360861,51.48677],[-0.0355765,51.48647],[-0.0353404,51.4863],[-0.0344821,51.48562],[-0.0341656,51.48542],[-0.0336762,51.48504],[-0.0330083,51.4845],[-0.0327025,51.4843],[-0.032496,51.48418],[-0.0320373,51.48396],[-0.0313587,51.48364],[-0.0310717,51.48351],[-0.0306372,51.48329],[-0.0301893,51.48306],[-0.029508,51.48271],[-0.0287368,51.48234],[-0.0279657,51.48201],[-0.027503,51.48183],[-0.0270792,51.4817],[-0.0265227,51.48155],[-0.0264049,51.48152]]}},{"type":"Feature","properties":{"Name":null,"description":null,"timestamp":null,"begin":null,"end":null,"altitudeMode":null,"tessellate":"NA","extrude":"NA","visibility":"NA","drawOrder":"NA","icon":null,"ltla22cd":null,"ltla22nm":null,"ltla22nmw":null,"label":null,"stroke-opacity":"NA","stroke-width":4,"stroke":"#FF7043","fill-opacity":"NA","fill":null,"LengthInMetres":156,"Title":"C4","Direction":"TwoWay","Flow":null,"Protection":null,"RoadOwnership":null,"YearBuilt":null,"Borough":"Lewisham"},"geometry":{"type":"LineString","coordinates":[[-0.0261464,51.48146],[-0.0252553,51.48129],[-0.0240323,51.48099]]}},{"type":"Feature","properties":{"Name":null,"description":null,"timestamp":null,"begin":null,"end":null,"altitudeMode":null,"tessellate":"NA","extrude":"NA","visibility":"NA","drawOrder":"NA","icon":null,"ltla22cd":null,"ltla22nm":null,"ltla22nmw":null,"label":null,"stroke-opacity":"NA","stroke-width":2,"stroke":"#FF7043","fill-opacity":"NA","fill":null,"LengthInMetres":34,"Title":"C4 - Link","Direction":"OneWay","Flow":null,"Protection":null,"RoadOwnership":null,"YearBuilt":null,"Borough":"Lewisham"},"geometry":{"type":"LineString","coordinates":[[-0.0232503,51.48046],[-0.0232744,51.48063],[-0.0232664,51.4807],[-0.0232319,51.48076]]}},{"type":"Feature","properties":{"Name":null,"description":null,"timestamp":null,"begin":null,"end":null,"altitudeMode":null,"tessellate":"NA","extrude":"NA","visibility":"NA","drawOrder":"NA","icon":null,"ltla22cd":null,"ltla22nm":null,"ltla22nmw":null,"label":null,"stroke-opacity":"NA","stroke-width":4,"stroke":"#FF7043","fill-opacity":"NA","fill":null,"LengthInMetres":35,"Title":"C4 - C10 Link","Direction":"TwoWay","Flow":null,"Protection":null,"RoadOwnership":null,"YearBuilt":null,"Borough":"Lewisham"},"geometry":{"type":"LineString","coordinates":[[-0.034757,51.48527],[-0.0343207,51.48543]]}},{"type":"Feature","properties":{"Name":null,"description":null,"timestamp":null,"begin":null,"end":null,"altitudeMode":null,"tessellate":"NA","extrude":"NA","visibility":"NA","drawOrder":"NA","icon":null,"ltla22cd":null,"ltla22nm":null,"ltla22nmw":null,"label":null,"stroke-opacity":"NA","stroke-width":4,"stroke":"#FF7043","fill-opacity":"NA","fill":null,"LengthInMetres":156,"Title":"C10 - (formerly Q1)","Direction":"TwoWay","Flow":null,"Protection":null,"RoadOwnership":null,"YearBuilt":null,"Borough":"Lewisham"},"geometry":{"type":"LineString","coordinates":[[-0.030549,51.48066],[-0.0301309,51.48069],[-0.0295193,51.48075],[-0.0293933,51.48077],[-0.0285913,51.48085],[-0.0283231,51.48087]]}},{"type":"Feature","properties":{"Name":null,"description":null,"timestamp":null,"begin":null,"end":null,"altitudeMode":null,"tessellate":"NA","extrude":"NA","visibility":"NA","drawOrder":"NA","icon":null,"ltla22cd":null,"ltla22nm":null,"ltla22nmw":null,"label":null,"stroke-opacity":"NA","stroke-width":4,"stroke":"#FF7043","fill-opacity":"NA","fill":null,"LengthInMetres":42,"Title":"C10 - (formerly Q1)","Direction":"TwoWay","Flow":null,"Protection":null,"RoadOwnership":null,"YearBuilt":null,"Borough":"Lewisham"},"geometry":{"type":"LineString","coordinates":[[-0.0281219,51.48062],[-0.0281044,51.48056],[-0.0280535,51.48049],[-0.0279905,51.48025]]}},{"type":"Feature","properties":{"Name":null,"description":null,"timestamp":null,"begin":null,"end":null,"altitudeMode":null,"tessellate":"NA","extrude":"NA","visibility":"NA","drawOrder":"NA","icon":null,"ltla22cd":null,"ltla22nm":null,"ltla22nmw":null,"label":null,"stroke-opacity":"NA","stroke-width":4,"stroke":"#FF7043","fill-opacity":"NA","fill":null,"LengthInMetres":69,"Title":"C10 - (formerly Q1)","Direction":"TwoWay","Flow":null,"Protection":null,"RoadOwnership":null,"YearBuilt":null,"Borough":"Lewisham"},"geometry":{"type":"LineString","coordinates":[[-0.0229286,51.47913],[-0.0227582,51.47914],[-0.0219455,51.47923]]}},{"type":"Feature","properties":{"Name":null,"description":null,"timestamp":null,"begin":null,"end":null,"altitudeMode":null,"tessellate":"NA","extrude":"NA","visibility":"NA","drawOrder":"NA","icon":null,"ltla22cd":null,"ltla22nm":null,"ltla22nmw":null,"label":null,"stroke-opacity":"NA","stroke-width":4,"stroke":"#FF7043","fill-opacity":"NA","fill":null,"LengthInMetres":250,"Title":"National Cycle Network - 21","Direction":"TwoWay","Flow":null,"Protection":null,"RoadOwnership":null,"YearBuilt":null,"Borough":"Lewisham"},"geometry":{"type":"LineString","coordinates":[[-0.0226766,51.47626],[-0.0236636,51.47494],[-0.0236636,51.47471],[-0.0228039,51.47454]]}},{"type":"Feature","properties":{"Name":null,"description":null,"timestamp":null,"begin":null,"end":null,"altitudeMode":null,"tessellate":"NA","extrude":"NA","visibility":"NA","drawOrder":"NA","icon":null,"ltla22cd":null,"ltla22nm":null,"ltla22nmw":null,"label":null,"stroke-opacity":"NA","stroke-width":4,"stroke":"#FF7043","fill-opacity":"NA","fill":null,"LengthInMetres":791,"Title":"National Cycle Network - 21","Direction":"TwoWay","Flow":null,"Protection":null,"RoadOwnership":null,"YearBuilt":null,"Borough":"Lewisham"},"geometry":{"type":"LineString","coordinates":[[-0.0171117,51.46909],[-0.0173451,51.46921],[-0.0176026,51.46926],[-0.0178493,51.46917],[-0.0181202,51.46905],[-0.0183026,51.46904],[-0.0184823,51.46909],[-0.018654,51.46921],[-0.0187881,51.46928],[-0.0189678,51.4693],[-0.0192495,51.46933],[-0.0194614,51.46938],[-0.0196437,51.46948],[-0.0198208,51.46963],[-0.0200836,51.46973],[-0.020317,51.46986],[-0.0204913,51.46991],[-0.0207756,51.47012],[-0.021076,51.4704],[-0.0214757,51.47079],[-0.0218485,51.47111],[-0.0221516,51.47141],[-0.0222562,51.47158],[-0.0222938,51.47171],[-0.0223769,51.47218],[-0.0223313,51.47226],[-0.0221114,51.47237],[-0.021996,51.47253],[-0.0219317,51.47262],[-0.0220121,51.473],[-0.0220443,51.47322],[-0.022216,51.47345],[-0.0224037,51.47369],[-0.0224627,51.47382],[-0.0225539,51.47387],[-0.0225555,51.47397]]}},{"type":"Feature","properties":{"Name":null,"description":null,"timestamp":null,"begin":null,"end":null,"altitudeMode":null,"tessellate":"NA","extrude":"NA","visibility":"NA","drawOrder":"NA","icon":null,"ltla22cd":null,"ltla22nm":null,"ltla22nmw":null,"label":null,"stroke-opacity":"NA","stroke-width":4,"stroke":"#FF7043","fill-opacity":"NA","fill":null,"LengthInMetres":16,"Title":"Westwood Hill","Direction":"TwoWay","Flow":null,"Protection":null,"RoadOwnership":null,"YearBuilt":null,"Borough":"Lewisham"},"geometry":{"type":"LineString","coordinates":[[-0.0739537,51.42634],[-0.0739481,51.42634],[-0.0738194,51.42633],[-0.0737443,51.4263]]}},{"type":"Feature","properties":{"Name":null,"description":null,"timestamp":null,"begin":null,"end":null,"altitudeMode":null,"tessellate":"NA","extrude":"NA","visibility":"NA","drawOrder":"NA","icon":null,"ltla22cd":null,"ltla22nm":null,"ltla22nmw":null,"label":null,"stroke-opacity":"NA","stroke-width":2,"stroke":"#FF7043","fill-opacity":"NA","fill":null,"LengthInMetres":250,"Title":"Stanstead Road","Direction":"OneWay","Flow":null,"Protection":null,"RoadOwnership":null,"YearBuilt":null,"Borough":"Lewisham"},"geometry":{"type":"LineString","coordinates":[[-0.0511015,51.44226],[-0.0511766,51.4421],[-0.0513375,51.44172],[-0.0513697,51.44142],[-0.0513375,51.44085],[-0.0513375,51.44036],[-0.0513375,51.44018],[-0.0513912,51.44004]]}},{"type":"Feature","properties":{"Name":null,"description":null,"timestamp":null,"begin":null,"end":null,"altitudeMode":null,"tessellate":"NA","extrude":"NA","visibility":"NA","drawOrder":"NA","icon":null,"ltla22cd":null,"ltla22nm":null,"ltla22nmw":null,"label":null,"stroke-opacity":"NA","stroke-width":4,"stroke":"#FF7043","fill-opacity":"NA","fill":null,"LengthInMetres":108,"Title":"Limes Grove to Molesworth Street","Direction":"TwoWay","Flow":null,"Protection":null,"RoadOwnership":null,"YearBuilt":null,"Borough":"Lewisham"},"geometry":{"type":"LineString","coordinates":[[-0.0114676,51.45942],[-0.0115716,51.45943],[-0.0116048,51.45943],[-0.0117045,51.45946],[-0.0117854,51.45949],[-0.0118718,51.45952],[-0.0118983,51.45956],[-0.011935,51.4596],[-0.012012,51.45959],[-0.012141,51.45965],[-0.012251,51.4597],[-0.012366,51.45975],[-0.0124792,51.45981],[-0.0125682,51.45979],[-0.0126095,51.45978],[-0.0126678,51.45979],[-0.0127604,51.45976]]}},{"type":"Feature","properties":{"Name":null,"description":null,"timestamp":null,"begin":null,"end":null,"altitudeMode":null,"tessellate":"NA","extrude":"NA","visibility":"NA","drawOrder":"NA","icon":null,"ltla22cd":null,"ltla22nm":null,"ltla22nmw":null,"label":null,"stroke-opacity":"NA","stroke-width":4,"stroke":"#FF7043","fill-opacity":"NA","fill":null,"LengthInMetres":56,"Title":"Thames Path / NCN 4","Direction":"TwoWay","Flow":null,"Protection":null,"RoadOwnership":null,"YearBuilt":null,"Borough":"Lewisham"},"geometry":{"type":"LineString","coordinates":[[-0.0329378,51.48679],[-0.0330754,51.48693],[-0.0333651,51.48722]]}},{"type":"Feature","properties":{"Name":null,"description":null,"timestamp":null,"begin":null,"end":null,"altitudeMode":null,"tessellate":"NA","extrude":"NA","visibility":"NA","drawOrder":"NA","icon":null,"ltla22cd":null,"ltla22nm":null,"ltla22nmw":null,"label":null,"stroke-opacity":"NA","stroke-width":2,"stroke":"#FF7043","fill-opacity":"NA","fill":null,"LengthInMetres":228,"Title":"A21 - Streetspace route","Direction":"OneWay","Flow":null,"Protection":null,"RoadOwnership":null,"YearBuilt":null,"Borough":"Lewisham"},"geometry":{"type":"LineString","coordinates":[[-0.012821,51.4584],[-0.0129383,51.45828],[-0.0130265,51.45816],[-0.0130745,51.45807],[-0.0133964,51.4574],[-0.0137397,51.45702],[-0.0142976,51.4566]]}},{"type":"Feature","properties":{"Name":null,"description":null,"timestamp":null,"begin":null,"end":null,"altitudeMode":null,"tessellate":"NA","extrude":"NA","visibility":"NA","drawOrder":"NA","icon":null,"ltla22cd":null,"ltla22nm":null,"ltla22nmw":null,"label":null,"stroke-opacity":"NA","stroke-width":4,"stroke":"#FF7043","fill-opacity":"NA","fill":null,"LengthInMetres":357,"Title":"Molesworth Street pop-up - TfL","Direction":"TwoWay","Flow":null,"Protection":null,"RoadOwnership":null,"YearBuilt":null,"Borough":"Lewisham"},"geometry":{"type":"LineString","coordinates":[[-0.0126424,51.45961],[-0.0127061,51.45967],[-0.0127604,51.45976],[-0.0128423,51.45993],[-0.0130005,51.46035],[-0.0131172,51.46072],[-0.0131997,51.46102],[-0.0132647,51.46131],[-0.013313,51.46172],[-0.0133003,51.4619],[-0.01325,51.4621],[-0.0132138,51.46222],[-0.0131534,51.46235],[-0.0130453,51.46255],[-0.0129238,51.46273]]}},{"type":"Feature","properties":{"Name":null,"description":null,"timestamp":null,"begin":null,"end":null,"altitudeMode":null,"tessellate":"NA","extrude":"NA","visibility":"NA","drawOrder":"NA","icon":null,"ltla22cd":null,"ltla22nm":null,"ltla22nmw":null,"label":null,"stroke-opacity":"NA","stroke-width":2,"stroke":"#FF7043","fill-opacity":"NA","fill":null,"LengthInMetres":10,"Title":"Mount Pleasant Road - TfL","Direction":"OneWay","Flow":null,"Protection":null,"RoadOwnership":null,"YearBuilt":null,"Borough":"Lewisham"},"geometry":{"type":"LineString","coordinates":[[-0.0167568,51.45161],[-0.0166093,51.45161]]}},{"type":"Feature","properties":{"Name":null,"description":null,"timestamp":null,"begin":null,"end":null,"altitudeMode":null,"tessellate":"NA","extrude":"NA","visibility":"NA","drawOrder":"NA","icon":null,"ltla22cd":null,"ltla22nm":null,"ltla22nmw":null,"label":null,"stroke-opacity":"NA","stroke-width":4,"stroke":"#FF7043","fill-opacity":"NA","fill":null,"LengthInMetres":35,"Title":"C4","Direction":"TwoWay","Flow":null,"Protection":null,"RoadOwnership":null,"YearBuilt":null,"Borough":"Lewisham"},"geometry":{"type":"LineString","coordinates":[[-0.0424605,51.49026],[-0.0424497,51.49025],[-0.0421171,51.49003]]}}]}