{"type":"FeatureCollection","features":[{"type":"Feature","properties":{"Name":"Redbridge","description":null,"timestamp":null,"begin":null,"end":null,"altitudeMode":null,"tessellate":-1,"extrude":0,"visibility":-1,"drawOrder":"NA","icon":null,"ltla22cd":"E09000026","ltla22nm":"Redbridge","ltla22nmw":null,"label":"E92000001E12000007E09000026","stroke-opacity":0.2,"stroke-width":0.25,"stroke":"#9C27B0","fill-opacity":0.1,"fill":"#9C27B0","LengthInMetres":7610,"Title":null,"Direction":null,"Flow":null,"Protection":null,"RoadOwnership":null,"YearBuilt":null,"Borough":null},"geometry":{"type":"Polygon","coordinates":[[[0.0238085,51.5555298],[0.0237616,51.5555283],[0.0236981,51.5556202],[0.0236506,51.5557136],[0.0235621,51.5558873],[0.023564,51.5560266],[0.0235705,51.5565021],[0.0235459,51.5565992],[0.0235269,51.5566382],[0.0234859,51.5566891],[0.023454,51.5567203],[0.0234246,51.5567491],[0.0233527,51.556795],[0.0232927,51.5568242],[0.0232304,51.5568441],[0.0231555,51.5568631],[0.0230569,51.5568752],[0.0227967,51.5568021],[0.0227816,51.556795],[0.0227662,51.5567878],[0.0227279,51.5567697],[0.0225757,51.5566982],[0.0225077,51.5566081],[0.0224763,51.5561651],[0.0221896,51.5561928],[0.0219571,51.5562152],[0.021869,51.5562237],[0.0217823,51.5562321],[0.021562,51.5562577],[0.0214872,51.5562664],[0.0213266,51.5562851],[0.0208779,51.5562501],[0.0204973,51.5562072],[0.0203443,51.5562643],[0.0203394,51.5562661],[0.0203311,51.5562725],[0.02032,51.5562809],[0.0202676,51.556321],[0.0202476,51.5563362],[0.0202173,51.5563593],[0.0201619,51.5564016],[0.0201131,51.5564388],[0.0200656,51.5564751],[0.0200574,51.556483],[0.0200058,51.5565325],[0.0199148,51.5566197],[0.0199063,51.5566279],[0.0198304,51.5567006],[0.0198054,51.5567246],[0.0197361,51.556791],[0.0197332,51.5567936],[0.0196525,51.5568662],[0.0195278,51.5569782],[0.0194959,51.5570069],[0.0194375,51.5570594],[0.0194187,51.5570763],[0.019408,51.5570859],[0.0194032,51.5570902],[0.0193206,51.5571644],[0.0193144,51.55717],[0.0192916,51.5571905],[0.019162,51.557307],[0.0191311,51.5573347],[0.0191202,51.5573445],[0.0190285,51.557427],[0.0190236,51.5574307],[0.0189504,51.5574869],[0.0188457,51.5575673],[0.0188429,51.5575695],[0.0187644,51.5576297],[0.018718,51.5576653],[0.0186561,51.5577129],[0.0186462,51.5577205],[0.0186207,51.5577382],[0.0185095,51.5578152],[0.0184795,51.5578359],[0.0182943,51.5579641],[0.0182485,51.5579958],[0.0182459,51.5579981],[0.0182256,51.5580158],[0.018208,51.5580311],[0.0181791,51.5580564],[0.0181304,51.5580989],[0.0180895,51.558134],[0.018081,51.5581412],[0.0180279,51.5581868],[0.0179521,51.5582384],[0.0179263,51.5582559],[0.0179179,51.5582616],[0.0178947,51.5582774],[0.0178798,51.5582878],[0.01787,51.5582968],[0.0178596,51.5583063],[0.0178525,51.5583128],[0.0178074,51.5583542],[0.017802,51.5583591],[0.0177869,51.558373],[0.0177725,51.5583862],[0.0177457,51.5584108],[0.0177372,51.5584161],[0.0177197,51.5584271],[0.0177061,51.5584356],[0.0176966,51.5584416],[0.017621,51.558489],[0.0176135,51.5584937],[0.0175567,51.5585293],[0.0175409,51.5585392],[0.0175288,51.5585467],[0.0175242,51.5585497],[0.01752,51.5585523],[0.0175166,51.5585544],[0.0174789,51.558578],[0.0174394,51.5586028],[0.0174133,51.5586192],[0.0174049,51.5586244],[0.0174011,51.5586268],[0.0173447,51.5586622],[0.017323,51.5586758],[0.0172683,51.55871],[0.0172613,51.5587144],[0.0172324,51.5587326],[0.0172237,51.558738],[0.0172164,51.5587425],[0.0171298,51.5587968],[0.0171002,51.5588132],[0.0170948,51.5588161],[0.0170833,51.5588225],[0.0170705,51.5588296],[0.0170551,51.5588381],[0.0170479,51.558842],[0.017025,51.5588546],[0.0169435,51.5588996],[0.016922,51.5589115],[0.0168711,51.5589396],[0.0168648,51.5589431],[0.0168464,51.5589532],[0.0167857,51.5589867],[0.016746,51.5590069],[0.0167227,51.5590188],[0.0167023,51.5590291],[0.0166828,51.5590391],[0.0166761,51.5590425],[0.0166228,51.5590697],[0.016597,51.5590828],[0.0165906,51.5590857],[0.0165824,51.5590894],[0.0165589,51.5591001],[0.0165207,51.5591174],[0.0165082,51.5591231],[0.0164886,51.559132],[0.0164725,51.5591393],[0.0164229,51.5591618],[0.0164135,51.559166],[0.0163948,51.5591745],[0.0163819,51.5591804],[0.0163528,51.5591936],[0.0163171,51.5592098],[0.0162796,51.5592268],[0.0162334,51.5592415],[0.0162132,51.5592479],[0.0161143,51.5592793],[0.0161079,51.5592813],[0.0160751,51.5592917],[0.0160695,51.5592931],[0.0160353,51.5593017],[0.0160219,51.5593051],[0.0159982,51.559311],[0.0159498,51.5593231],[0.015897,51.5593341],[0.0158695,51.5593398],[0.0158205,51.55935],[0.0157976,51.5593547],[0.0157876,51.5593568],[0.0157644,51.5593608],[0.0157596,51.5593617],[0.0157504,51.5593633],[0.0157365,51.5593657],[0.0156221,51.5593856],[0.0156033,51.5593878],[0.0155528,51.5593937],[0.0155046,51.5593993],[0.0154488,51.5594057],[0.015412,51.55941],[0.0153996,51.5594114],[0.0153799,51.5594137],[0.0153525,51.5594154],[0.0153407,51.5594162],[0.0151699,51.5594271],[0.01516,51.5594277],[0.0150464,51.559435],[0.0150041,51.5594377],[0.0149337,51.5594377],[0.0149266,51.5594377],[0.0148915,51.5594377],[0.0148545,51.5594377],[0.0147698,51.5594376],[0.0147541,51.5594382],[0.0147234,51.559536],[0.0146961,51.559623],[0.0146914,51.5596377],[0.0146809,51.5596713],[0.0146791,51.5596771],[0.0146254,51.5598479],[0.0146234,51.5598542],[0.0146186,51.5598697],[0.0146157,51.5598788],[0.0145781,51.5599984],[0.0145772,51.5600015],[0.0144713,51.5603385],[0.0144558,51.5603926],[0.0144256,51.5604982],[0.0143332,51.5608208],[0.0142754,51.5610225],[0.0141893,51.5613234],[0.0141873,51.5614377],[0.0141821,51.5617366],[0.0141812,51.5617924],[0.0141837,51.561896],[0.0141863,51.5620054],[0.0141917,51.5622262],[0.0141921,51.5622433],[0.0141919,51.5622818],[0.0141916,51.5623197],[0.0141905,51.5625147],[0.0141904,51.5625341],[0.0141903,51.5625456],[0.01419,51.5625982],[0.0141898,51.5626324],[0.0141897,51.562654],[0.0141896,51.562667],[0.0141896,51.5626716],[0.0141892,51.5627344],[0.0141892,51.5627433],[0.0141891,51.5627597],[0.0141888,51.5628033],[0.0141887,51.5628135],[0.0141883,51.5628828],[0.0141881,51.5629227],[0.014188,51.562946],[0.0141878,51.5629746],[0.0141878,51.5629822],[0.0141898,51.5630029],[0.0141904,51.563009],[0.0141919,51.5630247],[0.0141959,51.5630655],[0.0142023,51.5631311],[0.0142066,51.5631756],[0.0142118,51.5632298],[0.0142252,51.5633676],[0.0142307,51.5634242],[0.0142349,51.5634575],[0.0142398,51.5634975],[0.0142728,51.5637625],[0.0142801,51.563819],[0.0142833,51.5638434],[0.0142905,51.5638982],[0.0142912,51.5639127],[0.0142933,51.5639511],[0.0142951,51.5639846],[0.0142961,51.5640034],[0.0143002,51.5640798],[0.0143094,51.5642522],[0.014314,51.5643393],[0.0143156,51.5643689],[0.0143168,51.5643911],[0.0143275,51.5644631],[0.0143395,51.5645436],[0.0143536,51.5646381],[0.0143596,51.5646784],[0.0143629,51.5647005],[0.0143875,51.564837],[0.0143882,51.5648412],[0.0143888,51.5648443],[0.0143896,51.5648491],[0.014393,51.5648677],[0.0144229,51.5650344],[0.0144266,51.5650549],[0.014432,51.565086],[0.014455,51.565213],[0.0144421,51.5654192],[0.0144307,51.565602],[0.014617,51.565601],[0.0150734,51.5655987],[0.0152051,51.565598],[0.0154025,51.5655969],[0.0154177,51.5655968],[0.0154955,51.5655964],[0.0155724,51.565596],[0.0155965,51.5655959],[0.0158034,51.5655998],[0.0158547,51.5656008],[0.0159162,51.5656019],[0.0159282,51.5656021],[0.0159736,51.565603],[0.0161824,51.5656069],[0.0162783,51.5656087],[0.0163452,51.56561],[0.0165034,51.5656129],[0.0165478,51.5656125],[0.0166693,51.5656115],[0.0167715,51.5656105],[0.0168641,51.5656097],[0.0169299,51.5656091],[0.0170869,51.5656077],[0.0171488,51.5656072],[0.0171661,51.565607],[0.0171831,51.5656087],[0.0172715,51.5656172],[0.0173712,51.5656269],[0.0174318,51.5656327],[0.017488,51.5656382],[0.0175075,51.5656401],[0.0176237,51.5656598],[0.0176438,51.5656632],[0.0177483,51.565681],[0.017759,51.5656841],[0.0178373,51.5657067],[0.0178731,51.5657171],[0.0179657,51.5657439],[0.0180214,51.5657656],[0.0180265,51.5657676],[0.0180509,51.5657772],[0.0180714,51.5657852],[0.0181054,51.5657985],[0.0181253,51.5658063],[0.0181507,51.5658163],[0.0182708,51.5658749],[0.0182942,51.5658864],[0.0183244,51.5659011],[0.0183364,51.565907],[0.0184394,51.5659749],[0.0184804,51.5660019],[0.0184965,51.5660132],[0.0185348,51.5660396],[0.0186307,51.5661074],[0.0186466,51.5661185],[0.0186617,51.5661291],[0.0186844,51.5661451],[0.0187373,51.5662055],[0.0187518,51.5662221],[0.01877,51.5662453],[0.0188169,51.5663056],[0.0188195,51.5663089],[0.0188578,51.5663589],[0.0188925,51.5664079],[0.0189187,51.5664461],[0.0189262,51.566457],[0.0189451,51.5664876],[0.0189575,51.5665082],[0.0189821,51.5665579],[0.0189932,51.5665863],[0.0190024,51.5666099],[0.0190034,51.5666142],[0.0190092,51.5666409],[0.01901,51.5666454],[0.01902,51.5667019],[0.019023,51.5667305],[0.0190238,51.5667381],[0.0190263,51.5667624],[0.0190261,51.5667704],[0.0190257,51.5667846],[0.0190245,51.5668239],[0.0190206,51.5668614],[0.0190182,51.5668849],[0.0190129,51.5669135],[0.0190064,51.566949],[0.0190058,51.5669518],[0.0189919,51.5670035],[0.018988,51.5670179],[0.0189741,51.5670563],[0.0189663,51.5670778],[0.0189551,51.5671031],[0.0189401,51.5671369],[0.0189196,51.5671743],[0.0189084,51.5671949],[0.0188981,51.5672141],[0.0188279,51.5673444],[0.0188095,51.5673787],[0.0187148,51.5675547],[0.0186804,51.5676187],[0.0186539,51.567668],[0.0186218,51.5677275],[0.0185804,51.5678045],[0.0185609,51.5678407],[0.0185559,51.5678567],[0.0185367,51.5679182],[0.018503,51.5680259],[0.0184729,51.5681221],[0.0184164,51.5683027],[0.0183715,51.5684021],[0.0183182,51.5685204],[0.0182489,51.5686741],[0.0181963,51.5687908],[0.0181495,51.5688946],[0.0181304,51.5689393],[0.0180846,51.5690466],[0.0180542,51.5691178],[0.0180286,51.5691778],[0.0180157,51.5692081],[0.0179356,51.569396],[0.0179335,51.569401],[0.0179275,51.5694149],[0.0179068,51.5694635],[0.0178921,51.569495],[0.0178566,51.5695715],[0.017854,51.5695771],[0.0178203,51.5696496],[0.0177638,51.5697711],[0.017731,51.5698415],[0.0176869,51.5699364],[0.0176853,51.5699419],[0.0176675,51.5700016],[0.0177108,51.5700474],[0.0177951,51.5700785],[0.0179721,51.5701025],[0.0180452,51.5701137],[0.0181555,51.5701304],[0.0182475,51.5701305],[0.0183448,51.5701075],[0.0183597,51.5700997],[0.0184251,51.5700657],[0.0184603,51.5700475],[0.0186337,51.5700088],[0.0186567,51.5700037],[0.018767,51.5699835],[0.0190888,51.5699247],[0.019074,51.5700485],[0.0190706,51.5700768],[0.0190485,51.570261],[0.019018,51.570516],[0.0190175,51.5705203],[0.0190171,51.5705231],[0.0190066,51.5706114],[0.0189958,51.5708088],[0.018974,51.5712114],[0.0189709,51.5712669],[0.0189574,51.5715191],[0.018945,51.5717454],[0.0189445,51.5717499],[0.0189354,51.5718504],[0.0189239,51.5719762],[0.0189124,51.5721016],[0.0189061,51.5721711],[0.0189025,51.5722105],[0.0189015,51.5722215],[0.0189006,51.5722317],[0.0188988,51.5722511],[0.0188974,51.5722596],[0.0188947,51.5722764],[0.0188833,51.5723479],[0.0187757,51.5723089],[0.0187604,51.5723033],[0.0187515,51.5722999],[0.0182609,51.5721137],[0.0180149,51.5720203],[0.0178917,51.5721783],[0.0178515,51.5722267],[0.0178011,51.5722875],[0.0177937,51.5722964],[0.0177821,51.5723103],[0.0177325,51.5723585],[0.0177167,51.5723739],[0.0176708,51.5724185],[0.0176358,51.5724526],[0.0176239,51.5724642],[0.0175592,51.5725186],[0.0174865,51.5725797],[0.0174717,51.5725921],[0.017397,51.5726291],[0.0173684,51.5726434],[0.017334,51.5726604],[0.0173102,51.5726722],[0.0172309,51.5726971],[0.0170706,51.5727474],[0.0170602,51.5727507],[0.0168632,51.5728044],[0.0168591,51.5728055],[0.0166717,51.5728567],[0.0164913,51.572881],[0.0164593,51.5728852],[0.0163505,51.5729075],[0.016345,51.5729092],[0.0164419,51.573079],[0.0164463,51.5730866],[0.0164535,51.573097],[0.016465,51.5731191],[0.0164751,51.5731323],[0.0165404,51.5732186],[0.0165995,51.5732966],[0.0166064,51.5733057],[0.0166461,51.5733581],[0.0166665,51.5733852],[0.0166744,51.5733955],[0.0168319,51.5736035],[0.016894,51.57369],[0.0169046,51.5737049],[0.0169459,51.5737624],[0.0170612,51.5739232],[0.0171001,51.5739775],[0.0171859,51.5740972],[0.0171963,51.5741115],[0.0172716,51.5741983],[0.0172784,51.5742062],[0.017317,51.5742505],[0.0173309,51.574285],[0.0173739,51.5743914],[0.0173818,51.574411],[0.0173878,51.5745459],[0.01739,51.5745949],[0.0173561,51.5749299],[0.017355,51.5750394],[0.0173547,51.5750699],[0.0173533,51.57521],[0.0173532,51.5752209],[0.017352,51.5753355],[0.0173514,51.5753959],[0.0173471,51.5754629],[0.0173406,51.5755635],[0.0173378,51.5756063],[0.0173365,51.5756276],[0.0173318,51.5756985],[0.0173198,51.5758842],[0.0173566,51.5762646],[0.017362,51.5763203],[0.0173768,51.5764735],[0.0173797,51.5765037],[0.0173801,51.576515],[0.0173807,51.5765322],[0.0173831,51.5765982],[0.0173864,51.5766945],[0.0173866,51.5767003],[0.0173872,51.5767179],[0.0173901,51.5768014],[0.0173909,51.5768247],[0.0173924,51.5768615],[0.0173992,51.5770636],[0.0173994,51.5770688],[0.0174056,51.5772466],[0.0174063,51.5772658],[0.0174067,51.5772783],[0.0174069,51.5772846],[0.0174129,51.5774556],[0.0174058,51.5774737],[0.0174011,51.577486],[0.0173603,51.5775911],[0.0173353,51.5776447],[0.0173254,51.5776657],[0.0173162,51.5776855],[0.0172612,51.5778034],[0.0172593,51.5778075],[0.0172473,51.577833],[0.0172308,51.5778685],[0.0171908,51.5779542],[0.017172,51.5779944],[0.0171154,51.5781156],[0.0171109,51.5781252],[0.0171096,51.578128],[0.0171054,51.5781371],[0.0169838,51.5783975],[0.0169668,51.578434],[0.0169257,51.578522],[0.0167883,51.5788164],[0.0167765,51.5788416],[0.0167747,51.5788462],[0.0167078,51.5789889],[0.0166963,51.5790134],[0.016652,51.5791084],[0.0166279,51.57916],[0.0166146,51.5791885],[0.016374,51.5793148],[0.0161264,51.5798207],[0.0160127,51.5800532],[0.0159769,51.5801262],[0.0157002,51.5807137],[0.0155653,51.5810002],[0.0155414,51.5810509],[0.0152331,51.5817054],[0.0153689,51.5817543],[0.0153779,51.5817576],[0.0154283,51.5817761],[0.0154916,51.5817983],[0.0155389,51.5818152],[0.0155428,51.5818166],[0.0156691,51.5818618],[0.0155431,51.5819649],[0.0155301,51.5819755],[0.0154966,51.5820202],[0.0154738,51.5820506],[0.0153796,51.5822036],[0.0152461,51.58251],[0.015312,51.5825192],[0.0154031,51.5825322],[0.0153855,51.582725],[0.0154129,51.5829571],[0.0154814,51.5832873],[0.0143489,51.5833287],[0.0140998,51.583411],[0.0137285,51.5836013],[0.0133691,51.5837855],[0.0133595,51.5838551],[0.0133572,51.5838724],[0.0133255,51.5841023],[0.0132988,51.5843384],[0.0132975,51.5843498],[0.0132736,51.5845623],[0.0132573,51.5846635],[0.0132543,51.5846815],[0.0132276,51.584847],[0.0132215,51.5848848],[0.0131681,51.5852154],[0.0131674,51.5852197],[0.0131648,51.5852361],[0.0131618,51.5852545],[0.013148,51.5853399],[0.0131468,51.5853473],[0.0131369,51.5854087],[0.013103,51.5856034],[0.0130619,51.5858352],[0.0130316,51.5860075],[0.0129863,51.5863896],[0.0129527,51.5866731],[0.0129503,51.5866935],[0.0129331,51.5868388],[0.0129186,51.586961],[0.0128319,51.5876124],[0.0128173,51.5877113],[0.0127926,51.5878743],[0.0127705,51.5880219],[0.0127083,51.5884364],[0.0127027,51.5884741],[0.01268,51.5886253],[0.0126334,51.5889226],[0.0126231,51.5889887],[0.0126223,51.5889937],[0.0126049,51.5891116],[0.0125908,51.589207],[0.0125896,51.5892154],[0.0125751,51.5893136],[0.012546,51.5895441],[0.0125303,51.5896679],[0.0125288,51.58968],[0.0125241,51.5897173],[0.0125211,51.5897407],[0.0125176,51.5897685],[0.0125135,51.5898015],[0.0125129,51.5898058],[0.0125108,51.5898612],[0.0125055,51.5900033],[0.0125054,51.5900062],[0.0125025,51.5900826],[0.012502,51.5900969],[0.0124957,51.5902629],[0.0124953,51.5902744],[0.0124949,51.5902845],[0.0124944,51.5902983],[0.0124924,51.5903555],[0.0124918,51.590368],[0.0124685,51.5904567],[0.0124643,51.590473],[0.0124474,51.5905373],[0.0124444,51.5905489],[0.0124193,51.5906447],[0.0124136,51.5906665],[0.0123899,51.590757],[0.0123687,51.5908146],[0.0123643,51.5908264],[0.0123607,51.5908363],[0.0123164,51.5909567],[0.0123117,51.5909694],[0.0123124,51.5909719],[0.0123163,51.5909874],[0.0123193,51.5909993],[0.0123642,51.5911767],[0.0123792,51.5912356],[0.0123804,51.5912403],[0.0123871,51.591267],[0.0123573,51.5913061],[0.0123208,51.591354],[0.0123097,51.5913684],[0.0122882,51.5913967],[0.0122861,51.5913995],[0.0122651,51.5914269],[0.0122138,51.5915063],[0.0121921,51.5915398],[0.0121587,51.5915914],[0.0121552,51.5916005],[0.0121538,51.591604],[0.0120829,51.5917863],[0.012055,51.5918579],[0.0120503,51.5919017],[0.0120432,51.5919683],[0.0120425,51.5919742],[0.0120409,51.5919888],[0.0120371,51.5920075],[0.0120316,51.5920348],[0.0120044,51.5921684],[0.0120005,51.5921879],[0.0119989,51.5921955],[0.011977,51.5923034],[0.0119748,51.5923142],[0.0119735,51.5923207],[0.011964,51.5924695],[0.0119637,51.5924735],[0.0119586,51.5925544],[0.011964,51.5926184],[0.0119659,51.5926397],[0.0119786,51.5927885],[0.0119807,51.5928131],[0.011994,51.5929688],[0.0120001,51.5930177],[0.0120005,51.5930212],[0.0120021,51.5930344],[0.0120318,51.5932731],[0.0120328,51.5932779],[0.0120396,51.593313],[0.0120402,51.5933159],[0.0120577,51.5934051],[0.0121052,51.5936483],[0.012109,51.5936676],[0.0121437,51.5938447],[0.0121459,51.593856],[0.0121952,51.5941083],[0.0122369,51.5943214],[0.0122526,51.5944045],[0.01227,51.5944976],[0.0122906,51.5945973],[0.0123148,51.5947145],[0.0123512,51.594935],[0.012352,51.5949398],[0.012353,51.594946],[0.0123916,51.5951801],[0.0124115,51.5953009],[0.0124142,51.5953169],[0.0124147,51.5953199],[0.0124324,51.5954264],[0.0124337,51.5954331],[0.0124421,51.5954851],[0.012444,51.5954963],[0.0124568,51.5955736],[0.0124759,51.5956881],[0.0124768,51.5956941],[0.0124798,51.5957124],[0.0124802,51.595715],[0.012487,51.5957661],[0.0124945,51.5958232],[0.0124949,51.5958261],[0.0124955,51.5958304],[0.0124975,51.5958453],[0.0125049,51.5959011],[0.0125056,51.5959064],[0.0125102,51.5959414],[0.0125123,51.5959573],[0.0125189,51.5960072],[0.0125221,51.5960312],[0.0125245,51.5960494],[0.012534,51.5961205],[0.012518,51.5961871],[0.0125168,51.5961921],[0.0125128,51.5962084],[0.0125119,51.5962123],[0.0125085,51.5962642],[0.0125074,51.5962803],[0.012507,51.5962864],[0.0125079,51.5962957],[0.0125088,51.5963057],[0.0125144,51.5963685],[0.0125158,51.596384],[0.0125241,51.5964415],[0.0125265,51.5964582],[0.0125273,51.5964637],[0.0125375,51.5965345],[0.0125446,51.5965838],[0.0125457,51.5965911],[0.0125532,51.5966432],[0.0125696,51.5967567],[0.0125703,51.5967616],[0.0125799,51.5968283],[0.0125803,51.5968311],[0.0125807,51.5968338],[0.0125823,51.5968451],[0.0125963,51.596942],[0.0125989,51.5969603],[0.0125997,51.5969658],[0.0126119,51.5970503],[0.0126127,51.5970558],[0.0126143,51.5970665],[0.0126194,51.5971022],[0.0126204,51.5971092],[0.0126336,51.5972005],[0.0126676,51.5974361],[0.0126681,51.5974395],[0.0126765,51.5974979],[0.0126781,51.5975093],[0.012688,51.5975775],[0.0126886,51.5975819],[0.0127116,51.5977415],[0.0127514,51.5980171],[0.0127559,51.5980607],[0.0127591,51.5980918],[0.0127679,51.5981771],[0.0127813,51.5983077],[0.0128106,51.5985924],[0.0128115,51.5986013],[0.0128131,51.5986162],[0.0128198,51.598681],[0.0128204,51.5986875],[0.0128229,51.59871],[0.0128579,51.5990515],[0.0128598,51.5990697],[0.0128603,51.5990749],[0.0128614,51.5990855],[0.0128622,51.5990928],[0.0128668,51.5991381],[0.0128772,51.599187],[0.0128865,51.5992314],[0.0128885,51.599241],[0.0128908,51.5992441],[0.0129265,51.5992946],[0.0129525,51.5993312],[0.0129667,51.5993513],[0.012974,51.5993615],[0.0130309,51.5994417],[0.0130376,51.5994511],[0.013041,51.5994559],[0.0130551,51.5994758],[0.0130617,51.5994851],[0.0131031,51.5995434],[0.0131084,51.5995509],[0.0131366,51.5995907],[0.0131405,51.5995962],[0.0131453,51.5996029],[0.013166,51.5996322],[0.0131718,51.5996403],[0.0131737,51.5996431],[0.0132571,51.5997605],[0.013262,51.5997675],[0.0133209,51.5998505],[0.01334,51.5998774],[0.0133433,51.5998821],[0.0133482,51.5998889],[0.0133794,51.599933],[0.0133977,51.5999572],[0.0134003,51.5999606],[0.0134026,51.5999636],[0.0134519,51.6000287],[0.0134702,51.6000528],[0.0136407,51.6002778],[0.0137005,51.6003568],[0.0137035,51.6003608],[0.0137282,51.6003934],[0.0137697,51.6004481],[0.0138569,51.600563],[0.0138845,51.6005996],[0.0139137,51.6006382],[0.0139798,51.6007253],[0.0141423,51.6009399],[0.0142547,51.6010782],[0.0142593,51.6010839],[0.0142731,51.6011009],[0.0143319,51.6011732],[0.0143361,51.6011785],[0.0144092,51.6012684],[0.01442,51.6012818],[0.0144287,51.6012924],[0.0144696,51.6013428],[0.0144756,51.6013502],[0.0145211,51.6014063],[0.0145266,51.601413],[0.0145462,51.6014371],[0.0145546,51.6014474],[0.0145605,51.6014547],[0.0146696,51.601589],[0.0146739,51.6015943],[0.0148172,51.6017708],[0.0149098,51.6019002],[0.0149253,51.6019219],[0.0149919,51.602015],[0.0154596,51.6026689],[0.0155022,51.6027284],[0.0155055,51.6027332],[0.015737,51.6030567],[0.0160795,51.6035273],[0.0162383,51.6037454],[0.0162423,51.6037509],[0.0163009,51.6038314],[0.0163155,51.6038514],[0.0165052,51.604112],[0.0167056,51.6043874],[0.016714,51.6043989],[0.0167514,51.6044503],[0.0167697,51.6044753],[0.0167896,51.6045028],[0.0168013,51.6045188],[0.0168844,51.604633],[0.0169411,51.6047109],[0.0169553,51.6047304],[0.0170411,51.6048482],[0.017045,51.6048535],[0.0170543,51.6048671],[0.0170892,51.6049183],[0.017097,51.6049298],[0.0171084,51.6049464],[0.017117,51.6049589],[0.0171299,51.604978],[0.0171316,51.6049804],[0.0171849,51.6050585],[0.0172724,51.6051597],[0.0172766,51.6051646],[0.0173005,51.6051922],[0.0173184,51.6052131],[0.0173854,51.6052906],[0.0173965,51.6053034],[0.0174003,51.6053073],[0.0174285,51.6053487],[0.0174318,51.6053534],[0.0175907,51.6054848],[0.0176225,51.6055111],[0.0176263,51.6055143],[0.0179892,51.6058144],[0.0179862,51.6058485],[0.0179829,51.6058887],[0.0180109,51.6059186],[0.0180581,51.6059687],[0.0180645,51.6059718],[0.0181276,51.6060034],[0.0179869,51.6060474],[0.0180137,51.6060919],[0.0181516,51.6063214],[0.0181896,51.6063847],[0.0181946,51.6063931],[0.0182735,51.6065242],[0.0185168,51.606882],[0.0185215,51.6068889],[0.018706,51.6071602],[0.0188313,51.6073609],[0.0189042,51.6074777],[0.0190879,51.6077721],[0.0194503,51.6076426],[0.0194131,51.6077461],[0.0193175,51.6080124],[0.0192882,51.6080941],[0.01924,51.6082294],[0.019292,51.6082211],[0.0193114,51.6082168],[0.019354,51.6082073],[0.019359,51.6082061],[0.0194123,51.6081934],[0.0195019,51.6081721],[0.0195711,51.6083468],[0.0195812,51.6083724],[0.0196069,51.6084373],[0.0196086,51.6084415],[0.0196481,51.6085414],[0.0196503,51.6085469],[0.0196549,51.6085585],[0.0196571,51.608564],[0.0196786,51.608619],[0.0195462,51.608662],[0.0195913,51.608781],[0.0196233,51.6088402],[0.0196404,51.608872],[0.0196468,51.6088806],[0.0196531,51.6088893],[0.0196808,51.6089269],[0.0197882,51.6090369],[0.0197965,51.6090452],[0.0198277,51.6090772],[0.0198519,51.609102],[0.0198591,51.6091165],[0.0198626,51.6091237],[0.0199032,51.6092063],[0.0200171,51.609438],[0.0200277,51.6094595],[0.0201102,51.6096272],[0.0201445,51.6096969],[0.0201486,51.6097052],[0.020185,51.6097776],[0.020288,51.609739],[0.0203681,51.6097089],[0.0203769,51.6097204],[0.0204218,51.609779],[0.0204924,51.6098824],[0.020495,51.6098862],[0.0205574,51.6099776],[0.0205629,51.6099856],[0.020656,51.610122],[0.0206586,51.6101259],[0.0206661,51.6101368],[0.0206697,51.6101421],[0.0206873,51.6101678],[0.0206825,51.610174],[0.0206113,51.6102669],[0.0206443,51.6103165],[0.0206489,51.6103234],[0.0206557,51.6103335],[0.0207483,51.6104726],[0.0207954,51.6105432],[0.0208341,51.6106008],[0.0210485,51.6105455],[0.021074,51.6105823],[0.0210807,51.610592],[0.0210912,51.6106072],[0.0211005,51.6106205],[0.021147,51.6106876],[0.0211556,51.6106999],[0.0211919,51.6107523],[0.0212458,51.6108685],[0.0212725,51.6109263],[0.0212782,51.6109386],[0.0213215,51.611032],[0.0213734,51.6111438],[0.0213149,51.6111551],[0.0211773,51.6111817],[0.0213075,51.6114297],[0.0213515,51.6115868],[0.0213615,51.6116578],[0.0213685,51.6117079],[0.0213698,51.6117174],[0.0213753,51.6117567],[0.0213778,51.6118132],[0.021378,51.6118169],[0.0213804,51.6118717],[0.0213792,51.6118843],[0.0213765,51.6119116],[0.0213672,51.6120049],[0.0213665,51.6120123],[0.0213642,51.6120356],[0.0213486,51.6120751],[0.0213359,51.6121072],[0.0213279,51.6121276],[0.0213172,51.6121547],[0.0213078,51.6121685],[0.0213013,51.6121779],[0.0212646,51.6122317],[0.0212312,51.6122716],[0.0212105,51.6122929],[0.0212014,51.6123022],[0.0210464,51.6124616],[0.0207743,51.6127028],[0.0207628,51.612713],[0.02056,51.6128927],[0.0205161,51.6129331],[0.0205117,51.6129371],[0.0202131,51.6132114],[0.020204,51.6132197],[0.0200802,51.6133335],[0.0200691,51.6133436],[0.0199479,51.613455],[0.0199432,51.6134593],[0.0199084,51.6134912],[0.019886,51.6135118],[0.019708,51.6136753],[0.0196541,51.6137249],[0.0193964,51.6139616],[0.0193567,51.6139981],[0.0193388,51.6140145],[0.019316,51.6140354],[0.0192659,51.6140815],[0.0192302,51.6141143],[0.0190681,51.6142631],[0.0190156,51.6143114],[0.0189793,51.6143447],[0.0189057,51.6144123],[0.0188648,51.6144499],[0.0187951,51.6145139],[0.0187196,51.6145833],[0.0186916,51.614609],[0.0186679,51.6146308],[0.0186465,51.6146504],[0.0185235,51.6147634],[0.018514,51.6147722],[0.0184974,51.6147874],[0.0183849,51.6148907],[0.0183482,51.6149244],[0.0182913,51.6149767],[0.0182626,51.615003],[0.0182224,51.6150399],[0.0181729,51.6150854],[0.018096,51.6151561],[0.0180033,51.6152412],[0.0179882,51.6152551],[0.0179565,51.6152842],[0.0178953,51.6153404],[0.0178199,51.6154097],[0.0177862,51.6154406],[0.0177661,51.6154591],[0.0177264,51.6154956],[0.0177194,51.615502],[0.0176106,51.6156019],[0.0175982,51.6156133],[0.017567,51.615642],[0.0173033,51.6158841],[0.0162514,51.6168512],[0.0161485,51.616889],[0.016132,51.6168949],[0.0160413,51.6169341],[0.0157974,51.6170539],[0.0152728,51.617215],[0.0151086,51.6172681],[0.0148198,51.6173615],[0.0147013,51.6173999],[0.0135239,51.6177428],[0.012962,51.6178946],[0.011376,51.6183231],[0.0106145,51.6185288],[0.0101338,51.6186636],[0.0100789,51.618679],[0.0098991,51.6187294],[0.0095039,51.6188402],[0.0092921,51.6188996],[0.0090957,51.6189547],[0.0090589,51.6189657],[0.0090199,51.6189774],[0.0090021,51.6189827],[0.0087785,51.619081],[0.0090244,51.6191646],[0.0092115,51.6191593],[0.0093296,51.6191559],[0.009345,51.6191555],[0.0093495,51.6191554],[0.0094117,51.6191536],[0.009441,51.6191552],[0.0096263,51.619166],[0.0096378,51.6191666],[0.0096898,51.6191697],[0.0097175,51.6191713],[0.0097246,51.6191717],[0.0097678,51.619152],[0.0099236,51.6190808],[0.0099562,51.6190659],[0.0099717,51.6190588],[0.0100015,51.6190452],[0.0100087,51.6190448],[0.0100858,51.6190467],[0.0100915,51.619048],[0.0101332,51.6190611],[0.0101415,51.6190637],[0.0101804,51.6190856],[0.0101988,51.6191051],[0.0102022,51.6191087],[0.0102303,51.6191553],[0.010248,51.6191846],[0.010264,51.6191801],[0.0104101,51.6191378],[0.0103867,51.6191043],[0.0103553,51.6190596],[0.0106794,51.618949],[0.0107347,51.6189823],[0.010749,51.618991],[0.0107742,51.6190062],[0.0107982,51.6190207],[0.0108169,51.6190319],[0.0108539,51.6190542],[0.0108961,51.6190797],[0.0109926,51.6190746],[0.0109991,51.6190742],[0.0110187,51.6190732],[0.0110855,51.6190696],[0.0111961,51.6190637],[0.0114086,51.6190912],[0.0114512,51.6190967],[0.0115701,51.6190971],[0.0117431,51.6190975],[0.0117748,51.6190976],[0.0118269,51.6190978],[0.0122052,51.619095],[0.0122369,51.6190948],[0.0126381,51.6190667],[0.0139906,51.6188847],[0.0141975,51.6188667],[0.0142566,51.6188724],[0.0143292,51.6188794],[0.0143335,51.6188798],[0.0143506,51.6188821],[0.0144997,51.6189017],[0.0145075,51.618924],[0.0145424,51.6190237],[0.014642,51.6193082],[0.0146765,51.6194068],[0.014678,51.6194117],[0.0147195,51.6195427],[0.0147079,51.6197507],[0.014647,51.6199447],[0.0145552,51.6200736],[0.014443,51.6201906],[0.0143148,51.620303],[0.0143286,51.6203129],[0.0143507,51.6203286],[0.0144793,51.6203976],[0.0149042,51.620607],[0.0150312,51.6206696],[0.0150883,51.6207141],[0.0151248,51.6207426],[0.0151413,51.620762],[0.0151715,51.6207976],[0.0152191,51.6208695],[0.0152739,51.6208644],[0.015452,51.6208477],[0.0155037,51.6208428],[0.015512,51.620842],[0.0155195,51.620844],[0.0155727,51.6208575],[0.0155924,51.6208626],[0.0156631,51.6209096],[0.0157519,51.6209173],[0.0158697,51.6209276],[0.015927,51.6210391],[0.0159968,51.6211747],[0.0160086,51.6211756],[0.016041,51.6211758],[0.0160542,51.621182],[0.0162702,51.621284],[0.0162996,51.6213155],[0.0163099,51.6213385],[0.0163125,51.6213449],[0.0163076,51.6213818],[0.0162859,51.6214135],[0.0162587,51.6214335],[0.016202,51.6214576],[0.0161878,51.6214591],[0.0161494,51.6214634],[0.016143,51.6214648],[0.0161164,51.621499],[0.0161779,51.6215627],[0.0162261,51.6216126],[0.0162331,51.6216484],[0.0161917,51.6217712],[0.0161901,51.6217765],[0.0162657,51.6218145],[0.016497,51.6218377],[0.016555,51.6218435],[0.0166564,51.6218677],[0.0166733,51.6218717],[0.0167138,51.6218814],[0.0168414,51.6219118],[0.0169447,51.6219364],[0.0169852,51.6219534],[0.0170306,51.6219794],[0.0170615,51.6220064],[0.0170662,51.6220105],[0.0170704,51.6220159],[0.0170893,51.6220405],[0.017096,51.6220654],[0.0171065,51.6221044],[0.0171016,51.6221344],[0.0170794,51.6221871],[0.0170212,51.6223181],[0.0170163,51.6223293],[0.017028,51.6223538],[0.0170292,51.6223564],[0.0170557,51.6223697],[0.0170671,51.6223754],[0.0171048,51.6223805],[0.0172288,51.6223973],[0.0172794,51.6223787],[0.0172931,51.6223737],[0.0173181,51.6223636],[0.0174276,51.6223195],[0.0175421,51.6222954],[0.0175872,51.6222924],[0.017675,51.6223392],[0.0177674,51.6223884],[0.0179479,51.6224951],[0.0180618,51.6225624],[0.0181416,51.6226096],[0.0182478,51.6226724],[0.0183359,51.6227181],[0.0183864,51.6227443],[0.018462,51.6227995],[0.0185281,51.6228654],[0.0185422,51.622883],[0.0185711,51.6229194],[0.0185926,51.6229745],[0.0185997,51.6229927],[0.0186047,51.6230057],[0.0186139,51.6230294],[0.0186348,51.6230498],[0.0187031,51.6231147],[0.0187064,51.6231179],[0.0187695,51.6231784],[0.018788,51.6232084],[0.0187906,51.6232155],[0.0188075,51.6232613],[0.0188089,51.623293],[0.0188086,51.6232981],[0.0187878,51.6233253],[0.0187523,51.6233594],[0.0187102,51.6233864],[0.018693,51.6233933],[0.0185998,51.623431],[0.0185842,51.6234373],[0.0185542,51.6234732],[0.0185554,51.6234853],[0.0185563,51.6234934],[0.018559,51.6235199],[0.0186193,51.6235357],[0.0187323,51.6235394],[0.0187903,51.6235506],[0.018822,51.6235567],[0.0188307,51.6235584],[0.0188719,51.6235743],[0.0188825,51.6235785],[0.0189092,51.6235964],[0.0189194,51.6236032],[0.0189241,51.6236063],[0.0189677,51.6236354],[0.0189788,51.623641],[0.0189867,51.623645],[0.0190564,51.6236802],[0.0190585,51.623685],[0.0190725,51.6237168],[0.0190183,51.6237573],[0.0189782,51.6237546],[0.0189739,51.6237543],[0.0189633,51.6237518],[0.0189078,51.6237384],[0.0189036,51.6237374],[0.0188988,51.623738],[0.0188827,51.6237401],[0.0188244,51.6237477],[0.0188114,51.6237506],[0.018797,51.6237763],[0.0187895,51.6238095],[0.0187887,51.6238131],[0.0187878,51.6238171],[0.0187842,51.6238333],[0.0187831,51.6238723],[0.0187828,51.6238843],[0.0187842,51.6238905],[0.0187873,51.6239044],[0.0188008,51.6239642],[0.018798,51.6239721],[0.0187951,51.6239802],[0.018782,51.6240172],[0.0187752,51.6240362],[0.0187695,51.6240522],[0.0187695,51.6240699],[0.0187696,51.6241163],[0.0188085,51.6241474],[0.0188348,51.6241678],[0.0188694,51.6241807],[0.0188899,51.6241882],[0.0189152,51.6241979],[0.0189285,51.6242059],[0.0189521,51.6242202],[0.018971,51.6242388],[0.0189805,51.6242482],[0.018993,51.6242723],[0.0190002,51.6242862],[0.0190009,51.6242946],[0.0190068,51.6243674],[0.0190165,51.6244868],[0.019026,51.6246031],[0.0190365,51.6247317],[0.019037,51.6247382],[0.019044,51.6248242],[0.0191141,51.6248571],[0.0191436,51.6248647],[0.0191926,51.6248771],[0.0192024,51.6248827],[0.0192334,51.6249002],[0.0192651,51.6249432],[0.0191266,51.6250302],[0.0191219,51.6250332],[0.0191697,51.6250628],[0.0192388,51.6251057],[0.0192753,51.6251283],[0.0192829,51.625133],[0.01938,51.6251932],[0.01943,51.6252404],[0.0194345,51.6252447],[0.0194471,51.6252567],[0.0194677,51.6252761],[0.019482,51.6252995],[0.019491,51.6253142],[0.019503,51.6253601],[0.0194986,51.6254031],[0.0194741,51.6254622],[0.019447,51.6255621],[0.0194495,51.6255936],[0.019453,51.625637],[0.0194608,51.6256531],[0.0194739,51.6256801],[0.0195063,51.62572],[0.0196052,51.6257995],[0.0196265,51.6258166],[0.0197251,51.625896],[0.0197435,51.6259108],[0.019787,51.6259458],[0.019791,51.625949],[0.0197716,51.6259678],[0.0197368,51.6260014],[0.0196908,51.6260459],[0.0196875,51.626059],[0.0196837,51.6260751],[0.019689,51.626088],[0.0196916,51.6260943],[0.0196939,51.6261001],[0.0197101,51.6261194],[0.0197151,51.6261251],[0.0197285,51.6261316],[0.0197403,51.6261373],[0.0197647,51.626149],[0.0200101,51.6262033],[0.0200311,51.6262969],[0.0200336,51.6263079],[0.0200297,51.6263616],[0.0200234,51.6264491],[0.0200209,51.6264863],[0.0200344,51.6265041],[0.0200937,51.626583],[0.0199939,51.626715],[0.0199587,51.626735],[0.0199201,51.6267819],[0.0199219,51.626822],[0.0199358,51.626851],[0.0199157,51.626986],[0.0199327,51.6269984],[0.020253,51.627232],[0.0204046,51.6272389],[0.0204505,51.6272497],[0.0204557,51.6272509],[0.0205157,51.627281],[0.0205228,51.6272867],[0.0205429,51.627303],[0.0205793,51.6273508],[0.0206067,51.6273969],[0.0206012,51.627498],[0.0205646,51.6275889],[0.0205085,51.6276668],[0.0205036,51.627699],[0.0205015,51.6277134],[0.0204987,51.6277319],[0.0205755,51.6278739],[0.0205943,51.6278979],[0.0205985,51.6279033],[0.020657,51.6279781],[0.0206818,51.6280099],[0.0206866,51.6280196],[0.0206986,51.6280439],[0.0207175,51.6281238],[0.0207125,51.6281739],[0.0206918,51.6282435],[0.0206905,51.6282477],[0.0210151,51.6282681],[0.0210353,51.6282781],[0.0210913,51.6283057],[0.0211452,51.6283799],[0.0211495,51.6283922],[0.0211576,51.6284158],[0.0211572,51.6284288],[0.0211558,51.6284758],[0.0210722,51.6285631],[0.0209628,51.6286774],[0.0209582,51.6286822],[0.0209568,51.6286868],[0.0209482,51.6287157],[0.0209464,51.6287218],[0.0209523,51.6287537],[0.0209574,51.6287732],[0.0209915,51.6289036],[0.02107,51.6288599],[0.0211025,51.6288417],[0.0212483,51.6287864],[0.021266,51.6287798],[0.0213037,51.6288166],[0.0213382,51.6288607],[0.0213256,51.6288806],[0.021323,51.6288847],[0.0212718,51.6289355],[0.0211745,51.6289993],[0.0211251,51.6290328],[0.0212774,51.6290377],[0.0213114,51.6290201],[0.0214072,51.6289707],[0.0215619,51.6289367],[0.0217738,51.6288401],[0.0217929,51.6288314],[0.0220221,51.628725],[0.0226792,51.6284185],[0.0227751,51.6283738],[0.0229634,51.628286],[0.0231691,51.6281931],[0.0239381,51.6278457],[0.0243945,51.6276049],[0.0244005,51.6276017],[0.0244857,51.6275567],[0.0245619,51.6275166],[0.0247783,51.6273871],[0.0248855,51.627323],[0.0249316,51.6272946],[0.0249652,51.6272739],[0.0250671,51.6272109],[0.0251061,51.6271869],[0.0251442,51.6271634],[0.0251565,51.6271558],[0.0252309,51.6271099],[0.0253604,51.62703],[0.0256166,51.6268719],[0.0256316,51.6268627],[0.0256563,51.6268474],[0.0258646,51.6267189],[0.0259304,51.6266644],[0.0260239,51.6265869],[0.0261391,51.6264914],[0.0261501,51.6264823],[0.0263606,51.6263078],[0.0263633,51.6263043],[0.0264633,51.6261723],[0.026465,51.62617],[0.0265969,51.626048],[0.0266126,51.6260359],[0.0266615,51.6259984],[0.0268073,51.625906],[0.0269166,51.6258549],[0.0269417,51.6258432],[0.0269886,51.6258293],[0.0270219,51.6258195],[0.0270282,51.625818],[0.0271167,51.6257972],[0.0272962,51.6257665],[0.0273029,51.6257653],[0.0273972,51.6257492],[0.0275453,51.6257295],[0.0276501,51.6257207],[0.0277147,51.6257152],[0.0277229,51.6257145],[0.0277729,51.6257103],[0.027909,51.6256873],[0.0280207,51.6256593],[0.0280379,51.6256531],[0.0281203,51.6256233],[0.0281464,51.6256116],[0.0281502,51.6256099],[0.0281922,51.6255911],[0.0281991,51.625588],[0.0282135,51.6255816],[0.0282551,51.6255629],[0.0285483,51.6253813],[0.0285635,51.6253731],[0.0286306,51.625337],[0.0286351,51.6253345],[0.0287508,51.6252722],[0.0288471,51.6252204],[0.0289636,51.6251576],[0.0289675,51.6251555],[0.0290607,51.6251053],[0.0290376,51.6250248],[0.0290229,51.6249733],[0.0289925,51.6248673],[0.0289698,51.6247879],[0.0289624,51.6247622],[0.0289497,51.6247177],[0.0289366,51.6246718],[0.0292091,51.6246444],[0.0292928,51.6246357],[0.0293021,51.6246115],[0.0293041,51.624606],[0.0293137,51.6245857],[0.0293783,51.6244646],[0.0293898,51.6244429],[0.0293933,51.6244363],[0.0293952,51.6244328],[0.0294163,51.6243933],[0.0294199,51.6243876],[0.0294242,51.6243812],[0.0294594,51.6243275],[0.0294849,51.6242997],[0.0294934,51.6242905],[0.0295223,51.6242591],[0.0295259,51.6242552],[0.029561,51.6242172],[0.0296074,51.6241823],[0.0296379,51.6241593],[0.0298252,51.6240463],[0.0298429,51.6240379],[0.0298878,51.6240167],[0.0301572,51.6238898],[0.0301717,51.6238829],[0.0302463,51.6238478],[0.0304065,51.6237722],[0.0304186,51.6237665],[0.0305649,51.6236975],[0.0306321,51.6236659],[0.0306692,51.6236484],[0.0306998,51.623634],[0.0306214,51.623501],[0.0304976,51.623291],[0.0305186,51.6232867],[0.0306528,51.6232595],[0.0309018,51.6232091],[0.0310225,51.6231847],[0.0312155,51.6231456],[0.0312475,51.6231391],[0.0313041,51.6231276],[0.031385,51.6231112],[0.0314437,51.6230993],[0.0315031,51.6230552],[0.0315116,51.6230489],[0.0315156,51.6230459],[0.0315873,51.6229922],[0.0316318,51.6229589],[0.0316608,51.6229372],[0.0316697,51.6229305],[0.0317691,51.6228712],[0.0319638,51.6227551],[0.0321412,51.6226493],[0.0322553,51.6225767],[0.0323694,51.622504],[0.0323903,51.6224907],[0.0323963,51.6224868],[0.0325941,51.6223599],[0.0326863,51.6222924],[0.032755,51.6222421],[0.0328773,51.6221284],[0.0329939,51.6219916],[0.0340006,51.6210808],[0.0341189,51.620961],[0.0341682,51.620911],[0.0341933,51.6208742],[0.034226,51.6208265],[0.0342317,51.6208181],[0.0342436,51.6208008],[0.0342762,51.6207638],[0.034367,51.6206958],[0.0344702,51.6206186],[0.0345593,51.6205517],[0.0346105,51.6205152],[0.0346809,51.620465],[0.0349152,51.6203161],[0.0349299,51.6203068],[0.0353597,51.6200336],[0.0353699,51.6200271],[0.0353923,51.6200129],[0.0354596,51.6199701],[0.0355116,51.619926],[0.0355812,51.6198669],[0.0356539,51.6198051],[0.0356893,51.6197734],[0.0357988,51.6196753],[0.0359609,51.61953],[0.0360582,51.6194635],[0.0360976,51.6194366],[0.0362667,51.6193053],[0.0363471,51.6192429],[0.03645,51.6191376],[0.0365765,51.6190081],[0.0366387,51.6189445],[0.0366743,51.618908],[0.0367032,51.6188834],[0.0369234,51.6186958],[0.0370309,51.6186042],[0.0371185,51.6185475],[0.0373608,51.6183907],[0.0374517,51.6183243],[0.0374564,51.6183079],[0.0374782,51.6182304],[0.0375047,51.6181365],[0.0375119,51.6180196],[0.037519,51.617902],[0.0375192,51.6178988],[0.0375361,51.6178889],[0.0375425,51.6178852],[0.0375793,51.6178637],[0.0376929,51.6179101],[0.0377163,51.6179196],[0.0381726,51.6176218],[0.038237,51.6175798],[0.0382961,51.6175411],[0.0383429,51.6175106],[0.0383715,51.617492],[0.0384081,51.6175245],[0.0384621,51.6174893],[0.0385388,51.6174392],[0.0385531,51.6174299],[0.0386023,51.6173978],[0.0386972,51.6173359],[0.038707,51.6173295],[0.0387162,51.6173235],[0.0388142,51.6172595],[0.0388414,51.6172418],[0.0388485,51.6172372],[0.0389713,51.6171571],[0.0389755,51.6171543],[0.039078,51.6170874],[0.03915,51.6170404],[0.0392177,51.6169963],[0.0392528,51.6169734],[0.039265,51.6169654],[0.0393211,51.6169288],[0.0393725,51.6168952],[0.0395534,51.6167772],[0.0395575,51.6167745],[0.0395799,51.6167599],[0.0395928,51.6167515],[0.0397593,51.6166428],[0.0397622,51.616641],[0.0398948,51.6165544],[0.0399061,51.6165471],[0.0399598,51.616512],[0.0399688,51.6165061],[0.0400791,51.6164342],[0.0401164,51.6164098],[0.0401397,51.6163947],[0.0401062,51.6163438],[0.0400967,51.6163293],[0.040087,51.6163145],[0.0400457,51.6162516],[0.0399985,51.6161781],[0.0399945,51.6161719],[0.0399351,51.6160794],[0.0400702,51.6160577],[0.0400962,51.6160536],[0.0403241,51.6160172],[0.0403483,51.6160133],[0.0404732,51.6159931],[0.0407337,51.6159509],[0.0407052,51.6159151],[0.0406332,51.6158249],[0.0406702,51.6158019],[0.0407254,51.6157676],[0.0407648,51.6157431],[0.0407702,51.6157397],[0.0408286,51.6157036],[0.0408442,51.615694],[0.0408703,51.6156778],[0.0408756,51.6156745],[0.0408779,51.6156772],[0.040896,51.6156986],[0.040945,51.6157569],[0.040953,51.6157663],[0.0409556,51.6157695],[0.0409739,51.6157911],[0.0409948,51.6158136],[0.0409977,51.6158168],[0.0410117,51.6158318],[0.0410668,51.6158911],[0.0410839,51.6159095],[0.0410984,51.6159207],[0.0412075,51.6160048],[0.0412118,51.6160082],[0.0412512,51.6160386],[0.041255,51.6160416],[0.0413173,51.6160745],[0.0413449,51.6160891],[0.0414279,51.616133],[0.041446,51.6161426],[0.0415186,51.616181],[0.0416035,51.6162298],[0.0416332,51.6162469],[0.0416382,51.6162498],[0.0416871,51.6162779],[0.041842,51.616367],[0.0418916,51.6163894],[0.0419015,51.6163939],[0.0419361,51.6164095],[0.0419779,51.6164284],[0.0420445,51.6164585],[0.0420502,51.616461],[0.0421408,51.6165019],[0.04216,51.6165106],[0.0421701,51.6165145],[0.0422206,51.616534],[0.0422375,51.6165405],[0.0422574,51.6165482],[0.0422645,51.6165509],[0.0423836,51.6165969],[0.0423912,51.6165998],[0.0424177,51.6166101],[0.0424506,51.6166228],[0.0424898,51.6166379],[0.0424966,51.6166403],[0.0425021,51.6166423],[0.0425063,51.6166437],[0.042516,51.6166472],[0.0425664,51.6166651],[0.0426804,51.6167054],[0.0426954,51.6167108],[0.0427105,51.6167161],[0.0427407,51.6167268],[0.0427713,51.6167376],[0.0428591,51.6167687],[0.0428658,51.6167711],[0.042879,51.6167758],[0.0428852,51.616778],[0.0428898,51.6167789],[0.0429168,51.6167841],[0.0429679,51.616794],[0.0430007,51.6168004],[0.0430248,51.6168051],[0.0430587,51.6168117],[0.0430747,51.6168148],[0.0430803,51.6168159],[0.0432109,51.6168412],[0.0432175,51.6168425],[0.0432234,51.6168436],[0.0432422,51.6168476],[0.0432463,51.6168485],[0.0432663,51.6168527],[0.0436788,51.6169399],[0.0436924,51.6169419],[0.0437448,51.6169496],[0.043993,51.6169859],[0.0440098,51.6169884],[0.0440605,51.6169958],[0.0442895,51.6170294],[0.0443464,51.6170405],[0.0443945,51.61705],[0.0443984,51.6170508],[0.0445213,51.6170749],[0.0445261,51.6170759],[0.0445429,51.6170792],[0.0445603,51.6170826],[0.0448315,51.617136],[0.044873,51.6171438],[0.044939,51.6171563],[0.0450389,51.6171752],[0.0450595,51.6171791],[0.0451633,51.6171987],[0.0451835,51.6172025],[0.0453851,51.6172406],[0.045406,51.6172445],[0.0454187,51.6172442],[0.0455139,51.6172417],[0.0455341,51.6172412],[0.0455537,51.6172407],[0.0455753,51.6172401],[0.0455795,51.61724],[0.045733,51.617236],[0.045939,51.6172306],[0.0461301,51.6172256],[0.0461653,51.617337],[0.0461776,51.6173758],[0.0462079,51.6173798],[0.0462194,51.6173813],[0.046265,51.6173872],[0.0462758,51.6173886],[0.0462974,51.617381],[0.046337,51.6173673],[0.0463957,51.6173469],[0.0464009,51.6173469],[0.0470539,51.6173475],[0.0472312,51.6173614],[0.047834,51.6174091],[0.0478462,51.6174226],[0.0478713,51.6174503],[0.0478789,51.6174588],[0.0479262,51.617511],[0.047962,51.6175187],[0.0490263,51.6177464],[0.0490949,51.6177611],[0.0499179,51.6178744],[0.0504061,51.6179512],[0.0506081,51.6179829],[0.0507415,51.6180077],[0.0507994,51.6180185],[0.0508277,51.6180237],[0.0508822,51.618034],[0.0510901,51.6180724],[0.0513274,51.6181165],[0.0522758,51.6182827],[0.0523466,51.6182951],[0.0526315,51.6183449],[0.0530719,51.6184218],[0.0531333,51.6184156],[0.0532443,51.6184043],[0.0532638,51.6183851],[0.0533456,51.6183035],[0.0535014,51.6182758],[0.0535104,51.6182759],[0.0536838,51.6182787],[0.0540097,51.6179355],[0.0541934,51.6177906],[0.0542224,51.6177677],[0.0542614,51.6177311],[0.0542676,51.6177234],[0.0543594,51.6176104],[0.0543707,51.6175536],[0.0543635,51.6175134],[0.0543077,51.6173971],[0.0542759,51.6173325],[0.0542553,51.6173004],[0.054227,51.6172563],[0.0541875,51.6171946],[0.0541661,51.6171428],[0.0541527,51.6171101],[0.05415,51.6171037],[0.0541469,51.6170557],[0.0541694,51.6169824],[0.0541721,51.6169736],[0.054177,51.6169685],[0.0542282,51.6169151],[0.0542483,51.6168815],[0.0542558,51.6168471],[0.0542486,51.6168077],[0.0542249,51.616764],[0.0541979,51.6167335],[0.054185,51.6167189],[0.0541716,51.616709],[0.0541121,51.6166654],[0.0536605,51.6164597],[0.0536477,51.6164495],[0.0535963,51.6164088],[0.0535892,51.6164047],[0.0535588,51.6163873],[0.0534629,51.6163516],[0.0534574,51.6163505],[0.0534041,51.6163397],[0.0533942,51.6163389],[0.0533216,51.6163327],[0.053247,51.6163369],[0.0531799,51.6163486],[0.053121,51.6163677],[0.0530032,51.6164303],[0.0529825,51.6164413],[0.0529293,51.6164819],[0.0527975,51.6166021],[0.0527203,51.6166519],[0.0526673,51.6166774],[0.052631,51.6166948],[0.0525315,51.6167298],[0.0524227,51.6167587],[0.052299,51.6167796],[0.0521211,51.6167981],[0.0519744,51.6168079],[0.0518252,51.6168027],[0.0517691,51.6168008],[0.0517011,51.6167938],[0.0516509,51.6167812],[0.0515598,51.6167432],[0.0514933,51.6166992],[0.0514487,51.6166714],[0.05144,51.616667],[0.051399,51.6166464],[0.0513955,51.6166446],[0.0513177,51.6166207],[0.050841,51.6165368],[0.0508362,51.616536],[0.0507403,51.6165202],[0.0507286,51.6165182],[0.0505151,51.6165006],[0.0501886,51.6164084],[0.0501659,51.6163972],[0.0501499,51.6163893],[0.0500907,51.6163498],[0.0500844,51.616344],[0.0500135,51.6162786],[0.0500027,51.6162686],[0.049954,51.6162116],[0.0499331,51.6161872],[0.0498142,51.6160121],[0.0497514,51.6159421],[0.0497431,51.6159348],[0.0496593,51.615861],[0.049605,51.6158223],[0.049592,51.615813],[0.0495436,51.6157785],[0.049491,51.6157473],[0.0494305,51.6157112],[0.0493799,51.6156873],[0.0493299,51.6156635],[0.0490406,51.6155553],[0.0489252,51.6154971],[0.0488777,51.6154669],[0.0488276,51.615435],[0.0488019,51.6154141],[0.0487698,51.6153878],[0.0487638,51.615383],[0.0487307,51.6153483],[0.0487176,51.6153345],[0.0485881,51.6151582],[0.048573,51.6151376],[0.0484568,51.6149793],[0.0483482,51.6147734],[0.0483077,51.614676],[0.0482987,51.6146459],[0.0482965,51.6146385],[0.0482886,51.6146116],[0.0482867,51.6146051],[0.0482863,51.6146008],[0.0482784,51.6145273],[0.0482803,51.6144893],[0.0482817,51.6144598],[0.0482885,51.6144356],[0.0483243,51.6143087],[0.0483298,51.6142892],[0.0483336,51.6142804],[0.0484697,51.6141357],[0.048478,51.6141269],[0.0485007,51.6140908],[0.0485101,51.6140585],[0.0485099,51.61401],[0.0485098,51.6139909],[0.0484952,51.6139655],[0.0484872,51.6139517],[0.0484739,51.6139369],[0.0484494,51.6139098],[0.0484324,51.613891],[0.0484294,51.6138876],[0.0483975,51.613861],[0.0483843,51.61385],[0.0483592,51.6138351],[0.0483406,51.613824],[0.0482607,51.6137762],[0.0482329,51.6137596],[0.0482279,51.6137562],[0.0481992,51.6137362],[0.0481753,51.6137196],[0.0481468,51.6136935],[0.0481364,51.6136839],[0.0481313,51.6136792],[0.0481235,51.6136718],[0.0481069,51.6136515],[0.0480944,51.6136364],[0.0480805,51.6136194],[0.048048,51.6135591],[0.0480454,51.6135514],[0.0480292,51.6135027],[0.0480258,51.61346],[0.0480249,51.613448],[0.0480307,51.6134166],[0.0480352,51.6133924],[0.0480365,51.613385],[0.0480514,51.6133537],[0.048067,51.6133209],[0.0481195,51.613263],[0.0481282,51.6132565],[0.048188,51.6132122],[0.0481971,51.6132064],[0.0482968,51.6133052],[0.0483507,51.6133586],[0.0483901,51.6133976],[0.0484328,51.6134298],[0.0485396,51.6135101],[0.0485729,51.613526],[0.0486011,51.6135394],[0.0486236,51.6135501],[0.0486436,51.6135596],[0.0486817,51.6135777],[0.0487541,51.6135868],[0.0487888,51.6135912],[0.0488381,51.6135812],[0.0488952,51.6135695],[0.0489136,51.6135629],[0.0490338,51.6135199],[0.0494993,51.613329],[0.049643,51.6132701],[0.0498741,51.6131752],[0.0500425,51.6131062],[0.0503868,51.6129543],[0.0508338,51.612757],[0.0511933,51.6125917],[0.051575,51.6124162],[0.0516359,51.6123924],[0.0518526,51.6123077],[0.0520826,51.6122178],[0.0521509,51.6121911],[0.0523057,51.6121308],[0.0525366,51.6120405],[0.0526049,51.6120138],[0.0527331,51.6119484],[0.0528096,51.6119094],[0.0531225,51.6117413],[0.0534253,51.6115696],[0.0540066,51.6112629],[0.0540548,51.6112375],[0.054928,51.6108123],[0.0549524,51.6108004],[0.0549557,51.6107987],[0.0551064,51.6107254],[0.0551314,51.6107132],[0.0552023,51.6106787],[0.0552176,51.6106712],[0.0553221,51.6106203],[0.0553275,51.6106177],[0.0554859,51.6105405],[0.0555,51.6105337],[0.0555892,51.6104902],[0.0557385,51.6104175],[0.0557444,51.6104146],[0.0558549,51.6103608],[0.0558827,51.6103473],[0.0559067,51.6103356],[0.0559254,51.6103265],[0.0559892,51.6102954],[0.0559959,51.6102922],[0.0561625,51.6102126],[0.0563096,51.6101424],[0.0564681,51.6100667],[0.0565302,51.6100409],[0.0565407,51.6100365],[0.0566966,51.6099716],[0.0567683,51.6099417],[0.0568338,51.6099144],[0.0569704,51.6098575],[0.0570263,51.6098342],[0.0570603,51.6098201],[0.0572131,51.6097565],[0.0572756,51.6097304],[0.0574171,51.6096715],[0.0574249,51.6096679],[0.057588,51.6095939],[0.0577004,51.6095429],[0.0577166,51.6095356],[0.0578979,51.6094533],[0.0580248,51.6093957],[0.0580825,51.6093695],[0.058094,51.6093642],[0.0581835,51.6093236],[0.0581899,51.6093207],[0.0582916,51.6092745],[0.0583157,51.6092636],[0.0583623,51.6092431],[0.0584192,51.609218],[0.0585545,51.6091583],[0.0586413,51.6091202],[0.0586878,51.6090995],[0.0587997,51.6090502],[0.0589499,51.6089839],[0.0589958,51.6089637],[0.059144,51.6088984],[0.059284,51.6088366],[0.0597007,51.6086823],[0.0597278,51.6086723],[0.0599729,51.6085816],[0.0600534,51.6085463],[0.0601455,51.6085059],[0.0605261,51.608339],[0.0605875,51.6083121],[0.0606707,51.6082756],[0.0607476,51.6082311],[0.0608164,51.6081912],[0.0608806,51.608154],[0.0609533,51.6081119],[0.0609605,51.6081078],[0.0609689,51.6081029],[0.0611365,51.6080058],[0.0611176,51.6079278],[0.0611449,51.6079135],[0.06115,51.6079109],[0.0612721,51.607847],[0.0613392,51.6078119],[0.0613523,51.6078054],[0.0615195,51.6077175],[0.0616088,51.6076709],[0.0616427,51.607666],[0.0617465,51.6076509],[0.0618986,51.6075423],[0.0619081,51.6075356],[0.0620328,51.6074466],[0.0620495,51.6074341],[0.0621136,51.6073861],[0.0621886,51.60733],[0.0622534,51.6072815],[0.0625348,51.6070709],[0.0625383,51.6070683],[0.0627449,51.6070478],[0.0628515,51.606983],[0.0629719,51.6069101],[0.0631836,51.6070253],[0.0631971,51.6070327],[0.0633501,51.6071159],[0.0638184,51.6071954],[0.0638245,51.6071964],[0.0639841,51.6072235],[0.0642045,51.6071266],[0.0646726,51.6069208],[0.0647835,51.6068777],[0.065177,51.6067247],[0.0653391,51.6066617],[0.0653919,51.6066412],[0.0654623,51.6066003],[0.065758,51.6064267],[0.0657709,51.6064191],[0.0658734,51.6063589],[0.0659051,51.6063403],[0.0659406,51.6063194],[0.0660343,51.6063049],[0.0661987,51.6062793],[0.0664089,51.6062466],[0.0664297,51.6062434],[0.0666088,51.6062156],[0.0666388,51.6062109],[0.0666799,51.6062054],[0.0667121,51.6062011],[0.0670479,51.6061563],[0.0672785,51.6061256],[0.0673398,51.6061154],[0.0676574,51.6060626],[0.0676904,51.6060559],[0.0680662,51.6059796],[0.0684244,51.6058698],[0.0685494,51.6058315],[0.0686181,51.6058104],[0.0686728,51.6057936],[0.0687096,51.6057823],[0.0688405,51.6057422],[0.068852,51.6057387],[0.0688834,51.605729],[0.0689542,51.6057032],[0.0690767,51.6056585],[0.0691775,51.6056217],[0.0692711,51.6055876],[0.0692977,51.6055779],[0.0694624,51.6055178],[0.0694924,51.6055068],[0.0698129,51.6054047],[0.0698287,51.6053997],[0.0698687,51.6053869],[0.0698864,51.6053812],[0.0699106,51.6053735],[0.0699826,51.6053506],[0.0700101,51.6053418],[0.0701819,51.6052871],[0.0701996,51.6052814],[0.0702941,51.6052513],[0.0704439,51.6052185],[0.0706135,51.6051814],[0.0706632,51.6051705],[0.0707466,51.6051523],[0.0709885,51.6050994],[0.0710044,51.6050961],[0.0710209,51.6050926],[0.0710428,51.605088],[0.0711296,51.60507],[0.0711376,51.6050684],[0.0711434,51.6050671],[0.0715579,51.6049809],[0.0715956,51.604973],[0.0716034,51.6049714],[0.0716635,51.6049589],[0.0719287,51.6049011],[0.0720502,51.6048746],[0.0722142,51.6048388],[0.0722302,51.6048354],[0.0723211,51.6048117],[0.0725415,51.6047545],[0.0727134,51.6047099],[0.0727679,51.6046957],[0.0728055,51.6046859],[0.0728545,51.6047038],[0.0728796,51.6047129],[0.0729272,51.6047302],[0.0729358,51.6047333],[0.0729495,51.6047383],[0.0731787,51.6048217],[0.0734865,51.6049337],[0.0736579,51.6050134],[0.0736708,51.6050194],[0.0737217,51.605043],[0.0738067,51.6050825],[0.0738139,51.6050859],[0.073902,51.6051186],[0.0739436,51.605134],[0.0739969,51.6051537],[0.074002,51.6051557],[0.0740156,51.6051607],[0.0740305,51.6051662],[0.0740418,51.6051704],[0.07433,51.6052773],[0.0743354,51.6052793],[0.0743583,51.6052878],[0.074365,51.6052903],[0.0744094,51.6053068],[0.0744148,51.6053088],[0.0744718,51.6053299],[0.0745092,51.6053438],[0.0745316,51.6053521],[0.0747233,51.6054232],[0.0750504,51.6055445],[0.0750549,51.6055462],[0.0750938,51.6055606],[0.0751107,51.6055669],[0.0751432,51.6055789],[0.0751525,51.6055824],[0.0752298,51.6056207],[0.0754126,51.6057113],[0.0754377,51.6057238],[0.0754869,51.6057481],[0.0758015,51.6059041],[0.0758414,51.6059239],[0.0758556,51.6059309],[0.0758676,51.6059369],[0.0759275,51.6059665],[0.0760597,51.6060321],[0.0761033,51.6060537],[0.0762614,51.6061321],[0.0762699,51.6061363],[0.0763469,51.6061697],[0.0765496,51.6062575],[0.076619,51.6062875],[0.0768771,51.6063994],[0.0768841,51.6064024],[0.0769497,51.6064238],[0.0770587,51.6064594],[0.0771409,51.6064862],[0.0773131,51.6065424],[0.0773845,51.6065656],[0.0774268,51.6065795],[0.0775436,51.6066176],[0.0776527,51.6066532],[0.077739,51.6066813],[0.0777962,51.6067],[0.0778153,51.6067062],[0.0778829,51.6067283],[0.0779447,51.6067463],[0.0779527,51.6067486],[0.0780214,51.6067686],[0.0780523,51.6067776],[0.0780779,51.606785],[0.0782564,51.606837],[0.0782703,51.606841],[0.078348,51.6068636],[0.0783999,51.6068787],[0.0784122,51.6068823],[0.0784885,51.6069048],[0.078556,51.6069242],[0.0785673,51.6069275],[0.0787255,51.6069735],[0.0787899,51.6069922],[0.0787949,51.6069937],[0.0788098,51.6069968],[0.0788395,51.6070029],[0.0789134,51.6070182],[0.0789225,51.6070201],[0.0789377,51.6070223],[0.0789714,51.6070271],[0.0789842,51.607029],[0.0790524,51.6070387],[0.079143,51.6070458],[0.0791872,51.6070453],[0.0792301,51.6070447],[0.0793265,51.6070435],[0.0793451,51.6070432],[0.0793517,51.6070428],[0.0795115,51.6070313],[0.0795259,51.6070299],[0.0796297,51.6070201],[0.079636,51.6070196],[0.0797843,51.6070055],[0.0798893,51.6069956],[0.0799487,51.60699],[0.0800094,51.6069843],[0.0800453,51.6069788],[0.0801481,51.6069631],[0.0801822,51.6069578],[0.0803607,51.6069306],[0.0803975,51.606925],[0.0804062,51.6069237],[0.0804184,51.6069218],[0.0804675,51.6069143],[0.0805157,51.6069093],[0.0806368,51.6068968],[0.080654,51.606895],[0.0806776,51.6068925],[0.0808266,51.606877],[0.08084,51.6068756],[0.0808569,51.6068739],[0.0809321,51.6068661],[0.0809472,51.6068645],[0.0809628,51.6068622],[0.0810498,51.6068495],[0.0810832,51.6068446],[0.0810906,51.6068435],[0.0810974,51.6068425],[0.0812144,51.6068254],[0.0812234,51.6068241],[0.081294,51.6068138],[0.0813293,51.6068086],[0.0813434,51.6068065],[0.0814631,51.606789],[0.0814924,51.6067847],[0.081594,51.6067585],[0.0816338,51.6067482],[0.0817204,51.6067259],[0.0817689,51.6067133],[0.081832,51.606697],[0.0818706,51.6066871],[0.0819324,51.6066711],[0.0820009,51.6066535],[0.082005,51.6066522],[0.082129,51.6066151],[0.0821737,51.6066017],[0.0822656,51.6065742],[0.0823676,51.6065437],[0.082481,51.6065097],[0.0826463,51.6064603],[0.0827862,51.6064184],[0.0828716,51.6064317],[0.0831641,51.6064773],[0.0831687,51.606478],[0.0831744,51.6064789],[0.0832014,51.6064784],[0.0832133,51.6064782],[0.0832799,51.606477],[0.0833371,51.6064745],[0.0833862,51.6064724],[0.083543,51.606451],[0.083757,51.6064219],[0.0837609,51.6064214],[0.0838118,51.6064144],[0.0838186,51.6064135],[0.0840591,51.6063921],[0.0841903,51.6063804],[0.0842602,51.6063741],[0.0843199,51.6063688],[0.0844479,51.6063574],[0.0847351,51.6062256],[0.0848365,51.6061791],[0.0848486,51.6061735],[0.0848598,51.6061684],[0.0848628,51.6061661],[0.0849007,51.6061379],[0.0849179,51.606125],[0.0849233,51.606121],[0.0849431,51.6061062],[0.0850102,51.606056],[0.085022,51.6060472],[0.0850499,51.6060264],[0.0850548,51.6060228],[0.0851105,51.6059812],[0.0852046,51.6059109],[0.0852561,51.605868],[0.0852686,51.6058576],[0.0852722,51.6058546],[0.0852782,51.6058496],[0.0854567,51.605701],[0.0854663,51.6056762],[0.0854689,51.6056693],[0.0855079,51.6055686],[0.0855183,51.6055424],[0.0855455,51.6055471],[0.0855944,51.6055555],[0.0856295,51.6055273],[0.0856615,51.6055014],[0.0856818,51.6054851],[0.0856943,51.605475],[0.0858327,51.6053636],[0.0858389,51.6053585],[0.0858622,51.6053398],[0.0858937,51.6053144],[0.0859052,51.6053051],[0.0859189,51.6052941],[0.0860087,51.6052217],[0.086029,51.6052054],[0.0860608,51.6051798],[0.0860646,51.6051767],[0.0861382,51.6051174],[0.0861961,51.6050707],[0.0863906,51.604914],[0.0864309,51.6048815],[0.0865249,51.6048048],[0.086665,51.6046903],[0.0867777,51.6046883],[0.0868152,51.6046635],[0.0868701,51.6046272],[0.0868915,51.6046133],[0.0869756,51.6045586],[0.087078,51.6044918],[0.0871186,51.6044655],[0.0872153,51.6044865],[0.0872545,51.604495],[0.0875422,51.6045576],[0.0875688,51.6045634],[0.088004,51.6046581],[0.0880378,51.6046654],[0.0880463,51.6046673],[0.0885768,51.6047827],[0.0888955,51.604852],[0.0888961,51.6049126],[0.0888962,51.604924],[0.0888964,51.6049403],[0.0888971,51.6050139],[0.0888972,51.6050195],[0.0888974,51.6050389],[0.0888975,51.6050474],[0.088898,51.6050976],[0.0888995,51.6051823],[0.0890685,51.605263],[0.0891391,51.6052966],[0.0891804,51.6053164],[0.0891942,51.6053229],[0.0892273,51.6053388],[0.0892396,51.6053446],[0.0893041,51.6053754],[0.0893317,51.6053886],[0.0893733,51.6054082],[0.0893884,51.6054153],[0.0894195,51.60543],[0.0894841,51.6054605],[0.0894995,51.6054677],[0.0895097,51.6054725],[0.0896029,51.6055165],[0.0896816,51.6055374],[0.0896921,51.6055402],[0.0897023,51.6055429],[0.0897114,51.6055453],[0.0897551,51.6055569],[0.0898935,51.6055937],[0.0899155,51.6055996],[0.0899255,51.6056022],[0.0899706,51.6056142],[0.0899813,51.6056165],[0.0900077,51.6056219],[0.0900304,51.6056266],[0.0901239,51.605646],[0.0901309,51.6056475],[0.0902191,51.6056657],[0.0902652,51.6055926],[0.090271,51.6055834],[0.0902837,51.6055631],[0.0903169,51.6055826],[0.0903558,51.6056054],[0.0904378,51.6056537],[0.090542,51.6056822],[0.0905525,51.605685],[0.0905983,51.6056975],[0.0906039,51.6056991],[0.0906305,51.6057063],[0.0906698,51.6057171],[0.090716,51.6057297],[0.090722,51.6057313],[0.0908078,51.6057548],[0.0908868,51.6057763],[0.0908927,51.6057779],[0.0910968,51.6058337],[0.0912181,51.6058668],[0.0912926,51.6058872],[0.0913562,51.6059045],[0.0914022,51.6059171],[0.0915379,51.6059504],[0.0915556,51.6059547],[0.0915631,51.6059566],[0.0918852,51.6060355],[0.0920078,51.6060656],[0.0923014,51.6061376],[0.0923323,51.606144],[0.0923721,51.6061523],[0.0924718,51.606173],[0.0925148,51.6061847],[0.092554,51.6061954],[0.0924781,51.6062891],[0.0924349,51.606354],[0.0923406,51.606496],[0.092289,51.6065737],[0.0922112,51.6066908],[0.092118,51.6068311],[0.0921048,51.6068509],[0.0920544,51.6069269],[0.0919276,51.6071174],[0.0917961,51.6073157],[0.0916879,51.6074786],[0.0916935,51.6075044],[0.0917253,51.6076514],[0.0917648,51.6078333],[0.091804,51.6080141],[0.0918471,51.6082131],[0.0919,51.608299],[0.0920083,51.608475],[0.0921702,51.6087379],[0.0923935,51.6091009],[0.0925024,51.6092777],[0.0925664,51.6093817],[0.0925813,51.6094059],[0.0926238,51.6094747],[0.093105,51.6096005],[0.0932031,51.6096262],[0.0932166,51.6096297],[0.093278,51.6096457],[0.0935663,51.6097211],[0.093595,51.6097286],[0.093689,51.6097532],[0.0937391,51.6097848],[0.0938814,51.6098746],[0.0939288,51.6099229],[0.093974,51.6099689],[0.0939779,51.6099729],[0.0940482,51.6100445],[0.09406,51.6100634],[0.0941573,51.6102186],[0.0941881,51.6103118],[0.0942076,51.6103706],[0.0942036,51.610538],[0.0942073,51.610607],[0.0942083,51.6106262],[0.0942097,51.610653],[0.094329,51.6106773],[0.0946405,51.610741],[0.0946492,51.6107428],[0.094798,51.6107824],[0.0947936,51.6107883],[0.0947913,51.6107914],[0.0947885,51.6107952],[0.0947541,51.6108414],[0.0947206,51.6108864],[0.0947139,51.6108954],[0.0947048,51.6109077],[0.0946749,51.6109479],[0.0946694,51.6109553],[0.0946654,51.6109606],[0.0946628,51.6109641],[0.0946342,51.611009],[0.0946303,51.6110153],[0.0946138,51.6110412],[0.094588,51.6110817],[0.094577,51.611099],[0.0945706,51.6111091],[0.0945593,51.611127],[0.0945533,51.6111364],[0.094541,51.6111557],[0.0945298,51.6111733],[0.0945142,51.6111938],[0.0945111,51.6111979],[0.0944907,51.6112246],[0.094486,51.6112308],[0.0944587,51.6112666],[0.0944151,51.6113238],[0.0944086,51.6113324],[0.0943915,51.6113548],[0.0943741,51.6113776],[0.0943721,51.6113802],[0.0943588,51.6113978],[0.0943563,51.611401],[0.0943476,51.6114124],[0.0943144,51.6114559],[0.0943126,51.6114588],[0.0942633,51.6115343],[0.0942329,51.6115809],[0.0942292,51.6115866],[0.094101,51.6117832],[0.0940935,51.6117945],[0.0940584,51.6118484],[0.0939685,51.6119862],[0.093961,51.611997],[0.0938362,51.6121748],[0.0938342,51.6121776],[0.0938127,51.6122084],[0.0937267,51.6123309],[0.0936866,51.612388],[0.0936574,51.6124248],[0.0936149,51.6124783],[0.0935877,51.612509],[0.0935713,51.6125275],[0.0935282,51.6125761],[0.0934856,51.6126199],[0.0934765,51.6126292],[0.0933632,51.6127456],[0.0933589,51.61275],[0.0933291,51.6127807],[0.0933154,51.6127921],[0.0932448,51.612851],[0.0932378,51.6128568],[0.0931361,51.6129415],[0.0931311,51.6129457],[0.0930752,51.6129922],[0.0929929,51.6130608],[0.0929872,51.6130656],[0.0929352,51.6131089],[0.0929314,51.6131121],[0.0928757,51.6131585],[0.0928728,51.6131609],[0.0927962,51.6132248],[0.0927902,51.6132286],[0.0927777,51.6132367],[0.0927716,51.6132407],[0.0926622,51.6133114],[0.0926518,51.6133181],[0.0925949,51.6133548],[0.0923345,51.6135231],[0.0922679,51.6135662],[0.0922675,51.6135664],[0.092258,51.6135726],[0.0923302,51.6135911],[0.0923452,51.613595],[0.0924385,51.6136189],[0.0924625,51.6136251],[0.0925028,51.6136354],[0.0925119,51.6136378],[0.0925259,51.6136414],[0.0927848,51.6137076],[0.0928197,51.6137163],[0.0930658,51.6137947],[0.0931246,51.6138134],[0.0933901,51.613898],[0.0935243,51.6139407],[0.0936168,51.6139702],[0.0938036,51.6140353],[0.0938593,51.6140547],[0.0940151,51.6141091],[0.0940213,51.6141113],[0.0942389,51.6141871],[0.0943125,51.6142128],[0.0945749,51.6143043],[0.094703,51.6143489],[0.0948554,51.6144021],[0.0949932,51.614447],[0.0950078,51.6144518],[0.095028,51.6144584],[0.0950354,51.6144608],[0.0952372,51.6145266],[0.0953437,51.6145614],[0.0953983,51.6145792],[0.095642,51.6146587],[0.0956555,51.6146631],[0.0956845,51.6146725],[0.0960524,51.6147925],[0.0962487,51.6148436],[0.096263,51.6148473],[0.0964209,51.6148883],[0.0964865,51.6149053],[0.0964921,51.6149064],[0.0965858,51.6149234],[0.0965925,51.6149246],[0.0968123,51.6149646],[0.0968202,51.614966],[0.0969059,51.6149816],[0.0970017,51.614999],[0.0970636,51.615015],[0.0971123,51.6150276],[0.0971185,51.6150298],[0.0971403,51.6150372],[0.0972625,51.6150791],[0.0972687,51.6150812],[0.0973198,51.6150987],[0.0973303,51.6151023],[0.0973781,51.6151187],[0.0974025,51.615127],[0.0974306,51.6151366],[0.0975473,51.6151837],[0.0975837,51.6151984],[0.0975953,51.6152031],[0.097637,51.6152241],[0.0978019,51.6153071],[0.0978063,51.6153093],[0.0979939,51.6154037],[0.0980006,51.6154071],[0.0980215,51.6154176],[0.098038,51.6154259],[0.0980424,51.6154201],[0.098425,51.6149237],[0.0984293,51.6149181],[0.0985749,51.6147292],[0.0985769,51.6147266],[0.0985857,51.6147153],[0.0986186,51.6146725],[0.0986237,51.6146659],[0.098719,51.6145422],[0.0987223,51.6145379],[0.0987729,51.6144723],[0.0988227,51.6144077],[0.098827,51.6144021],[0.0988673,51.6143498],[0.0988718,51.614344],[0.0989312,51.614267],[0.098935,51.614262],[0.0990221,51.614149],[0.099026,51.6141439],[0.0991351,51.6140023],[0.0991371,51.6139998],[0.0991996,51.6139186],[0.0992456,51.613859],[0.099313,51.6137715],[0.0993346,51.6137435],[0.0993634,51.6137061],[0.0993665,51.6137021],[0.0994089,51.613647],[0.0994426,51.6136034],[0.0994487,51.6135956],[0.0994758,51.6135615],[0.0995518,51.6134657],[0.0995546,51.6134623],[0.0996678,51.6133197],[0.0998524,51.6130871],[0.0998812,51.6130508],[0.0998831,51.6130485],[0.1000653,51.6128189],[0.1000695,51.6128137],[0.1001277,51.6127404],[0.1001414,51.6127232],[0.1002104,51.6127398],[0.1002648,51.6127528],[0.1002723,51.6127546],[0.1003754,51.6127793],[0.1004011,51.6127855],[0.1004285,51.6127921],[0.1004536,51.6127981],[0.1004624,51.6128002],[0.1006651,51.6128488],[0.1006848,51.6128535],[0.1007631,51.6128723],[0.1007819,51.6128768],[0.1009638,51.6129204],[0.1010421,51.6129392],[0.1010491,51.6129409],[0.1012696,51.6129937],[0.1013024,51.6130016],[0.1013428,51.6130113],[0.1015499,51.6130609],[0.1015603,51.6130632],[0.101657,51.6130837],[0.101692,51.6130912],[0.1017772,51.6131093],[0.1018331,51.6131212],[0.1018717,51.6131294],[0.102013,51.6131595],[0.1024232,51.6132467],[0.102456,51.6132537],[0.1026906,51.6133035],[0.1028213,51.6133313],[0.1031679,51.613405],[0.1033871,51.6134516],[0.1035048,51.6132014],[0.103506,51.6131987],[0.1035619,51.6130798],[0.1035729,51.6130566],[0.1036508,51.6128908],[0.1037117,51.6127614],[0.103717,51.6127499],[0.1037756,51.6126253],[0.1038109,51.6125502],[0.10391,51.6125712],[0.1039248,51.6125744],[0.1040085,51.6125925],[0.1040176,51.6125945],[0.1040362,51.6125985],[0.1040552,51.6126026],[0.104071,51.612606],[0.1041321,51.6126204],[0.1042697,51.6126529],[0.1042773,51.6126547],[0.104403,51.6126843],[0.1044153,51.6126872],[0.1045406,51.6127167],[0.1046664,51.6127464],[0.1047644,51.6127695],[0.1047682,51.6127704],[0.1048569,51.6127913],[0.1048802,51.6127968],[0.1049499,51.6128133],[0.1049994,51.6128242],[0.1050678,51.6128393],[0.105293,51.612889],[0.1054146,51.6129159],[0.1054192,51.6129169],[0.1055619,51.6129484],[0.1055685,51.61295],[0.105575,51.6129516],[0.1056211,51.612963],[0.1058506,51.6130195],[0.1058769,51.613026],[0.1058811,51.613027],[0.105888,51.6130287],[0.105992,51.6130544],[0.1061892,51.6130961],[0.1061937,51.6130971],[0.1063699,51.6131343],[0.106394,51.6131394],[0.1070268,51.6132733],[0.1072356,51.6133343],[0.1072435,51.6133366],[0.1072576,51.6133408],[0.1073026,51.6133539],[0.1073089,51.6133558],[0.1073187,51.6133586],[0.1075208,51.6134177],[0.1076208,51.613447],[0.1081596,51.6135863],[0.1081824,51.6135922],[0.1084153,51.6136524],[0.1084604,51.6136641],[0.1084733,51.6136674],[0.1085201,51.6136795],[0.1085242,51.6136806],[0.108643,51.6137113],[0.1086945,51.6137246],[0.108706,51.6137276],[0.1090253,51.6138101],[0.1090364,51.613813],[0.1090403,51.613814],[0.1091119,51.6138325],[0.1091273,51.6138365],[0.1091927,51.6138534],[0.1093295,51.6138888],[0.1094642,51.6139236],[0.1095314,51.613941],[0.1095965,51.6139578],[0.1096044,51.6139599],[0.1097682,51.614036],[0.1097779,51.6140405],[0.1098776,51.6140869],[0.109956,51.6141193],[0.109963,51.6141222],[0.1100042,51.6141392],[0.110014,51.6141432],[0.1100814,51.614171],[0.110169,51.6142072],[0.1102101,51.6142242],[0.1103315,51.6142743],[0.1103447,51.6142797],[0.1104293,51.6143146],[0.1104352,51.6143171],[0.1105218,51.6143528],[0.1105342,51.614358],[0.1107066,51.6144291],[0.1107245,51.6144365],[0.110954,51.6145312],[0.1109599,51.6145337],[0.1111612,51.6146168],[0.1111825,51.6146256],[0.1112985,51.6146734],[0.1113024,51.614675],[0.1113712,51.6147035],[0.1113925,51.6147122],[0.1114525,51.614737],[0.1114691,51.6147439],[0.1116246,51.614808],[0.111657,51.6148214],[0.1116945,51.6148369],[0.1117162,51.6148458],[0.1117231,51.6148487],[0.11174,51.6148557],[0.1118092,51.6148842],[0.1118294,51.6148926],[0.1118545,51.6149029],[0.1119005,51.6149219],[0.1119153,51.614928],[0.1121624,51.61503],[0.1121749,51.6150352],[0.1121859,51.6150397],[0.1122087,51.6150491],[0.1123582,51.6151108],[0.112365,51.6151136],[0.1125032,51.6151707],[0.1125073,51.6151724],[0.1125927,51.6152076],[0.1125969,51.6152093],[0.1126163,51.6152174],[0.1127273,51.6152632],[0.1127386,51.6152678],[0.1128503,51.6153139],[0.1128705,51.6153223],[0.1130043,51.6153775],[0.1130122,51.6153808],[0.1130159,51.6153823],[0.1130237,51.6153855],[0.1132739,51.6154889],[0.1133258,51.6155102],[0.1134231,51.6155503],[0.1134515,51.6155622],[0.1134581,51.615565],[0.113535,51.6155971],[0.113685,51.6156599],[0.1136919,51.6156628],[0.1137401,51.6156829],[0.1137683,51.6156947],[0.1138528,51.61573],[0.113909,51.6157535],[0.1139351,51.6157644],[0.1140161,51.6157983],[0.1140419,51.6158091],[0.1141338,51.6158475],[0.1141634,51.6158599],[0.1143948,51.6159567],[0.1144456,51.6159779],[0.1146339,51.6160566],[0.1147631,51.6161107],[0.1147895,51.6161217],[0.114978,51.6162005],[0.11512,51.6162599],[0.1152549,51.6163163],[0.115373,51.6163657],[0.1153941,51.6163745],[0.1155085,51.6164223],[0.1157092,51.6165062],[0.1157607,51.616528],[0.1160011,51.6166297],[0.1166428,51.6169013],[0.1166838,51.6169186],[0.1166881,51.6169205],[0.1168607,51.6167786],[0.1169059,51.6167414],[0.1169969,51.6166665],[0.117016,51.6166509],[0.1170512,51.6166219],[0.117061,51.6166138],[0.1171713,51.6165231],[0.1171783,51.6165174],[0.1172023,51.6164976],[0.1172099,51.6164914],[0.1173308,51.6163919],[0.1174401,51.616302],[0.1174531,51.6162913],[0.1174585,51.6162869],[0.1176622,51.6161194],[0.1176719,51.6161113],[0.1178848,51.6159362],[0.117892,51.6159303],[0.1179345,51.6158953],[0.1179754,51.6158617],[0.1180049,51.6158375],[0.1181125,51.615749],[0.1181916,51.6156839],[0.1182182,51.615662],[0.118251,51.6156351],[0.1182537,51.6156328],[0.1183542,51.6155502],[0.1184224,51.615494],[0.1184316,51.6154865],[0.1184942,51.615435],[0.1185282,51.615407],[0.1185789,51.6153652],[0.1186422,51.6153649],[0.1188673,51.6153655],[0.1188904,51.6153655],[0.1190754,51.615366],[0.11928,51.6153665],[0.1193375,51.6153859],[0.1195908,51.6154716],[0.1197513,51.6155259],[0.119882,51.6155701],[0.119901,51.6155765],[0.119908,51.6155794],[0.1199157,51.6155826],[0.1201187,51.6156669],[0.1201879,51.6156957],[0.1203172,51.6157493],[0.120456,51.6158307],[0.1205562,51.6158894],[0.1206105,51.6159212],[0.1207572,51.6160072],[0.1207773,51.616019],[0.1208462,51.6160594],[0.1208911,51.6160821],[0.1209487,51.6161112],[0.1209562,51.616115],[0.1210891,51.6161756],[0.1211057,51.6161819],[0.1212541,51.6162384],[0.121351,51.6162754],[0.1217,51.6164219],[0.1218505,51.6164851],[0.1219177,51.6165133],[0.1220177,51.6165553],[0.1221163,51.6165809],[0.1221565,51.6165914],[0.1221896,51.6166],[0.1222108,51.6166065],[0.1223004,51.6166339],[0.1223964,51.616673],[0.1224116,51.6166792],[0.1225056,51.6167174],[0.1232927,51.6171204],[0.1233706,51.6171474],[0.1234698,51.6171819],[0.1236149,51.6172428],[0.1236157,51.6172431],[0.1238741,51.6173517],[0.1240299,51.6174315],[0.124171,51.6175037],[0.1242649,51.6175615],[0.124331,51.6176119],[0.1243923,51.6176586],[0.1246969,51.6179435],[0.1247056,51.6179519],[0.1247538,51.617997],[0.1247812,51.6180227],[0.1247858,51.6180283],[0.1248157,51.6180655],[0.1248953,51.6181642],[0.1249739,51.6183004],[0.1251623,51.6187772],[0.1251722,51.618788],[0.1253269,51.6189568],[0.1255486,51.6191553],[0.1256746,51.619268],[0.1260712,51.6196415],[0.1264444,51.6197413],[0.1266734,51.6198026],[0.126789,51.6198335],[0.1268935,51.619863],[0.1270159,51.6198975],[0.1270335,51.6199049],[0.1270638,51.6199176],[0.1270875,51.6199315],[0.127136,51.61996],[0.1272578,51.6200315],[0.1273831,51.6200849],[0.1274417,51.6201018],[0.127592,51.6201297],[0.1278796,51.6202171],[0.1280398,51.6202845],[0.1280887,51.6203276],[0.1281971,51.6204234],[0.1283853,51.6205272],[0.1284913,51.6205757],[0.1285458,51.6206007],[0.1286104,51.6206208],[0.1286541,51.6206343],[0.1288527,51.6206959],[0.1291603,51.6214412],[0.1296282,51.6215176],[0.1301767,51.6216071],[0.1305756,51.6217383],[0.1308678,51.6218439],[0.1309142,51.6218606],[0.1310119,51.6218959],[0.1310276,51.6219009],[0.131263,51.6219763],[0.1318471,51.6221213],[0.1319043,51.6221354],[0.1320547,51.6221727],[0.1321903,51.6222064],[0.132307,51.6222492],[0.1323192,51.6222563],[0.1326234,51.6224315],[0.1330423,51.6226188],[0.1336838,51.6229253],[0.1341505,51.6231483],[0.1343706,51.6232011],[0.1343951,51.623207],[0.1355004,51.6234726],[0.1357837,51.6235448],[0.135907,51.6235659],[0.1359785,51.6235782],[0.1360788,51.6235997],[0.1361313,51.6236024],[0.1362131,51.6235945],[0.1362529,51.6235944],[0.1372766,51.6235897],[0.1372849,51.623591],[0.137349,51.623601],[0.1374021,51.6236093],[0.1374924,51.6236082],[0.1374996,51.6236074],[0.1375633,51.6235998],[0.1376453,51.6235812],[0.137672,51.623581],[0.1379145,51.6235802],[0.1380079,51.6235656],[0.138021,51.6235636],[0.1381564,51.6235426],[0.1392011,51.6223104],[0.1400845,51.6213385],[0.1402733,51.6211665],[0.1405399,51.6209617],[0.14066,51.6208836],[0.1408061,51.6207646],[0.1408551,51.6207137],[0.1409362,51.6206135],[0.1415271,51.6200087],[0.1417313,51.6198198],[0.1418419,51.6196947],[0.1419218,51.6195888],[0.1419725,51.6195097],[0.1419815,51.6194957],[0.1420027,51.6194562],[0.1420529,51.6193629],[0.14211,51.6192905],[0.1421952,51.6191828],[0.1428314,51.6185688],[0.1428438,51.6185569],[0.1428478,51.6185535],[0.1429514,51.6184649],[0.1430141,51.6183969],[0.1430563,51.618335],[0.1430895,51.618272],[0.1431199,51.6181909],[0.1434979,51.6177441],[0.1436364,51.61754],[0.1437824,51.6173431],[0.1440345,51.6170401],[0.1441447,51.616965],[0.144212,51.6169191],[0.1442242,51.6169122],[0.1442956,51.6168711],[0.1443522,51.6168305],[0.1443982,51.6167882],[0.1444167,51.6167624],[0.1444549,51.6167091],[0.1445506,51.6165201],[0.1447002,51.6162243],[0.1447613,51.616128],[0.144812,51.6160483],[0.1448624,51.6159483],[0.1449159,51.6157823],[0.1449408,51.6156592],[0.1450689,51.6153503],[0.1451398,51.6152453],[0.1451681,51.6151763],[0.1451982,51.6151373],[0.1452166,51.6151134],[0.1452377,51.6150624],[0.1452407,51.6149734],[0.1452675,51.6149028],[0.1453258,51.6147494],[0.1453296,51.6147423],[0.1453789,51.6146494],[0.145445,51.6145584],[0.1455284,51.614461],[0.1455588,51.6144255],[0.1455696,51.6144142],[0.1456294,51.6143514],[0.1457984,51.6142656],[0.1458912,51.6142185],[0.1460093,51.6141385],[0.1460847,51.6140705],[0.1462435,51.6138857],[0.146314,51.6138035],[0.1464482,51.6136815],[0.1465682,51.6135455],[0.1469048,51.6130847],[0.1472189,51.6127187],[0.1473275,51.6125527],[0.1473792,51.6124617],[0.1474451,51.6123097],[0.147489,51.6121843],[0.1476105,51.6118367],[0.1476898,51.6115098],[0.1476916,51.6115025],[0.1477012,51.6114628],[0.1477196,51.6112392],[0.1477256,51.6111655],[0.1477323,51.6110847],[0.1477379,51.6110162],[0.1477614,51.6107299],[0.1477742,51.6106694],[0.1477797,51.6106435],[0.1477998,51.6105489],[0.1478267,51.6104657],[0.1478392,51.610427],[0.1478976,51.6102808],[0.1479757,51.6100854],[0.1479919,51.610045],[0.1479962,51.6100341],[0.1480015,51.610021],[0.1480184,51.6099883],[0.1481388,51.609755],[0.1481967,51.6096199],[0.1481984,51.6096159],[0.1482412,51.609516],[0.1483489,51.6093077],[0.1483527,51.6093004],[0.1484273,51.6091561],[0.1484707,51.609051],[0.1484771,51.6090355],[0.1485712,51.6088071],[0.148633,51.6086572],[0.1486365,51.6086179],[0.1486371,51.6086102],[0.1486292,51.6085274],[0.1486289,51.6085238],[0.1486279,51.6085135],[0.1486246,51.6084792],[0.1486262,51.6084642],[0.1486334,51.6083972],[0.1486399,51.6083363],[0.1486603,51.6081447],[0.1486614,51.6081343],[0.1486622,51.6081272],[0.1486622,51.6081222],[0.1486624,51.6080953],[0.1486634,51.6079622],[0.1486636,51.6078875],[0.1486639,51.6078267],[0.1486639,51.6078012],[0.1486507,51.6076532],[0.1486473,51.6076154],[0.1486452,51.6075916],[0.1486448,51.6075882],[0.148646,51.6075671],[0.1486488,51.6075183],[0.1486758,51.6073824],[0.1486748,51.6073227],[0.1486707,51.6071613],[0.1486539,51.607059],[0.1486395,51.6069714],[0.1486312,51.6069216],[0.1485441,51.6066178],[0.1485177,51.606526],[0.148498,51.6064573],[0.1484791,51.6063914],[0.1484431,51.606308],[0.1483799,51.6061615],[0.1483753,51.6061472],[0.1483629,51.6061085],[0.1483456,51.6059715],[0.1483458,51.6059375],[0.1483939,51.6057344],[0.1484361,51.6055564],[0.1484637,51.6052066],[0.1484773,51.6050337],[0.148479,51.605012],[0.1484887,51.6048865],[0.1485016,51.6047209],[0.148505,51.6046775],[0.1485284,51.6043766],[0.1485322,51.6043502],[0.148542,51.6042826],[0.1485875,51.6041368],[0.1487167,51.603859],[0.1487727,51.6037387],[0.1488688,51.6035947],[0.1489374,51.6034618],[0.1489819,51.6033907],[0.1490012,51.6033687],[0.1490924,51.6032648],[0.1491963,51.6031718],[0.1492357,51.6031294],[0.1494686,51.6028788],[0.1490397,51.601729],[0.1489347,51.6015059],[0.1489179,51.6014648],[0.1489098,51.6014444],[0.1488352,51.6012582],[0.148831,51.6012478],[0.1488219,51.601225],[0.1488072,51.6011758],[0.1488054,51.6011695],[0.1487957,51.6011371],[0.1487294,51.6009143],[0.1487275,51.6009079],[0.1487095,51.6008474],[0.1487064,51.6008369],[0.1486348,51.6005964],[0.1486335,51.6005918],[0.148614,51.6005266],[0.1486012,51.6004834],[0.1485982,51.6004734],[0.1485809,51.6004153],[0.1485772,51.6004026],[0.1485643,51.6003592],[0.1485628,51.6003543],[0.1485556,51.6003302],[0.1485162,51.6001977],[0.1485141,51.6001908],[0.1485115,51.6001819],[0.1484988,51.6001393],[0.1484946,51.6001251],[0.1484436,51.5999538],[0.1484428,51.599951],[0.1484089,51.5998372],[0.1484064,51.5998285],[0.1484048,51.5998234],[0.1484027,51.5998164],[0.1484013,51.5998115],[0.1483891,51.5997704],[0.1483858,51.5997596],[0.1483542,51.5996531],[0.1482839,51.5994487],[0.148188,51.5991722],[0.1481425,51.5990637],[0.1481361,51.599048],[0.1480942,51.599059],[0.1474151,51.5992331],[0.1474083,51.5992348],[0.1465622,51.5994516],[0.1465127,51.5994195],[0.1464212,51.5993602],[0.1458515,51.5989906],[0.1456303,51.5988472],[0.1434806,51.5975474],[0.1430935,51.5973133],[0.1428092,51.5971414],[0.1418993,51.5965795],[0.1418903,51.5965739],[0.1418848,51.5965706],[0.1413628,51.5962482],[0.1401018,51.5954695],[0.1396921,51.5952221],[0.1384703,51.5944844],[0.1374093,51.5938437],[0.1371564,51.5937236],[0.1370595,51.5936776],[0.1368617,51.5935788],[0.1366815,51.5934888],[0.1363989,51.5933477],[0.1358072,51.593059],[0.1347748,51.592555],[0.1331731,51.5917739],[0.1328937,51.5916414],[0.1328113,51.5916024],[0.1323048,51.5913623],[0.1322965,51.5913583],[0.1320824,51.5912568],[0.13191,51.5911725],[0.1318926,51.591164],[0.1318587,51.5911474],[0.1318515,51.5911439],[0.1317855,51.5911116],[0.1317743,51.5911061],[0.1316971,51.5910683],[0.1316451,51.5910429],[0.131632,51.5910364],[0.1315626,51.5910025],[0.1313509,51.5908989],[0.1313184,51.590883],[0.1310716,51.5907622],[0.1309593,51.5907073],[0.130554,51.5905089],[0.1305258,51.5904965],[0.1304934,51.5904823],[0.1303265,51.5904089],[0.1299082,51.5902249],[0.1295885,51.5900843],[0.1295286,51.590058],[0.1295546,51.5899771],[0.1295672,51.589938],[0.1296434,51.5897434],[0.1296534,51.589718],[0.1297325,51.5895161],[0.1297694,51.5894614],[0.1298405,51.5893561],[0.1300927,51.5889031],[0.130152,51.5888048],[0.1302719,51.5886062],[0.130288,51.5885826],[0.1304357,51.5883662],[0.1306346,51.5881231],[0.1309765,51.5875666],[0.1310035,51.5875244],[0.1310141,51.5875066],[0.1308461,51.5874784],[0.130833,51.5874762],[0.13077,51.5874657],[0.1307577,51.5874636],[0.1306675,51.5874486],[0.1305455,51.5874282],[0.1304321,51.5874093],[0.1303251,51.5873914],[0.1303122,51.5873893],[0.13021,51.5873722],[0.1301997,51.5873705],[0.1299,51.5873205],[0.1296647,51.5872812],[0.1294859,51.5872513],[0.1295049,51.5871975],[0.1293515,51.587173],[0.129332,51.5871699],[0.129271,51.5871602],[0.1292455,51.5871562],[0.1286657,51.5870642],[0.1286557,51.5870626],[0.1281578,51.5869836],[0.1280272,51.5869629],[0.1279723,51.5869542],[0.127962,51.5869525],[0.1277612,51.5869207],[0.1277434,51.5869179],[0.1276676,51.5869058],[0.1276582,51.5869043],[0.1275482,51.5868869],[0.1275368,51.5868851],[0.1274457,51.5868706],[0.1274352,51.5868689],[0.1273394,51.5868537],[0.127333,51.5868527],[0.1272318,51.5868367],[0.1271818,51.5868287],[0.127071,51.5868112],[0.1270615,51.5868097],[0.1269529,51.5867924],[0.126874,51.5867799],[0.1266982,51.586752],[0.126693,51.5867512],[0.1265961,51.5867358],[0.126577,51.5867328],[0.1264992,51.5867204],[0.1263989,51.5867045],[0.1264918,51.5864893],[0.1265098,51.586448],[0.1265561,51.5863419],[0.1265603,51.5863323],[0.1265768,51.5862946],[0.1265836,51.5862789],[0.1265919,51.5862598],[0.1265948,51.5862532],[0.1266133,51.5862109],[0.1266197,51.5861962],[0.1266277,51.5861778],[0.12663,51.5861726],[0.1266474,51.5861326],[0.1266699,51.5860826],[0.1267049,51.5860009],[0.1267079,51.5859939],[0.1267225,51.5859605],[0.1267262,51.585952],[0.1267459,51.5859069],[0.1267509,51.5858954],[0.1268137,51.5857514],[0.1268153,51.5857479],[0.1268294,51.5857153],[0.126835,51.5857026],[0.1269536,51.5854308],[0.1269657,51.5854029],[0.12698,51.5853701],[0.126983,51.5853633],[0.1270035,51.5853164],[0.1270124,51.5852958],[0.127092,51.5851135],[0.1270959,51.5851043],[0.1271176,51.5850546],[0.1271202,51.5850487],[0.1271471,51.5849871],[0.1271501,51.5849802],[0.1271673,51.5849407],[0.1272198,51.5848203],[0.1272219,51.5848155],[0.1273033,51.5846291],[0.1273043,51.5846265],[0.1273841,51.5844437],[0.1273764,51.584407],[0.1273756,51.5844028],[0.1273743,51.5843969],[0.1273705,51.5843785],[0.1273673,51.5843629],[0.1273519,51.5842895],[0.1273509,51.5842846],[0.127347,51.5842661],[0.1273463,51.5842625],[0.1273328,51.5841979],[0.1273182,51.5841279],[0.1272772,51.5839316],[0.1273095,51.5839309],[0.1274926,51.5839268],[0.1275033,51.5839266],[0.1275202,51.5839262],[0.127681,51.5839226],[0.1276894,51.5839068],[0.1277228,51.5838448],[0.1277268,51.5838373],[0.127762,51.5837719],[0.1277714,51.5837544],[0.1277782,51.5837418],[0.1277981,51.5837049],[0.1277997,51.5837018],[0.1278396,51.5836276],[0.1278696,51.5835719],[0.1279046,51.5835068],[0.1279298,51.5834601],[0.12796,51.583404],[0.1279715,51.5833825],[0.1279934,51.5833418],[0.1280242,51.5832845],[0.1280371,51.5832607],[0.1280252,51.5831685],[0.1280248,51.5831659],[0.1280166,51.5831021],[0.1280162,51.5830996],[0.1280084,51.583039],[0.1280079,51.5830349],[0.1279521,51.5825974],[0.1279155,51.5823199],[0.1277284,51.5821779],[0.1276502,51.5817082],[0.1276457,51.5816819],[0.1276447,51.5816747],[0.1276388,51.5816374],[0.1276708,51.5816337],[0.1276777,51.5816329],[0.1278942,51.5816157],[0.127987,51.5816083],[0.1279938,51.5816078],[0.1280482,51.5816035],[0.1280939,51.5815999],[0.1281681,51.581594],[0.1282423,51.5815881],[0.1282827,51.5815849],[0.1283778,51.5815773],[0.128384,51.5815768],[0.1284699,51.58157],[0.1284776,51.5815694],[0.1285154,51.5815664],[0.1285658,51.5815624],[0.1286867,51.5815528],[0.128712,51.5815508],[0.1287723,51.581546],[0.1290271,51.5815258],[0.1290528,51.5815237],[0.1290721,51.5815222],[0.1291269,51.5815178],[0.1292264,51.5815099],[0.1297117,51.5814815],[0.1299761,51.5814659],[0.1306379,51.5814271],[0.1306584,51.5814259],[0.1307531,51.5814203],[0.1307773,51.5814189],[0.1308107,51.581417],[0.1308716,51.5814134],[0.1309232,51.5814104],[0.1309631,51.581408],[0.1310252,51.5814044],[0.1310329,51.5814039],[0.1310416,51.5814034],[0.1310718,51.5814016],[0.1311351,51.5813979],[0.1311419,51.5813975],[0.1311551,51.5813967],[0.1312374,51.5813919],[0.1312841,51.5813892],[0.1315111,51.5813758],[0.1318902,51.5813536],[0.1318946,51.5813533],[0.1319442,51.5813508],[0.1321568,51.5813379],[0.1321658,51.5813374],[0.1323581,51.5813261],[0.1323645,51.5813257],[0.1323699,51.5813254],[0.1325641,51.581314],[0.1325924,51.5812476],[0.132608,51.5812111],[0.1326591,51.581089],[0.1326637,51.5810858],[0.1329175,51.5809096],[0.132937,51.5808961],[0.1328973,51.5808616],[0.1328442,51.5808153],[0.1330185,51.5806399],[0.1330412,51.5806171],[0.1330486,51.5806179],[0.1330675,51.5806198],[0.1331311,51.5806264],[0.1331414,51.5806274],[0.1331507,51.5806284],[0.1331572,51.5806291],[0.133253,51.5804518],[0.1333537,51.5802655],[0.1333554,51.5802622],[0.1333578,51.5802578],[0.1333603,51.5802532],[0.1334818,51.5800284],[0.1334906,51.580012],[0.1335173,51.5799626],[0.1334354,51.5799448],[0.1333031,51.5799167],[0.1332978,51.5799155],[0.1332887,51.5799136],[0.1332804,51.5799119],[0.1332626,51.5799081],[0.1332504,51.5799055],[0.1332458,51.5799045],[0.1332364,51.5799025],[0.1330859,51.5798705],[0.1330796,51.5798692],[0.1330218,51.5798569],[0.1329972,51.5798517],[0.1329769,51.5798473],[0.1328903,51.5798289],[0.1328712,51.5798249],[0.1328494,51.5798202],[0.1328429,51.5798189],[0.1327331,51.5797955],[0.1327275,51.5797943],[0.1327207,51.5797929],[0.1326814,51.5797845],[0.1326418,51.5797761],[0.1326303,51.5797737],[0.1326128,51.57977],[0.1325816,51.5797633],[0.1324785,51.5797414],[0.1324715,51.5797399],[0.1324321,51.5797315],[0.132417,51.5797283],[0.1324046,51.5797257],[0.1323583,51.5797159],[0.132344,51.5797128],[0.1323131,51.5797062],[0.132299,51.5797032],[0.1322569,51.5796943],[0.1322512,51.5796931],[0.1321696,51.5796758],[0.1321549,51.5796726],[0.1321427,51.57967],[0.1321365,51.5796687],[0.1320246,51.5796449],[0.1320077,51.5796413],[0.1319316,51.5796251],[0.1319229,51.5796233],[0.1319156,51.5796218],[0.1318697,51.579612],[0.1318643,51.5796108],[0.1318407,51.5796058],[0.1318299,51.5796035],[0.1317695,51.5795907],[0.1317564,51.5795879],[0.1316415,51.5795635],[0.1316266,51.5795603],[0.1316086,51.5795565],[0.1315769,51.5795497],[0.1315165,51.5795369],[0.1314952,51.5795324],[0.1314779,51.5795287],[0.1314216,51.5795168],[0.1314116,51.5795146],[0.1313383,51.579499],[0.1313315,51.5794976],[0.1312949,51.5794898],[0.1312646,51.5794834],[0.1312347,51.5794774],[0.1312052,51.5794707],[0.1310142,51.5794301],[0.1308776,51.5794011],[0.1308634,51.5793981],[0.1308405,51.5793932],[0.1308118,51.5793243],[0.1307719,51.5792284],[0.1307625,51.5792057],[0.1307138,51.5790889],[0.130712,51.5790844],[0.1307079,51.5790738],[0.1308136,51.5790892],[0.1308453,51.5790302],[0.1308474,51.5790262],[0.130966,51.578805],[0.1309716,51.5787946],[0.1309901,51.57876],[0.1309943,51.5787521],[0.1310211,51.5787023],[0.1309587,51.5786855],[0.1309539,51.5786842],[0.1309452,51.5786819],[0.1309213,51.5786755],[0.1309248,51.5786671],[0.1309372,51.5786431],[0.130959,51.5786007],[0.1309643,51.5785904],[0.1309904,51.5785396],[0.1310172,51.5784877],[0.1310197,51.5784828],[0.1310475,51.5784288],[0.1310518,51.5784206],[0.1310727,51.5783799],[0.1310744,51.5783765],[0.1310773,51.5783709],[0.1310884,51.5783493],[0.1311136,51.5783004],[0.13112,51.5782881],[0.1311354,51.5782581],[0.1311396,51.5782499],[0.1311951,51.5781421],[0.1312046,51.5781237],[0.1312211,51.5780917],[0.1312315,51.5780715],[0.1312348,51.5780569],[0.1312354,51.5780539],[0.1312399,51.5780338],[0.1312422,51.5780234],[0.1312537,51.5779721],[0.1312566,51.577959],[0.1312646,51.5779233],[0.1312657,51.577918],[0.1312704,51.5778972],[0.1312834,51.577839],[0.1312844,51.5778343],[0.1312922,51.5777996],[0.1312943,51.57779],[0.1313039,51.5777471],[0.1313197,51.5776761],[0.1313205,51.5776725],[0.1313308,51.5776266],[0.1313334,51.5776148],[0.1313404,51.5775835],[0.1313439,51.5775677],[0.131364,51.5774778],[0.1313692,51.5774544],[0.1313734,51.5774355],[0.1313741,51.5774328],[0.1313821,51.5773965],[0.1316113,51.577133],[0.1316561,51.5770816],[0.1315387,51.5770399],[0.1315168,51.5770321],[0.1314761,51.5770176],[0.1314527,51.5770093],[0.1313476,51.5769719],[0.131321,51.5769625],[0.1312686,51.5769439],[0.1312501,51.5769373],[0.1311495,51.5769015],[0.1311385,51.5768976],[0.1310826,51.5768777],[0.1310762,51.5768755],[0.1309905,51.576845],[0.1309817,51.5768419],[0.1309199,51.5768199],[0.1309024,51.5768137],[0.1308927,51.5768102],[0.1308054,51.5767792],[0.1307734,51.5767678],[0.1307618,51.5767637],[0.1306722,51.5767318],[0.1306676,51.5767302],[0.1306071,51.5767087],[0.1305885,51.5767021],[0.1305795,51.5766989],[0.1305305,51.5766815],[0.1304799,51.5766663],[0.1304756,51.576665],[0.1304551,51.5766589],[0.1304456,51.5766561],[0.1303284,51.576621],[0.1303195,51.5766183],[0.1303056,51.5766142],[0.1302532,51.5765985],[0.1302481,51.576597],[0.1301762,51.5765755],[0.1301562,51.5765695],[0.130078,51.5765461],[0.1300335,51.5765331],[0.1299271,51.5765009],[0.1299228,51.5764996],[0.1298491,51.5764776],[0.1297966,51.5764619],[0.1297926,51.5764607],[0.1297829,51.5764578],[0.1294749,51.5763656],[0.1294589,51.5763608],[0.1293411,51.5763256],[0.1293295,51.5763221],[0.1293199,51.5763192],[0.1292344,51.5762934],[0.1292364,51.5762801],[0.1292373,51.5762745],[0.1292387,51.5762662],[0.1292398,51.5762597],[0.1292453,51.576226],[0.1292642,51.5761104],[0.1292812,51.5760067],[0.1292821,51.5760033],[0.1292868,51.5759848],[0.1292892,51.5759753],[0.1292972,51.5759439],[0.1292982,51.57594],[0.1293015,51.5759269],[0.1293151,51.5758733],[0.1293228,51.5758427],[0.1293361,51.5757905],[0.1293412,51.5757704],[0.12935,51.575736],[0.1293627,51.5756857],[0.1293634,51.5756736],[0.1293637,51.5756674],[0.1293678,51.57559],[0.1293684,51.5755791],[0.1293688,51.5755726],[0.1293725,51.5755019],[0.129373,51.5754935],[0.1293771,51.5754157],[0.129379,51.5753812],[0.1293797,51.5753675],[0.1293805,51.5753521],[0.1293809,51.5753448],[0.1293817,51.5753304],[0.1293835,51.5752955],[0.1293859,51.5752512],[0.1293869,51.5752325],[0.1293902,51.5751695],[0.1293906,51.5751627],[0.1293887,51.5751329],[0.1293863,51.5750947],[0.1293841,51.5750609],[0.129383,51.5750437],[0.1293813,51.5750178],[0.1293805,51.5750049],[0.1293751,51.5749199],[0.1293721,51.574873],[0.1293422,51.5744052],[0.1293416,51.5743958],[0.1293339,51.574275],[0.1293336,51.5742708],[0.1293814,51.5741359],[0.1294187,51.5739803],[0.1294198,51.5739758],[0.1294433,51.5738779],[0.1294885,51.5738187],[0.1295023,51.5738006],[0.1295466,51.5737426],[0.1295528,51.5737344],[0.1295844,51.573693],[0.1296192,51.5736307],[0.1296256,51.5736193],[0.1296315,51.5736088],[0.1296843,51.5735144],[0.1296906,51.5735031],[0.1297033,51.5734803],[0.1297482,51.5734],[0.1297625,51.5733745],[0.1297704,51.5733604],[0.1297811,51.5733413],[0.1298249,51.573263],[0.1298271,51.573259],[0.129863,51.5731948],[0.1299406,51.5730561],[0.1299673,51.5730668],[0.1300271,51.573091],[0.1302091,51.573163],[0.1302141,51.573165],[0.1303124,51.5732039],[0.1306328,51.5733308],[0.1309084,51.5734399],[0.131013,51.5731821],[0.1310279,51.5731453],[0.1310521,51.5730855],[0.1310807,51.5730152],[0.131099,51.5729699],[0.1311249,51.5729061],[0.1311442,51.5728587],[0.1311498,51.5728449],[0.1311565,51.5728283],[0.1311698,51.5727954],[0.1311944,51.5727348],[0.1312233,51.5726637],[0.1312309,51.5726449],[0.1312353,51.5726341],[0.1312446,51.572611],[0.1313795,51.5722785],[0.1315594,51.5718351],[0.1314283,51.5718169],[0.1311777,51.571782],[0.1309858,51.5717553],[0.1309098,51.5717448],[0.1307879,51.5717278],[0.1306886,51.571714],[0.1304548,51.5716815],[0.1302116,51.5716477],[0.1299988,51.5716181],[0.1298503,51.5715972],[0.1298747,51.5715454],[0.129898,51.5714969],[0.1299054,51.5714815],[0.1299092,51.5714734],[0.1299597,51.5713682],[0.1299995,51.5712852],[0.1300016,51.5712808],[0.1300191,51.5712443],[0.1300312,51.5712191],[0.130034,51.5712132],[0.1300363,51.5711442],[0.1300368,51.571129],[0.1300385,51.571079],[0.1300388,51.5710705],[0.1300413,51.5709966],[0.1300416,51.5709892],[0.1300406,51.5709755],[0.1300307,51.5708336],[0.1300305,51.5708309],[0.1300259,51.5707564],[0.1300242,51.5707401],[0.1300236,51.570731],[0.1300233,51.5707248],[0.1300192,51.5706503],[0.1301375,51.5706742],[0.1302762,51.5707023],[0.1303859,51.5706962],[0.1304012,51.5706841],[0.1304555,51.5706413],[0.130467,51.5705392],[0.1304647,51.5704886],[0.1304605,51.5703869],[0.1304581,51.5703307],[0.1304578,51.5703231],[0.1304555,51.5703145],[0.1304455,51.5702797],[0.130412,51.5701634],[0.1304055,51.570141],[0.1303973,51.5701124],[0.1303964,51.5701094],[0.1303922,51.5700947],[0.130372,51.5700248],[0.1303673,51.5700083],[0.1303652,51.5700038],[0.1303611,51.5699953],[0.1303593,51.5699915],[0.1303536,51.5699795],[0.1303504,51.5699728],[0.130348,51.5699677],[0.1303219,51.5699127],[0.1303183,51.5699053],[0.1303009,51.5698685],[0.1302385,51.5697373],[0.1302062,51.5696694],[0.1301792,51.5696144],[0.130122,51.5694982],[0.1300836,51.5694201],[0.130053,51.5693567],[0.1300468,51.5693454],[0.1300254,51.5693167],[0.1299925,51.5692727],[0.1299635,51.569234],[0.129959,51.5692279],[0.1298856,51.5691296],[0.1298715,51.5691108],[0.1298628,51.5690991],[0.129842,51.5690712],[0.1298145,51.5690345],[0.1298063,51.5690234],[0.1297934,51.5690018],[0.1297772,51.5689745],[0.129775,51.5689708],[0.1297337,51.5689013],[0.1297135,51.5688672],[0.129696,51.5688377],[0.1296868,51.5688224],[0.1296826,51.5688108],[0.1296786,51.5688],[0.1296739,51.5687873],[0.1296347,51.5686813],[0.1296309,51.5686708],[0.1296285,51.5686644],[0.1296218,51.5686462],[0.1296156,51.5686295],[0.1296111,51.5685558],[0.1296109,51.5685523],[0.129609,51.5685219],[0.1296078,51.5685032],[0.1296027,51.5684203],[0.1296021,51.5684104],[0.1296005,51.5683834],[0.1296531,51.5681775],[0.1296766,51.5681014],[0.1296933,51.5680488],[0.1297117,51.5679907],[0.1297357,51.5679156],[0.1297536,51.5678585],[0.1297314,51.5677859],[0.1296681,51.5675796],[0.1296128,51.5673993],[0.129604,51.5673705],[0.1295901,51.5673252],[0.129587,51.5673152],[0.1295795,51.5672905],[0.1295716,51.5672651],[0.1295634,51.5672382],[0.1295581,51.567221],[0.1295546,51.5672097],[0.1295504,51.5671958],[0.1295433,51.5671726],[0.1295318,51.5671351],[0.1295238,51.5671091],[0.1295143,51.5670782],[0.1294826,51.5669747],[0.1294791,51.5669634],[0.1294025,51.5667136],[0.1293802,51.5666407],[0.1293623,51.5665295],[0.129361,51.5665216],[0.1293591,51.5665103],[0.1293495,51.5664538],[0.1293487,51.5664494],[0.1290598,51.5664421],[0.1290435,51.5664417],[0.1290205,51.5664395],[0.1290134,51.5664389],[0.1289609,51.566434],[0.1289553,51.5664335],[0.1289197,51.5664301],[0.128728,51.5664122],[0.1286694,51.5664067],[0.1286268,51.5664006],[0.1286004,51.5663967],[0.1285883,51.566395],[0.1285434,51.5663885],[0.1285385,51.5663878],[0.1285318,51.5663868],[0.1284482,51.5663747],[0.1283752,51.5663641],[0.1283525,51.5663608],[0.1282629,51.566335],[0.128221,51.5663228],[0.1282133,51.5663206],[0.1281378,51.5662989],[0.1281341,51.5662978],[0.1281049,51.5662894],[0.1280298,51.5662677],[0.1280232,51.5662649],[0.1279493,51.5662332],[0.1279383,51.5662284],[0.1279148,51.5662184],[0.1278984,51.5662113],[0.1278684,51.5661985],[0.1278535,51.566192],[0.1278229,51.5661789],[0.1277929,51.5661661],[0.1277599,51.5661519],[0.127719,51.5661343],[0.127679,51.5661172],[0.1276707,51.5661136],[0.1276663,51.5661117],[0.1276225,51.566084],[0.1275903,51.5660637],[0.127533,51.5660275],[0.1275191,51.5660187],[0.1274621,51.5659828],[0.1274586,51.5659805],[0.1274513,51.5659759],[0.1273941,51.5659398],[0.127374,51.5659165],[0.1273719,51.5659141],[0.1273662,51.5659075],[0.1273184,51.5658521],[0.127311,51.5658436],[0.127307,51.565839],[0.1272858,51.5658144],[0.1272692,51.5657951],[0.127264,51.5657891],[0.1272588,51.5657831],[0.1272304,51.5657502],[0.127221,51.5657393],[0.1272184,51.5657364],[0.1271933,51.5657072],[0.1271753,51.5656864],[0.127172,51.5656828],[0.1271154,51.5656219],[0.1270943,51.5655992],[0.1270693,51.5655724],[0.1270663,51.5655691],[0.1270541,51.565556],[0.1270128,51.5655115],[0.1270021,51.5655],[0.1269944,51.5654918],[0.1269767,51.5654768],[0.1269578,51.5654609],[0.1269527,51.5654566],[0.1269235,51.565432],[0.1269011,51.5654132],[0.1268148,51.5653405],[0.1267714,51.5653039],[0.1267653,51.5652988],[0.1267512,51.5652894],[0.1267344,51.5652784],[0.1267285,51.5652745],[0.126698,51.5652543],[0.1266343,51.5652123],[0.126629,51.5652088],[0.1265598,51.5651632],[0.1265522,51.5651581],[0.1265411,51.5651508],[0.1265263,51.5651411],[0.1265068,51.5651282],[0.1264823,51.565112],[0.1264765,51.5651082],[0.1264425,51.5650857],[0.1263749,51.5650489],[0.1263248,51.5650216],[0.1263173,51.5650175],[0.1262981,51.565007],[0.126263,51.5649879],[0.1262575,51.5649849],[0.1262081,51.564958],[0.1261946,51.5649506],[0.1261802,51.5649428],[0.1261216,51.5649108],[0.1261175,51.5649086],[0.1260931,51.5648953],[0.1260732,51.5648844],[0.1259919,51.5648401],[0.1259824,51.5648349],[0.125941,51.5648124],[0.1259216,51.5648018],[0.1258665,51.5647717],[0.1258518,51.5647637],[0.125844,51.5647595],[0.1257364,51.5647008],[0.1257229,51.5646921],[0.1255785,51.5645988],[0.1255167,51.5645588],[0.1255118,51.5645556],[0.1254861,51.564539],[0.1254612,51.5645229],[0.1254327,51.5645054],[0.1254267,51.5645017],[0.1252526,51.5643947],[0.125249,51.5643925],[0.1252275,51.5643793],[0.1252035,51.5643646],[0.1251818,51.5643531],[0.1251533,51.5643382],[0.1251308,51.5643263],[0.1251235,51.5643225],[0.1251148,51.5643179],[0.1249864,51.5642504],[0.124898,51.5642039],[0.1248368,51.5641872],[0.1248105,51.5641801],[0.1247875,51.5641738],[0.1246359,51.5641323],[0.1245949,51.5641211],[0.1245629,51.5641124],[0.1245582,51.5641111],[0.1243172,51.5640644],[0.1242597,51.5640533],[0.1242484,51.5640511],[0.1241167,51.5640257],[0.1241116,51.5640247],[0.124098,51.5640221],[0.124078,51.5640182],[0.1240501,51.5640128],[0.1240347,51.5640098],[0.1240003,51.5640032],[0.1239932,51.5640018],[0.1239731,51.5639979],[0.1239187,51.5639883],[0.1239051,51.5639859],[0.1238917,51.5639836],[0.1238316,51.563973],[0.1238239,51.5639716],[0.1237768,51.5639633],[0.1237613,51.5639606],[0.1237479,51.5639582],[0.1237303,51.5639551],[0.1237249,51.5639542],[0.1237175,51.5639529],[0.1235727,51.5639274],[0.1235649,51.563926],[0.1235474,51.5639229],[0.123543,51.5639222],[0.1235025,51.563915],[0.1233322,51.563885],[0.1232937,51.5638782],[0.1232806,51.5638759],[0.123254,51.5638712],[0.1232423,51.5638692],[0.1232313,51.5638672],[0.1232233,51.5638658],[0.1231331,51.5638499],[0.1231226,51.5638481],[0.1230232,51.5638306],[0.1230187,51.5638298],[0.1230106,51.5638284],[0.1229902,51.5638248],[0.1228957,51.5638081],[0.1228876,51.5638067],[0.1228657,51.5638028],[0.1227811,51.5637879],[0.1227553,51.5637828],[0.1227361,51.563779],[0.1226316,51.5637581],[0.1226175,51.5637553],[0.122555,51.5637428],[0.1225376,51.5637394],[0.1225318,51.5637382],[0.1224346,51.5637188],[0.1224132,51.5637145],[0.1224025,51.5637124],[0.122321,51.5636961],[0.1223147,51.5636949],[0.1222916,51.5636903],[0.1222333,51.5636786],[0.1222205,51.5636761],[0.1221403,51.5636601],[0.1220101,51.5636341],[0.1219992,51.5636319],[0.1219627,51.5636249],[0.1218952,51.5636114],[0.1218271,51.5635976],[0.121805,51.5635932],[0.1217616,51.5635845],[0.1216576,51.5635638],[0.1216513,51.5635626],[0.1216387,51.5635603],[0.1215156,51.5635375],[0.1214998,51.5635346],[0.1214595,51.5635271],[0.1214363,51.5635228],[0.1214306,51.5635218],[0.121421,51.56352],[0.1213059,51.5634987],[0.1212903,51.5634958],[0.1212815,51.5634942],[0.1212468,51.5634877],[0.1212306,51.5634847],[0.1211743,51.5634743],[0.1211286,51.5634658],[0.1211106,51.5634625],[0.1210965,51.5634599],[0.1210323,51.563448],[0.1210091,51.5634437],[0.120943,51.5634315],[0.1209321,51.5634294],[0.1208953,51.5634226],[0.120819,51.5634085],[0.1208082,51.5634065],[0.1207723,51.5633998],[0.1207661,51.5633987],[0.1207523,51.5633962],[0.1206731,51.5633815],[0.1206655,51.5633801],[0.1206552,51.5633782],[0.120629,51.5633733],[0.1206117,51.5633701],[0.1205299,51.563355],[0.120371,51.5633212],[0.1203516,51.563317],[0.1202715,51.5633],[0.1202446,51.5633422],[0.1201821,51.5633303],[0.1201582,51.5633257],[0.1201297,51.5633203],[0.1200589,51.5633068],[0.1199774,51.5632913],[0.1199525,51.5632865],[0.1199316,51.563283],[0.1198716,51.5632728],[0.1197975,51.5632603],[0.1197566,51.5632534],[0.1197169,51.5632467],[0.1196398,51.5632337],[0.1195158,51.5631998],[0.119501,51.5631957],[0.1194481,51.5631792],[0.1193801,51.5631579],[0.1193482,51.563148],[0.1193106,51.5631362],[0.1191984,51.5631073],[0.1191824,51.5631032],[0.1190332,51.5630648],[0.1188734,51.5627304],[0.119408,51.5625855],[0.1194658,51.5625698],[0.1197181,51.5625014],[0.1197501,51.5624927],[0.1197331,51.5624677],[0.1197313,51.5624651],[0.1197293,51.5624621],[0.1196976,51.5624156],[0.1196956,51.5624127],[0.1196616,51.5623628],[0.119659,51.562359],[0.1196199,51.5623018],[0.1196136,51.5622925],[0.1195666,51.5622236],[0.1195465,51.5621941],[0.1195311,51.5621715],[0.1195217,51.5621576],[0.1194985,51.5621237],[0.1194742,51.5620879],[0.1194378,51.5620346],[0.1194298,51.5620229],[0.1193991,51.5619779],[0.1193972,51.5619751],[0.1193547,51.5619127],[0.1193466,51.5619009],[0.119319,51.5618603],[0.1192991,51.5618313],[0.1192776,51.5617996],[0.119273,51.561793],[0.1192249,51.5617223],[0.1192221,51.5617183],[0.1191747,51.5616487],[0.1191614,51.5616293],[0.1191409,51.5615992],[0.1191294,51.5615824],[0.1190878,51.5615213],[0.1190844,51.5615162],[0.1190675,51.5614914],[0.119062,51.5614834],[0.1190503,51.5614663],[0.1189934,51.5613829],[0.1189905,51.5613785],[0.1189666,51.5613435],[0.1189618,51.5613365],[0.1188571,51.5611829],[0.118843,51.5611622],[0.1188313,51.561145],[0.1188047,51.561106],[0.1187989,51.5610975],[0.1187315,51.5609987],[0.1187245,51.5609885],[0.1186984,51.5609502],[0.1186881,51.560935],[0.1186829,51.5609275],[0.1186591,51.5608926],[0.1186516,51.5608815],[0.1185911,51.5607922],[0.1185888,51.5607886],[0.1185277,51.5607001],[0.1185206,51.5606897],[0.1184683,51.5606132],[0.1184521,51.5605895],[0.1184193,51.5605414],[0.1184148,51.5605348],[0.1183618,51.5604571],[0.1183482,51.5604373],[0.1183298,51.5604103],[0.118273,51.5603272],[0.1182662,51.5603172],[0.1182507,51.5602945],[0.1182476,51.56029],[0.1182031,51.5602247],[0.1181848,51.560198],[0.1181769,51.5601864],[0.1181723,51.5601797],[0.1181566,51.5601567],[0.1181362,51.5601268],[0.1181166,51.5600981],[0.1181103,51.5600889],[0.1181072,51.5600844],[0.1180761,51.5600387],[0.1180633,51.5600201],[0.1180503,51.560001],[0.118035,51.5599787],[0.1180287,51.5599694],[0.1180227,51.5599606],[0.1179638,51.5598744],[0.1179441,51.5598455],[0.1179421,51.5598425],[0.1179227,51.5598141],[0.1179182,51.5598075],[0.1178581,51.5597195],[0.1178537,51.5597131],[0.1177556,51.5595694],[0.1177512,51.559563],[0.1176326,51.5593893],[0.117626,51.5593797],[0.1174784,51.5591634],[0.1177528,51.5590578],[0.1177576,51.5590559],[0.1178212,51.5590314],[0.1180492,51.5589721],[0.1180599,51.5589693],[0.1182364,51.5589233],[0.1182588,51.558919],[0.1182719,51.5589165],[0.1186457,51.5588441],[0.1187206,51.5588296],[0.118725,51.5588288],[0.1189084,51.5587933],[0.1189814,51.5587817],[0.1192691,51.5587358],[0.1192817,51.5587338],[0.1193706,51.5587196],[0.1194123,51.558713],[0.119515,51.5586966],[0.1195336,51.5586937],[0.1195896,51.5586847],[0.1196254,51.558679],[0.1197079,51.5586659],[0.1197808,51.5586542],[0.1198655,51.5586407],[0.1198704,51.55864],[0.120083,51.5586061],[0.1200932,51.5586045],[0.1203504,51.5585635],[0.1203561,51.5585626],[0.120488,51.5585414],[0.1204432,51.5585069],[0.1204278,51.558495],[0.1203546,51.5584387],[0.1203483,51.5584338],[0.1202754,51.5583777],[0.1202718,51.558375],[0.120192,51.5583135],[0.1201801,51.5583043],[0.1199944,51.5581613],[0.1199866,51.5581554],[0.1199788,51.5581493],[0.1198294,51.5580343],[0.1198196,51.5580267],[0.1197257,51.5579545],[0.1197174,51.557948],[0.1196725,51.5579135],[0.1196601,51.5579039],[0.1196426,51.5578905],[0.1195277,51.557802],[0.1195145,51.5577918],[0.1195041,51.5577838],[0.1193484,51.557664],[0.1193391,51.5576567],[0.1192893,51.5576184],[0.1192744,51.5576069],[0.1192116,51.5575586],[0.1192051,51.5575536],[0.1191756,51.5575309],[0.1191697,51.5575263],[0.1190936,51.5574677],[0.1190825,51.5574592],[0.1189896,51.5573876],[0.1189831,51.5573827],[0.1189726,51.5573746],[0.1189376,51.5573476],[0.118781,51.5573473],[0.1187563,51.5573472],[0.118559,51.5573467],[0.1185149,51.5573466],[0.1183773,51.5573463],[0.1182701,51.5573461],[0.1181813,51.5573459],[0.1181739,51.5573458],[0.1181571,51.5573458],[0.1180771,51.5573456],[0.11803,51.5573706],[0.1180114,51.5573806],[0.1179964,51.5573886],[0.1178465,51.5573885],[0.1178291,51.5573884],[0.1175666,51.5573881],[0.117441,51.5573879],[0.1171325,51.5573875],[0.1171401,51.5571731],[0.1171492,51.5569382],[0.117151,51.5568916],[0.116201,51.5569975],[0.1160295,51.5570166],[0.1159932,51.5570207],[0.1156659,51.5570571],[0.1156329,51.5570608],[0.1156221,51.557062],[0.1155901,51.5570656],[0.1155827,51.5570664],[0.1155006,51.5570755],[0.1154924,51.5570765],[0.115486,51.5570772],[0.1154485,51.5570813],[0.1154428,51.557082],[0.1153572,51.5570915],[0.1153337,51.5570941],[0.115283,51.5570998],[0.1152724,51.557101],[0.1152469,51.5571038],[0.1152215,51.5571066],[0.1152108,51.5571078],[0.1151245,51.5571175],[0.1150674,51.5571238],[0.115059,51.5571248],[0.1150326,51.5571277],[0.1150184,51.5571293],[0.1148876,51.5571439],[0.1148779,51.5571449],[0.1148,51.5571536],[0.1147947,51.5571542],[0.1147035,51.5571644],[0.1146958,51.5571652],[0.1146707,51.557168],[0.1146572,51.5571695],[0.1145479,51.5571817],[0.1145437,51.5571822],[0.1142453,51.5572154],[0.1141941,51.5572211],[0.1141369,51.5572275],[0.1141299,51.5572283],[0.1138972,51.5572542],[0.1138496,51.5572595],[0.1138267,51.5572621],[0.1133288,51.5573177],[0.1131629,51.5568889],[0.1131404,51.5568306],[0.1128195,51.5565905],[0.1127248,51.5565196],[0.1128014,51.5564805],[0.1129066,51.5564267],[0.1129218,51.5564189],[0.1129709,51.5563938],[0.1129829,51.5563877],[0.1130296,51.5563638],[0.1130758,51.5563402],[0.1130829,51.5563366],[0.113104,51.5563258],[0.1131192,51.556318],[0.1132681,51.5562419],[0.1132762,51.5562378],[0.1133712,51.5561892],[0.1133815,51.556184],[0.1134705,51.5561385],[0.1134986,51.5561241],[0.1135183,51.5561141],[0.1135517,51.556097],[0.1136759,51.5560335],[0.1136985,51.556022],[0.1137036,51.5560194],[0.1139486,51.5558941],[0.1139578,51.5558894],[0.1139942,51.5558708],[0.1140102,51.5558626],[0.1141231,51.555805],[0.1141313,51.5558007],[0.114136,51.5557821],[0.1141423,51.5557574],[0.1141816,51.5556017],[0.114185,51.5555883],[0.1141869,51.5555807],[0.1143993,51.5554746],[0.114426,51.5554612],[0.1145831,51.5553827],[0.1147411,51.5553038],[0.1146303,51.5552203],[0.1146273,51.555218],[0.1144202,51.5550623],[0.1144063,51.5550518],[0.1143011,51.5549727],[0.1142982,51.5549705],[0.1142224,51.5549135],[0.1142026,51.5548986],[0.1141745,51.5548774],[0.1141568,51.5548641],[0.1140567,51.5547889],[0.1140433,51.5547787],[0.1140251,51.5547651],[0.1140076,51.5547519],[0.1139798,51.554731],[0.1139484,51.5547074],[0.1138736,51.5546511],[0.1138388,51.554625],[0.1137645,51.5545691],[0.11376,51.5545657],[0.1137545,51.5545615],[0.1137373,51.5545486],[0.1136785,51.5545043],[0.113673,51.5545003],[0.1136245,51.5544637],[0.1136065,51.5544502],[0.1135069,51.5543753],[0.1135003,51.5543703],[0.1134945,51.554366],[0.1134003,51.5542951],[0.1133373,51.5542477],[0.1133104,51.5542275],[0.1132514,51.5541831],[0.1132458,51.5541789],[0.1131761,51.5541265],[0.1131671,51.5541197],[0.1131564,51.5541117],[0.1131337,51.5540946],[0.1130232,51.5540115],[0.1129637,51.5539667],[0.1129579,51.5539623],[0.112839,51.5538729],[0.1128204,51.5538589],[0.1127821,51.5538301],[0.1127653,51.5538174],[0.112741,51.5537992],[0.1126545,51.5537341],[0.1126261,51.5537127],[0.112588,51.5536841],[0.1125843,51.5536812],[0.1125387,51.553647],[0.112523,51.5536352],[0.1123593,51.5535118],[0.1123583,51.553453],[0.1123551,51.5532101],[0.1123551,51.5532038],[0.1123549,51.5531884],[0.1123544,51.5531484],[0.1123539,51.5531163],[0.1123534,51.5530696],[0.112353,51.5530403],[0.1123525,51.5530062],[0.1123525,51.5530024],[0.1123524,51.5529991],[0.1123241,51.5529767],[0.1122755,51.5529383],[0.1121911,51.5528717],[0.1121691,51.5528544],[0.1121453,51.5528356],[0.1121408,51.552832],[0.1121237,51.5528186],[0.1120597,51.552768],[0.1120351,51.5527486],[0.1120252,51.5527408],[0.1119443,51.5526769],[0.1119356,51.55267],[0.1118583,51.5526091],[0.1116282,51.5525685],[0.1116154,51.5525663],[0.1115827,51.5525605],[0.1115425,51.5525534],[0.1114877,51.5525437],[0.1114167,51.5525312],[0.1113788,51.5525245],[0.1112795,51.552507],[0.1112392,51.5524999],[0.11121,51.5524948],[0.1111529,51.5524847],[0.1111462,51.5524835],[0.1110584,51.5524681],[0.1110031,51.5524726],[0.1109262,51.552479],[0.1108517,51.5524852],[0.1108066,51.5524889],[0.1107276,51.5524955],[0.110692,51.5524984],[0.1106865,51.5524989],[0.1106605,51.5525011],[0.1104431,51.5525191],[0.1104046,51.5525223],[0.110381,51.5525242],[0.110356,51.5525263],[0.1102781,51.5525328],[0.1102304,51.5525367],[0.1101974,51.5525395],[0.110136,51.5525445],[0.1101181,51.552546],[0.1100165,51.5525541],[0.1099879,51.5525564],[0.1099397,51.5525602],[0.1099016,51.5525633],[0.1098793,51.552565],[0.1098706,51.5525657],[0.1097921,51.552572],[0.1097728,51.5525735],[0.1097199,51.5525777],[0.1095433,51.5525917],[0.1095302,51.5525928],[0.1095136,51.5525941],[0.1094976,51.5525954],[0.1094704,51.5525975],[0.1093914,51.5526038],[0.1093411,51.5526078],[0.1093255,51.5526091],[0.1093052,51.5526107],[0.1092052,51.5526186],[0.1091687,51.5526215],[0.109068,51.5526295],[0.1090623,51.55263],[0.1090403,51.5526317],[0.1090002,51.5526349],[0.1089321,51.5526403],[0.1088812,51.5526444],[0.1088683,51.5526454],[0.1088429,51.5526474],[0.1087486,51.5526549],[0.1087129,51.5526578],[0.1086747,51.5526608],[0.108596,51.552667],[0.1085506,51.5526706],[0.1085383,51.5526716],[0.1085097,51.5526739],[0.1084222,51.5526809],[0.1083105,51.552223],[0.1082751,51.5520777],[0.1082699,51.5520567],[0.1081001,51.552072],[0.1080908,51.552072],[0.1079721,51.552072],[0.1078515,51.552057],[0.1076084,51.5519898],[0.1075992,51.5519872],[0.1075551,51.5519721],[0.1073959,51.5519179],[0.1073618,51.5518911],[0.1073573,51.5518876],[0.1072387,51.5517949],[0.107202,51.5517662],[0.1071417,51.551719],[0.1071213,51.5517027],[0.1070415,51.5516386],[0.1069148,51.5515371],[0.1068669,51.5514984],[0.106796,51.5514411],[0.106659,51.5513316],[0.1066521,51.5513261],[0.1065853,51.5512725],[0.10658,51.5512682],[0.1065462,51.5512411],[0.1065205,51.5512211],[0.1064977,51.5512034],[0.1064517,51.5511675],[0.1064456,51.5511627],[0.1063858,51.5511162],[0.1063624,51.551098],[0.1063388,51.5510796],[0.1062656,51.5510226],[0.1062618,51.5510196],[0.1061819,51.5509574],[0.1061774,51.550954],[0.1061597,51.5509409],[0.1061018,51.5508976],[0.1060097,51.5508289],[0.1059918,51.5508156],[0.1059862,51.5508114],[0.1059693,51.5507988],[0.1059627,51.5507939],[0.1059561,51.550789],[0.105902,51.5507486],[0.1058021,51.5506741],[0.1057965,51.5506699],[0.1057363,51.550625],[0.1057321,51.5506219],[0.1057264,51.5506176],[0.1057193,51.5506123],[0.1057122,51.550607],[0.1056796,51.5505827],[0.1056161,51.5505354],[0.1056003,51.5505236],[0.1055167,51.5504612],[0.1054882,51.5504416],[0.1054806,51.5504363],[0.105458,51.5504208],[0.1054411,51.5504091],[0.1054142,51.5503906],[0.1053664,51.5503577],[0.1053607,51.5503537],[0.1053476,51.5503447],[0.1053118,51.55032],[0.1052747,51.5502945],[0.1052365,51.5502681],[0.1052239,51.5502613],[0.1052193,51.5502588],[0.1051586,51.5502258],[0.1050791,51.5501826],[0.1050691,51.5501772],[0.105033,51.5501575],[0.1050226,51.5501519],[0.1049443,51.5501093],[0.1049365,51.5501057],[0.104928,51.5501018],[0.1049078,51.5500925],[0.104758,51.5500235],[0.1047474,51.5500186],[0.1047261,51.5500088],[0.1047215,51.5500067],[0.1046963,51.5499949],[0.1045685,51.5499362],[0.1045161,51.5499164],[0.1045119,51.5499149],[0.1043931,51.5498701],[0.1043888,51.5498685],[0.1043822,51.549866],[0.1043716,51.549862],[0.1043641,51.5498592],[0.1043484,51.5498532],[0.1042235,51.5498062],[0.1041972,51.5497989],[0.1041881,51.5497963],[0.1041587,51.5497882],[0.1041297,51.5497801],[0.1041228,51.5497781],[0.1041104,51.5497747],[0.1040707,51.5497636],[0.1040116,51.5497472],[0.1039813,51.549739],[0.1039701,51.549736],[0.103954,51.5497316],[0.1039457,51.5497294],[0.1038813,51.5497119],[0.1038746,51.5497101],[0.1038363,51.5496998],[0.1038182,51.5496949],[0.1036338,51.549645],[0.1036273,51.5496432],[0.103462,51.5496021],[0.1034464,51.5495982],[0.1033843,51.5495828],[0.1032624,51.5495524],[0.1032349,51.5495456],[0.1032181,51.5495414],[0.1031895,51.5495343],[0.1031794,51.5495321],[0.1031734,51.5495309],[0.103163,51.5495287],[0.1031493,51.5495258],[0.1031372,51.5495232],[0.1030793,51.5495109],[0.1030662,51.5495081],[0.1029893,51.5494918],[0.1028654,51.5494656],[0.1028472,51.5494617],[0.1028135,51.5494546],[0.1027955,51.5494508],[0.1027786,51.5494471],[0.1027134,51.5494333],[0.1027058,51.5494317],[0.1026378,51.5494173],[0.1025709,51.5493852],[0.1025639,51.5493818],[0.1025221,51.5493618],[0.1025107,51.5493563],[0.1024985,51.5493505],[0.102476,51.5493397],[0.1024701,51.5493369],[0.1024662,51.549335],[0.1022564,51.5492344],[0.1022474,51.5492301],[0.1021482,51.5491945],[0.102086,51.5491752],[0.1020419,51.5491614],[0.1019807,51.5491423],[0.1017884,51.5490815],[0.1017153,51.5490584],[0.1016737,51.5490452],[0.1016595,51.5490408],[0.1013128,51.5489313],[0.1012957,51.5489265],[0.101263,51.5489173],[0.1012167,51.5489043],[0.1012128,51.5489032],[0.1010342,51.5488532],[0.1010297,51.5488519],[0.1009689,51.5488349],[0.1008224,51.5487938],[0.1007926,51.5487853],[0.1007676,51.5487769],[0.1007129,51.5487628],[0.1006864,51.5487541],[0.100619,51.5487315],[0.1003209,51.5486313],[0.100309,51.5486273],[0.1002732,51.5486153],[0.1002581,51.5486099],[0.1002377,51.5486025],[0.1001448,51.548569],[0.1001362,51.5485659],[0.1001267,51.5485624],[0.1000129,51.5485214],[0.0999679,51.5485033],[0.0999597,51.5485],[0.0999415,51.5484926],[0.0998579,51.548459],[0.0998143,51.5484414],[0.0997922,51.5484326],[0.0997819,51.5484284],[0.0996962,51.5483939],[0.0996501,51.5483754],[0.0996118,51.5483576],[0.0995937,51.5483492],[0.0995885,51.5483468],[0.0993834,51.5482515],[0.0993378,51.5482304],[0.0993092,51.5482153],[0.0992483,51.5481832],[0.0992349,51.5481761],[0.099168,51.5481408],[0.0991206,51.5481158],[0.0990293,51.5480677],[0.0989749,51.5480389],[0.0989498,51.5480257],[0.0988947,51.5479966],[0.0988915,51.547995],[0.0988004,51.5479469],[0.0985591,51.5478197],[0.0985285,51.5478035],[0.0984638,51.5477694],[0.0984168,51.5477492],[0.0984036,51.5477435],[0.0983598,51.5477248],[0.0982416,51.547674],[0.0982254,51.5476671],[0.0981264,51.5476246],[0.0980233,51.5475804],[0.0979504,51.5475362],[0.0979283,51.5475228],[0.0979015,51.5475065],[0.0978954,51.5475028],[0.0978893,51.5474991],[0.097849,51.5474747],[0.0978348,51.5474661],[0.0978316,51.5474641],[0.0977646,51.5474234],[0.0975394,51.5473322],[0.0974164,51.5472824],[0.097327,51.5472497],[0.0973223,51.547248],[0.097265,51.547227],[0.0972285,51.5472137],[0.0972198,51.5472105],[0.0971551,51.5471869],[0.0969417,51.5471089],[0.096934,51.5471061],[0.0968193,51.5470642],[0.096807,51.5470597],[0.0967874,51.5470525],[0.0967418,51.5470359],[0.0967278,51.5470307],[0.0965876,51.5469795],[0.0963101,51.5468464],[0.0960058,51.5467285],[0.0959935,51.5467237],[0.0959272,51.546698],[0.0956722,51.5465992],[0.0956332,51.5465841],[0.0956267,51.5465816],[0.0955616,51.5465564],[0.0955539,51.5465534],[0.0954795,51.5465301],[0.0953635,51.5464937],[0.0950988,51.5464108],[0.0950691,51.5464015],[0.0950641,51.5463998],[0.095055,51.5463967],[0.0946569,51.5462639],[0.0946088,51.5462478],[0.0943322,51.5461555],[0.0942132,51.5461094],[0.0941899,51.5461004],[0.0940559,51.5460485],[0.093787,51.5459425],[0.0937716,51.5459354],[0.0937655,51.5459326],[0.0937297,51.5459159],[0.0937246,51.5459135],[0.0936271,51.5458681],[0.0935948,51.5458531],[0.0935549,51.5458345],[0.0934637,51.5457933],[0.0934594,51.5457973],[0.0933095,51.5459377],[0.0932243,51.5460175],[0.0930471,51.5464412],[0.0930028,51.5465471],[0.0929571,51.5466564],[0.0929342,51.5467498],[0.0928712,51.5470062],[0.0928211,51.5472103],[0.0927616,51.5473773],[0.0927601,51.5473814],[0.0925927,51.5478512],[0.0924819,51.5481249],[0.0924405,51.5482273],[0.0923794,51.5483492],[0.0923409,51.5484541],[0.092317,51.5485602],[0.0923082,51.5486641],[0.0923088,51.5487058],[0.0923095,51.5487512],[0.0923373,51.5488861],[0.0924113,51.5490797],[0.0924206,51.5491041],[0.0924313,51.549132],[0.0924378,51.5491492],[0.0924636,51.5492164],[0.0924896,51.5492845],[0.0925135,51.5493471],[0.0925171,51.5493854],[0.0925183,51.5493917],[0.0925321,51.5495428],[0.0925365,51.5495889],[0.0925377,51.5496018],[0.092538,51.5496051],[0.0925232,51.549601],[0.0924934,51.5495928],[0.0924184,51.5495721],[0.0924026,51.5495648],[0.0922972,51.5495162],[0.092108,51.5494291],[0.0920221,51.5493849],[0.0920147,51.5493811],[0.0918361,51.5492211],[0.0918246,51.5492088],[0.0916939,51.5490692],[0.0916641,51.5490271],[0.0916137,51.5489311],[0.09152,51.5487962],[0.091489,51.5486891],[0.0915911,51.5484402],[0.0916002,51.5484096],[0.091606,51.5483902],[0.0915979,51.5483686],[0.0915762,51.5483112],[0.0914757,51.5482612],[0.0913162,51.5482467],[0.0909913,51.5482168],[0.0908183,51.5481772],[0.0907062,51.5481112],[0.0906496,51.5480525],[0.0905983,51.5479992],[0.0905722,51.5479885],[0.0905462,51.5479779],[0.0904613,51.5479432],[0.0903662,51.5479409],[0.0902707,51.5479385],[0.0900507,51.5479332],[0.0899548,51.5479183],[0.0899345,51.5479152],[0.0897945,51.5478702],[0.0892355,51.5477882],[0.0884879,51.547704],[0.0879261,51.5476401],[0.0868053,51.5475043],[0.086665,51.5474873],[0.0866389,51.5474842],[0.0866249,51.5474822],[0.0862442,51.5474282],[0.0862158,51.547421],[0.0861711,51.5474095],[0.0860805,51.5473863],[0.0860303,51.5473734],[0.0860253,51.5473721],[0.0860183,51.5473695],[0.0859729,51.5473524],[0.0859539,51.5473452],[0.0859491,51.5473434],[0.0858751,51.5473154],[0.0856842,51.5472434],[0.0856766,51.5472405],[0.0854832,51.5471331],[0.0854543,51.5471171],[0.0854371,51.5471075],[0.0854287,51.5471028],[0.085355,51.5470618],[0.0853471,51.5470574],[0.0852712,51.5470152],[0.0851468,51.5469461],[0.0851281,51.5469357],[0.0850578,51.5469028],[0.0850337,51.5468916],[0.0850134,51.546882],[0.0849059,51.5468321],[0.0845617,51.5466713],[0.0844027,51.5466086],[0.0843928,51.5466047],[0.0843891,51.5466032],[0.0843558,51.5465902],[0.0843511,51.5465884],[0.0841202,51.5464983],[0.0839895,51.546452],[0.0839827,51.5464496],[0.0838705,51.5464099],[0.0838435,51.5464003],[0.0838022,51.5463865],[0.083789,51.546382],[0.0837044,51.5463536],[0.0836769,51.5463444],[0.0836662,51.5463408],[0.0835631,51.5463062],[0.0835568,51.5463041],[0.0835465,51.5463006],[0.0834702,51.546275],[0.0834499,51.5462682],[0.0834395,51.5462647],[0.0833652,51.5462397],[0.0833447,51.5462321],[0.0833321,51.5462274],[0.0832711,51.5462046],[0.0832648,51.5462022],[0.0832602,51.5462002],[0.0831097,51.5461322],[0.083048,51.5461043],[0.0830204,51.5460919],[0.0830115,51.5460878],[0.083008,51.5460862],[0.0829297,51.5460451],[0.0828773,51.5460175],[0.0828729,51.5460152],[0.0828176,51.5459861],[0.0828116,51.545983],[0.0827659,51.545959],[0.0827624,51.5459571],[0.0826636,51.5459052],[0.0826555,51.5459009],[0.0824889,51.5458133],[0.0824445,51.5457918],[0.0824325,51.545786],[0.0823818,51.5457613],[0.0823644,51.5457529],[0.082322,51.5457324],[0.0822511,51.5457068],[0.0822085,51.5456914],[0.0821658,51.5456759],[0.0821249,51.5456612],[0.0821116,51.5456564],[0.0820905,51.5456487],[0.0820385,51.5456359],[0.08202,51.5456314],[0.08201,51.5456291],[0.0819736,51.5456215],[0.081959,51.5456184],[0.081945,51.5456155],[0.0819409,51.5456146],[0.081914,51.5456144],[0.0818934,51.5456144],[0.0817929,51.5456143],[0.0817364,51.5456078],[0.0816987,51.5456034],[0.0816469,51.5455897],[0.0816193,51.5455824],[0.0815427,51.5455503],[0.0815773,51.5454295],[0.0815818,51.5454134],[0.0816133,51.5453135],[0.0815983,51.5452734],[0.0815889,51.5452481],[0.0815692,51.5451955],[0.0815602,51.545193],[0.0815161,51.5451817],[0.081475,51.5451711],[0.08146,51.5451672],[0.0812592,51.5451154],[0.0812543,51.5451142],[0.0811327,51.5450828],[0.0811231,51.5450803],[0.0811018,51.5450743],[0.0810252,51.5450527],[0.0810044,51.5450469],[0.0807222,51.5449673],[0.0807058,51.5449627],[0.0802319,51.5448291],[0.0801097,51.5447947],[0.0799189,51.5447386],[0.0798889,51.5447298],[0.0797173,51.5446794],[0.0797001,51.5446744],[0.079438,51.5445974],[0.0794245,51.5445934],[0.0794042,51.5445874],[0.0793778,51.5445822],[0.0791922,51.5445402],[0.0791844,51.5445385],[0.0791327,51.544527],[0.0790574,51.5445102],[0.078961,51.5444888],[0.0789484,51.544486],[0.0788777,51.5444703],[0.0788476,51.5444636],[0.078843,51.5444625],[0.0787076,51.5444324],[0.0786996,51.5444292],[0.078684,51.5444229],[0.0786793,51.544421],[0.0784432,51.5443264],[0.0784033,51.544305],[0.0782214,51.5442075],[0.0779478,51.5440888],[0.0779396,51.5440857],[0.0779317,51.5440914],[0.0779232,51.5440974],[0.0778893,51.5441217],[0.0777682,51.5442084],[0.077612,51.5444035],[0.0775292,51.5445258],[0.0775255,51.5445327],[0.0774965,51.5445741],[0.0773315,51.5445207],[0.0772271,51.5444867],[0.0770858,51.5444406],[0.0768631,51.544615],[0.0768008,51.5445895],[0.0767625,51.5445734],[0.0767188,51.5445552],[0.076715,51.5445536],[0.0766344,51.54452],[0.0765424,51.5444818],[0.0765324,51.5444776],[0.0764529,51.5444445],[0.0764335,51.5444364],[0.0764303,51.5444348],[0.0763949,51.5444169],[0.0763873,51.544413],[0.0763838,51.5444112],[0.0763251,51.5443815],[0.0763033,51.5443705],[0.0762566,51.5443468],[0.0762399,51.5443383],[0.0762325,51.5443346],[0.07622,51.5443283],[0.0761961,51.5443162],[0.0761912,51.5443137],[0.0760748,51.5442548],[0.0760606,51.5442475],[0.0760491,51.5442417],[0.0760353,51.5442349],[0.0760013,51.5442221],[0.0759867,51.5442166],[0.0759794,51.5442139],[0.0759646,51.5442083],[0.0759349,51.5441971],[0.0759061,51.5441863],[0.0758535,51.5441665],[0.0758327,51.5441587],[0.0758257,51.544156],[0.0758008,51.5441466],[0.0757681,51.5441343],[0.0757537,51.5441302],[0.0757209,51.5441209],[0.0757058,51.5441166],[0.0756954,51.5441137],[0.0756646,51.5441049],[0.0756286,51.5440947],[0.0756222,51.5440929],[0.0755488,51.544072],[0.0755361,51.5440684],[0.0755206,51.5440661],[0.0755067,51.5440641],[0.0754723,51.5440589],[0.0754613,51.5440573],[0.0754459,51.544055],[0.0754282,51.5440524],[0.0753807,51.5440453],[0.0753536,51.5440412],[0.0753472,51.5440403],[0.0753407,51.5440393],[0.0753331,51.5440382],[0.0753163,51.5440357],[0.075302,51.5440335],[0.0752227,51.5440217],[0.0752168,51.5440209],[0.0752051,51.5440191],[0.0751718,51.5440142],[0.0751386,51.5440092],[0.0750427,51.5439949],[0.0750141,51.5439907],[0.0749864,51.5439865],[0.0749785,51.5439854],[0.0749719,51.5439844],[0.0749517,51.5439814],[0.0749317,51.5439784],[0.0748892,51.5439715],[0.0748818,51.5439703],[0.0748448,51.5439643],[0.0748304,51.543962],[0.0748072,51.5439583],[0.0747603,51.5439507],[0.0747512,51.5439492],[0.0747454,51.5439483],[0.0747389,51.5439472],[0.0747021,51.5439413],[0.0746485,51.5439326],[0.0746338,51.5439302],[0.0745887,51.5439229],[0.0745834,51.5439221],[0.0745785,51.5439213],[0.0744804,51.5439054],[0.0743978,51.5438985],[0.0743678,51.5438959],[0.0743516,51.5438945],[0.0743235,51.5438922],[0.0743046,51.5438906],[0.074296,51.5438899],[0.0742612,51.5438869],[0.0742233,51.5438837],[0.0742179,51.5438833],[0.0741847,51.5438805],[0.0741655,51.5438789],[0.0741468,51.5438773],[0.0740997,51.5438733],[0.0740956,51.5438731],[0.0740906,51.5438728],[0.0740649,51.5438714],[0.0740365,51.5438698],[0.0740072,51.5438682],[0.073992,51.5438674],[0.0739847,51.543867],[0.0739795,51.5438667],[0.0739653,51.5438659],[0.0739421,51.5438646],[0.0739179,51.5438633],[0.0739112,51.5438629],[0.073864,51.5438603],[0.0738306,51.5438585],[0.0738022,51.5438569],[0.0737967,51.5438566],[0.0737699,51.5438551],[0.0737516,51.5438541],[0.0737465,51.5438538],[0.0736896,51.5438506],[0.0736647,51.5438493],[0.0736577,51.5438489],[0.073619,51.5438467],[0.0736126,51.5438464],[0.0736016,51.5438464],[0.0735792,51.5438464],[0.0735639,51.5438464],[0.0734888,51.5438464],[0.0734703,51.5438453],[0.0733468,51.5438373],[0.0733181,51.5438355],[0.0732971,51.5437892],[0.073275,51.5437404],[0.073207,51.543746],[0.0731479,51.5437509],[0.0731349,51.543752],[0.0731004,51.5437549],[0.0730856,51.5437561],[0.0730788,51.5437566],[0.0730568,51.5437585],[0.0730277,51.5437846],[0.0729856,51.5438224],[0.072952,51.5438238],[0.0726061,51.5438384],[0.0725554,51.5438734],[0.072498,51.5438721],[0.0724862,51.5438718],[0.0724775,51.5438716],[0.0724634,51.5438712],[0.0724094,51.54387],[0.0723984,51.5438697],[0.0723854,51.5438694],[0.0722573,51.5438664],[0.0721746,51.5438644],[0.0721511,51.5438639],[0.0721454,51.5438637],[0.0721368,51.5438635],[0.0721299,51.5438634],[0.072116,51.543863],[0.0721052,51.5438628],[0.0720455,51.5438614],[0.072028,51.543861],[0.0720204,51.5438608],[0.0720096,51.5438605],[0.0719896,51.5438342],[0.0719623,51.5437945],[0.0719324,51.5437509],[0.0718059,51.543601],[0.0717954,51.5435886],[0.0716548,51.5436099],[0.0716473,51.5436111],[0.0714945,51.5436344],[0.0714575,51.5436401],[0.0711874,51.5436815],[0.0711399,51.5437102],[0.0709725,51.5438113],[0.0708823,51.5438274],[0.0708762,51.5438285],[0.0706577,51.5438675],[0.070484,51.5438986],[0.070351,51.5439223],[0.0703469,51.5439232],[0.0702265,51.5439497],[0.070208,51.5439538],[0.0702029,51.5439549],[0.0701673,51.5439628],[0.0701366,51.5439695],[0.0701022,51.5439771],[0.0698937,51.544023],[0.0698565,51.5440312],[0.0697147,51.5440624],[0.0696165,51.5440828],[0.0695776,51.5440904],[0.0695476,51.544096],[0.0695056,51.5441035],[0.0694547,51.5441124],[0.0693662,51.5441284],[0.0691626,51.5441654],[0.069154,51.544167],[0.0691024,51.5441763],[0.0691133,51.5442574],[0.0683267,51.5444142],[0.068333,51.544433],[0.0683371,51.5444446],[0.0683655,51.5445242],[0.0684446,51.5447228],[0.0684551,51.5447492],[0.0684807,51.5448345],[0.0685017,51.5449045],[0.0685655,51.5451172],[0.068589,51.5453308],[0.0685898,51.545338],[0.0686043,51.545469],[0.0686176,51.5455892],[0.0686237,51.5456451],[0.0686238,51.5456824],[0.068624,51.5457412],[0.0686242,51.5458236],[0.0686243,51.5458571],[0.068644,51.5459491],[0.0686583,51.5460159],[0.0686632,51.5460391],[0.0686765,51.5461214],[0.0687098,51.546331],[0.0687019,51.5464003],[0.0686998,51.5464183],[0.0686903,51.5465018],[0.0686794,51.5465969],[0.0686767,51.5466208],[0.0686679,51.546698],[0.0686669,51.5467056],[0.0686657,51.5467156],[0.0686527,51.5468238],[0.0686513,51.5468349],[0.0686377,51.5469478],[0.068632,51.5469958],[0.0686276,51.5470322],[0.0686043,51.5472249],[0.0686161,51.547245],[0.0686496,51.5473024],[0.0686554,51.5473122],[0.0686786,51.5473519],[0.0686898,51.5474057],[0.0686953,51.5474323],[0.0687084,51.5474951],[0.0687166,51.5475349],[0.0686946,51.5477125],[0.0686816,51.5478168],[0.0686473,51.5479344],[0.0686423,51.5479513],[0.06863,51.5479964],[0.0686048,51.5480857],[0.0685835,51.5481528],[0.0685768,51.5481757],[0.0685623,51.5482253],[0.0685584,51.5482388],[0.0685545,51.5482633],[0.068552,51.5482785],[0.0685513,51.548283],[0.0685476,51.5483061],[0.0685448,51.548324],[0.0685388,51.5483614],[0.0685376,51.5483688],[0.0685338,51.5483928],[0.0684757,51.5487617],[0.0684156,51.5491135],[0.0683945,51.5492367],[0.0683735,51.5493507],[0.0683471,51.5494759],[0.0683226,51.5495923],[0.0682429,51.5499715],[0.0682063,51.5501447],[0.0681848,51.5502465],[0.0681843,51.5502491],[0.0681747,51.5502945],[0.0681724,51.5503144],[0.0681568,51.5504469],[0.0681536,51.5504742],[0.0681461,51.5505377],[0.0681406,51.5505853],[0.0681341,51.5506406],[0.0681335,51.5506455],[0.0681265,51.5507048],[0.0681207,51.5507548],[0.0680963,51.5509621],[0.0680949,51.5509736],[0.0680924,51.5509955],[0.0680878,51.5510348],[0.0680846,51.5510618],[0.0680814,51.5510888],[0.0680806,51.5510953],[0.068079,51.5511092],[0.0680765,51.5511305],[0.0680729,51.5511487],[0.0680697,51.5511655],[0.0680664,51.5511822],[0.0680649,51.5511897],[0.0680635,51.5511969],[0.0680589,51.5512203],[0.0680582,51.5512243],[0.0680544,51.5512436],[0.0680382,51.5513263],[0.0680309,51.5513638],[0.0680295,51.5513707],[0.0680269,51.551384],[0.0680238,51.5513998],[0.0680202,51.5514187],[0.0680189,51.551425],[0.068011,51.5514653],[0.0680084,51.5514786],[0.0680059,51.5514918],[0.0680043,51.5515001],[0.0679946,51.5515495],[0.0679905,51.5515703],[0.0679727,51.5516615],[0.0679713,51.5516685],[0.0679558,51.5517479],[0.0679509,51.5517727],[0.067949,51.5517827],[0.0679471,51.5517924],[0.0679441,51.5518078],[0.0679309,51.5518754],[0.0679189,51.5519812],[0.067915,51.5520151],[0.0679125,51.552037],[0.0678794,51.5523288],[0.0678783,51.5523382],[0.0678515,51.5525748],[0.0678492,51.5525945],[0.0678167,51.5528808],[0.0678111,51.5529305],[0.0678007,51.5530223],[0.0677962,51.5530613],[0.0675745,51.5530516],[0.0675462,51.5530504],[0.0673268,51.5530409],[0.0672968,51.5530396],[0.0669444,51.5530243],[0.0669394,51.5530536],[0.066879,51.5534118],[0.0668727,51.5534487],[0.0668712,51.5534577],[0.0668316,51.5536921],[0.0668279,51.5537141],[0.0668207,51.5537568],[0.0668186,51.5537692],[0.0667977,51.5538599],[0.066794,51.5538759],[0.0667504,51.5540652],[0.0667449,51.5540889],[0.0667293,51.5541564],[0.0667143,51.5542215],[0.0667067,51.5542546],[0.0666957,51.5543023],[0.0666912,51.5543218],[0.0666897,51.5543284],[0.0666709,51.5544011],[0.0666611,51.554439],[0.0666505,51.55448],[0.0666481,51.5544892],[0.0666004,51.5546758],[0.0665954,51.5546934],[0.0665928,51.5547034],[0.06659,51.5547142],[0.0665879,51.5547224],[0.066587,51.554726],[0.0665099,51.5548049],[0.0664483,51.554868],[0.0663368,51.5549547],[0.0663125,51.5549736],[0.0662694,51.5550071],[0.0662593,51.555015],[0.0660273,51.5551939],[0.06597,51.5552381],[0.0659457,51.5552631],[0.0659055,51.5553045],[0.0656884,51.5555282],[0.0656711,51.555546],[0.0657528,51.5556198],[0.0657971,51.55566],[0.0657726,51.5556816],[0.0657194,51.5557285],[0.0656987,51.5557467],[0.0656792,51.5557639],[0.0653701,51.5560214],[0.0653551,51.5560339],[0.0651594,51.5562206],[0.0651561,51.5562238],[0.0650804,51.556296],[0.0650803,51.556296],[0.0650481,51.5563268],[0.0650422,51.5563324],[0.0650257,51.5563482],[0.0650208,51.5563528],[0.0649802,51.5563916],[0.0649613,51.5564096],[0.0648512,51.5563707],[0.064731,51.5563279],[0.0646176,51.5564528],[0.0644345,51.5566121],[0.0642178,51.5568007],[0.0640315,51.5569288],[0.0637446,51.5571237],[0.0635887,51.5573057],[0.0631824,51.5575614],[0.0609954,51.5568837],[0.060635,51.5567277],[0.0599778,51.5565139],[0.0599586,51.5565268],[0.0597641,51.5566579],[0.0597502,51.5566673],[0.0597259,51.5566837],[0.0596838,51.5567328],[0.0596814,51.5567356],[0.0596711,51.5567541],[0.059653,51.5567867],[0.0596406,51.5568319],[0.0596399,51.5568347],[0.0596398,51.5568389],[0.0596394,51.5569031],[0.0596005,51.5569408],[0.0595502,51.5569594],[0.0595251,51.5569686],[0.0594419,51.5569695],[0.0594243,51.5569695],[0.0592877,51.5569238],[0.0592355,51.5569174],[0.0592297,51.5569166],[0.059181,51.5569167],[0.0591169,51.5569348],[0.0590732,51.5569637],[0.0590455,51.5570107],[0.0590451,51.5570144],[0.0590441,51.5570224],[0.0590426,51.5570393],[0.0590489,51.5570647],[0.0590706,51.5571066],[0.0590468,51.5571396],[0.0590049,51.5571701],[0.058943,51.5571957],[0.0588768,51.5572086],[0.0587705,51.5572106],[0.0586591,51.5572796],[0.0586376,51.5573406],[0.0586303,51.5573494],[0.0586179,51.5573647],[0.0585893,51.5573896],[0.05846,51.5574627],[0.0584121,51.5574987],[0.0583886,51.5575227],[0.0583741,51.5575375],[0.05833,51.5576176],[0.0582682,51.5578481],[0.0581313,51.5579095],[0.0580717,51.5578875],[0.0580003,51.5578727],[0.0579783,51.5578681],[0.0579615,51.5578646],[0.0579245,51.5578634],[0.057873,51.5578616],[0.0578315,51.5578682],[0.0577637,51.5578788],[0.057758,51.5578804],[0.0576314,51.5579584],[0.0575644,51.5579996],[0.0572644,51.5580225],[0.0571222,51.5581075],[0.0570411,51.5581944],[0.0569906,51.5582485],[0.0570106,51.5585239],[0.0570121,51.5585435],[0.0570055,51.5585774],[0.0569908,51.5586114],[0.0569789,51.558626],[0.0569532,51.5586575],[0.0569423,51.558668],[0.0569123,51.5586968],[0.0568765,51.5587174],[0.0568197,51.558736],[0.0567348,51.5587324],[0.0566841,51.5587084],[0.0566418,51.558666],[0.0566294,51.5586536],[0.0565911,51.5586264],[0.0565749,51.5586187],[0.0565573,51.5586103],[0.056545,51.5586045],[0.0564892,51.5585865],[0.05642,51.5585727],[0.056414,51.5585726],[0.0563579,51.5585738],[0.0563534,51.5585738],[0.0563473,51.558576],[0.0563177,51.5585863],[0.0563028,51.5585914],[0.0562835,51.5586063],[0.056274,51.5586134],[0.0562516,51.5586554],[0.0562493,51.5586654],[0.0562369,51.5587189],[0.0562363,51.5587246],[0.0562963,51.558792],[0.0562984,51.5587944],[0.0563237,51.5588354],[0.0563332,51.5588894],[0.0560558,51.5591124],[0.0558583,51.5592344],[0.0558359,51.5592482],[0.0557856,51.5592793],[0.0557617,51.5592962],[0.0557024,51.5593379],[0.0556039,51.5593883],[0.0555255,51.5594144],[0.0555043,51.5594214],[0.0554827,51.5594284],[0.0553588,51.5594513],[0.0553023,51.5594556],[0.0552276,51.5594614],[0.0552182,51.5594636],[0.0549537,51.5595263],[0.0547836,51.5595579],[0.0547274,51.5595683],[0.0546456,51.5595733],[0.054584,51.5595863],[0.0545175,51.5596123],[0.0544624,51.5596493],[0.0544315,51.5596844],[0.0544083,51.5597293],[0.0543717,51.5597839],[0.05435,51.5598163],[0.0543298,51.5598692],[0.054322,51.5599163],[0.0543313,51.5600013],[0.0543685,51.5600862],[0.0543818,51.560166],[0.0543999,51.5602742],[0.0544067,51.5603153],[0.0543437,51.5603982],[0.0543226,51.5604089],[0.0542468,51.5604472],[0.0541918,51.5604882],[0.0541787,51.560502],[0.0541649,51.5605165],[0.054158,51.5605237],[0.054147,51.5605352],[0.0541371,51.5605513],[0.0541193,51.5605801],[0.054106,51.5606245],[0.0541048,51.5606519],[0.0541038,51.5606764],[0.0541163,51.5607323],[0.0541207,51.5607521],[0.0540976,51.5608582],[0.0539097,51.5608921],[0.0538481,51.5609093],[0.0537806,51.5609282],[0.0536838,51.5609621],[0.0535674,51.56102],[0.0535184,51.5610531],[0.0534611,51.561101],[0.0534093,51.5611522],[0.0533718,51.5612088],[0.0533485,51.561244],[0.0532822,51.5613307],[0.053168,51.56148],[0.0531044,51.56153],[0.0530826,51.5615421],[0.0530683,51.5615501],[0.0530517,51.5615562],[0.0530089,51.561572],[0.0529331,51.5615911],[0.0528046,51.561602],[0.0527509,51.561611],[0.0526975,51.5616251],[0.0526488,51.5616451],[0.0525987,51.561675],[0.0525539,51.5617146],[0.0524969,51.561796],[0.0523011,51.561875],[0.0520329,51.561966],[0.0517119,51.5620869],[0.0515052,51.562203],[0.0513645,51.5623219],[0.0510671,51.5627739],[0.0509796,51.5629068],[0.0507176,51.5632158],[0.0506385,51.5633208],[0.0504117,51.5638318],[0.0503169,51.5639886],[0.0488592,51.5635626],[0.0486449,51.5634999],[0.0481358,51.5633313],[0.0480862,51.5633148],[0.0480665,51.5633088],[0.0474351,51.5631149],[0.0472736,51.5630704],[0.0469403,51.5629788],[0.0467125,51.5629043],[0.0462823,51.5627638],[0.0461498,51.5627257],[0.0456145,51.5625718],[0.045609,51.5625701],[0.0456038,51.5625684],[0.0448982,51.5623447],[0.0448925,51.5623429],[0.0447588,51.5623006],[0.044743,51.5622956],[0.0446018,51.5622508],[0.0444725,51.5622136],[0.0444546,51.5622086],[0.0441108,51.5621096],[0.0440949,51.562105],[0.0439575,51.5620655],[0.0438929,51.5620469],[0.0437132,51.5619799],[0.0431364,51.5618147],[0.0430107,51.5617787],[0.0429724,51.5617677],[0.0429532,51.5617622],[0.0429352,51.561757],[0.0428725,51.5617391],[0.0428669,51.5617375],[0.0427194,51.5616952],[0.0427033,51.5616906],[0.0426942,51.561688],[0.0426271,51.5616688],[0.0426028,51.5616604],[0.0425919,51.5616567],[0.0424604,51.5616114],[0.0424567,51.5616101],[0.0423316,51.561567],[0.0423279,51.5615657],[0.0422937,51.5615539],[0.0422866,51.5615519],[0.0422602,51.5615444],[0.0422279,51.5615353],[0.0421062,51.5615009],[0.0419285,51.5614516],[0.0419695,51.5613737],[0.0419796,51.5613542],[0.0420157,51.5612851],[0.0420191,51.5612786],[0.0420276,51.5612622],[0.0420368,51.5612446],[0.0420592,51.5612015],[0.042085,51.5611522],[0.0420892,51.5611441],[0.0420928,51.5611371],[0.0420967,51.5611255],[0.0421364,51.5610059],[0.0421394,51.5609968],[0.0421754,51.5608884],[0.0421772,51.560883],[0.0422054,51.5607983],[0.042209,51.5607874],[0.0422173,51.5607623],[0.0422392,51.5606963],[0.0422483,51.560669],[0.0422631,51.5606258],[0.042264,51.5606232],[0.0422879,51.560554],[0.0423227,51.5604527],[0.0423236,51.5604501],[0.0423382,51.5604076],[0.0423725,51.5603082],[0.0423786,51.5602905],[0.0423838,51.5602753],[0.0424445,51.5600989],[0.04245,51.560083],[0.042476,51.5600073],[0.0424796,51.559997],[0.0425042,51.5599255],[0.042532,51.5598446],[0.0425354,51.5598347],[0.0425446,51.559808],[0.0425607,51.5597678],[0.0425642,51.559759],[0.0426079,51.5596494],[0.0426113,51.5596411],[0.0426472,51.5595512],[0.0426523,51.5595384],[0.042667,51.5595016],[0.0426751,51.5594813],[0.0426978,51.5594243],[0.0427021,51.5594136],[0.0427104,51.5593928],[0.0427148,51.5593819],[0.0427321,51.5593386],[0.0427585,51.5592723],[0.0427605,51.5592674],[0.0427951,51.5591806],[0.0427992,51.5591703],[0.0428236,51.5591092],[0.042834,51.5590832],[0.042874,51.5589538],[0.0428835,51.5589231],[0.0428956,51.5588838],[0.0429902,51.558578],[0.0430292,51.5584512],[0.0429715,51.5584258],[0.0429277,51.5584065],[0.0427525,51.5583292],[0.0433058,51.5579413],[0.0434567,51.5578331],[0.0438427,51.5575565],[0.0442221,51.5571738],[0.0442294,51.5571664],[0.0442632,51.5571324],[0.0446872,51.5566146],[0.0447031,51.5565948],[0.0449517,51.556286],[0.0450271,51.5561925],[0.0453792,51.5558404],[0.045468,51.5557516],[0.0454747,51.5557432],[0.0455206,51.5556861],[0.0456416,51.5555356],[0.0457152,51.555444],[0.0457176,51.555441],[0.0457239,51.5554331],[0.0457294,51.5554263],[0.0457422,51.5554103],[0.0459573,51.5551426],[0.0460977,51.5549034],[0.0461373,51.5548357],[0.0460198,51.5548417],[0.0457614,51.5548547],[0.0457568,51.554855],[0.045752,51.5548552],[0.0457176,51.5548569],[0.0456184,51.554862],[0.0455851,51.5548636],[0.0455679,51.5548645],[0.0454984,51.554868],[0.0454537,51.5548703],[0.0454029,51.5548728],[0.045389,51.5548735],[0.0453662,51.5548747],[0.0453417,51.5548759],[0.0452882,51.5548786],[0.0451586,51.5548859],[0.0451222,51.554888],[0.0450284,51.5548933],[0.0449032,51.5549004],[0.0445736,51.5549189],[0.044059,51.554948],[0.0439708,51.554953],[0.0436386,51.5549717],[0.043634,51.5549719],[0.0428152,51.555013],[0.042727,51.5550174],[0.0422709,51.5550403],[0.0417753,51.555065],[0.0417668,51.5550655],[0.0417456,51.5550666],[0.0415844,51.5550751],[0.0415317,51.5550778],[0.0414837,51.5550804],[0.041352,51.5550873],[0.0412688,51.5550916],[0.0412586,51.5550922],[0.0411026,51.5551003],[0.0410911,51.5551009],[0.0410565,51.5551028],[0.040967,51.5551074],[0.0409536,51.5551081],[0.0407788,51.5551173],[0.0407238,51.5551202],[0.0407163,51.5551206],[0.0406953,51.5551217],[0.0405548,51.555129],[0.0405462,51.5551295],[0.0405128,51.5551312],[0.0405005,51.5551319],[0.0403488,51.5551398],[0.0403087,51.5551419],[0.0401685,51.5551493],[0.0401576,51.5551498],[0.0400631,51.5551548],[0.0400137,51.5551574],[0.039949,51.5551608],[0.0399346,51.5551615],[0.0398989,51.5551634],[0.0398716,51.5551649],[0.0398205,51.5551676],[0.0397822,51.5551696],[0.0397636,51.5551706],[0.0397491,51.5551713],[0.039618,51.5551783],[0.0395291,51.555183],[0.0395158,51.5551837],[0.039506,51.5551842],[0.0394788,51.5551856],[0.0394529,51.555187],[0.0394216,51.5551886],[0.0393863,51.5551905],[0.0393778,51.555191],[0.0392049,51.5552001],[0.0391934,51.5552007],[0.0391409,51.5552035],[0.0391021,51.5552055],[0.0390121,51.5552103],[0.038997,51.5552111],[0.038815,51.5552207],[0.0388048,51.5552213],[0.0387131,51.5552261],[0.0386897,51.5552273],[0.0385821,51.555233],[0.0383939,51.555243],[0.0383155,51.5552471],[0.0382988,51.555248],[0.0382507,51.5552505],[0.0382126,51.5552525],[0.0381788,51.5552543],[0.0381068,51.5552581],[0.0381021,51.5552584],[0.0380766,51.5552597],[0.0380716,51.55526],[0.0379083,51.5552686],[0.0378981,51.5552692],[0.0378675,51.5552708],[0.0378534,51.5552715],[0.0376496,51.5552756],[0.0376057,51.5552765],[0.0375984,51.5552766],[0.0374131,51.5552804],[0.0372929,51.5552828],[0.037232,51.5552841],[0.0371001,51.5552867],[0.0370946,51.5552869],[0.0369673,51.5552894],[0.0369488,51.5552898],[0.0367899,51.555293],[0.036775,51.5552933],[0.0367463,51.5552939],[0.0366214,51.5552964],[0.0365939,51.555297],[0.0365779,51.5552973],[0.0365312,51.5552983],[0.0364288,51.5553003],[0.0364209,51.5553005],[0.0364003,51.5553009],[0.0363416,51.5553021],[0.0362613,51.5553037],[0.0362517,51.5553039],[0.0362268,51.5553044],[0.0360786,51.5553074],[0.0360466,51.5553081],[0.0360265,51.5553085],[0.0359962,51.5553091],[0.0359615,51.5553098],[0.0358261,51.5553125],[0.0358084,51.5553129],[0.0357026,51.555315],[0.0356804,51.5553155],[0.0354577,51.55532],[0.0354056,51.5553211],[0.0354003,51.5553212],[0.0353336,51.5553225],[0.0352636,51.5552997],[0.0352393,51.5552916],[0.0352165,51.5552841],[0.0350719,51.5552363],[0.0350312,51.5552229],[0.0350088,51.5552155],[0.0350011,51.555214],[0.0348803,51.5551919],[0.034863,51.5551888],[0.0348532,51.555187],[0.034824,51.5551816],[0.0347768,51.555173],[0.0347571,51.5551694],[0.0346379,51.5551476],[0.0345543,51.5551323],[0.0345466,51.5551308],[0.0343422,51.5550934],[0.034317,51.5550888],[0.0343004,51.5550858],[0.0342825,51.5550825],[0.0342669,51.5550792],[0.0341837,51.5550617],[0.034141,51.5550527],[0.0340499,51.5550336],[0.0340435,51.5550322],[0.0339237,51.555007],[0.0339103,51.5550042],[0.0338423,51.5549899],[0.0338168,51.5549845],[0.0338128,51.5549837],[0.0337312,51.5549665],[0.0337209,51.5549643],[0.0336479,51.554949],[0.0336148,51.554942],[0.0334856,51.5549148],[0.0334672,51.554911],[0.0333586,51.5548881],[0.0331849,51.5548516],[0.0331112,51.5548342],[0.0330961,51.5548306],[0.0329517,51.5547966],[0.0329317,51.5547919],[0.0328585,51.5547747],[0.0328244,51.5547666],[0.0327637,51.5547523],[0.0327233,51.5547428],[0.032662,51.5547284],[0.0326131,51.5547169],[0.0326086,51.5547158],[0.0326029,51.5547144],[0.0325947,51.5547125],[0.0324461,51.5546775],[0.032429,51.5546735],[0.0323403,51.5546526],[0.0323312,51.5546504],[0.0320485,51.5545838],[0.032044,51.5545828],[0.0319893,51.5545699],[0.0317858,51.5545486],[0.0316233,51.5545319],[0.0314038,51.5545092],[0.0312007,51.5544882],[0.031189,51.554487],[0.0311341,51.5544813],[0.0309809,51.5544655],[0.0309043,51.5544576],[0.0306659,51.5544379],[0.0306568,51.5544371],[0.0305948,51.554432],[0.0304101,51.5544168],[0.0302862,51.5544066],[0.0301395,51.5543945],[0.0299998,51.5543829],[0.0299001,51.5543747],[0.0296444,51.5543536],[0.0295838,51.5543486],[0.0294366,51.5543364],[0.0293288,51.5543568],[0.0292938,51.5543635],[0.0292309,51.5543754],[0.029044,51.5543958],[0.0289734,51.5544034],[0.0289521,51.5544045],[0.0289045,51.5544067],[0.0287395,51.5544145],[0.0285033,51.5544011],[0.0283437,51.5543919],[0.0282762,51.5543881],[0.0281782,51.5543825],[0.02816,51.5543812],[0.0281516,51.5543806],[0.0280023,51.5543702],[0.0278962,51.5543628],[0.0278306,51.5543583],[0.0277681,51.5543539],[0.0277155,51.5543502],[0.027595,51.5543418],[0.0275469,51.5543385],[0.0274979,51.5543336],[0.0273617,51.5543202],[0.0273042,51.5543146],[0.0270806,51.5542925],[0.0270433,51.5542888],[0.0270036,51.5542849],[0.0268892,51.5542737],[0.0268606,51.5542708],[0.0267147,51.5542565],[0.0266193,51.554243],[0.0262516,51.554191],[0.0260133,51.5541572],[0.0257539,51.5541206],[0.025342,51.5540625],[0.0253287,51.55424],[0.0253253,51.5542856],[0.0253203,51.5543531],[0.0253094,51.5544983],[0.0253044,51.5545647],[0.0252988,51.5546407],[0.0252968,51.5546667],[0.0252944,51.5546992],[0.0252928,51.5547204],[0.0252912,51.5547978],[0.0252898,51.5548646],[0.0252891,51.5548939],[0.0252879,51.5549537],[0.0252844,51.5551184],[0.0252823,51.5552181],[0.0252807,51.555296],[0.0252806,51.5552999],[0.0252795,51.5553512],[0.0252784,51.5554038],[0.0252765,51.555495],[0.0252738,51.5555473],[0.0252592,51.5555481],[0.025253,51.5555479],[0.0247071,51.5555613],[0.0244764,51.5555532],[0.0238085,51.5555298]]]}},{"type":"Feature","properties":{"Name":null,"description":null,"timestamp":null,"begin":null,"end":null,"altitudeMode":null,"tessellate":"NA","extrude":"NA","visibility":"NA","drawOrder":"NA","icon":null,"ltla22cd":null,"ltla22nm":null,"ltla22nmw":null,"label":null,"stroke-opacity":"NA","stroke-width":4,"stroke":"#9C27B0","fill-opacity":"NA","fill":null,"LengthInMetres":17,"Title":"C16","Direction":"TwoWay","Flow":null,"Protection":null,"RoadOwnership":null,"YearBuilt":null,"Borough":"Redbridge"},"geometry":{"type":"LineString","coordinates":[[0.0289743,51.5544],[0.0290896,51.55441],[0.0292026,51.55438]]}},{"type":"Feature","properties":{"Name":null,"description":null,"timestamp":null,"begin":null,"end":null,"altitudeMode":null,"tessellate":"NA","extrude":"NA","visibility":"NA","drawOrder":"NA","icon":null,"ltla22cd":null,"ltla22nm":null,"ltla22nmw":null,"label":null,"stroke-opacity":"NA","stroke-width":4,"stroke":"#9C27B0","fill-opacity":"NA","fill":null,"LengthInMetres":97,"Title":"C23","Direction":"TwoWay","Flow":null,"Protection":null,"RoadOwnership":null,"YearBuilt":null,"Borough":"Redbridge"},"geometry":{"type":"LineString","coordinates":[[0.0138357,51.60053],[0.0145122,51.60129]]}},{"type":"Feature","properties":{"Name":null,"description":null,"timestamp":null,"begin":null,"end":null,"altitudeMode":null,"tessellate":"NA","extrude":"NA","visibility":"NA","drawOrder":"NA","icon":null,"ltla22cd":null,"ltla22nm":null,"ltla22nmw":null,"label":null,"stroke-opacity":"NA","stroke-width":4,"stroke":"#9C27B0","fill-opacity":"NA","fill":null,"LengthInMetres":5,"Title":"Green Man Roundabout","Direction":"TwoWay","Flow":null,"Protection":null,"RoadOwnership":null,"YearBuilt":null,"Borough":"Redbridge"},"geometry":{"type":"LineString","coordinates":[[0.0167264,51.57346],[0.0168005,51.57347]]}},{"type":"Feature","properties":{"Name":null,"description":null,"timestamp":null,"begin":null,"end":null,"altitudeMode":null,"tessellate":"NA","extrude":"NA","visibility":"NA","drawOrder":"NA","icon":null,"ltla22cd":null,"ltla22nm":null,"ltla22nmw":null,"label":null,"stroke-opacity":"NA","stroke-width":4,"stroke":"#9C27B0","fill-opacity":"NA","fill":null,"LengthInMetres":376,"Title":"Green Man Roundabout","Direction":"TwoWay","Flow":null,"Protection":null,"RoadOwnership":null,"YearBuilt":null,"Borough":"Redbridge"},"geometry":{"type":"LineString","coordinates":[[0.0189482,51.57169],[0.0189827,51.57169],[0.0192107,51.57176],[0.0195433,51.57188],[0.0199027,51.57202],[0.0203989,51.57224],[0.0206698,51.57236],[0.0211687,51.57259],[0.0214852,51.57272],[0.0218526,51.57287],[0.0220994,51.57297],[0.0222818,51.57299],[0.0227995,51.57315],[0.0228853,51.57321],[0.0231481,51.57331],[0.0233734,51.57339],[0.0234781,51.57342],[0.0235558,51.57341]]}},{"type":"Feature","properties":{"Name":null,"description":null,"timestamp":null,"begin":null,"end":null,"altitudeMode":null,"tessellate":"NA","extrude":"NA","visibility":"NA","drawOrder":"NA","icon":null,"ltla22cd":null,"ltla22nm":null,"ltla22nmw":null,"label":null,"stroke-opacity":"NA","stroke-width":4,"stroke":"#9C27B0","fill-opacity":"NA","fill":null,"LengthInMetres":1,"Title":"Green Man Roundabout","Direction":"TwoWay","Flow":null,"Protection":null,"RoadOwnership":null,"YearBuilt":null,"Borough":"Redbridge"},"geometry":{"type":"LineString","coordinates":[[0.0180124,51.57202],[0.0180204,51.57202]]}},{"type":"Feature","properties":{"Name":null,"description":null,"timestamp":null,"begin":null,"end":null,"altitudeMode":null,"tessellate":"NA","extrude":"NA","visibility":"NA","drawOrder":"NA","icon":null,"ltla22cd":null,"ltla22nm":null,"ltla22nmw":null,"label":null,"stroke-opacity":"NA","stroke-width":4,"stroke":"#9C27B0","fill-opacity":"NA","fill":null,"LengthInMetres":17,"Title":"Green Man Roundabout","Direction":"TwoWay","Flow":null,"Protection":null,"RoadOwnership":null,"YearBuilt":null,"Borough":"Redbridge"},"geometry":{"type":"LineString","coordinates":[[0.0188935,51.57228],[0.0190602,51.57235],[0.0190964,51.57236]]}},{"type":"Feature","properties":{"Name":null,"description":null,"timestamp":null,"begin":null,"end":null,"altitudeMode":null,"tessellate":"NA","extrude":"NA","visibility":"NA","drawOrder":"NA","icon":null,"ltla22cd":null,"ltla22nm":null,"ltla22nmw":null,"label":null,"stroke-opacity":"NA","stroke-width":4,"stroke":"#9C27B0","fill-opacity":"NA","fill":null,"LengthInMetres":14,"Title":"St Chad's Park","Direction":"TwoWay","Flow":null,"Protection":null,"RoadOwnership":null,"YearBuilt":null,"Borough":"Redbridge"},"geometry":{"type":"LineString","coordinates":[[0.1292776,51.57435],[0.1293467,51.57423]]}},{"type":"Feature","properties":{"Name":null,"description":null,"timestamp":null,"begin":null,"end":null,"altitudeMode":null,"tessellate":"NA","extrude":"NA","visibility":"NA","drawOrder":"NA","icon":null,"ltla22cd":null,"ltla22nm":null,"ltla22nmw":null,"label":null,"stroke-opacity":"NA","stroke-width":4,"stroke":"#9C27B0","fill-opacity":"NA","fill":null,"LengthInMetres":2,"Title":"St Chad's Park","Direction":"TwoWay","Flow":null,"Protection":null,"RoadOwnership":null,"YearBuilt":null,"Borough":"Redbridge"},"geometry":{"type":"LineString","coordinates":[[0.1301014,51.57312],[0.1301144,51.5731]]}},{"type":"Feature","properties":{"Name":null,"description":null,"timestamp":null,"begin":null,"end":null,"altitudeMode":null,"tessellate":"NA","extrude":"NA","visibility":"NA","drawOrder":"NA","icon":null,"ltla22cd":null,"ltla22nm":null,"ltla22nmw":null,"label":null,"stroke-opacity":"NA","stroke-width":4,"stroke":"#9C27B0","fill-opacity":"NA","fill":null,"LengthInMetres":48,"Title":"Uphall Road","Direction":"TwoWay","Flow":null,"Protection":null,"RoadOwnership":null,"YearBuilt":null,"Borough":"Redbridge"},"geometry":{"type":"LineString","coordinates":[[0.072566,51.54821],[0.072743,51.54779]]}},{"type":"Feature","properties":{"Name":null,"description":null,"timestamp":null,"begin":null,"end":null,"altitudeMode":null,"tessellate":"NA","extrude":"NA","visibility":"NA","drawOrder":"NA","icon":null,"ltla22cd":null,"ltla22nm":null,"ltla22nmw":null,"label":null,"stroke-opacity":"NA","stroke-width":4,"stroke":"#9C27B0","fill-opacity":"NA","fill":null,"LengthInMetres":37,"Title":"Lowbrook Road","Direction":"TwoWay","Flow":null,"Protection":null,"RoadOwnership":null,"YearBuilt":null,"Borough":"Redbridge"},"geometry":{"type":"LineString","coordinates":[[0.072348,51.54878],[0.072363,51.54872],[0.072377,51.5487],[0.072405,51.54862],[0.072412,51.54861],[0.072435,51.54859],[0.072475,51.54856],[0.072489,51.54855],[0.072501,51.54852],[0.072522,51.54847]]}},{"type":"Feature","properties":{"Name":null,"description":null,"timestamp":null,"begin":null,"end":null,"altitudeMode":null,"tessellate":"NA","extrude":"NA","visibility":"NA","drawOrder":"NA","icon":null,"ltla22cd":null,"ltla22nm":null,"ltla22nmw":null,"label":null,"stroke-opacity":"NA","stroke-width":4,"stroke":"#9C27B0","fill-opacity":"NA","fill":null,"LengthInMetres":84,"Title":"Riverdene Road Park","Direction":"TwoWay","Flow":null,"Protection":null,"RoadOwnership":null,"YearBuilt":null,"Borough":"Redbridge"},"geometry":{"type":"LineString","coordinates":[[0.0699704,51.55382],[0.069992,51.55373],[0.0702458,51.55344],[0.0703271,51.55334],[0.070561,51.55317]]}},{"type":"Feature","properties":{"Name":null,"description":null,"timestamp":null,"begin":null,"end":null,"altitudeMode":null,"tessellate":"NA","extrude":"NA","visibility":"NA","drawOrder":"NA","icon":null,"ltla22cd":null,"ltla22nm":null,"ltla22nmw":null,"label":null,"stroke-opacity":"NA","stroke-width":4,"stroke":"#9C27B0","fill-opacity":"NA","fill":null,"LengthInMetres":30,"Title":"Aldersbrook Road - LB Redbridge","Direction":"TwoWay","Flow":null,"Protection":null,"RoadOwnership":null,"YearBuilt":null,"Borough":"Redbridge"},"geometry":{"type":"LineString","coordinates":[[0.02515,51.56424],[0.025263,51.56419],[0.025364,51.56413],[0.02547,51.56406]]}},{"type":"Feature","properties":{"Name":null,"description":null,"timestamp":null,"begin":null,"end":null,"altitudeMode":null,"tessellate":"NA","extrude":"NA","visibility":"NA","drawOrder":"NA","icon":null,"ltla22cd":null,"ltla22nm":null,"ltla22nmw":null,"label":null,"stroke-opacity":"NA","stroke-width":4,"stroke":"#9C27B0","fill-opacity":"NA","fill":null,"LengthInMetres":37,"Title":"Aldersbrook Road - LB Redbridge","Direction":"TwoWay","Flow":null,"Protection":null,"RoadOwnership":null,"YearBuilt":null,"Borough":"Redbridge"},"geometry":{"type":"LineString","coordinates":[[0.026145,51.56364],[0.026376,51.56349],[0.026521,51.5634]]}},{"type":"Feature","properties":{"Name":null,"description":null,"timestamp":null,"begin":null,"end":null,"altitudeMode":null,"tessellate":"NA","extrude":"NA","visibility":"NA","drawOrder":"NA","icon":null,"ltla22cd":null,"ltla22nm":null,"ltla22nmw":null,"label":null,"stroke-opacity":"NA","stroke-width":4,"stroke":"#9C27B0","fill-opacity":"NA","fill":null,"LengthInMetres":248,"Title":"Aldersbrook Road - LB Redbridge","Direction":"TwoWay","Flow":null,"Protection":null,"RoadOwnership":null,"YearBuilt":null,"Borough":"Redbridge"},"geometry":{"type":"LineString","coordinates":[[0.026672,51.56331],[0.027018,51.56309],[0.027174,51.563],[0.027276,51.56295],[0.027391,51.56288],[0.027541,51.56282],[0.027726,51.56276],[0.027834,51.56275],[0.028019,51.56274],[0.028343,51.56276],[0.029591,51.56286],[0.029907,51.56288]]}},{"type":"Feature","properties":{"Name":null,"description":null,"timestamp":null,"begin":null,"end":null,"altitudeMode":null,"tessellate":"NA","extrude":"NA","visibility":"NA","drawOrder":"NA","icon":null,"ltla22cd":null,"ltla22nm":null,"ltla22nmw":null,"label":null,"stroke-opacity":"NA","stroke-width":4,"stroke":"#9C27B0","fill-opacity":"NA","fill":null,"LengthInMetres":30,"Title":"Aldersbrook Road - LB Redbridge","Direction":"TwoWay","Flow":null,"Protection":null,"RoadOwnership":null,"YearBuilt":null,"Borough":"Redbridge"},"geometry":{"type":"LineString","coordinates":[[0.030576,51.56293],[0.031008,51.56296]]}},{"type":"Feature","properties":{"Name":null,"description":null,"timestamp":null,"begin":null,"end":null,"altitudeMode":null,"tessellate":"NA","extrude":"NA","visibility":"NA","drawOrder":"NA","icon":null,"ltla22cd":null,"ltla22nm":null,"ltla22nmw":null,"label":null,"stroke-opacity":"NA","stroke-width":2,"stroke":"#9C27B0","fill-opacity":"NA","fill":null,"LengthInMetres":151,"Title":"Aldersbrook Road - LB Redbridge","Direction":"OneWay","Flow":null,"Protection":null,"RoadOwnership":null,"YearBuilt":null,"Borough":"Redbridge"},"geometry":{"type":"LineString","coordinates":[[0.033543,51.56276],[0.033787,51.56265],[0.034253,51.56242],[0.034682,51.56221],[0.035259,51.56192]]}},{"type":"Feature","properties":{"Name":null,"description":null,"timestamp":null,"begin":null,"end":null,"altitudeMode":null,"tessellate":"NA","extrude":"NA","visibility":"NA","drawOrder":"NA","icon":null,"ltla22cd":null,"ltla22nm":null,"ltla22nmw":null,"label":null,"stroke-opacity":"NA","stroke-width":2,"stroke":"#9C27B0","fill-opacity":"NA","fill":null,"LengthInMetres":46,"Title":"Aldersbrook Road - LB Redbridge","Direction":"OneWay","Flow":null,"Protection":null,"RoadOwnership":null,"YearBuilt":null,"Borough":"Redbridge"},"geometry":{"type":"LineString","coordinates":[[0.037102,51.56102],[0.037622,51.56076]]}},{"type":"Feature","properties":{"Name":null,"description":null,"timestamp":null,"begin":null,"end":null,"altitudeMode":null,"tessellate":"NA","extrude":"NA","visibility":"NA","drawOrder":"NA","icon":null,"ltla22cd":null,"ltla22nm":null,"ltla22nmw":null,"label":null,"stroke-opacity":"NA","stroke-width":4,"stroke":"#9C27B0","fill-opacity":"NA","fill":null,"LengthInMetres":241,"Title":"Aldersbrook Road - LB Redbridge","Direction":"TwoWay","Flow":null,"Protection":null,"RoadOwnership":null,"YearBuilt":null,"Borough":"Redbridge"},"geometry":{"type":"LineString","coordinates":[[0.03911,51.56],[0.039486,51.55981],[0.039875,51.55962],[0.040331,51.55939],[0.040572,51.55926],[0.040819,51.55916],[0.041197,51.55901],[0.041672,51.55886],[0.041951,51.55877]]}},{"type":"Feature","properties":{"Name":null,"description":null,"timestamp":null,"begin":null,"end":null,"altitudeMode":null,"tessellate":"NA","extrude":"NA","visibility":"NA","drawOrder":"NA","icon":null,"ltla22cd":null,"ltla22nm":null,"ltla22nmw":null,"label":null,"stroke-opacity":"NA","stroke-width":4,"stroke":"#9C27B0","fill-opacity":"NA","fill":null,"LengthInMetres":73,"Title":"Blake Hall Road - LB Redbridge","Direction":"TwoWay","Flow":null,"Protection":null,"RoadOwnership":null,"YearBuilt":null,"Borough":"Redbridge"},"geometry":{"type":"LineString","coordinates":[[0.023304,51.5738],[0.02354,51.57356],[0.023607,51.57347],[0.023626,51.5734],[0.023618,51.5732]]}},{"type":"Feature","properties":{"Name":null,"description":null,"timestamp":null,"begin":null,"end":null,"altitudeMode":null,"tessellate":"NA","extrude":"NA","visibility":"NA","drawOrder":"NA","icon":null,"ltla22cd":null,"ltla22nm":null,"ltla22nmw":null,"label":null,"stroke-opacity":"NA","stroke-width":2,"stroke":"#9C27B0","fill-opacity":"NA","fill":null,"LengthInMetres":46,"Title":"Blake Hall Road - LB Redbridge","Direction":"OneWay","Flow":null,"Protection":null,"RoadOwnership":null,"YearBuilt":null,"Borough":"Redbridge"},"geometry":{"type":"LineString","coordinates":[[0.023577,51.57223],[0.023596,51.57264]]}},{"type":"Feature","properties":{"Name":null,"description":null,"timestamp":null,"begin":null,"end":null,"altitudeMode":null,"tessellate":"NA","extrude":"NA","visibility":"NA","drawOrder":"NA","icon":null,"ltla22cd":null,"ltla22nm":null,"ltla22nmw":null,"label":null,"stroke-opacity":"NA","stroke-width":4,"stroke":"#9C27B0","fill-opacity":"NA","fill":null,"LengthInMetres":43,"Title":"Blake Hall Road - LB Redbridge","Direction":"TwoWay","Flow":null,"Protection":null,"RoadOwnership":null,"YearBuilt":null,"Borough":"Redbridge"},"geometry":{"type":"LineString","coordinates":[[0.023557,51.57187],[0.023541,51.57148]]}},{"type":"Feature","properties":{"Name":null,"description":null,"timestamp":null,"begin":null,"end":null,"altitudeMode":null,"tessellate":"NA","extrude":"NA","visibility":"NA","drawOrder":"NA","icon":null,"ltla22cd":null,"ltla22nm":null,"ltla22nmw":null,"label":null,"stroke-opacity":"NA","stroke-width":4,"stroke":"#9C27B0","fill-opacity":"NA","fill":null,"LengthInMetres":29,"Title":"Blake Hall Road - LB Redbridge","Direction":"TwoWay","Flow":null,"Protection":null,"RoadOwnership":null,"YearBuilt":null,"Borough":"Redbridge"},"geometry":{"type":"LineString","coordinates":[[0.023533,51.57126],[0.023522,51.571]]}},{"type":"Feature","properties":{"Name":null,"description":null,"timestamp":null,"begin":null,"end":null,"altitudeMode":null,"tessellate":"NA","extrude":"NA","visibility":"NA","drawOrder":"NA","icon":null,"ltla22cd":null,"ltla22nm":null,"ltla22nmw":null,"label":null,"stroke-opacity":"NA","stroke-width":2,"stroke":"#9C27B0","fill-opacity":"NA","fill":null,"LengthInMetres":70,"Title":"Blake Hall Road - LB Redbridge","Direction":"OneWay","Flow":null,"Protection":null,"RoadOwnership":null,"YearBuilt":null,"Borough":"Redbridge"},"geometry":{"type":"LineString","coordinates":[[0.023495,51.57044],[0.023482,51.57019],[0.023484,51.57],[0.023495,51.56981]]}},{"type":"Feature","properties":{"Name":null,"description":null,"timestamp":null,"begin":null,"end":null,"altitudeMode":null,"tessellate":"NA","extrude":"NA","visibility":"NA","drawOrder":"NA","icon":null,"ltla22cd":null,"ltla22nm":null,"ltla22nmw":null,"label":null,"stroke-opacity":"NA","stroke-width":4,"stroke":"#9C27B0","fill-opacity":"NA","fill":null,"LengthInMetres":284,"Title":"Blake Hall Road - LB Redbridge","Direction":"TwoWay","Flow":null,"Protection":null,"RoadOwnership":null,"YearBuilt":null,"Borough":"Redbridge"},"geometry":{"type":"LineString","coordinates":[[0.023597,51.56924],[0.023686,51.56891],[0.023755,51.56873],[0.02397,51.56822],[0.024184,51.5677],[0.024326,51.56735],[0.024517,51.56696],[0.024616,51.56677]]}},{"type":"Feature","properties":{"Name":null,"description":null,"timestamp":null,"begin":null,"end":null,"altitudeMode":null,"tessellate":"NA","extrude":"NA","visibility":"NA","drawOrder":"NA","icon":null,"ltla22cd":null,"ltla22nm":null,"ltla22nmw":null,"label":null,"stroke-opacity":"NA","stroke-width":2,"stroke":"#9C27B0","fill-opacity":"NA","fill":null,"LengthInMetres":46,"Title":"Blake Hall Road - LB Redbridge","Direction":"OneWay","Flow":null,"Protection":null,"RoadOwnership":null,"YearBuilt":null,"Borough":"Redbridge"},"geometry":{"type":"LineString","coordinates":[[0.024616,51.56677],[0.02472,51.56655],[0.024785,51.56643],[0.024806,51.56637]]}},{"type":"Feature","properties":{"Name":null,"description":null,"timestamp":null,"begin":null,"end":null,"altitudeMode":null,"tessellate":"NA","extrude":"NA","visibility":"NA","drawOrder":"NA","icon":null,"ltla22cd":null,"ltla22nm":null,"ltla22nmw":null,"label":null,"stroke-opacity":"NA","stroke-width":4,"stroke":"#9C27B0","fill-opacity":"NA","fill":null,"LengthInMetres":50,"Title":"Blake Hall Road - LB Redbridge","Direction":"TwoWay","Flow":null,"Protection":null,"RoadOwnership":null,"YearBuilt":null,"Borough":"Redbridge"},"geometry":{"type":"LineString","coordinates":[[0.0249,51.5658],[0.024918,51.56535]]}},{"type":"Feature","properties":{"Name":null,"description":null,"timestamp":null,"begin":null,"end":null,"altitudeMode":null,"tessellate":"NA","extrude":"NA","visibility":"NA","drawOrder":"NA","icon":null,"ltla22cd":null,"ltla22nm":null,"ltla22nmw":null,"label":null,"stroke-opacity":"NA","stroke-width":4,"stroke":"#9C27B0","fill-opacity":"NA","fill":null,"LengthInMetres":697,"Title":"Centre Road - LB Redbridge","Direction":"TwoWay","Flow":null,"Protection":null,"RoadOwnership":null,"YearBuilt":null,"Borough":"Redbridge"},"geometry":{"type":"LineString","coordinates":[[0.025144,51.56342],[0.025192,51.56322],[0.025211,51.56317],[0.025281,51.56293],[0.025399,51.56245],[0.025552,51.56189],[0.025584,51.5617],[0.025602,51.56161],[0.025602,51.56142],[0.025594,51.56132],[0.025581,51.56121],[0.025538,51.56103],[0.025407,51.56054],[0.025374,51.5604],[0.025326,51.56018],[0.025318,51.56005],[0.025313,51.55986],[0.025308,51.55954],[0.025297,51.55894],[0.025305,51.55833],[0.025299,51.5575],[0.0253,51.55719]]}},{"type":"Feature","properties":{"Name":null,"description":null,"timestamp":null,"begin":null,"end":null,"altitudeMode":null,"tessellate":"NA","extrude":"NA","visibility":"NA","drawOrder":"NA","icon":null,"ltla22cd":null,"ltla22nm":null,"ltla22nmw":null,"label":null,"stroke-opacity":"NA","stroke-width":2,"stroke":"#9C27B0","fill-opacity":"NA","fill":null,"LengthInMetres":109,"Title":"Centre Road - LB Redbridge","Direction":"OneWay","Flow":null,"Protection":null,"RoadOwnership":null,"YearBuilt":null,"Borough":"Redbridge"},"geometry":{"type":"LineString","coordinates":[[0.025299,51.55672],[0.025302,51.55643],[0.025294,51.55593],[0.025299,51.55574]]}},{"type":"Feature","properties":{"Name":null,"description":null,"timestamp":null,"begin":null,"end":null,"altitudeMode":null,"tessellate":"NA","extrude":"NA","visibility":"NA","drawOrder":"NA","icon":null,"ltla22cd":null,"ltla22nm":null,"ltla22nmw":null,"label":null,"stroke-opacity":"NA","stroke-width":4,"stroke":"#9C27B0","fill-opacity":"NA","fill":null,"LengthInMetres":94,"Title":"Lake House Road - LB Redbridge","Direction":"TwoWay","Flow":null,"Protection":null,"RoadOwnership":null,"YearBuilt":null,"Borough":"Redbridge"},"geometry":{"type":"LineString","coordinates":[[0.024088,51.56322],[0.023428,51.56282],[0.023109,51.56264]]}},{"type":"Feature","properties":{"Name":null,"description":null,"timestamp":null,"begin":null,"end":null,"altitudeMode":null,"tessellate":"NA","extrude":"NA","visibility":"NA","drawOrder":"NA","icon":null,"ltla22cd":null,"ltla22nm":null,"ltla22nmw":null,"label":null,"stroke-opacity":"NA","stroke-width":4,"stroke":"#9C27B0","fill-opacity":"NA","fill":null,"LengthInMetres":255,"Title":"Lake House Road - LB Redbridge","Direction":"TwoWay","Flow":null,"Protection":null,"RoadOwnership":null,"YearBuilt":null,"Borough":"Redbridge"},"geometry":{"type":"LineString","coordinates":[[0.023109,51.56264],[0.022484,51.56226],[0.02199,51.56197],[0.021513,51.56167],[0.021371,51.5616],[0.021253,51.56155],[0.021044,51.56148],[0.0207,51.56137],[0.020242,51.56124]]}},{"type":"Feature","properties":{"Name":null,"description":null,"timestamp":null,"begin":null,"end":null,"altitudeMode":null,"tessellate":"NA","extrude":"NA","visibility":"NA","drawOrder":"NA","icon":null,"ltla22cd":null,"ltla22nm":null,"ltla22nmw":null,"label":null,"stroke-opacity":"NA","stroke-width":4,"stroke":"#9C27B0","fill-opacity":"NA","fill":null,"LengthInMetres":335,"Title":"Lake House Road - LB Redbridge","Direction":"TwoWay","Flow":null,"Protection":null,"RoadOwnership":null,"YearBuilt":null,"Borough":"Redbridge"},"geometry":{"type":"LineString","coordinates":[[0.019912,51.561],[0.01971,51.56065],[0.019464,51.56021],[0.019013,51.55944],[0.018536,51.55861],[0.018281,51.55817]]}},{"type":"Feature","properties":{"Name":null,"description":null,"timestamp":null,"begin":null,"end":null,"altitudeMode":null,"tessellate":"NA","extrude":"NA","visibility":"NA","drawOrder":"NA","icon":null,"ltla22cd":null,"ltla22nm":null,"ltla22nmw":null,"label":null,"stroke-opacity":"NA","stroke-width":4,"stroke":"#9C27B0","fill-opacity":"NA","fill":null,"LengthInMetres":427,"Title":"Woodford New Road","Direction":"TwoWay","Flow":null,"Protection":null,"RoadOwnership":null,"YearBuilt":null,"Borough":"Redbridge"},"geometry":{"type":"LineString","coordinates":[[0.0145122,51.60129],[0.015301,51.60218],[0.0161271,51.60311],[0.0168889,51.60395],[0.0175111,51.60464]]}}]}