{"type":"FeatureCollection","features":[{"type":"Feature","properties":{"Name":"Richmond upon Thames","description":null,"timestamp":null,"begin":null,"end":null,"altitudeMode":null,"tessellate":-1,"extrude":0,"visibility":-1,"drawOrder":"NA","icon":null,"ltla22cd":"E09000027","ltla22nm":"Richmond upon Thames","ltla22nmw":null,"label":"E92000001E12000007E09000027","stroke-opacity":0.2,"stroke-width":0.25,"stroke":"#9C27B0","fill-opacity":0.1,"fill":"#9C27B0","LengthInMetres":9939,"Title":null,"Direction":null,"Flow":null,"Protection":null,"RoadOwnership":null,"YearBuilt":null,"Borough":null},"geometry":{"type":"Polygon","coordinates":[[[-0.3683272,51.4103923],[-0.3686526,51.4102943],[-0.3686602,51.410292],[-0.3687071,51.4102779],[-0.3687498,51.410265],[-0.3690485,51.410175],[-0.3693287,51.41008],[-0.3696422,51.4099593],[-0.3699526,51.4098397],[-0.3699644,51.4098352],[-0.3701198,51.4097753],[-0.3701645,51.4097581],[-0.3702659,51.409719],[-0.3705655,51.4095988],[-0.370944,51.4094469],[-0.3709552,51.4094424],[-0.3710738,51.4093948],[-0.3711587,51.4093607],[-0.3711752,51.4093541],[-0.3712895,51.4093083],[-0.3713158,51.4092977],[-0.3713362,51.4092895],[-0.3713544,51.4092822],[-0.3715669,51.4091969],[-0.3715738,51.4091942],[-0.3716988,51.409144],[-0.3717188,51.409136],[-0.3717996,51.4091036],[-0.3719366,51.4090486],[-0.371943,51.409046],[-0.3719692,51.4090355],[-0.3719874,51.4090282],[-0.3719975,51.4090242],[-0.3720336,51.4090097],[-0.3725166,51.4088158],[-0.37254,51.4088065],[-0.3726399,51.4087664],[-0.3728566,51.4086913],[-0.3728637,51.4086888],[-0.3728996,51.4086785],[-0.3729132,51.4086745],[-0.3730426,51.4086371],[-0.3731259,51.4086131],[-0.3731376,51.4086097],[-0.373172,51.4085998],[-0.3732416,51.4085903],[-0.3732992,51.4085825],[-0.3735413,51.4085494],[-0.3741928,51.4084417],[-0.3742188,51.4084374],[-0.3743565,51.4084214],[-0.3749033,51.4083575],[-0.3750554,51.408347],[-0.3752153,51.4083361],[-0.3753446,51.4083269],[-0.3753972,51.4083232],[-0.3754853,51.4083171],[-0.3755287,51.4083141],[-0.3755803,51.4083105],[-0.3756138,51.408309],[-0.3760733,51.408289],[-0.3761334,51.4082864],[-0.3761482,51.4082857],[-0.3762261,51.4082761],[-0.3762732,51.4082703],[-0.3763252,51.4082638],[-0.3763909,51.4082557],[-0.3764202,51.4082505],[-0.3764494,51.4082454],[-0.3765663,51.4082122],[-0.3765757,51.4082095],[-0.3770866,51.4080644],[-0.3771411,51.4080551],[-0.3771544,51.4080529],[-0.3774234,51.4080072],[-0.3777251,51.4079383],[-0.3778205,51.4079231],[-0.3778867,51.4079126],[-0.3778923,51.4079117],[-0.3779006,51.4079108],[-0.3780223,51.4078983],[-0.3780386,51.4078966],[-0.3780794,51.4078924],[-0.3781191,51.4078883],[-0.3783343,51.4078795],[-0.3783403,51.4078793],[-0.3783542,51.4078787],[-0.3783831,51.4078775],[-0.3788067,51.4078603],[-0.3788665,51.4078578],[-0.3794497,51.407834],[-0.3795923,51.4078408],[-0.379617,51.407842],[-0.3797587,51.4078546],[-0.3802298,51.4078965],[-0.3812061,51.408012],[-0.3813798,51.4080441],[-0.3816576,51.4081184],[-0.3824084,51.4082844],[-0.3830225,51.4084399],[-0.3833722,51.4085386],[-0.3834311,51.4092805],[-0.3834315,51.4092846],[-0.3834334,51.4093089],[-0.3834365,51.4093478],[-0.3834472,51.4094827],[-0.3838336,51.4095358],[-0.383829,51.4096148],[-0.3838029,51.4100685],[-0.3838,51.4101187],[-0.3840347,51.41014],[-0.3843303,51.4101667],[-0.3844519,51.4101775],[-0.3846195,51.4101925],[-0.3851012,51.4102356],[-0.385497,51.410284],[-0.3858489,51.4103271],[-0.3861463,51.4103634],[-0.3862623,51.4103776],[-0.3865031,51.4104024],[-0.3866013,51.4104082],[-0.3866285,51.4104098],[-0.3866583,51.4104116],[-0.3868511,51.4104018],[-0.386866,51.4103998],[-0.3870767,51.4103717],[-0.3872041,51.4103613],[-0.3872179,51.4103602],[-0.387293,51.410354],[-0.3873054,51.410353],[-0.3873348,51.4103506],[-0.3873593,51.4103486],[-0.3873778,51.4103477],[-0.3874286,51.4103451],[-0.3874597,51.4103436],[-0.3878778,51.4103226],[-0.3881547,51.4103219],[-0.388404,51.4103212],[-0.3888646,51.4103201],[-0.3891978,51.4103196],[-0.389206,51.4103455],[-0.3893181,51.4107028],[-0.3896726,51.4106925],[-0.3896752,51.4107083],[-0.3897063,51.4108924],[-0.3897376,51.4110779],[-0.3897658,51.4112449],[-0.3897668,51.4112511],[-0.3897927,51.4114044],[-0.3897947,51.4114164],[-0.3898086,51.4114991],[-0.3898092,51.4115027],[-0.3898411,51.4116925],[-0.3898635,51.4118256],[-0.3898645,51.4118316],[-0.389874,51.4118886],[-0.389876,51.4119003],[-0.3898896,51.4119808],[-0.3898906,51.411987],[-0.3899155,51.4121349],[-0.3899163,51.4121398],[-0.3899295,51.4122184],[-0.3899608,51.4123589],[-0.3899639,51.4123727],[-0.3899684,51.4123927],[-0.3899808,51.4124485],[-0.3900168,51.4126097],[-0.3900235,51.4126399],[-0.3900513,51.412764],[-0.3900592,51.4127996],[-0.3900599,51.412803],[-0.3900674,51.4128483],[-0.3900709,51.4128694],[-0.3901042,51.4130714],[-0.3901052,51.4130775],[-0.3901347,51.4132559],[-0.3901689,51.4134629],[-0.3902037,51.4136712],[-0.3902052,51.4136804],[-0.3902071,51.4136919],[-0.3902083,51.4136987],[-0.3902127,51.4137252],[-0.3902135,51.41373],[-0.3902611,51.4140143],[-0.3903152,51.414338],[-0.3902392,51.4143406],[-0.3897388,51.4143579],[-0.3892606,51.4143627],[-0.3891298,51.414364],[-0.389029,51.414365],[-0.3885452,51.414373],[-0.3878059,51.414356],[-0.3875883,51.414351],[-0.3873062,51.4143371],[-0.3861447,51.4142802],[-0.3861803,51.4143132],[-0.3862137,51.4143489],[-0.3862315,51.4143671],[-0.3863015,51.4145461],[-0.386354,51.4146402],[-0.3866169,51.4150219],[-0.3866013,51.4150572],[-0.3865463,51.4151492],[-0.3865364,51.4151657],[-0.3864561,51.4153],[-0.3864419,51.4153719],[-0.3864613,51.415523],[-0.386509,51.4157502],[-0.3865142,51.4158979],[-0.3865403,51.4161732],[-0.3865706,51.4164911],[-0.3865621,51.4165007],[-0.3865336,51.416533],[-0.3867413,51.4174497],[-0.3867764,51.4175644],[-0.3867831,51.4176544],[-0.3867846,51.4176579],[-0.3868977,51.4179085],[-0.3870097,51.4182398],[-0.3870476,51.4183272],[-0.3872483,51.4187894],[-0.3873794,51.4189775],[-0.3874066,51.4190165],[-0.3874122,51.4190244],[-0.3874268,51.4190391],[-0.3875494,51.419161],[-0.3877166,51.4193272],[-0.3870472,51.4197513],[-0.3870081,51.4197846],[-0.3867872,51.419972],[-0.3867002,51.4200459],[-0.3866928,51.4200522],[-0.3866632,51.4200805],[-0.3869958,51.4202416],[-0.3870215,51.420254],[-0.3870967,51.4202904],[-0.3871761,51.4203289],[-0.387206,51.4203434],[-0.3887583,51.421095],[-0.389347,51.4213801],[-0.3897172,51.4215594],[-0.3898037,51.4216004],[-0.3908972,51.4221189],[-0.3910887,51.422206],[-0.3912813,51.4222903],[-0.3913155,51.4223057],[-0.3913647,51.4223279],[-0.3913729,51.4223316],[-0.3914138,51.4224091],[-0.391511,51.4225151],[-0.3915248,51.4225302],[-0.3915687,51.4225781],[-0.3917728,51.422784],[-0.391873,51.4228385],[-0.3920268,51.422922],[-0.3920939,51.422958],[-0.3923758,51.423109],[-0.3929077,51.4232829],[-0.3928142,51.4234079],[-0.39277,51.4234669],[-0.3923427,51.4233849],[-0.391901,51.4232909],[-0.3918591,51.4232844],[-0.3914446,51.4232144],[-0.3913928,51.4232057],[-0.3911311,51.4231619],[-0.3909156,51.4230514],[-0.3908184,51.4230015],[-0.390751,51.422967],[-0.3904371,51.422831],[-0.3901134,51.4226931],[-0.3892734,51.4223462],[-0.3882054,51.4218732],[-0.3870315,51.4213872],[-0.3863634,51.4210853],[-0.3857325,51.4208524],[-0.3855362,51.4207569],[-0.385529,51.4207534],[-0.3855183,51.4207484],[-0.3854986,51.420747],[-0.3853926,51.4207393],[-0.3853285,51.4207983],[-0.3853235,51.4208037],[-0.3853127,51.4208153],[-0.3852686,51.4208626],[-0.3851676,51.4210163],[-0.3851148,51.4210852],[-0.384935,51.4212662],[-0.3849298,51.4212714],[-0.384922,51.421284],[-0.3848779,51.4213553],[-0.3848757,51.4213588],[-0.3848569,51.4213902],[-0.3847926,51.4214797],[-0.384622,51.4217173],[-0.3846149,51.4217273],[-0.384579,51.4217705],[-0.3844882,51.4218797],[-0.3844684,51.4219035],[-0.3844348,51.4219439],[-0.384398,51.4219882],[-0.3842188,51.4222652],[-0.3841335,51.422456],[-0.3841046,51.4225206],[-0.3841017,51.4225279],[-0.3841121,51.4226712],[-0.3842308,51.4227781],[-0.384335,51.4228942],[-0.3843384,51.4228979],[-0.3843716,51.4229349],[-0.3843743,51.422938],[-0.384425,51.4229945],[-0.3844561,51.4230291],[-0.3844755,51.4230508],[-0.3844816,51.4230576],[-0.3846849,51.4232841],[-0.3847201,51.4233326],[-0.3847222,51.4233355],[-0.384925,51.423615],[-0.384959,51.4236555],[-0.3849612,51.4236581],[-0.3850013,51.4237059],[-0.3850217,51.4237301],[-0.3851805,51.42392],[-0.3852079,51.4239523],[-0.3852397,51.4239877],[-0.3852446,51.4239932],[-0.3852508,51.4240002],[-0.3854137,51.4241832],[-0.3854198,51.4241902],[-0.3854495,51.4242235],[-0.385499,51.4242791],[-0.3855016,51.4242821],[-0.3855296,51.4243136],[-0.3855575,51.4243449],[-0.3855615,51.4243495],[-0.3855638,51.424352],[-0.3855792,51.4243728],[-0.3855843,51.4243797],[-0.3856101,51.4244143],[-0.3856129,51.4244181],[-0.3856485,51.4244661],[-0.3856513,51.4244699],[-0.3857166,51.4245577],[-0.385719,51.4245609],[-0.3858427,51.4247279],[-0.3858586,51.4247489],[-0.3860176,51.4249833],[-0.3860474,51.4250271],[-0.3861063,51.425114],[-0.3861091,51.4251181],[-0.3861593,51.425192],[-0.3862129,51.425271],[-0.3862197,51.4252811],[-0.386278,51.425367],[-0.3862949,51.4253918],[-0.3864075,51.4255815],[-0.3864544,51.4256609],[-0.3864837,51.4257097],[-0.3865002,51.4257281],[-0.3865043,51.4257328],[-0.3865505,51.4257843],[-0.3865531,51.4257872],[-0.3867038,51.4259557],[-0.3867406,51.4260022],[-0.3867461,51.4260092],[-0.3867844,51.4260577],[-0.3867956,51.4260719],[-0.3868797,51.4261784],[-0.3868828,51.4261823],[-0.3869687,51.4262911],[-0.3869738,51.4262976],[-0.3870048,51.4263367],[-0.3870107,51.4263442],[-0.3870739,51.4264243],[-0.3871964,51.4265794],[-0.3871989,51.4265826],[-0.3872396,51.4266341],[-0.3872453,51.4266413],[-0.3872673,51.4266692],[-0.3872731,51.4266766],[-0.387293,51.4267017],[-0.3873091,51.4267221],[-0.3873498,51.4267736],[-0.3874347,51.4268948],[-0.3874401,51.4269025],[-0.3876278,51.4271704],[-0.3876477,51.4271987],[-0.3876547,51.4272079],[-0.3877487,51.4273306],[-0.3878118,51.4274022],[-0.3878203,51.427412],[-0.3878291,51.4274219],[-0.3879115,51.4275155],[-0.3881256,51.4277586],[-0.3883837,51.4279984],[-0.3883836,51.4280495],[-0.3883829,51.4280523],[-0.3883788,51.4280519],[-0.3882188,51.4280345],[-0.388088,51.4278786],[-0.3878861,51.4279431],[-0.3877558,51.4279847],[-0.3877081,51.4279999],[-0.3876861,51.4280069],[-0.3876093,51.4280315],[-0.3875091,51.4280634],[-0.3875038,51.4280651],[-0.3872685,51.4281402],[-0.3871488,51.4281784],[-0.3874468,51.4285105],[-0.3876275,51.4285553],[-0.3877721,51.4285913],[-0.387784,51.4285943],[-0.3878084,51.4286003],[-0.3879023,51.4286236],[-0.3879855,51.4286443],[-0.3879691,51.4286636],[-0.3879652,51.4286683],[-0.3879129,51.4287296],[-0.3879106,51.4287324],[-0.3879082,51.4287347],[-0.3878739,51.4287682],[-0.3878691,51.4287729],[-0.3878279,51.4288132],[-0.3878194,51.4288215],[-0.3877905,51.4288497],[-0.3877502,51.428889],[-0.3877035,51.4289346],[-0.3877007,51.4289374],[-0.3876388,51.4289978],[-0.387634,51.4290025],[-0.3876177,51.4290185],[-0.3876113,51.4290247],[-0.3875735,51.4290616],[-0.3875676,51.4290674],[-0.3875024,51.429131],[-0.3874973,51.429136],[-0.387451,51.4291812],[-0.387443,51.4291891],[-0.3874397,51.4291923],[-0.387431,51.4292008],[-0.3873571,51.4292729],[-0.3873352,51.4292943],[-0.3873147,51.4293143],[-0.3872787,51.4293462],[-0.3872572,51.4293652],[-0.3871972,51.4294184],[-0.3871861,51.4294281],[-0.3871608,51.4294506],[-0.3871226,51.4294844],[-0.3871152,51.4294902],[-0.3871035,51.4294994],[-0.3868731,51.429681],[-0.38684,51.4297074],[-0.3868207,51.4297223],[-0.3868143,51.4297266],[-0.3864487,51.4299743],[-0.3864446,51.429977],[-0.3860568,51.4302398],[-0.3860533,51.4302421],[-0.3860221,51.4302632],[-0.3856648,51.4305282],[-0.3856076,51.4305664],[-0.3855745,51.4305884],[-0.3855333,51.4306159],[-0.3855236,51.4306224],[-0.3854443,51.4306752],[-0.3854358,51.4306809],[-0.385424,51.4306888],[-0.3853724,51.4307232],[-0.3853124,51.4307632],[-0.3852881,51.4307794],[-0.3852472,51.4308067],[-0.3852434,51.4308092],[-0.385218,51.4308262],[-0.3850739,51.4309223],[-0.3850693,51.4309253],[-0.3849121,51.4310301],[-0.3848739,51.4310578],[-0.3847444,51.4311514],[-0.3847379,51.4311562],[-0.3846315,51.4312333],[-0.3846093,51.4312494],[-0.3845936,51.4312608],[-0.3845756,51.4312737],[-0.3845356,51.4313028],[-0.3844878,51.4313373],[-0.3844755,51.4313462],[-0.3844591,51.4313581],[-0.384451,51.431363],[-0.3844189,51.4313825],[-0.3844008,51.4313934],[-0.3843715,51.4314111],[-0.3842122,51.4315075],[-0.3842057,51.4315114],[-0.3841674,51.4315345],[-0.3841437,51.4315488],[-0.3841054,51.431572],[-0.3840768,51.4315906],[-0.3840434,51.4316124],[-0.3840227,51.4316258],[-0.3840171,51.4316294],[-0.3839495,51.4316735],[-0.3839232,51.4316906],[-0.3837258,51.431819],[-0.3837197,51.431823],[-0.3837101,51.4318292],[-0.3836481,51.4318759],[-0.3836444,51.4318786],[-0.3834807,51.4320019],[-0.3834741,51.4320069],[-0.3834369,51.4320348],[-0.3834271,51.4320422],[-0.3833402,51.4321076],[-0.383335,51.4321116],[-0.3833156,51.4321262],[-0.3832896,51.4321418],[-0.3831552,51.4322212],[-0.3831238,51.4322398],[-0.3831161,51.4322444],[-0.3829371,51.4323502],[-0.3829022,51.4323657],[-0.3825905,51.4325043],[-0.3825802,51.4325089],[-0.3825528,51.4325211],[-0.3825464,51.4325239],[-0.3825118,51.4325418],[-0.3825018,51.4325469],[-0.382351,51.4326248],[-0.3822203,51.4326922],[-0.382105,51.4327517],[-0.3820865,51.4327612],[-0.3820631,51.4327733],[-0.3820587,51.4327756],[-0.3820504,51.4327798],[-0.3819306,51.4328416],[-0.3819138,51.4328503],[-0.381844,51.4328863],[-0.3818367,51.4328901],[-0.381717,51.4329518],[-0.3817094,51.4329558],[-0.3816729,51.4329746],[-0.3816252,51.4329992],[-0.3816084,51.4330078],[-0.3815326,51.433047],[-0.3814915,51.4330668],[-0.3814818,51.4330715],[-0.3814737,51.4330754],[-0.3814366,51.4330934],[-0.3813904,51.4331157],[-0.381386,51.4331178],[-0.3813221,51.4331487],[-0.3812813,51.4331684],[-0.3811276,51.4332427],[-0.3810872,51.4332622],[-0.3810383,51.4332858],[-0.3810351,51.4332874],[-0.3810175,51.4332959],[-0.3809865,51.4333109],[-0.3809819,51.4333131],[-0.3809772,51.4333153],[-0.3808515,51.4333761],[-0.3808476,51.4333779],[-0.3807532,51.4334236],[-0.3807376,51.4334311],[-0.3805857,51.4335045],[-0.3805623,51.4335158],[-0.3804681,51.4335614],[-0.3804618,51.4335644],[-0.380427,51.4335812],[-0.3804151,51.433587],[-0.3802505,51.4336665],[-0.3802348,51.4336741],[-0.3801487,51.4337157],[-0.3801385,51.4337206],[-0.379971,51.4338015],[-0.3799562,51.4338087],[-0.3799474,51.433813],[-0.3799197,51.4338264],[-0.3798924,51.4338395],[-0.3797996,51.4338844],[-0.3797888,51.4338896],[-0.3797214,51.4339222],[-0.379717,51.4339243],[-0.3796337,51.4339645],[-0.3796276,51.4339675],[-0.3795844,51.4339883],[-0.3794838,51.434037],[-0.3794602,51.4340484],[-0.379447,51.4340548],[-0.3794015,51.4340767],[-0.3793848,51.4340848],[-0.3793317,51.434117],[-0.3793217,51.4341231],[-0.3793181,51.4341252],[-0.3791907,51.4342026],[-0.3791859,51.4342055],[-0.3791719,51.4342139],[-0.3791643,51.4342186],[-0.3789552,51.4343455],[-0.3789291,51.4343613],[-0.3789224,51.4343654],[-0.3788867,51.434387],[-0.3785229,51.4345625],[-0.3785107,51.4345684],[-0.3783977,51.434623],[-0.3783861,51.4346286],[-0.3782033,51.4347168],[-0.3780776,51.4347725],[-0.3780658,51.4347777],[-0.3778648,51.4348668],[-0.3778188,51.4348828],[-0.3776667,51.4349355],[-0.3776584,51.4349384],[-0.3774714,51.4350032],[-0.3774551,51.4350088],[-0.3773302,51.4350485],[-0.3770627,51.4351335],[-0.3770214,51.4351467],[-0.3770005,51.4351533],[-0.3769827,51.435159],[-0.376953,51.4351693],[-0.3768389,51.4352088],[-0.376732,51.4352459],[-0.376513,51.435322],[-0.3765087,51.4353246],[-0.3762831,51.4354639],[-0.376237,51.4354877],[-0.3761614,51.4355268],[-0.3761461,51.4355347],[-0.3761385,51.4355387],[-0.376208,51.4355686],[-0.3762148,51.4355715],[-0.3762626,51.435592],[-0.3762827,51.4356006],[-0.3764319,51.4356647],[-0.3764511,51.4356729],[-0.3764971,51.4356926],[-0.3765051,51.435696],[-0.3766067,51.4357397],[-0.3767505,51.4358014],[-0.3767594,51.4358052],[-0.3768305,51.4358357],[-0.3768967,51.4358641],[-0.3769454,51.435885],[-0.3770015,51.4359091],[-0.3771282,51.4359634],[-0.3771391,51.4359681],[-0.3771916,51.4359907],[-0.3772147,51.4360005],[-0.3772282,51.4360063],[-0.3773293,51.4360497],[-0.3773928,51.436077],[-0.3774007,51.4360804],[-0.3776802,51.4362003],[-0.3777774,51.436242],[-0.3778661,51.4362801],[-0.3779351,51.4363097],[-0.3779334,51.436329],[-0.3779284,51.436389],[-0.377923,51.4364521],[-0.3779123,51.4365779],[-0.3779103,51.4366016],[-0.3779101,51.4366043],[-0.3779081,51.4366285],[-0.3779042,51.4366735],[-0.3779032,51.4366861],[-0.3778941,51.4367928],[-0.3778935,51.4367998],[-0.3778909,51.4368024],[-0.3778801,51.4368074],[-0.3777337,51.436872],[-0.3777219,51.4368772],[-0.3777062,51.4368841],[-0.3776288,51.4369182],[-0.3775969,51.4369323],[-0.3775669,51.4369455],[-0.3775609,51.4369482],[-0.3774073,51.4370159],[-0.3771446,51.4371318],[-0.3771125,51.4371459],[-0.3770841,51.4371585],[-0.377049,51.4371739],[-0.3769042,51.4372378],[-0.3767114,51.4373228],[-0.3766737,51.4373395],[-0.3764749,51.4374271],[-0.3764345,51.4374449],[-0.3763424,51.4374855],[-0.3754301,51.4378879],[-0.3753751,51.4379122],[-0.3749941,51.4380802],[-0.3749641,51.4380934],[-0.374923,51.4381115],[-0.3749138,51.438116],[-0.3748797,51.4381306],[-0.3747394,51.4381906],[-0.3747303,51.4381954],[-0.3747048,51.4382064],[-0.3746774,51.4382183],[-0.3745659,51.4382667],[-0.3745385,51.4382786],[-0.3744107,51.438334],[-0.3743999,51.4383387],[-0.3743525,51.4383592],[-0.3738919,51.438559],[-0.3738669,51.4385698],[-0.3736872,51.4386477],[-0.3736816,51.4386502],[-0.3735688,51.4386991],[-0.3735449,51.4387095],[-0.3734646,51.4387443],[-0.3734348,51.4387572],[-0.3732965,51.4388172],[-0.37329,51.43882],[-0.3732645,51.4388311],[-0.3731927,51.4388622],[-0.3731859,51.4388651],[-0.3728399,51.4390152],[-0.3728303,51.4390193],[-0.3724832,51.4391699],[-0.3724756,51.4391732],[-0.3724612,51.4391794],[-0.3724576,51.439181],[-0.3724457,51.4391861],[-0.3724036,51.4392044],[-0.3721531,51.439313],[-0.3721338,51.4393214],[-0.3720785,51.4393454],[-0.3720661,51.4393507],[-0.3720244,51.4393688],[-0.37201,51.4393754],[-0.371897,51.4394241],[-0.3718664,51.4394373],[-0.3713235,51.4396728],[-0.3713131,51.4396773],[-0.3711271,51.4397579],[-0.3711134,51.4397639],[-0.3710675,51.4397838],[-0.371061,51.4397866],[-0.371,51.439813],[-0.3708413,51.4398819],[-0.3705502,51.440008],[-0.3705256,51.4400187],[-0.370468,51.4400437],[-0.3704536,51.44005],[-0.370402,51.4400723],[-0.3698694,51.4403081],[-0.3698591,51.4403126],[-0.3693628,51.4405323],[-0.3689384,51.4407201],[-0.3688882,51.4407424],[-0.3687922,51.4407849],[-0.3687571,51.4408004],[-0.3686866,51.4408316],[-0.3686471,51.4408491],[-0.36864,51.4408522],[-0.3685711,51.4408827],[-0.368512,51.4409089],[-0.3684451,51.4409385],[-0.3684128,51.4409528],[-0.3683371,51.4409863],[-0.3681945,51.4410494],[-0.3681792,51.4410562],[-0.3681343,51.4410761],[-0.3680495,51.4411136],[-0.3680004,51.4411353],[-0.3678752,51.4411907],[-0.3677793,51.4412332],[-0.3676319,51.4412984],[-0.3674196,51.4413923],[-0.3671666,51.4415043],[-0.36716,51.4415072],[-0.3668568,51.4416414],[-0.3668527,51.4416432],[-0.3669986,51.4416833],[-0.3670038,51.4416847],[-0.3670996,51.4417118],[-0.3671786,51.4417334],[-0.3671836,51.4417349],[-0.3674524,51.4418112],[-0.3675467,51.4418378],[-0.3675615,51.4418419],[-0.3677756,51.4419023],[-0.3679587,51.441965],[-0.3679842,51.4419738],[-0.3682976,51.4420812],[-0.36853,51.4421454],[-0.3685502,51.442151],[-0.3689541,51.4422624],[-0.3689784,51.4422691],[-0.369138,51.4423051],[-0.3691872,51.4423162],[-0.3692184,51.4423232],[-0.3693045,51.4423428],[-0.3693242,51.4423472],[-0.3693756,51.442359],[-0.3694205,51.4423692],[-0.3694957,51.4424048],[-0.3695111,51.4424121],[-0.3695425,51.442427],[-0.3695567,51.4424337],[-0.3695844,51.4424469],[-0.3696986,51.442501],[-0.3698663,51.4425828],[-0.369874,51.4425866],[-0.3699236,51.4426108],[-0.3700049,51.4426504],[-0.3700134,51.4426546],[-0.3700488,51.4426718],[-0.3700877,51.4426909],[-0.3703675,51.4428273],[-0.3704046,51.4428454],[-0.3705895,51.4429356],[-0.3705986,51.4429442],[-0.370615,51.4429602],[-0.370624,51.442969],[-0.3706522,51.4429895],[-0.37077,51.443075],[-0.3708102,51.4430954],[-0.3708505,51.4431158],[-0.3708644,51.4431228],[-0.3708692,51.4431253],[-0.3708782,51.4431299],[-0.3709585,51.4431655],[-0.3709933,51.4431809],[-0.3710395,51.4431941],[-0.3710639,51.443201],[-0.3711262,51.4432188],[-0.371164,51.4432295],[-0.3712431,51.443252],[-0.3712599,51.4432545],[-0.3712913,51.4432592],[-0.3713293,51.4432648],[-0.3714048,51.4432761],[-0.3714857,51.4432881],[-0.3715043,51.4432909],[-0.3716301,51.4433057],[-0.3716355,51.4433063],[-0.371903,51.4433381],[-0.3719731,51.443346],[-0.3721193,51.44337],[-0.372369,51.4434669],[-0.3724755,51.4435182],[-0.3725136,51.4435365],[-0.3725231,51.4435411],[-0.3725421,51.4435503],[-0.3725489,51.4435535],[-0.3726162,51.4435859],[-0.3728949,51.4436398],[-0.3729614,51.4436413],[-0.3729666,51.4436414],[-0.3729848,51.4436418],[-0.3731077,51.4436445],[-0.3731699,51.4436459],[-0.373225,51.4436358],[-0.3732405,51.443633],[-0.3732571,51.4436299],[-0.3733361,51.4436155],[-0.373346,51.4436134],[-0.373417,51.4435749],[-0.3734431,51.4435578],[-0.3734828,51.4435319],[-0.3735242,51.443464],[-0.3735264,51.4434598],[-0.3735617,51.4433889],[-0.3735791,51.4433295],[-0.3736087,51.4432289],[-0.3736251,51.443202],[-0.3736699,51.443128],[-0.3737409,51.4431019],[-0.3737758,51.443089],[-0.3739551,51.443023],[-0.3741113,51.4430084],[-0.3741845,51.4430015],[-0.3742671,51.4429938],[-0.374329,51.442988],[-0.374341,51.4429868],[-0.3745538,51.4429669],[-0.3747167,51.442964],[-0.3747291,51.442964],[-0.3747726,51.4429643],[-0.3748817,51.4429649],[-0.3749303,51.4429718],[-0.3749472,51.4429742],[-0.3753144,51.4430267],[-0.3753569,51.4430328],[-0.3753971,51.4430385],[-0.3754469,51.4430457],[-0.3755022,51.4430536],[-0.3755608,51.4430619],[-0.3756996,51.4430679],[-0.3757699,51.4430695],[-0.3758202,51.4430707],[-0.3758534,51.4430715],[-0.3758633,51.4430717],[-0.375884,51.4430722],[-0.3759624,51.443074],[-0.3760782,51.4430722],[-0.3760933,51.443072],[-0.3761127,51.4430693],[-0.3761649,51.4430619],[-0.3761918,51.4430582],[-0.3763081,51.4430418],[-0.3764137,51.443027],[-0.376455,51.44301],[-0.3765917,51.4429538],[-0.3766716,51.4428902],[-0.3766873,51.4428777],[-0.3767083,51.4428609],[-0.3767674,51.4427799],[-0.3769054,51.442591],[-0.3770886,51.4425051],[-0.3771464,51.442478],[-0.3772775,51.4424514],[-0.3773783,51.442431],[-0.3776273,51.442407],[-0.3779174,51.44242],[-0.3780233,51.442443],[-0.3781243,51.4424642],[-0.3782454,51.44249],[-0.3784089,51.4425538],[-0.3785142,51.4425949],[-0.3786833,51.4426565],[-0.3788883,51.4427311],[-0.3789027,51.4427363],[-0.3789318,51.4427469],[-0.3789719,51.4427615],[-0.3790913,51.4428049],[-0.3791837,51.4428634],[-0.379199,51.442873],[-0.3793174,51.4429479],[-0.3794739,51.4430708],[-0.3795173,51.4431049],[-0.379598,51.4431919],[-0.3796046,51.4431991],[-0.3796312,51.4432279],[-0.3796301,51.4433369],[-0.3794653,51.4434429],[-0.3794019,51.443559],[-0.3793932,51.4435749],[-0.3793955,51.4435803],[-0.3794257,51.4436492],[-0.3794314,51.443655],[-0.3794385,51.4436621],[-0.379486,51.4437098],[-0.3795181,51.4437385],[-0.3795325,51.4437513],[-0.3795459,51.4437633],[-0.3795527,51.4437695],[-0.3796863,51.4438492],[-0.3797222,51.4438707],[-0.3798141,51.4439168],[-0.379808,51.4440623],[-0.379806,51.4441069],[-0.3797118,51.4441984],[-0.3796348,51.4442753],[-0.3797532,51.4443297],[-0.3797886,51.444385],[-0.3797909,51.4443879],[-0.3801309,51.4444922],[-0.3801652,51.4445027],[-0.3801972,51.4445126],[-0.3802367,51.4445247],[-0.3802833,51.444539],[-0.3803275,51.4445525],[-0.3803798,51.4445686],[-0.380418,51.4445803],[-0.3805724,51.4446277],[-0.380727,51.4446593],[-0.3808268,51.4446796],[-0.3810869,51.4447328],[-0.3811019,51.4447358],[-0.3811506,51.4447458],[-0.3814214,51.4448015],[-0.3814872,51.4448145],[-0.3815491,51.444825],[-0.3815641,51.4448276],[-0.3818403,51.4448745],[-0.3818446,51.4448752],[-0.3819949,51.4449004],[-0.3820402,51.4449081],[-0.3820504,51.4449098],[-0.382131,51.4449233],[-0.3822635,51.4449456],[-0.3824252,51.4449727],[-0.3824349,51.4449743],[-0.3825199,51.4449886],[-0.3825866,51.4449998],[-0.3828712,51.4450476],[-0.382896,51.4450584],[-0.3829229,51.44507],[-0.3830898,51.4451425],[-0.3830994,51.4451466],[-0.3831787,51.445181],[-0.3832538,51.4452136],[-0.3834512,51.4453336],[-0.3836389,51.4454478],[-0.3836849,51.4454758],[-0.3837249,51.4455001],[-0.3837752,51.4455307],[-0.3837869,51.4455378],[-0.383941,51.4456315],[-0.3840826,51.4456988],[-0.3840863,51.4457007],[-0.3841241,51.4457179],[-0.3841657,51.4457375],[-0.3844966,51.4458934],[-0.3849153,51.4460927],[-0.3850312,51.4461479],[-0.385037,51.4461506],[-0.3850498,51.4461568],[-0.3850665,51.4461647],[-0.385145,51.4462021],[-0.3851955,51.4462261],[-0.3855823,51.4464103],[-0.3856139,51.4464253],[-0.3856244,51.4464303],[-0.3856856,51.4464595],[-0.3857094,51.4464708],[-0.3857527,51.4464914],[-0.3858007,51.4465113],[-0.3858412,51.4465281],[-0.3859077,51.4465556],[-0.3859978,51.4465931],[-0.3860349,51.4466122],[-0.3861752,51.4466846],[-0.3861802,51.4466872],[-0.3862376,51.4467168],[-0.3862676,51.4467323],[-0.3862782,51.4467557],[-0.3862943,51.4467914],[-0.3863001,51.4468102],[-0.3863092,51.4468397],[-0.3863137,51.4468543],[-0.3863144,51.4468663],[-0.3863183,51.4469384],[-0.3863215,51.446999],[-0.3863227,51.4470202],[-0.3863928,51.4471245],[-0.3864094,51.4471493],[-0.3864126,51.4471566],[-0.3864249,51.447185],[-0.3864535,51.4472513],[-0.3864465,51.4473103],[-0.3864285,51.4473795],[-0.3864266,51.4473871],[-0.3863956,51.4475064],[-0.3863825,51.4475572],[-0.3863748,51.4476492],[-0.3863705,51.4477001],[-0.3863694,51.4477129],[-0.386365,51.4477654],[-0.3863639,51.4477792],[-0.3863613,51.4477928],[-0.38636,51.4477994],[-0.3863478,51.4478642],[-0.3862926,51.4480781],[-0.3863016,51.4481412],[-0.3863188,51.4482023],[-0.3863559,51.4482463],[-0.3863624,51.4482531],[-0.3864128,51.4483051],[-0.3864205,51.4483104],[-0.386527,51.4483839],[-0.3865896,51.4484271],[-0.3867735,51.4485581],[-0.3868714,51.4486372],[-0.3869297,51.4486844],[-0.3869654,51.4487132],[-0.3870437,51.4487829],[-0.387163,51.4488892],[-0.387241,51.4489587],[-0.3874355,51.449132],[-0.3875903,51.4493042],[-0.3877986,51.449434],[-0.3877707,51.449438],[-0.3864643,51.4496244],[-0.3864184,51.449631],[-0.3863136,51.4496459],[-0.3862374,51.4496568],[-0.386189,51.4496637],[-0.3861674,51.4496668],[-0.386107,51.4496754],[-0.3860627,51.4496817],[-0.3860625,51.4496818],[-0.3859808,51.4496934],[-0.3859767,51.449694],[-0.3859478,51.4496981],[-0.3855532,51.4497544],[-0.3855203,51.4497591],[-0.385452,51.4497689],[-0.3851087,51.4498179],[-0.3850085,51.4498321],[-0.3849209,51.4498446],[-0.3848766,51.449851],[-0.3845681,51.449895],[-0.3845472,51.4498847],[-0.3843644,51.4497946],[-0.3842876,51.4497567],[-0.3839144,51.4495728],[-0.3837868,51.4495098],[-0.3837401,51.449541],[-0.3834502,51.4497651],[-0.3829619,51.4501608],[-0.3829546,51.4501667],[-0.3828596,51.4502438],[-0.382852,51.45025],[-0.3828339,51.450264],[-0.3828308,51.4502663],[-0.3827724,51.4503116],[-0.3827445,51.4503331],[-0.3827009,51.450367],[-0.3826812,51.4503822],[-0.3826453,51.45041],[-0.3825937,51.45045],[-0.3825305,51.4504989],[-0.3825215,51.4505058],[-0.3825021,51.4505209],[-0.3823917,51.4506064],[-0.3823583,51.4506322],[-0.3823409,51.4506457],[-0.3823264,51.4506569],[-0.3823066,51.4506723],[-0.3822994,51.4506779],[-0.3821353,51.4508049],[-0.382091,51.4508398],[-0.3820868,51.4508431],[-0.3820536,51.4508693],[-0.382045,51.4508761],[-0.3819464,51.4509538],[-0.381933,51.4509644],[-0.3818463,51.4510327],[-0.3818315,51.4510444],[-0.381828,51.4510472],[-0.3816249,51.4512073],[-0.3813173,51.4514499],[-0.3812149,51.4515306],[-0.3808359,51.4518294],[-0.3803564,51.4522141],[-0.3799193,51.4525711],[-0.3798838,51.4526],[-0.3798702,51.4526111],[-0.3798469,51.4526301],[-0.3798241,51.4526486],[-0.3798018,51.4526668],[-0.3797978,51.4526701],[-0.3797295,51.4527257],[-0.3794812,51.45292],[-0.3794758,51.4529243],[-0.3794676,51.4529307],[-0.3794608,51.452936],[-0.3794329,51.4529578],[-0.3794249,51.4529641],[-0.379072,51.4532403],[-0.3790648,51.453246],[-0.3788963,51.4533778],[-0.3788505,51.4534137],[-0.3786927,51.4535325],[-0.3786822,51.4535405],[-0.3784622,51.4537061],[-0.3782634,51.4538556],[-0.3781278,51.453958],[-0.377771,51.4542266],[-0.3776853,51.4542942],[-0.3776398,51.4543302],[-0.3775189,51.4544256],[-0.3772699,51.4546235],[-0.3767511,51.4550725],[-0.3766415,51.4551588],[-0.3764781,51.4552875],[-0.3762101,51.4554934],[-0.3761983,51.4555024],[-0.376013,51.4556387],[-0.3758344,51.4557701],[-0.3757953,51.4557988],[-0.3756164,51.4559305],[-0.3755492,51.4559834],[-0.3753266,51.456159],[-0.3752746,51.4562],[-0.3752698,51.4562037],[-0.375198,51.4562603],[-0.3751822,51.456271],[-0.3751756,51.4562755],[-0.3749279,51.456443],[-0.374824,51.4565133],[-0.3748212,51.4565152],[-0.3747602,51.4565564],[-0.3747569,51.4565579],[-0.3747122,51.4565783],[-0.374684,51.4565912],[-0.3745634,51.4566462],[-0.3745566,51.4566493],[-0.3745085,51.4566713],[-0.3744993,51.4566755],[-0.3744257,51.4567091],[-0.3744072,51.4567175],[-0.3743355,51.4567502],[-0.3742313,51.4567978],[-0.3742015,51.4568114],[-0.3741637,51.4568324],[-0.3741453,51.4568425],[-0.3740876,51.4568746],[-0.374084,51.4568766],[-0.3739984,51.4569241],[-0.3739869,51.4569305],[-0.3739699,51.4569399],[-0.3738373,51.4570136],[-0.3738172,51.4570247],[-0.3737633,51.4570546],[-0.3737485,51.4570628],[-0.3736606,51.4571116],[-0.3735214,51.4571889],[-0.3735071,51.4571969],[-0.3734962,51.4572029],[-0.3733333,51.4572933],[-0.3732749,51.4573248],[-0.3732129,51.4573581],[-0.3731186,51.4574089],[-0.3730781,51.4574306],[-0.3730609,51.4574398],[-0.3730524,51.4574438],[-0.3729136,51.4572475],[-0.3728241,51.4571209],[-0.3727918,51.4570752],[-0.3727851,51.4570658],[-0.3727396,51.4570014],[-0.3727199,51.4570155],[-0.3726514,51.4570642],[-0.3726181,51.4570879],[-0.3725923,51.4571063],[-0.3725854,51.4571112],[-0.3725688,51.457123],[-0.3725237,51.4571552],[-0.3725122,51.4571634],[-0.3724646,51.4571972],[-0.3724549,51.4571972],[-0.3723693,51.4571969],[-0.3723517,51.4571963],[-0.3722599,51.4571881],[-0.3722377,51.4571862],[-0.372213,51.457184],[-0.3721888,51.4571818],[-0.3717443,51.4571425],[-0.3716562,51.4571347],[-0.3715382,51.4571243],[-0.3715329,51.4571238],[-0.3714335,51.457115],[-0.3714289,51.4571146],[-0.371367,51.4571091],[-0.3713513,51.4571077],[-0.3713437,51.457107],[-0.3712666,51.4571002],[-0.3712593,51.4570996],[-0.3712464,51.4570984],[-0.3711513,51.45709],[-0.3711112,51.4570865],[-0.3710786,51.4570836],[-0.3710138,51.4570778],[-0.3710003,51.4570766],[-0.3709301,51.4570704],[-0.370922,51.4570697],[-0.3708718,51.4570653],[-0.3708649,51.4570646],[-0.3708205,51.4570607],[-0.3708049,51.4570593],[-0.370617,51.4570427],[-0.3706124,51.4570423],[-0.3704559,51.4570284],[-0.3704129,51.457024],[-0.3703997,51.4570226],[-0.370334,51.4570157],[-0.370319,51.4570142],[-0.370308,51.457013],[-0.3702649,51.4570085],[-0.3698346,51.4569637],[-0.3697818,51.4569582],[-0.3697383,51.4569537],[-0.3696641,51.456946],[-0.36963,51.4569424],[-0.3696195,51.4569418],[-0.369607,51.4569404],[-0.3695023,51.456933],[-0.3694949,51.4569325],[-0.3694315,51.456928],[-0.3691867,51.4569107],[-0.3691697,51.4569095],[-0.3686252,51.4568709],[-0.3686086,51.4568698],[-0.3684958,51.4568618],[-0.3684912,51.4568614],[-0.368469,51.4568806],[-0.3684591,51.4568891],[-0.3684512,51.456896],[-0.368375,51.4569617],[-0.3683606,51.4569741],[-0.3683442,51.4569883],[-0.3683388,51.4569929],[-0.3682744,51.4570485],[-0.3682687,51.4570534],[-0.3682653,51.4570564],[-0.3682573,51.4570633],[-0.3682224,51.4570934],[-0.3682168,51.4570983],[-0.3681551,51.4571515],[-0.3681499,51.457156],[-0.3681331,51.4571695],[-0.3680648,51.4572295],[-0.3680596,51.457234],[-0.3680415,51.4572496],[-0.3680025,51.4572834],[-0.3679971,51.457288],[-0.3679478,51.4573306],[-0.3679333,51.4573431],[-0.3679289,51.457347],[-0.367918,51.4573564],[-0.3678863,51.4573838],[-0.3678825,51.4573871],[-0.3678572,51.4574089],[-0.3677182,51.457427],[-0.3677109,51.4574279],[-0.3676889,51.4574308],[-0.3676523,51.4574356],[-0.3675297,51.4574515],[-0.3675251,51.4574521],[-0.3674587,51.4574608],[-0.3674402,51.4574632],[-0.3674298,51.4574645],[-0.3673385,51.4574764],[-0.3673259,51.4574781],[-0.3671788,51.4574972],[-0.3670732,51.457511],[-0.367066,51.4575119],[-0.366908,51.4575325],[-0.3669,51.4575335],[-0.3667772,51.4575495],[-0.3667352,51.457555],[-0.3667222,51.4575567],[-0.366659,51.4575649],[-0.3666458,51.4575666],[-0.366532,51.4575814],[-0.3665234,51.4575826],[-0.3665151,51.4575836],[-0.3663921,51.4575997],[-0.3663868,51.4576003],[-0.3663801,51.4576012],[-0.3663679,51.4576028],[-0.3662908,51.4576128],[-0.366274,51.457615],[-0.3662693,51.4576156],[-0.3662596,51.4576169],[-0.3661944,51.4576254],[-0.36618,51.4576273],[-0.3661322,51.4576335],[-0.3661247,51.4576345],[-0.3660796,51.4576403],[-0.3660126,51.457649],[-0.3659928,51.4576516],[-0.365965,51.4576553],[-0.3659422,51.4576582],[-0.3658764,51.4576668],[-0.3658722,51.4576673],[-0.3658259,51.4576734],[-0.3658183,51.4576743],[-0.3657602,51.4576819],[-0.365746,51.4576838],[-0.3657339,51.4576853],[-0.3656335,51.4576984],[-0.3656284,51.4576991],[-0.3655996,51.4577028],[-0.3655874,51.4577044],[-0.3654938,51.4577166],[-0.3654868,51.4577175],[-0.3654817,51.4577182],[-0.3653588,51.4577342],[-0.3653467,51.4577357],[-0.3652414,51.4577494],[-0.3651902,51.4577561],[-0.3651688,51.4577589],[-0.3651588,51.4577602],[-0.365097,51.4577682],[-0.3650924,51.4577688],[-0.3650871,51.457768],[-0.3650741,51.4577661],[-0.3650622,51.4577643],[-0.3650037,51.4577556],[-0.3649701,51.4577506],[-0.3648078,51.4577264],[-0.3647973,51.4577248],[-0.3647809,51.4577224],[-0.364668,51.4577056],[-0.3646266,51.4576994],[-0.3645377,51.457635],[-0.3644824,51.457595],[-0.364379,51.4575747],[-0.3643293,51.4575649],[-0.3642836,51.4575559],[-0.3642471,51.4575583],[-0.3642346,51.4575591],[-0.3641486,51.4575648],[-0.3640842,51.457569],[-0.3640693,51.45757],[-0.3639594,51.4575772],[-0.3638771,51.4575826],[-0.3638717,51.4575829],[-0.3638638,51.4575834],[-0.3637917,51.4575882],[-0.3637866,51.4575885],[-0.3637757,51.4575892],[-0.3637281,51.4575923],[-0.3636894,51.4575949],[-0.3636769,51.4575957],[-0.3636063,51.4576003],[-0.3635951,51.4576011],[-0.3635538,51.4576038],[-0.363528,51.4576055],[-0.3635091,51.4576067],[-0.3634942,51.4576077],[-0.3634581,51.45761],[-0.363451,51.4576105],[-0.3633975,51.457614],[-0.3633736,51.4576156],[-0.3633686,51.4576159],[-0.3633235,51.4576189],[-0.3633128,51.4576196],[-0.3633022,51.4576203],[-0.3632145,51.457626],[-0.3632087,51.4576264],[-0.3632022,51.4576268],[-0.3631366,51.4576311],[-0.3631278,51.4576317],[-0.3631005,51.4576335],[-0.363071,51.4576354],[-0.3630344,51.4576378],[-0.3630284,51.4576382],[-0.3629645,51.4576424],[-0.3629459,51.4576436],[-0.3628707,51.4576485],[-0.362854,51.4576496],[-0.3628481,51.45765],[-0.3627553,51.4576561],[-0.362748,51.4576566],[-0.3626735,51.4576615],[-0.3624495,51.4576809],[-0.3624041,51.4576848],[-0.3623603,51.4576886],[-0.3623157,51.4576924],[-0.3622585,51.4577098],[-0.3620603,51.4577699],[-0.3618996,51.4578186],[-0.3618327,51.4578389],[-0.3617458,51.4578652],[-0.3617419,51.4578664],[-0.3617318,51.4578695],[-0.3616961,51.4578825],[-0.3615736,51.4579272],[-0.3615627,51.4579311],[-0.3614395,51.457976],[-0.3613877,51.4579949],[-0.3613608,51.4579989],[-0.3613555,51.4579997],[-0.3613409,51.4580019],[-0.3613273,51.4580039],[-0.3612666,51.4580129],[-0.3612511,51.4580152],[-0.3612255,51.458019],[-0.3610432,51.4580461],[-0.3610119,51.4580507],[-0.3609579,51.4580587],[-0.3608392,51.4580764],[-0.3608192,51.4580793],[-0.3606978,51.4580974],[-0.3606759,51.4581006],[-0.3606484,51.4581047],[-0.360643,51.4581055],[-0.3605787,51.4581151],[-0.3605706,51.4581163],[-0.3605331,51.4581219],[-0.3604365,51.4581362],[-0.3603954,51.4581423],[-0.3603358,51.4581512],[-0.3602958,51.4581571],[-0.3602459,51.4581645],[-0.3602326,51.4581665],[-0.3601557,51.4581779],[-0.360119,51.4581834],[-0.3601086,51.4581849],[-0.3601036,51.4581856],[-0.3600302,51.4581965],[-0.3600127,51.4581991],[-0.3598771,51.4582193],[-0.3598435,51.4582243],[-0.3598194,51.4582279],[-0.3597962,51.4582292],[-0.3597709,51.4582306],[-0.3597461,51.4582321],[-0.359732,51.4582329],[-0.359719,51.4582336],[-0.3595918,51.4582409],[-0.3595709,51.4582421],[-0.3595667,51.4582423],[-0.3595521,51.4582432],[-0.359434,51.45825],[-0.3594295,51.4582502],[-0.3594189,51.4582508],[-0.3594034,51.4582517],[-0.3593977,51.458252],[-0.359333,51.4582557],[-0.3593177,51.4582566],[-0.3592679,51.4582595],[-0.359168,51.4582652],[-0.3590807,51.4582702],[-0.358995,51.4582751],[-0.3589845,51.4582757],[-0.3589062,51.4582802],[-0.3588674,51.4582824],[-0.3588566,51.458283],[-0.3588165,51.4582853],[-0.3587886,51.458287],[-0.3587712,51.4582879],[-0.3586702,51.4582937],[-0.358661,51.4582943],[-0.3586067,51.4582974],[-0.3585948,51.4582984],[-0.3585656,51.4583008],[-0.3585488,51.4583022],[-0.3585434,51.4583027],[-0.3585241,51.4583043],[-0.3584779,51.4583082],[-0.3584517,51.4583104],[-0.3584069,51.4583142],[-0.358398,51.4583149],[-0.3583836,51.4583161],[-0.3582751,51.4583253],[-0.3582466,51.4583277],[-0.3582306,51.458329],[-0.358171,51.458334],[-0.3581653,51.4583345],[-0.358161,51.4583349],[-0.3581536,51.4583355],[-0.3580876,51.4583411],[-0.3580585,51.4583435],[-0.3580404,51.458345],[-0.358031,51.4583458],[-0.3580039,51.4583481],[-0.3579865,51.4583495],[-0.3579583,51.4583519],[-0.3579529,51.4583524],[-0.3579103,51.458356],[-0.3577669,51.4583659],[-0.3577466,51.4583673],[-0.3577249,51.4583688],[-0.3576916,51.4583711],[-0.3575686,51.4583796],[-0.3575515,51.4583808],[-0.3575355,51.4583819],[-0.3574967,51.4583843],[-0.3574886,51.4583848],[-0.3572968,51.4583965],[-0.3571671,51.4584044],[-0.3571573,51.458405],[-0.357142,51.4584052],[-0.3570154,51.4584073],[-0.3567954,51.4584109],[-0.3567339,51.4584114],[-0.3566237,51.4584123],[-0.3565375,51.458413],[-0.356516,51.4584132],[-0.3564314,51.4584139],[-0.35635,51.4584106],[-0.3563257,51.4584096],[-0.3562191,51.4584052],[-0.356202,51.4584045],[-0.3561746,51.4584034],[-0.3561401,51.458402],[-0.3559644,51.4583947],[-0.3559587,51.4583945],[-0.355947,51.458394],[-0.3557585,51.4583863],[-0.3557425,51.4583856],[-0.3556607,51.4583822],[-0.3556326,51.4583811],[-0.355564,51.4583783],[-0.3555457,51.4583775],[-0.3554781,51.4583747],[-0.3554722,51.4583745],[-0.3552896,51.458367],[-0.3552758,51.4583664],[-0.3552702,51.4583662],[-0.3551297,51.4583604],[-0.3551217,51.4583601],[-0.3551032,51.4583593],[-0.3549016,51.458351],[-0.3548868,51.4583493],[-0.3548763,51.4583481],[-0.3548103,51.4583404],[-0.3547005,51.4583276],[-0.354691,51.4583265],[-0.3546775,51.4583249],[-0.3546687,51.4583239],[-0.3546552,51.4583223],[-0.3546502,51.4583217],[-0.3544813,51.458302],[-0.3544668,51.4583003],[-0.3544399,51.4582972],[-0.3543404,51.4582856],[-0.3542685,51.4582772],[-0.3542559,51.4582757],[-0.3542519,51.4582753],[-0.3542324,51.458273],[-0.3542211,51.4582717],[-0.3542009,51.4582693],[-0.3541692,51.4582656],[-0.3541527,51.4582637],[-0.3540545,51.4582522],[-0.3540504,51.4582518],[-0.3540072,51.4582467],[-0.3539987,51.4582457],[-0.353889,51.4582329],[-0.3537951,51.458222],[-0.3537782,51.45822],[-0.3537559,51.4582174],[-0.3537224,51.4582135],[-0.353666,51.4582069],[-0.3535895,51.458198],[-0.3535755,51.4581839],[-0.353567,51.4581754],[-0.3534786,51.4580864],[-0.3533999,51.4580072],[-0.3533355,51.4579425],[-0.3532998,51.4579065],[-0.3532957,51.4579025],[-0.3532308,51.4578371],[-0.3532277,51.4578341],[-0.3531919,51.457798],[-0.3531507,51.4577452],[-0.3531399,51.4577315],[-0.3531341,51.457724],[-0.353125,51.4577124],[-0.3530856,51.457662],[-0.3530838,51.4576597],[-0.3530194,51.4575773],[-0.3530155,51.4575723],[-0.3529682,51.4575118],[-0.3529518,51.4574908],[-0.3529487,51.4574867],[-0.3529399,51.4574755],[-0.3529312,51.4573832],[-0.3529301,51.4573713],[-0.3529266,51.457334],[-0.3529263,51.4573302],[-0.3529221,51.4572859],[-0.3529204,51.4572677],[-0.3529166,51.4572271],[-0.3529098,51.4571552],[-0.3529093,51.4571493],[-0.352908,51.4571354],[-0.3529066,51.45712],[-0.3529056,51.4571103],[-0.3529052,51.4571057],[-0.3529048,51.4571012],[-0.3529021,51.4570723],[-0.3529018,51.4570696],[-0.3529011,51.4570614],[-0.3529008,51.4570584],[-0.3528972,51.4570205],[-0.3528922,51.4569728],[-0.3528885,51.4569708],[-0.3528365,51.4569426],[-0.352807,51.4569267],[-0.352802,51.456924],[-0.3527307,51.4568853],[-0.35264,51.4568362],[-0.3526078,51.4568182],[-0.3524504,51.4568048],[-0.352223,51.4567853],[-0.3521973,51.4567835],[-0.3521545,51.4567795],[-0.3520415,51.4567698],[-0.3520328,51.4567691],[-0.3518401,51.4567526],[-0.3518256,51.4567514],[-0.3518103,51.4567501],[-0.351754,51.4567452],[-0.3515521,51.4567329],[-0.3515459,51.4567325],[-0.3513491,51.4567204],[-0.3508981,51.4566927],[-0.3504433,51.456698],[-0.3503944,51.4566985],[-0.3502979,51.4566997],[-0.3502926,51.4566997],[-0.3502662,51.4567],[-0.350201,51.4567008],[-0.3501039,51.4567022],[-0.3500912,51.4567024],[-0.3499078,51.4567051],[-0.3494428,51.4567121],[-0.3493284,51.4567138],[-0.3487104,51.4567128],[-0.3484129,51.4567346],[-0.3483873,51.4567364],[-0.3483632,51.4567382],[-0.3481736,51.4567521],[-0.3481355,51.4567549],[-0.3480208,51.4567634],[-0.3479382,51.4567855],[-0.3478291,51.4568146],[-0.3478134,51.4568188],[-0.3477571,51.4568339],[-0.3477524,51.4568352],[-0.3477305,51.4568546],[-0.3477236,51.4568608],[-0.3477045,51.4568796],[-0.3477007,51.4568832],[-0.3476233,51.4569593],[-0.3475537,51.4569806],[-0.3475466,51.4569828],[-0.3474842,51.457002],[-0.3474604,51.4570093],[-0.3473986,51.4570283],[-0.3473632,51.4570389],[-0.3473412,51.4570455],[-0.3472858,51.4570621],[-0.3472802,51.4570638],[-0.3471418,51.4571053],[-0.34713,51.4571088],[-0.3468475,51.4571935],[-0.3468414,51.4571953],[-0.3466983,51.4572382],[-0.3466944,51.4572329],[-0.3466316,51.4571423],[-0.3465995,51.4570957],[-0.3461826,51.4571812],[-0.3461084,51.4572027],[-0.3461039,51.4572041],[-0.3460965,51.4572062],[-0.3459303,51.4572545],[-0.3459131,51.4572595],[-0.3457566,51.457305],[-0.345738,51.4573104],[-0.3456658,51.4573314],[-0.3456429,51.4573429],[-0.3456344,51.4573471],[-0.3456263,51.4573512],[-0.3455909,51.4573733],[-0.345558,51.457399],[-0.3455399,51.4574298],[-0.3455208,51.4574707],[-0.3455105,51.4574957],[-0.3455037,51.4575208],[-0.3454976,51.4575547],[-0.3454948,51.4575802],[-0.3454933,51.4576029],[-0.3454929,51.4576087],[-0.3454875,51.4576213],[-0.3454845,51.4576282],[-0.3454786,51.4576419],[-0.3454629,51.4576677],[-0.3454376,51.4576959],[-0.345395,51.4577297],[-0.3453915,51.4577319],[-0.3453877,51.4577344],[-0.3453579,51.4577536],[-0.345345,51.457761],[-0.3453333,51.4577677],[-0.3453301,51.4577695],[-0.3453106,51.4577783],[-0.3452921,51.4577867],[-0.3452643,51.457798],[-0.3452602,51.4577995],[-0.3452333,51.4578088],[-0.3451896,51.4578242],[-0.3451148,51.4578508],[-0.3450673,51.4578665],[-0.3450554,51.4578705],[-0.3450411,51.4578752],[-0.3449322,51.4578976],[-0.3449269,51.4578987],[-0.3448866,51.4579073],[-0.3447956,51.4579267],[-0.3445719,51.4579742],[-0.344527,51.4579735],[-0.3445212,51.4579734],[-0.3444402,51.4579721],[-0.3444316,51.4579719],[-0.344326,51.4579702],[-0.3442752,51.4579716],[-0.3442687,51.4579717],[-0.3441846,51.4579741],[-0.3441731,51.4579744],[-0.3440689,51.4579772],[-0.3440361,51.4579829],[-0.3440248,51.4579849],[-0.3438948,51.4580076],[-0.3438803,51.4580101],[-0.3436868,51.4580601],[-0.3436742,51.4580634],[-0.343669,51.4580647],[-0.3435561,51.4580716],[-0.3435473,51.4580721],[-0.343523,51.4580736],[-0.3434716,51.4580724],[-0.3433604,51.4580696],[-0.3433475,51.4580693],[-0.3429639,51.4580597],[-0.3426809,51.4581106],[-0.3424371,51.4582952],[-0.3422915,51.4584396],[-0.3422754,51.4584556],[-0.3422671,51.4584638],[-0.34226,51.4584708],[-0.3422198,51.4585107],[-0.3421129,51.4586167],[-0.3420627,51.4586569],[-0.3420563,51.458662],[-0.3419676,51.4587329],[-0.3415232,51.4590886],[-0.3400673,51.4592924],[-0.3400389,51.4591434],[-0.3400479,51.4591364],[-0.3400829,51.4591098],[-0.3401315,51.4590727],[-0.3401456,51.4590524],[-0.3403332,51.4587836],[-0.3404309,51.4586318],[-0.340521,51.4584918],[-0.340538,51.4584512],[-0.3405504,51.4584218],[-0.3406051,51.4582918],[-0.3406149,51.4582685],[-0.3406534,51.4581768],[-0.3407095,51.4580023],[-0.340712,51.4579944],[-0.3407254,51.4579527],[-0.340734,51.4578147],[-0.3407357,51.4577892],[-0.3407401,51.4577208],[-0.3407273,51.4576669],[-0.3407267,51.4576641],[-0.3406801,51.4574673],[-0.3406781,51.4574589],[-0.3406732,51.4574384],[-0.3406595,51.4573811],[-0.3406571,51.4573711],[-0.3406461,51.4573248],[-0.3406301,51.4572578],[-0.3406204,51.4572471],[-0.3404813,51.4570919],[-0.3403427,51.4569794],[-0.3401208,51.4567993],[-0.3398923,51.4566139],[-0.3398402,51.4565786],[-0.3394024,51.4562829],[-0.3391265,51.4560869],[-0.3390849,51.4560568],[-0.3390748,51.4560502],[-0.3389782,51.4560881],[-0.338969,51.4560918],[-0.3389481,51.4560999],[-0.3388488,51.456139],[-0.3388321,51.4561456],[-0.3387166,51.456191],[-0.3386678,51.4561535],[-0.3384407,51.455979],[-0.3382834,51.4558581],[-0.3382782,51.4558541],[-0.3382338,51.45582],[-0.3380171,51.4556534],[-0.3380083,51.4556467],[-0.3379961,51.4556373],[-0.3378811,51.455549],[-0.3378603,51.455533],[-0.3377905,51.455479],[-0.3379524,51.455421],[-0.3378809,51.4553053],[-0.3378149,51.4551987],[-0.3377777,51.4551385],[-0.3377362,51.4550715],[-0.3376749,51.4549726],[-0.3376703,51.4549651],[-0.3376659,51.4549602],[-0.3375615,51.4548422],[-0.3374223,51.4547481],[-0.3374074,51.4547422],[-0.3372784,51.4546919],[-0.3372666,51.4546873],[-0.3371267,51.4546594],[-0.3369844,51.4546312],[-0.3369321,51.4547163],[-0.3368806,51.4548002],[-0.3368736,51.4548117],[-0.3368256,51.4548897],[-0.3368226,51.4548947],[-0.3368171,51.4549036],[-0.3367617,51.4549939],[-0.3367582,51.4549995],[-0.3367535,51.4550072],[-0.3367398,51.4550295],[-0.3367037,51.4550882],[-0.3366978,51.4550978],[-0.336656,51.455166],[-0.3366247,51.4552169],[-0.3366195,51.4552255],[-0.3365675,51.45531],[-0.3365397,51.4553496],[-0.3365372,51.4553531],[-0.3364571,51.4554671],[-0.3364547,51.4554705],[-0.3364412,51.4554897],[-0.3364015,51.4555461],[-0.3363503,51.4555822],[-0.336347,51.4555845],[-0.3363388,51.4555903],[-0.3363076,51.4556121],[-0.3361946,51.455621],[-0.336083,51.4556156],[-0.3360664,51.4556148],[-0.3360195,51.4556128],[-0.335883,51.455606],[-0.3358668,51.4556052],[-0.335713,51.4555978],[-0.3356028,51.4555925],[-0.3355926,51.455592],[-0.3354663,51.4555859],[-0.3354498,51.4555851],[-0.3353526,51.4555804],[-0.3353419,51.4555799],[-0.3353298,51.4555793],[-0.3352005,51.455573],[-0.3351754,51.4555718],[-0.3350568,51.4555661],[-0.3350514,51.4555657],[-0.3350451,51.4555652],[-0.3349024,51.455554],[-0.3348961,51.4555535],[-0.33475,51.455542],[-0.3347388,51.4555411],[-0.334678,51.4555363],[-0.3346208,51.4555319],[-0.3346116,51.4555311],[-0.334497,51.4555221],[-0.3344853,51.4555212],[-0.3343409,51.4555099],[-0.3342818,51.4555052],[-0.3341426,51.4554945],[-0.3338677,51.4554733],[-0.3336717,51.4554582],[-0.3335903,51.4553262],[-0.333578,51.4553062],[-0.333576,51.455303],[-0.3335718,51.4552963],[-0.3335478,51.4552574],[-0.3335317,51.4552587],[-0.3335105,51.4552608],[-0.3334958,51.4552622],[-0.333335,51.4552933],[-0.3333044,51.4552993],[-0.333253,51.4553092],[-0.3332472,51.4553118],[-0.3331847,51.4553395],[-0.3330336,51.4554065],[-0.3329727,51.4554462],[-0.3329536,51.4554588],[-0.3329211,51.4554801],[-0.3328113,51.4555602],[-0.3328017,51.4555672],[-0.3327839,51.4555801],[-0.3327637,51.4555949],[-0.3327578,51.4555992],[-0.3327143,51.4556308],[-0.3326961,51.4556441],[-0.3326881,51.4556506],[-0.3326259,51.4557006],[-0.3325872,51.4557322],[-0.332473,51.4559651],[-0.3324577,51.4560144],[-0.3324052,51.456184],[-0.3324014,51.456196],[-0.3323995,51.4562023],[-0.3323804,51.4562639],[-0.3323665,51.4563086],[-0.3323441,51.4563811],[-0.3322813,51.4564452],[-0.3322152,51.4565128],[-0.3321839,51.4565448],[-0.3321562,51.4565731],[-0.3320647,51.4566308],[-0.3319719,51.4566893],[-0.3319576,51.4566983],[-0.3319315,51.4567148],[-0.331839,51.4567731],[-0.3318204,51.4567959],[-0.3317227,51.4569156],[-0.3317073,51.4569344],[-0.3315699,51.4571028],[-0.3315305,51.457151],[-0.3315284,51.4571537],[-0.3314913,51.4571991],[-0.3314307,51.4572733],[-0.3314171,51.4572899],[-0.3314071,51.4572965],[-0.3313974,51.457303],[-0.3313345,51.4573447],[-0.3311632,51.4574582],[-0.3311576,51.457462],[-0.3311508,51.4574665],[-0.3311419,51.4574723],[-0.3311384,51.4574747],[-0.3310853,51.4575099],[-0.3309923,51.4575647],[-0.3308698,51.4576371],[-0.3307714,51.4576951],[-0.3306922,51.4577419],[-0.3306861,51.4577445],[-0.3306791,51.4577475],[-0.330584,51.4577888],[-0.3304374,51.4578524],[-0.3303687,51.457882],[-0.3302426,51.4579008],[-0.3302373,51.4579016],[-0.3301383,51.4579163],[-0.32994,51.4579458],[-0.3297867,51.4579686],[-0.3296816,51.4579843],[-0.3296512,51.4579888],[-0.3295296,51.4580069],[-0.3294111,51.4580136],[-0.3293449,51.4580174],[-0.3293333,51.4580181],[-0.3292708,51.4580216],[-0.3292565,51.4580225],[-0.329246,51.4580231],[-0.3292297,51.458024],[-0.3290563,51.4580339],[-0.3289689,51.4580286],[-0.3289586,51.458028],[-0.3289019,51.4580246],[-0.328892,51.458024],[-0.3287291,51.4580143],[-0.3287089,51.4580131],[-0.3287044,51.4580128],[-0.3284193,51.4579536],[-0.3284131,51.4579524],[-0.3282158,51.4578569],[-0.3281169,51.4577702],[-0.3281139,51.4577676],[-0.3280016,51.4576691],[-0.3279478,51.457622],[-0.3279239,51.457601],[-0.3279098,51.4575886],[-0.3277923,51.4574856],[-0.32777,51.4574661],[-0.3277562,51.457454],[-0.32767,51.4573784],[-0.3276599,51.4573695],[-0.3276365,51.457349],[-0.3275979,51.45731],[-0.3275822,51.4572943],[-0.3275178,51.4572292],[-0.3275048,51.4572162],[-0.3274452,51.4571561],[-0.3274404,51.4571513],[-0.327331,51.457041],[-0.3272687,51.456978],[-0.3271277,51.4570166],[-0.3271187,51.457019],[-0.3270667,51.4570037],[-0.3270475,51.4569981],[-0.3270345,51.4570022],[-0.327014,51.4570088],[-0.3269106,51.457042],[-0.3268129,51.4571305],[-0.326637,51.4572899],[-0.3266241,51.4573019],[-0.3265299,51.457389],[-0.3264434,51.4575016],[-0.3263989,51.4575596],[-0.3263447,51.45763],[-0.3261689,51.457813],[-0.3261552,51.4578144],[-0.3261479,51.4578152],[-0.3260703,51.4578233],[-0.326061,51.4578242],[-0.3260041,51.4578302],[-0.325977,51.457833],[-0.3258805,51.4578587],[-0.3258506,51.4578667],[-0.3257408,51.4578959],[-0.3257252,51.4579076],[-0.3257218,51.4579102],[-0.3257071,51.4579211],[-0.3256907,51.4579334],[-0.3256848,51.4579378],[-0.3256229,51.457984],[-0.3255722,51.458116],[-0.3255995,51.4582502],[-0.3256021,51.4582621],[-0.325609,51.4582674],[-0.325613,51.4582706],[-0.3256363,51.4582886],[-0.3257309,51.458362],[-0.3259131,51.458437],[-0.3259229,51.4585671],[-0.3260671,51.4586037],[-0.3260734,51.458606],[-0.3261115,51.4586196],[-0.326115,51.4586215],[-0.3261349,51.4586337],[-0.3261428,51.4586385],[-0.3261499,51.4586462],[-0.3261564,51.4586532],[-0.3261616,51.4586596],[-0.3261682,51.4586934],[-0.326154,51.4587236],[-0.3261233,51.4587413],[-0.32609,51.4587478],[-0.3260616,51.4587533],[-0.3260243,51.4587779],[-0.3260146,51.4587937],[-0.3260023,51.4588135],[-0.3260004,51.4588265],[-0.3259969,51.4588497],[-0.3260075,51.4588685],[-0.3260138,51.4588799],[-0.3260764,51.4589296],[-0.3260911,51.4589412],[-0.3261078,51.4589546],[-0.3262328,51.4590539],[-0.3262586,51.4590766],[-0.3262612,51.4590789],[-0.3262734,51.4590917],[-0.3262867,51.4591058],[-0.3263114,51.4591313],[-0.3263149,51.4591354],[-0.3263198,51.459141],[-0.3263351,51.4591589],[-0.3263383,51.4591626],[-0.3263589,51.4591869],[-0.3263626,51.4591917],[-0.3263692,51.4592],[-0.3263808,51.4592149],[-0.3264,51.4592428],[-0.3264313,51.4592886],[-0.3264576,51.4593287],[-0.3264602,51.4593354],[-0.3264646,51.4593471],[-0.3264663,51.4593513],[-0.3264688,51.459358],[-0.3264707,51.4593637],[-0.3264702,51.4593698],[-0.3264677,51.4594018],[-0.3264673,51.4594079],[-0.326466,51.4594109],[-0.3264492,51.4594488],[-0.3264291,51.4594799],[-0.3264129,51.4595053],[-0.3263992,51.4595226],[-0.326395,51.4595278],[-0.3263765,51.4595488],[-0.3263743,51.4595513],[-0.326365,51.45956],[-0.3263417,51.4595817],[-0.3263304,51.4595931],[-0.3263162,51.4596074],[-0.3263114,51.4596122],[-0.3262999,51.459625],[-0.326283,51.459644],[-0.3262627,51.4596763],[-0.326248,51.4596998],[-0.3262437,51.4597068],[-0.3262412,51.4597108],[-0.3262299,51.4597377],[-0.3262281,51.4597611],[-0.326229,51.4597638],[-0.3262394,51.4597851],[-0.3262654,51.4598111],[-0.3262845,51.4598239],[-0.3263063,51.4598365],[-0.3263435,51.4598538],[-0.3263618,51.45986],[-0.3263727,51.4598637],[-0.3264086,51.4598692],[-0.3264575,51.4598737],[-0.3264646,51.4598744],[-0.3265067,51.4598787],[-0.3265177,51.4598802],[-0.3265439,51.4598838],[-0.3265769,51.4598925],[-0.3266197,51.4599037],[-0.3266346,51.4599086],[-0.3266465,51.4599124],[-0.3266627,51.459918],[-0.3266971,51.4599373],[-0.3266996,51.4599399],[-0.3267168,51.459963],[-0.3267195,51.4599665],[-0.3267206,51.4599714],[-0.3267264,51.4599963],[-0.3267272,51.4599998],[-0.3267256,51.4600194],[-0.3267251,51.4600264],[-0.3267248,51.4600292],[-0.3267213,51.4600382],[-0.3267131,51.4600588],[-0.3267119,51.4600618],[-0.3266921,51.4600891],[-0.3266473,51.4601848],[-0.3266357,51.4602097],[-0.3266296,51.4602227],[-0.3266249,51.4602329],[-0.3265587,51.4603758],[-0.3264674,51.4605372],[-0.3264627,51.4605454],[-0.3264544,51.4605601],[-0.3264529,51.4605627],[-0.3264371,51.4605856],[-0.3264349,51.4605887],[-0.3264143,51.4606221],[-0.3264088,51.4606331],[-0.3263974,51.460656],[-0.3263958,51.4606599],[-0.3263928,51.4606675],[-0.3263839,51.4606906],[-0.3263723,51.4607388],[-0.3263644,51.4607834],[-0.3263638,51.4608223],[-0.3263666,51.4608361],[-0.3263695,51.4608495],[-0.3263791,51.4608741],[-0.3263819,51.4608786],[-0.3263847,51.460883],[-0.3263969,51.4609026],[-0.3264171,51.4609272],[-0.3264401,51.4609503],[-0.3264672,51.4609712],[-0.3264702,51.4609735],[-0.3264729,51.4609756],[-0.3264782,51.4609787],[-0.3265108,51.4609979],[-0.3265579,51.4610146],[-0.3265909,51.4610227],[-0.3266239,51.4610292],[-0.3266375,51.4610319],[-0.326669,51.4610381],[-0.3267113,51.4610497],[-0.3267419,51.4610616],[-0.3267492,51.461065],[-0.3267564,51.4610682],[-0.3267888,51.461083],[-0.3268316,51.4611069],[-0.326835,51.4611098],[-0.3268398,51.461114],[-0.3268426,51.4611165],[-0.3268608,51.4611323],[-0.3268781,51.4611572],[-0.3268856,51.4611792],[-0.3268896,51.4612018],[-0.3268899,51.4612127],[-0.3268902,51.4612262],[-0.326891,51.4612536],[-0.3268837,51.4612786],[-0.3268806,51.4612892],[-0.326865,51.4613425],[-0.3268608,51.4613563],[-0.326855,51.4613682],[-0.3268518,51.4613748],[-0.3268486,51.4613813],[-0.3268427,51.4613932],[-0.3268399,51.461399],[-0.3268368,51.4614053],[-0.3268126,51.4614545],[-0.3267854,51.4615167],[-0.3267689,51.4615546],[-0.3267222,51.4616505],[-0.3267112,51.461671],[-0.326688,51.4617141],[-0.3266857,51.4617183],[-0.3266765,51.4617354],[-0.326674,51.4617402],[-0.326671,51.4617456],[-0.3266443,51.4617679],[-0.3266196,51.4617886],[-0.3266015,51.4618036],[-0.3265967,51.4618077],[-0.3265236,51.4618687],[-0.3265165,51.4618747],[-0.3264875,51.4618989],[-0.326476,51.4619085],[-0.3264491,51.4619309],[-0.3264343,51.4619433],[-0.3264295,51.4619473],[-0.3264114,51.4619624],[-0.3264037,51.4619688],[-0.3263624,51.4620496],[-0.3263542,51.4620671],[-0.3263414,51.4620971],[-0.3263292,51.4621211],[-0.3263091,51.4621482],[-0.3263054,51.4621541],[-0.3262967,51.4621866],[-0.3262946,51.4621946],[-0.3262888,51.4622163],[-0.3262846,51.4622319],[-0.3262825,51.4622401],[-0.3262785,51.4622549],[-0.3262738,51.4622726],[-0.3262704,51.4622856],[-0.3262626,51.4623139],[-0.3262476,51.4623341],[-0.3262421,51.4623415],[-0.3262401,51.462344],[-0.3262223,51.462368],[-0.3262096,51.4623847],[-0.3262039,51.4623874],[-0.3261768,51.4624002],[-0.3261624,51.462407],[-0.3261117,51.462431],[-0.3260831,51.4624445],[-0.3260429,51.4624855],[-0.3260189,51.4625507],[-0.3260185,51.4625514],[-0.3259971,51.4626314],[-0.3259956,51.462634],[-0.3259702,51.4626765],[-0.3259617,51.4626908],[-0.325956,51.4627002],[-0.3259439,51.4627204],[-0.3259334,51.462731],[-0.3258804,51.4627841],[-0.3258751,51.4627894],[-0.3258561,51.4628084],[-0.3258216,51.4628443],[-0.3258062,51.4628603],[-0.3257893,51.4628778],[-0.3257752,51.4628924],[-0.3257373,51.462982],[-0.3257328,51.4629928],[-0.3257316,51.4629976],[-0.3257199,51.463046],[-0.3257197,51.4630468],[-0.3257236,51.4630711],[-0.3257199,51.4630953],[-0.3257057,51.463127],[-0.3256967,51.4631386],[-0.3256959,51.4631399],[-0.3256854,51.4631574],[-0.3256763,51.4631794],[-0.3256585,51.4632222],[-0.3256514,51.4632394],[-0.3256496,51.4632436],[-0.3256447,51.4632553],[-0.3256382,51.4632711],[-0.325612,51.4633344],[-0.32561,51.4633371],[-0.3255756,51.4633858],[-0.3255713,51.4633918],[-0.3255681,51.4633963],[-0.3255634,51.463403],[-0.3255455,51.4634284],[-0.3255429,51.4634319],[-0.3254764,51.463526],[-0.3254692,51.4635362],[-0.3254573,51.463553],[-0.3254527,51.4635594],[-0.3254496,51.4635638],[-0.3254402,51.4635771],[-0.3254292,51.4635927],[-0.3254158,51.4636115],[-0.3254061,51.4636254],[-0.3253727,51.4636677],[-0.325366,51.4636763],[-0.3253617,51.4636817],[-0.3253548,51.4636905],[-0.325337,51.4637131],[-0.3252994,51.4637608],[-0.3252911,51.4637713],[-0.3251631,51.4639339],[-0.3251538,51.4639457],[-0.32515,51.4639506],[-0.3251423,51.4639603],[-0.3250849,51.4640322],[-0.3250799,51.4640385],[-0.3250758,51.4640437],[-0.3250398,51.4640887],[-0.3250292,51.464102],[-0.3250163,51.4641182],[-0.324976,51.4641686],[-0.3249604,51.4641882],[-0.324955,51.4641949],[-0.3249414,51.464212],[-0.3249347,51.4642203],[-0.3248764,51.4642933],[-0.3248711,51.4642981],[-0.3248679,51.464301],[-0.3247499,51.4644071],[-0.324745,51.4644114],[-0.3247082,51.4644445],[-0.3246989,51.4644528],[-0.3246574,51.4644902],[-0.3246467,51.4644989],[-0.3245217,51.4646003],[-0.3245159,51.4646049],[-0.3244987,51.4646189],[-0.3244528,51.4646561],[-0.3243355,51.4647512],[-0.3243304,51.4647552],[-0.3241091,51.4649262],[-0.3241042,51.46493],[-0.3240702,51.4649562],[-0.3240226,51.4649971],[-0.3240141,51.4650041],[-0.3240061,51.4650109],[-0.3239185,51.4650857],[-0.3239121,51.4650912],[-0.323857,51.4651381],[-0.3238462,51.4651473],[-0.3238424,51.4651498],[-0.3238133,51.4651687],[-0.3238063,51.4651732],[-0.323798,51.465178],[-0.3237642,51.4651978],[-0.3237548,51.4652032],[-0.3237203,51.4652233],[-0.3236767,51.4652472],[-0.3236606,51.4652558],[-0.3236377,51.4652682],[-0.3236151,51.4652789],[-0.3236074,51.4652825],[-0.3236005,51.4652858],[-0.3235914,51.4652901],[-0.3235465,51.4653131],[-0.3235398,51.4653164],[-0.3234993,51.4653362],[-0.3234934,51.4653386],[-0.3234514,51.4653561],[-0.3234151,51.4653684],[-0.3234012,51.4653731],[-0.3233673,51.4653825],[-0.3233576,51.4653851],[-0.3233209,51.4653932],[-0.3232702,51.4654008],[-0.3232295,51.4654054],[-0.323212,51.465407],[-0.3231926,51.4654081],[-0.3231533,51.4654112],[-0.3231136,51.4654133],[-0.3230686,51.4654156],[-0.3229996,51.4654191],[-0.3229356,51.4654222],[-0.3229105,51.4654226],[-0.3228948,51.4654228],[-0.3228726,51.4654232],[-0.3228091,51.4654241],[-0.3227457,51.4654232],[-0.3226814,51.4654211],[-0.3226177,51.4654181],[-0.3225446,51.4654133],[-0.3225355,51.4654127],[-0.3220055,51.4654084],[-0.3219737,51.4654081],[-0.3218488,51.4654071],[-0.3217643,51.4654072],[-0.3217349,51.4654072],[-0.3215392,51.4654069],[-0.3214864,51.4654069],[-0.3214034,51.4654068],[-0.3210644,51.4654064],[-0.3210367,51.4654064],[-0.3208634,51.4654062],[-0.3207886,51.4654061],[-0.320751,51.4654062],[-0.3204112,51.4660721],[-0.3203426,51.4662065],[-0.3203259,51.4662392],[-0.3202875,51.4663233],[-0.3201199,51.46669],[-0.3199618,51.4670631],[-0.3199102,51.467354],[-0.3199094,51.4673593],[-0.3199066,51.4673776],[-0.3198822,51.467538],[-0.3198795,51.4675557],[-0.3198539,51.4677243],[-0.319849,51.4677564],[-0.3198128,51.4679947],[-0.3197504,51.4684046],[-0.3197476,51.468423],[-0.3197293,51.4685436],[-0.3197132,51.4685901],[-0.3196558,51.4687549],[-0.3195775,51.4689422],[-0.319552,51.4690033],[-0.3194861,51.4691607],[-0.3194323,51.4692958],[-0.3193053,51.4696145],[-0.319222,51.4698237],[-0.31897,51.470391],[-0.3188241,51.4707196],[-0.3187294,51.4708357],[-0.3186771,51.4708886],[-0.3186355,51.4709316],[-0.3184888,51.4710518],[-0.3184849,51.4710541],[-0.3182314,51.4712006],[-0.3177479,51.4714345],[-0.3175763,51.4715175],[-0.3175552,51.4715265],[-0.3175306,51.4715371],[-0.3174062,51.4715905],[-0.3173732,51.4716029],[-0.3173579,51.4716087],[-0.3172575,51.4716466],[-0.3170695,51.4717176],[-0.3168975,51.4717732],[-0.3168874,51.4717765],[-0.3167257,51.4718238],[-0.3166035,51.4718595],[-0.3159065,51.4720325],[-0.31557,51.4721048],[-0.3155005,51.4721198],[-0.3154507,51.4721305],[-0.3151891,51.4722318],[-0.3147819,51.4723895],[-0.3140401,51.4725924],[-0.3133012,51.4728448],[-0.3132699,51.4728555],[-0.3131928,51.472884],[-0.3131714,51.472892],[-0.313012,51.472951],[-0.3118116,51.4733957],[-0.3115908,51.4734775],[-0.3104251,51.473943],[-0.3101684,51.4740454],[-0.3092797,51.47442],[-0.3085174,51.4747413],[-0.3069996,51.4755783],[-0.3066308,51.4758412],[-0.3063916,51.4760316],[-0.3062427,51.4761502],[-0.3059921,51.4763681],[-0.3059384,51.4764174],[-0.3059321,51.4764232],[-0.305809,51.4765361],[-0.3057184,51.4766251],[-0.3056918,51.4766511],[-0.3056585,51.4766885],[-0.3055312,51.4768311],[-0.3053511,51.477077],[-0.3052767,51.4771954],[-0.3052712,51.4772041],[-0.3052648,51.477216],[-0.3051659,51.477399],[-0.304823,51.477896],[-0.3044431,51.478346],[-0.3042751,51.4785449],[-0.3035395,51.4792532],[-0.3035357,51.4792568],[-0.3035121,51.4792796],[-0.3034737,51.4793165],[-0.3032418,51.4795398],[-0.3030677,51.4797073],[-0.3030472,51.4797219],[-0.302788,51.4799076],[-0.302631,51.4800202],[-0.3026248,51.4800246],[-0.3024976,51.4801157],[-0.3024695,51.4801359],[-0.3024525,51.4801481],[-0.3023417,51.4802274],[-0.3023125,51.4802484],[-0.3022678,51.4802804],[-0.3022319,51.4803061],[-0.302168,51.4803515],[-0.3021465,51.4803667],[-0.3019888,51.4804784],[-0.301233,51.481014],[-0.3012121,51.4810288],[-0.3010661,51.4811326],[-0.3009146,51.4812397],[-0.3003957,51.4816836],[-0.3003392,51.481732],[-0.3003075,51.481759],[-0.2998749,51.4821292],[-0.2998714,51.4821322],[-0.2998231,51.4821735],[-0.2998052,51.4821921],[-0.2997948,51.4822029],[-0.2991152,51.4829077],[-0.2990779,51.4829464],[-0.2989766,51.4830678],[-0.2989476,51.4831027],[-0.2986543,51.4834544],[-0.2984836,51.483659],[-0.298399,51.4837605],[-0.2982988,51.483888],[-0.2981991,51.4840149],[-0.2978867,51.4844125],[-0.2978372,51.4844754],[-0.297811,51.4845187],[-0.2977158,51.4846758],[-0.2977036,51.4846959],[-0.2976357,51.4848078],[-0.2973894,51.4852143],[-0.297363,51.4852445],[-0.2971975,51.4854342],[-0.2971322,51.4855202],[-0.297094,51.4855602],[-0.2970643,51.4855913],[-0.2970083,51.4856421],[-0.2969884,51.4856602],[-0.2969464,51.4856927],[-0.2969263,51.4857082],[-0.2968529,51.4857545],[-0.2968015,51.485782],[-0.2967395,51.4858152],[-0.2965605,51.4858972],[-0.2963836,51.4859722],[-0.2963766,51.4859752],[-0.2963389,51.485989],[-0.2962868,51.4860082],[-0.2961015,51.4860763],[-0.2956847,51.4862089],[-0.2955616,51.486248],[-0.2954937,51.4862696],[-0.294621,51.4865471],[-0.2944294,51.4866081],[-0.2943942,51.4866193],[-0.2941056,51.4867111],[-0.2939101,51.4867733],[-0.293398,51.4869362],[-0.2931347,51.4870109],[-0.2931174,51.4870158],[-0.2929927,51.4870511],[-0.292923,51.4870709],[-0.2928774,51.4870838],[-0.292862,51.4870882],[-0.2927314,51.4871252],[-0.2925982,51.487163],[-0.2925045,51.4871896],[-0.29241,51.4872163],[-0.2923908,51.4872218],[-0.2923621,51.4872299],[-0.2921179,51.4872992],[-0.2920096,51.487314],[-0.291901,51.4873289],[-0.2919007,51.4873289],[-0.2918173,51.4873403],[-0.291802,51.4873424],[-0.2917681,51.4873471],[-0.291689,51.487356],[-0.2915534,51.4873584],[-0.2911725,51.4873652],[-0.2910524,51.4873673],[-0.2906724,51.4873741],[-0.2906667,51.4873742],[-0.2906661,51.4873742],[-0.2906187,51.487375],[-0.2906016,51.4873754],[-0.2904428,51.4873782],[-0.2902261,51.487382],[-0.2902198,51.4873821],[-0.2901644,51.4873831],[-0.2900418,51.487378],[-0.2899772,51.4873753],[-0.2898274,51.4873689],[-0.2897262,51.4873594],[-0.2896802,51.4873551],[-0.2895545,51.4873355],[-0.2893992,51.4873113],[-0.2892374,51.4872731],[-0.2892153,51.4872679],[-0.2890698,51.4872335],[-0.2886166,51.4871266],[-0.2885385,51.4871082],[-0.2885156,51.4871014],[-0.2883636,51.4870563],[-0.2882203,51.4870336],[-0.2882114,51.4870322],[-0.2881383,51.4870263],[-0.2881296,51.4870263],[-0.2879673,51.4870252],[-0.2876786,51.487018],[-0.2874549,51.4870123],[-0.2874497,51.4870124],[-0.2874295,51.4870123],[-0.2873096,51.4870129],[-0.2872783,51.4870131],[-0.2872516,51.4870132],[-0.2871105,51.4870063],[-0.2869284,51.4869903],[-0.2867994,51.4869722],[-0.2867202,51.4869571],[-0.2866887,51.4869511],[-0.2862387,51.4868651],[-0.2861559,51.4868493],[-0.2858055,51.4867823],[-0.2857108,51.4867642],[-0.2856021,51.4867414],[-0.2854123,51.4867004],[-0.2854036,51.4866986],[-0.2848715,51.4865848],[-0.2847716,51.4865634],[-0.2847007,51.4865483],[-0.2846607,51.4865355],[-0.2846474,51.4865313],[-0.2845498,51.4865002],[-0.2844557,51.4864703],[-0.2844419,51.4864659],[-0.284435,51.4864637],[-0.2840928,51.4863548],[-0.2840602,51.4863444],[-0.2839908,51.4863223],[-0.2836448,51.4861664],[-0.283622,51.4861561],[-0.2835106,51.4861059],[-0.2834922,51.4860976],[-0.2834157,51.4860631],[-0.2833783,51.4860463],[-0.2833593,51.4860377],[-0.2831827,51.4859581],[-0.2831501,51.4859434],[-0.2831438,51.4859406],[-0.2831078,51.4859244],[-0.2830712,51.4859079],[-0.2829655,51.4858602],[-0.2828926,51.4858274],[-0.282875,51.4858194],[-0.2828599,51.4858115],[-0.2828134,51.4857873],[-0.282805,51.4857817],[-0.2827958,51.4857753],[-0.2827714,51.4857585],[-0.2827451,51.4857404],[-0.2827351,51.4857335],[-0.2827261,51.4857252],[-0.28272,51.4857196],[-0.2826717,51.4856749],[-0.2826271,51.4856338],[-0.2826231,51.4856301],[-0.2826181,51.4856254],[-0.2826148,51.4856206],[-0.2826083,51.4856111],[-0.2826062,51.4856081],[-0.2825983,51.4855966],[-0.282559,51.4855393],[-0.2825172,51.4854783],[-0.2824526,51.4853842],[-0.2824334,51.4853562],[-0.2823292,51.4852045],[-0.2822648,51.4851605],[-0.2822493,51.48515],[-0.2821449,51.4850789],[-0.2821282,51.4850675],[-0.2819122,51.4849648],[-0.2819016,51.4849598],[-0.2818933,51.4849558],[-0.2818856,51.4849521],[-0.2818486,51.4849346],[-0.2818355,51.4849283],[-0.281804,51.4849134],[-0.2816804,51.4848546],[-0.2816683,51.4848488],[-0.2815449,51.4847902],[-0.281529,51.4847826],[-0.2814155,51.4847286],[-0.2814009,51.4847218],[-0.2813681,51.4847061],[-0.2813353,51.4846906],[-0.2813318,51.4846889],[-0.2811168,51.4845867],[-0.2810776,51.4845681],[-0.2810672,51.4845631],[-0.2810516,51.4845557],[-0.2810377,51.4845491],[-0.2810271,51.484544],[-0.2810233,51.4845422],[-0.2809991,51.4845307],[-0.2808841,51.4844761],[-0.2808556,51.4844625],[-0.2808349,51.4844527],[-0.280817,51.4844443],[-0.2808087,51.4844412],[-0.2807513,51.4844202],[-0.2807439,51.4844174],[-0.2807,51.4844013],[-0.2806902,51.4843977],[-0.2806302,51.4843802],[-0.2805578,51.4843591],[-0.2804691,51.4843396],[-0.2804421,51.4843359],[-0.2804293,51.4843342],[-0.280404,51.4843307],[-0.2802654,51.4843116],[-0.2801092,51.4843006],[-0.2799983,51.4842798],[-0.279939,51.4842567],[-0.2799003,51.4842416],[-0.2798802,51.4842294],[-0.279851,51.4842117],[-0.2798188,51.4841868],[-0.2797981,51.4841707],[-0.279793,51.4841683],[-0.2794962,51.4840276],[-0.2794307,51.4839969],[-0.2794165,51.4839876],[-0.2793864,51.4839677],[-0.2792004,51.4838449],[-0.279176,51.4838289],[-0.2791634,51.4838206],[-0.2787145,51.4835253],[-0.2786925,51.4835107],[-0.2786743,51.4834988],[-0.278404,51.4832842],[-0.278378,51.4832635],[-0.2783566,51.4832465],[-0.2781961,51.4831188],[-0.2781456,51.4830787],[-0.2780285,51.4829856],[-0.2778362,51.4828328],[-0.277311,51.48237],[-0.2772559,51.4823214],[-0.2772378,51.4823055],[-0.2772282,51.482297],[-0.2772229,51.4822924],[-0.2769876,51.482085],[-0.2769042,51.481994],[-0.2768346,51.4819181],[-0.2766984,51.481757],[-0.2766562,51.481701],[-0.2765656,51.4815809],[-0.276563,51.4815774],[-0.2765282,51.4815271],[-0.2765191,51.4815139],[-0.2764375,51.4813961],[-0.2763427,51.4812406],[-0.2763345,51.4812271],[-0.2763303,51.4812192],[-0.2762424,51.4810551],[-0.2762325,51.4810335],[-0.2761974,51.4809572],[-0.2761865,51.4809333],[-0.2761761,51.4809108],[-0.2761451,51.4808433],[-0.2761406,51.4808336],[-0.2761206,51.4807901],[-0.2760864,51.4807225],[-0.2760243,51.4806002],[-0.2759036,51.4803616],[-0.2758925,51.4803396],[-0.2758591,51.4802736],[-0.2758292,51.4802147],[-0.2758164,51.4801893],[-0.2757176,51.479994],[-0.2756672,51.4798944],[-0.2756347,51.4798302],[-0.2756227,51.4798065],[-0.275568,51.4796976],[-0.2755657,51.4796931],[-0.2755589,51.4796796],[-0.2755527,51.4796675],[-0.2755335,51.4796294],[-0.2755317,51.4796259],[-0.2754482,51.4794608],[-0.2754237,51.4794122],[-0.2753904,51.4793464],[-0.2753736,51.4793132],[-0.2753665,51.4792992],[-0.2753617,51.4792897],[-0.2752628,51.4790943],[-0.2748828,51.4783429],[-0.2748485,51.478275],[-0.2748473,51.4782726],[-0.2748193,51.4782174],[-0.2748026,51.4781842],[-0.2747929,51.4781651],[-0.2747864,51.4781523],[-0.274757,51.478094],[-0.2746951,51.4779717],[-0.2746853,51.4779524],[-0.2746754,51.477938],[-0.2746353,51.4778794],[-0.2745374,51.4777367],[-0.2745337,51.4777312],[-0.2745204,51.4777118],[-0.2744924,51.477671],[-0.2744239,51.4775711],[-0.2744104,51.4775514],[-0.2743013,51.4773922],[-0.2742777,51.4773579],[-0.2742751,51.477354],[-0.2741923,51.4772333],[-0.2741626,51.4771899],[-0.2741565,51.4771811],[-0.2741477,51.4771683],[-0.2741322,51.4771457],[-0.274113,51.4771176],[-0.2740695,51.4770543],[-0.2740612,51.477042],[-0.2740357,51.4770049],[-0.2740147,51.4769743],[-0.2740039,51.4769585],[-0.2739436,51.4768706],[-0.2739388,51.4768644],[-0.2739259,51.4768477],[-0.2739158,51.4768347],[-0.2739027,51.4768178],[-0.2738468,51.4767457],[-0.2738335,51.4767285],[-0.2737646,51.4766396],[-0.2737444,51.4766135],[-0.273692,51.4765458],[-0.2736831,51.4765343],[-0.2736554,51.4764986],[-0.2736473,51.4764881],[-0.2736345,51.4764716],[-0.2736116,51.476442],[-0.2735831,51.4764053],[-0.2735501,51.4763627],[-0.2734905,51.4762857],[-0.2734875,51.4762821],[-0.2734773,51.4762696],[-0.2733807,51.476152],[-0.2733329,51.4760938],[-0.2732833,51.4760334],[-0.2732766,51.4760252],[-0.2732232,51.4759602],[-0.2729862,51.4756715],[-0.2728928,51.4755578],[-0.2728898,51.4755541],[-0.2728814,51.4755439],[-0.2728477,51.4755029],[-0.2726434,51.4752887],[-0.2726268,51.4752714],[-0.2725782,51.4752204],[-0.2725547,51.4751958],[-0.2724609,51.4750988],[-0.2724422,51.4750794],[-0.2723732,51.4750082],[-0.2722584,51.4748895],[-0.27206,51.4747059],[-0.2716995,51.4743725],[-0.2715897,51.4742709],[-0.2714562,51.4741676],[-0.271395,51.4741203],[-0.2712197,51.4739847],[-0.2708426,51.473693],[-0.269924,51.4731011],[-0.2698885,51.4730805],[-0.2698643,51.4730662],[-0.269802,51.4730297],[-0.2696676,51.472951],[-0.2696309,51.4729295],[-0.2696165,51.472921],[-0.2695928,51.4729072],[-0.269488,51.4728458],[-0.26948,51.4728411],[-0.2694561,51.4728271],[-0.2690137,51.472614],[-0.268992,51.4726035],[-0.2686759,51.4724512],[-0.2682174,51.4722303],[-0.2682076,51.4722256],[-0.2680659,51.4721573],[-0.2675629,51.4719404],[-0.2675208,51.471924],[-0.2675032,51.4719172],[-0.2673952,51.4718754],[-0.26728,51.4718308],[-0.2672192,51.4718073],[-0.267149,51.4717817],[-0.2668699,51.4716803],[-0.2668596,51.4716769],[-0.2668087,51.4716602],[-0.2665113,51.4715625],[-0.2662453,51.4714814],[-0.2659603,51.4714024],[-0.2657855,51.4713582],[-0.2655574,51.4713005],[-0.2654993,51.4712874],[-0.2651483,51.4712085],[-0.2647928,51.4711383],[-0.2647325,51.4711264],[-0.2646912,51.4711192],[-0.2643137,51.4710535],[-0.264019,51.4710075],[-0.2640055,51.4710054],[-0.2637225,51.4709709],[-0.2636615,51.4709635],[-0.2636159,51.4709585],[-0.2635632,51.4709527],[-0.2631677,51.4709095],[-0.2626674,51.4708716],[-0.2626049,51.4708682],[-0.2625988,51.4708679],[-0.2621677,51.4708445],[-0.2621058,51.4708427],[-0.2616656,51.4708295],[-0.2614763,51.4708272],[-0.2611808,51.4708236],[-0.2608236,51.4708244],[-0.2607948,51.4708245],[-0.2607817,51.4708245],[-0.2604467,51.4708305],[-0.260423,51.4708314],[-0.2604148,51.4708317],[-0.260219,51.4708388],[-0.2601137,51.4708426],[-0.2598244,51.4708573],[-0.2597828,51.4708595],[-0.2594521,51.4708835],[-0.2593887,51.4708898],[-0.2593734,51.4708914],[-0.2591419,51.4709145],[-0.2591367,51.470915],[-0.2591219,51.4709165],[-0.2588688,51.4709492],[-0.2587972,51.4709585],[-0.2587891,51.4709597],[-0.2587113,51.4709716],[-0.2586766,51.470977],[-0.2586679,51.4709783],[-0.258523,51.4710005],[-0.2583727,51.4710288],[-0.2583334,51.4710362],[-0.2582861,51.4710451],[-0.2582202,51.4710575],[-0.2580102,51.4711025],[-0.2579455,51.4711163],[-0.2578414,51.4711386],[-0.2574695,51.4712295],[-0.2572364,51.4712943],[-0.2571025,51.4713315],[-0.2569319,51.471383],[-0.2567415,51.4714405],[-0.2565704,51.4714965],[-0.256561,51.4714995],[-0.2565351,51.4715079],[-0.2564702,51.4715291],[-0.2564294,51.4715425],[-0.2563584,51.4715674],[-0.2561293,51.4716475],[-0.2558149,51.4717686],[-0.2558046,51.4717725],[-0.2557235,51.4718061],[-0.2557155,51.4718094],[-0.2555273,51.4718872],[-0.2554855,51.4719045],[-0.2551733,51.4720434],[-0.2550486,51.472104],[-0.2550392,51.4721086],[-0.2548708,51.4721904],[-0.2546999,51.4722799],[-0.2545764,51.4723445],[-0.2544875,51.4723943],[-0.2542603,51.4725215],[-0.2541458,51.4725857],[-0.2540426,51.4726434],[-0.2538644,51.4727564],[-0.2538319,51.472777],[-0.2538051,51.472794],[-0.2537936,51.4728013],[-0.2537363,51.4728424],[-0.2537236,51.4728516],[-0.2537015,51.4728674],[-0.2536878,51.4728787],[-0.2536666,51.4728961],[-0.2536165,51.4729373],[-0.2534874,51.4730624],[-0.2534771,51.4730723],[-0.2534612,51.4730877],[-0.2534467,51.4731018],[-0.2534296,51.4731183],[-0.2533796,51.4731803],[-0.2533184,51.4732563],[-0.25327,51.4733163],[-0.2532616,51.4733252],[-0.2530017,51.4736006],[-0.2528605,51.4737501],[-0.2527856,51.4738296],[-0.2527525,51.4738647],[-0.2527029,51.4739172],[-0.2525825,51.4740441],[-0.2525069,51.4741348],[-0.252443,51.4742109],[-0.2524038,51.4742575],[-0.2523788,51.4742873],[-0.2523508,51.4743138],[-0.252157,51.4744973],[-0.2521478,51.474506],[-0.2521424,51.4745112],[-0.2519493,51.474694],[-0.2519079,51.4747403],[-0.2518408,51.4748601],[-0.2517872,51.4749782],[-0.2517829,51.4749913],[-0.2517754,51.4750136],[-0.2517684,51.475035],[-0.2517525,51.4750826],[-0.251747,51.4750991],[-0.2517379,51.475147],[-0.2517072,51.4753093],[-0.2517048,51.4753217],[-0.2517036,51.4753263],[-0.251688,51.4753578],[-0.2516469,51.4754412],[-0.2516277,51.4754801],[-0.251626,51.4754835],[-0.2516225,51.4754905],[-0.2515922,51.4755519],[-0.2515474,51.4756425],[-0.2515246,51.4756888],[-0.2515132,51.4757117],[-0.251433,51.4758741],[-0.2514282,51.4758831],[-0.2513789,51.4759758],[-0.2513732,51.4759865],[-0.2513278,51.4760717],[-0.2513263,51.4760745],[-0.2512211,51.4762721],[-0.2512137,51.476286],[-0.2511924,51.4763259],[-0.2511888,51.4763327],[-0.2509399,51.4768002],[-0.2508572,51.4769555],[-0.2507872,51.4770869],[-0.2507857,51.4770922],[-0.2507393,51.4772577],[-0.2507174,51.477336],[-0.2506986,51.4774056],[-0.2506502,51.4775849],[-0.2506473,51.4775995],[-0.2506005,51.4778336],[-0.2505769,51.4779513],[-0.2505465,51.4781034],[-0.2505234,51.4782188],[-0.2505047,51.4783476],[-0.2504579,51.4786696],[-0.2504552,51.4786882],[-0.2504326,51.4788434],[-0.2504151,51.4789641],[-0.2504136,51.4789745],[-0.2504104,51.4789963],[-0.250377,51.4794699],[-0.2503693,51.4795781],[-0.2503632,51.4796646],[-0.2503648,51.4797427],[-0.2503659,51.4798014],[-0.2503665,51.4798308],[-0.2503687,51.4799435],[-0.2503715,51.4800807],[-0.2503724,51.4801296],[-0.2504073,51.4804601],[-0.2504085,51.4804711],[-0.2504187,51.4805393],[-0.2504362,51.4806557],[-0.2504397,51.4806795],[-0.2504417,51.4806929],[-0.2504433,51.4807033],[-0.2504772,51.4809298],[-0.2504807,51.4809528],[-0.2504876,51.4809998],[-0.2504835,51.4812749],[-0.2504835,51.4812794],[-0.2504833,51.4812896],[-0.2504741,51.4813654],[-0.2504675,51.4814206],[-0.2504649,51.4814417],[-0.2504635,51.4814534],[-0.2504482,51.4815811],[-0.2504037,51.4819474],[-0.2503733,51.4821294],[-0.2503625,51.4821774],[-0.2503326,51.4823103],[-0.2503188,51.4823609],[-0.2503161,51.4823707],[-0.2503075,51.4824023],[-0.2502276,51.482638],[-0.2502248,51.4826464],[-0.2501485,51.4828293],[-0.2501414,51.482845],[-0.2500982,51.4829407],[-0.2500715,51.4829998],[-0.2500427,51.4830499],[-0.2500398,51.483055],[-0.2499496,51.4832121],[-0.2499407,51.4832275],[-0.24991,51.4832811],[-0.2497887,51.4834923],[-0.2497725,51.483515],[-0.2497685,51.4835206],[-0.2496127,51.4837391],[-0.249494,51.4839055],[-0.2492872,51.4841955],[-0.2492468,51.4842521],[-0.249215,51.4842966],[-0.2492075,51.4843072],[-0.2492037,51.4843118],[-0.2491425,51.4843874],[-0.2491192,51.4844161],[-0.2490937,51.4844476],[-0.2490908,51.4844511],[-0.2490812,51.4844621],[-0.2490496,51.484498],[-0.2490408,51.4845078],[-0.2490202,51.4845313],[-0.2490091,51.4845439],[-0.2489736,51.4845841],[-0.2488476,51.484713],[-0.2487126,51.4848411],[-0.2486377,51.4849072],[-0.248572,51.4849651],[-0.248422,51.4850851],[-0.2482218,51.4852294],[-0.2481878,51.485254],[-0.2481646,51.4852681],[-0.2479938,51.485372],[-0.2478279,51.485473],[-0.2474779,51.4856662],[-0.2473011,51.4857638],[-0.2472172,51.4858101],[-0.2471939,51.4858219],[-0.2468957,51.4859736],[-0.2468454,51.4859991],[-0.2468261,51.4860089],[-0.2466866,51.4860739],[-0.2465805,51.4861232],[-0.2462883,51.4862592],[-0.246218,51.486292],[-0.2460855,51.4863563],[-0.2459585,51.4864179],[-0.2459277,51.4864329],[-0.2456943,51.4865462],[-0.2454029,51.4866877],[-0.245343,51.4867168],[-0.2453156,51.4867301],[-0.245243,51.4867654],[-0.2451883,51.4867919],[-0.2451124,51.4868288],[-0.2450192,51.4868741],[-0.2449472,51.486909],[-0.2447841,51.4869882],[-0.2447044,51.4870269],[-0.2446979,51.4870315],[-0.2446534,51.487063],[-0.2445168,51.4871595],[-0.2442444,51.4873519],[-0.2440992,51.4874546],[-0.2440833,51.4874658],[-0.243951,51.4875593],[-0.2439204,51.4875809],[-0.2438056,51.487662],[-0.2437542,51.4876983],[-0.2437366,51.4877107],[-0.2434436,51.4879178],[-0.2433983,51.4879527],[-0.2433535,51.4879871],[-0.2431956,51.4881087],[-0.2430396,51.4882288],[-0.2429246,51.4882997],[-0.2427786,51.4883898],[-0.2427446,51.4884091],[-0.2425918,51.4884958],[-0.2424242,51.488582],[-0.2423975,51.4885957],[-0.2420217,51.4887698],[-0.2419355,51.4888047],[-0.2419231,51.4888097],[-0.2419183,51.4888116],[-0.2418911,51.4888227],[-0.241844,51.4888417],[-0.2418183,51.4888521],[-0.2417968,51.4888608],[-0.2417886,51.4888638],[-0.241756,51.4888754],[-0.2416039,51.48893],[-0.2415792,51.4889389],[-0.241517,51.4889612],[-0.2414878,51.4889717],[-0.2413259,51.4890233],[-0.2411706,51.4890727],[-0.2411256,51.4890858],[-0.2408469,51.4891668],[-0.2407879,51.4891826],[-0.2405267,51.4892528],[-0.2404128,51.4892803],[-0.2401942,51.4893326],[-0.2398379,51.4894086],[-0.239534,51.4894651],[-0.239477,51.4894757],[-0.2394634,51.4894778],[-0.2392159,51.4895165],[-0.2391129,51.4895326],[-0.238745,51.4895828],[-0.2384767,51.4896125],[-0.2383752,51.4896237],[-0.2382443,51.4896349],[-0.2382322,51.4896359],[-0.2381996,51.4896387],[-0.2380107,51.4896549],[-0.237966,51.4896587],[-0.2377946,51.4896661],[-0.2376409,51.4896727],[-0.2375493,51.4896767],[-0.2374587,51.4896806],[-0.2374498,51.489681],[-0.2374101,51.4896827],[-0.2371951,51.4896865],[-0.2368617,51.4896925],[-0.2368452,51.4896927],[-0.2365513,51.4896917],[-0.2362969,51.4896873],[-0.2361891,51.4896855],[-0.2360521,51.4896831],[-0.2360113,51.4896824],[-0.2359724,51.4896817],[-0.2357967,51.4896742],[-0.2351284,51.4896457],[-0.2346055,51.4896045],[-0.2345709,51.4896017],[-0.234531,51.4895997],[-0.2342938,51.4895878],[-0.2341517,51.4895728],[-0.2339141,51.4895387],[-0.2338728,51.4895328],[-0.2338428,51.4895269],[-0.2336628,51.4894918],[-0.2332384,51.4893529],[-0.2331283,51.4893169],[-0.2326854,51.4891719],[-0.232603,51.489145],[-0.2324269,51.4890873],[-0.2320726,51.4889713],[-0.2319702,51.4889378],[-0.2318728,51.4889059],[-0.231853,51.4888988],[-0.2317935,51.4888775],[-0.2316452,51.4888244],[-0.2316299,51.488819],[-0.2315889,51.4888021],[-0.2314236,51.4887344],[-0.2313012,51.4886843],[-0.2312747,51.4886734],[-0.2312486,51.488661],[-0.2311778,51.4886273],[-0.2311465,51.4886125],[-0.2310609,51.4885718],[-0.2310485,51.4885659],[-0.2310361,51.48856],[-0.2309811,51.4885339],[-0.2309533,51.488519],[-0.2309413,51.4885126],[-0.2306601,51.488362],[-0.2304549,51.488242],[-0.2304391,51.4882319],[-0.2304207,51.4882203],[-0.2303726,51.4881894],[-0.2302705,51.4881243],[-0.230259,51.488117],[-0.2302503,51.4881109],[-0.2301761,51.4880593],[-0.2300956,51.4880033],[-0.2300866,51.487997],[-0.2299401,51.4878951],[-0.2295053,51.4875927],[-0.2294678,51.4875666],[-0.2293822,51.487507],[-0.2293522,51.4874862],[-0.2293101,51.4874513],[-0.229293,51.4874372],[-0.2292713,51.4874192],[-0.2291356,51.4873068],[-0.2291265,51.4872993],[-0.2291228,51.4872962],[-0.229028,51.4872177],[-0.2289811,51.4871789],[-0.2289063,51.4871169],[-0.2288855,51.4870997],[-0.2287922,51.4870224],[-0.2287691,51.4870033],[-0.2287207,51.4869632],[-0.2286791,51.4869331],[-0.2284491,51.4867572],[-0.2284351,51.4867455],[-0.2284022,51.4867179],[-0.2283562,51.4866793],[-0.2283386,51.4866646],[-0.2282471,51.4865878],[-0.2281099,51.4864728],[-0.2280897,51.4864558],[-0.2279267,51.4863084],[-0.2279125,51.4862956],[-0.2279049,51.4862888],[-0.2278987,51.4862831],[-0.227869,51.4862562],[-0.2278606,51.4862479],[-0.2278206,51.4862086],[-0.2277523,51.4861415],[-0.2276997,51.4860898],[-0.2276431,51.4860342],[-0.2274307,51.4858067],[-0.2273397,51.4857],[-0.2273038,51.4856577],[-0.2272936,51.4856457],[-0.2272936,51.4856457],[-0.2272929,51.4856448],[-0.227292,51.4856438],[-0.2272671,51.4856087],[-0.2272266,51.4855517],[-0.2272164,51.4855374],[-0.2270916,51.4853621],[-0.2270785,51.4853434],[-0.2269714,51.4851674],[-0.2269041,51.4850411],[-0.2268395,51.4849198],[-0.2268112,51.4848665],[-0.2268002,51.4848386],[-0.226785,51.4848],[-0.2267575,51.4847303],[-0.2266875,51.4845523],[-0.2266259,51.484396],[-0.2265768,51.4842712],[-0.2265492,51.4842009],[-0.2265002,51.4840765],[-0.2264158,51.483781],[-0.2263996,51.4837245],[-0.2263982,51.4837195],[-0.2263072,51.4834043],[-0.2263048,51.4833959],[-0.2263007,51.4833785],[-0.2262913,51.4833457],[-0.2262422,51.4831946],[-0.2262318,51.4831627],[-0.2261641,51.4829546],[-0.2261482,51.4829057],[-0.226111,51.4828298],[-0.2260907,51.4827884],[-0.2260788,51.4827642],[-0.2259747,51.4825517],[-0.2259695,51.4825412],[-0.2259622,51.4825263],[-0.2258884,51.4823757],[-0.2257572,51.4821702],[-0.2257422,51.4821467],[-0.2257259,51.4821212],[-0.2256939,51.4819912],[-0.2256878,51.4819665],[-0.2256627,51.4818648],[-0.2256576,51.4818437],[-0.2256384,51.4817659],[-0.2257164,51.4816399],[-0.2257434,51.4815962],[-0.2257901,51.4815208],[-0.2257942,51.4810471],[-0.2257943,51.4810427],[-0.2257951,51.4809529],[-0.2257501,51.4806746],[-0.2257477,51.4806532],[-0.2257434,51.480626],[-0.2256474,51.4802692],[-0.2256291,51.4802011],[-0.2256191,51.480164],[-0.225618,51.4800856],[-0.2256152,51.4798821],[-0.2256112,51.479592],[-0.2256454,51.4792463],[-0.2256563,51.4791359],[-0.2256572,51.4791266],[-0.2256741,51.4789562],[-0.2256749,51.4787729],[-0.225675,51.4787472],[-0.2256767,51.478368],[-0.225677,51.4782949],[-0.225677,51.4782882],[-0.2256771,51.4782761],[-0.225672,51.478203],[-0.2256715,51.4781956],[-0.2256666,51.4781241],[-0.2256645,51.4780935],[-0.2256634,51.4780789],[-0.2256622,51.4780604],[-0.2256468,51.4778384],[-0.2256467,51.4778357],[-0.2256459,51.4778241],[-0.2256438,51.4777949],[-0.2256273,51.4775548],[-0.2255701,51.4771637],[-0.2255444,51.4769874],[-0.2254813,51.4767584],[-0.2253983,51.4764813],[-0.225392,51.4764604],[-0.2253521,51.4763654],[-0.2252661,51.476186],[-0.2252493,51.4761508],[-0.2252245,51.4760991],[-0.2252151,51.4760795],[-0.2252121,51.4760743],[-0.225076,51.4758366],[-0.2245953,51.4751786],[-0.2242542,51.4747516],[-0.2240993,51.4745687],[-0.2239302,51.4743918],[-0.2236621,51.4741227],[-0.2235329,51.4740001],[-0.22315,51.4736359],[-0.2230058,51.4734996],[-0.2227948,51.4733002],[-0.2227733,51.4732799],[-0.2227562,51.4732647],[-0.2226879,51.473204],[-0.222074,51.4726587],[-0.2219375,51.4725375],[-0.2217697,51.4723884],[-0.2217352,51.4723578],[-0.2224854,51.472026],[-0.2226216,51.47195],[-0.2227766,51.4718635],[-0.2228338,51.4718315],[-0.222996,51.471741],[-0.2231464,51.4716798],[-0.2232392,51.471642],[-0.2233067,51.4715977],[-0.2234253,51.47152],[-0.2235124,51.4714454],[-0.2235281,51.471432],[-0.2235431,51.4714051],[-0.2235416,51.4713989],[-0.2235377,51.4713841],[-0.2234724,51.4713267],[-0.2234441,51.4713021],[-0.2233873,51.4712472],[-0.2233413,51.4710997],[-0.2233393,51.4710931],[-0.2233374,51.471066],[-0.2233341,51.471018],[-0.2233358,51.4709834],[-0.2233379,51.4709431],[-0.2233421,51.470931],[-0.2233531,51.4708992],[-0.223382,51.4708621],[-0.2234202,51.4708281],[-0.2234515,51.4708091],[-0.2234631,51.4708021],[-0.2235101,51.4707831],[-0.2235257,51.4707793],[-0.2235494,51.4707734],[-0.223567,51.4707691],[-0.2236361,51.4707601],[-0.2236852,51.4707607],[-0.2237301,51.4707612],[-0.2240066,51.4708043],[-0.2240128,51.4708053],[-0.2240656,51.4708135],[-0.2243379,51.4708561],[-0.2243591,51.4708601],[-0.2243667,51.4708616],[-0.2250971,51.4710011],[-0.2255143,51.4710808],[-0.2255567,51.4710889],[-0.2255729,51.471092],[-0.2257389,51.471184],[-0.2261255,51.4712617],[-0.2263417,51.4713051],[-0.2263755,51.471311],[-0.2264839,51.4713298],[-0.2267837,51.4713819],[-0.2270737,51.471447],[-0.2271002,51.4714566],[-0.2276622,51.47166],[-0.2277196,51.4716808],[-0.2278027,51.4717109],[-0.2278066,51.4717129],[-0.2281257,51.471877],[-0.2283584,51.4719208],[-0.2285306,51.4719709],[-0.2287663,51.4721249],[-0.2290807,51.4721279],[-0.2292046,51.4721208],[-0.2292214,51.4721199],[-0.2292915,51.4721209],[-0.2293416,51.4721267],[-0.2294555,51.4721398],[-0.2295338,51.4721608],[-0.2295824,51.4721738],[-0.2295985,51.4721801],[-0.2296892,51.4722159],[-0.2299864,51.4723738],[-0.2303823,51.4725388],[-0.2306803,51.4727218],[-0.2307465,51.4727548],[-0.2308046,51.4727777],[-0.2309704,51.4728187],[-0.2310782,51.4728304],[-0.2311093,51.4728338],[-0.231213,51.472833],[-0.2314923,51.4728308],[-0.2317231,51.4727958],[-0.2317976,51.4727952],[-0.2321102,51.4727928],[-0.2326153,51.4726138],[-0.2326664,51.4725753],[-0.232695,51.4725538],[-0.2327353,51.4725078],[-0.232748,51.4724157],[-0.2327678,51.4723953],[-0.2327998,51.4723622],[-0.232951,51.4722058],[-0.2329798,51.4721605],[-0.232986,51.4721508],[-0.2329911,51.4721405],[-0.2330108,51.4721009],[-0.2330229,51.4720448],[-0.233025,51.4720351],[-0.2329483,51.4716819],[-0.2328972,51.4712558],[-0.2328912,51.470772],[-0.2329123,51.4706219],[-0.2329502,51.4703521],[-0.232965,51.4701425],[-0.23297,51.470072],[-0.2329938,51.4698699],[-0.2330148,51.4696921],[-0.2330238,51.4696398],[-0.2331019,51.4691842],[-0.2331454,51.4690579],[-0.2331494,51.4690465],[-0.2332047,51.4688861],[-0.2332271,51.4688212],[-0.2333749,51.4684357],[-0.2333776,51.4684288],[-0.2333897,51.4683972],[-0.2334228,51.4682538],[-0.233448,51.4681452],[-0.2334159,51.4678462],[-0.2334062,51.4677873],[-0.2333941,51.4677133],[-0.2333315,51.4675729],[-0.2333295,51.4675683],[-0.2333223,51.4675547],[-0.2332503,51.4674194],[-0.233164,51.4672573],[-0.2330874,51.4671134],[-0.2330855,51.4671098],[-0.2330718,51.4670841],[-0.2330535,51.4670497],[-0.2330292,51.467004],[-0.2330225,51.4669913],[-0.2330032,51.4669552],[-0.2329898,51.46693],[-0.2329881,51.4669268],[-0.2329612,51.4668763],[-0.2329599,51.4668738],[-0.2328917,51.4667456],[-0.2328886,51.4667399],[-0.232832,51.4666334],[-0.2328477,51.4666238],[-0.2330099,51.4665252],[-0.2330209,51.4665185],[-0.2330294,51.4665133],[-0.2330997,51.4664706],[-0.233119,51.4664588],[-0.2331279,51.4664534],[-0.233136,51.4664485],[-0.2332292,51.4663918],[-0.2332323,51.4663899],[-0.2332789,51.4663616],[-0.2332984,51.4663484],[-0.2333377,51.466322],[-0.2333439,51.4663177],[-0.233417,51.4662685],[-0.2334207,51.4662652],[-0.2335101,51.4661858],[-0.2335665,51.4661356],[-0.2336497,51.4660416],[-0.2336441,51.4660133],[-0.233643,51.4660081],[-0.2336132,51.4658622],[-0.2335938,51.4657669],[-0.2335858,51.4657276],[-0.2335778,51.4656886],[-0.2335655,51.4656284],[-0.2335616,51.4656089],[-0.2335597,51.4656],[-0.2335538,51.4655709],[-0.2335515,51.4655613],[-0.2335393,51.4655109],[-0.2335384,51.465507],[-0.2335256,51.4654541],[-0.2335247,51.4654504],[-0.2334953,51.4653288],[-0.2334897,51.4653056],[-0.2334723,51.4652331],[-0.2334701,51.4652243],[-0.2334423,51.4651088],[-0.2334395,51.4650974],[-0.233436,51.465083],[-0.2334251,51.4650375],[-0.2334221,51.4650251],[-0.23342,51.4650165],[-0.2334129,51.4649871],[-0.2334118,51.4649827],[-0.2334101,51.4649754],[-0.2334084,51.4649684],[-0.2334054,51.4649561],[-0.2334036,51.4649487],[-0.2333978,51.4649197],[-0.2333916,51.4648888],[-0.2333909,51.4648854],[-0.2333889,51.4648752],[-0.2333881,51.4648714],[-0.2333836,51.4648489],[-0.233383,51.4648458],[-0.2333802,51.4648318],[-0.2333766,51.464814],[-0.2333744,51.4648026],[-0.2333691,51.4647763],[-0.2333675,51.4647685],[-0.2333669,51.4647653],[-0.2333618,51.4647399],[-0.2333582,51.4647221],[-0.233356,51.4647112],[-0.2333553,51.4647074],[-0.2333402,51.4646325],[-0.2333388,51.4646253],[-0.2333356,51.4646093],[-0.2333346,51.4646046],[-0.2333247,51.4645549],[-0.2333227,51.464545],[-0.2333156,51.4645097],[-0.2333054,51.4644587],[-0.2333041,51.4644523],[-0.2333011,51.4644374],[-0.2332889,51.4643768],[-0.2332803,51.4643339],[-0.2332706,51.4642853],[-0.2332632,51.4642482],[-0.2332565,51.4642151],[-0.2332515,51.4641902],[-0.2332071,51.4639673],[-0.2332364,51.4639731],[-0.2334576,51.4640204],[-0.2335611,51.4640425],[-0.2336059,51.4640521],[-0.2336455,51.4640605],[-0.2337286,51.4640783],[-0.233802,51.464094],[-0.2340674,51.4641507],[-0.234084,51.4641542],[-0.2340904,51.4641556],[-0.2342138,51.464182],[-0.2343149,51.4642036],[-0.2344009,51.4642219],[-0.2344061,51.4642231],[-0.2344197,51.464226],[-0.2344436,51.4642311],[-0.2345472,51.4642532],[-0.2345543,51.4642547],[-0.2345636,51.4642567],[-0.2346596,51.4642737],[-0.234667,51.464275],[-0.2348965,51.4643157],[-0.2349867,51.4643299],[-0.2352337,51.4643687],[-0.2352383,51.4643694],[-0.2352767,51.4643742],[-0.2355257,51.4644063],[-0.2355744,51.4644126],[-0.2358087,51.4644377],[-0.2358167,51.4644385],[-0.2358302,51.46444],[-0.2360049,51.4644587],[-0.2361859,51.4644781],[-0.2361917,51.4644788],[-0.2363774,51.4644987],[-0.2364903,51.4645108],[-0.2365725,51.4645195],[-0.2366824,51.4645313],[-0.236774,51.4645411],[-0.2367927,51.4645431],[-0.2368721,51.4645516],[-0.2368848,51.464553],[-0.2369935,51.4645646],[-0.2370533,51.464571],[-0.2371204,51.4645782],[-0.2372496,51.464592],[-0.2372576,51.4645929],[-0.2373542,51.4646032],[-0.2374272,51.464611],[-0.2374478,51.4646132],[-0.2375638,51.4646257],[-0.2376455,51.4646344],[-0.2376604,51.464636],[-0.2377158,51.464642],[-0.2377228,51.4646427],[-0.2378189,51.464653],[-0.2378383,51.4646551],[-0.2379582,51.4646679],[-0.2379712,51.4646693],[-0.2380458,51.4646773],[-0.2380827,51.4646813],[-0.2380916,51.4646822],[-0.2381379,51.4646872],[-0.2383962,51.4647148],[-0.2384863,51.4647245],[-0.238491,51.464725],[-0.2385445,51.4647307],[-0.2385635,51.4647327],[-0.2386304,51.4647399],[-0.2387215,51.4647497],[-0.2388582,51.4647643],[-0.2388929,51.464768],[-0.2390736,51.4647874],[-0.2391211,51.4647924],[-0.239135,51.4647939],[-0.2391548,51.4647961],[-0.2391927,51.4648001],[-0.2392229,51.4648034],[-0.2392441,51.4648056],[-0.2393335,51.4648152],[-0.2393609,51.4648182],[-0.2394733,51.4648302],[-0.2394852,51.4648315],[-0.2395541,51.4648388],[-0.2397462,51.4648594],[-0.2397753,51.4648625],[-0.2399302,51.4648791],[-0.2401523,51.4649029],[-0.2401735,51.4649052],[-0.2401805,51.4649059],[-0.2402721,51.4649157],[-0.2403855,51.4649279],[-0.2404056,51.46493],[-0.2404839,51.4649384],[-0.2406122,51.4649521],[-0.2407516,51.4649671],[-0.2408759,51.4649804],[-0.2409606,51.4649894],[-0.2410007,51.4649937],[-0.2410565,51.4649997],[-0.241212,51.4650164],[-0.2413806,51.4650344],[-0.2414361,51.4650404],[-0.2415029,51.4650475],[-0.2415202,51.465049],[-0.2417088,51.4650652],[-0.2418156,51.4650744],[-0.2421962,51.4651071],[-0.2426966,51.4651502],[-0.2427703,51.4651565],[-0.2428454,51.465163],[-0.2428918,51.465167],[-0.2430145,51.4651775],[-0.2430265,51.4651782],[-0.2430852,51.4651813],[-0.2431688,51.4651859],[-0.2432595,51.4651907],[-0.2433327,51.4651947],[-0.2434633,51.4652018],[-0.2436426,51.4652114],[-0.2437193,51.4652156],[-0.2437867,51.4652192],[-0.2438187,51.4652209],[-0.2439252,51.4652267],[-0.2439475,51.4652279],[-0.2439761,51.4652294],[-0.2440761,51.4652302],[-0.2442078,51.4652312],[-0.2443179,51.465232],[-0.2450493,51.4652375],[-0.2460504,51.4651795],[-0.2460618,51.4651788],[-0.2463656,51.4651612],[-0.2464529,51.4651561],[-0.2468336,51.4651341],[-0.2469812,51.4651255],[-0.2481371,51.4650584],[-0.2482528,51.4650552],[-0.2482625,51.4650549],[-0.2484027,51.4650511],[-0.2484275,51.4650504],[-0.2486428,51.4650444],[-0.2487714,51.4650466],[-0.2488076,51.4650472],[-0.2490461,51.4650514],[-0.2491285,51.4650557],[-0.2492237,51.4650607],[-0.2492952,51.4650644],[-0.249325,51.4650659],[-0.2493759,51.4650686],[-0.2493991,51.4650698],[-0.2494366,51.4650718],[-0.2494489,51.4650724],[-0.2495637,51.4650818],[-0.2496623,51.4650898],[-0.249688,51.4650919],[-0.249703,51.4650931],[-0.2497367,51.4650959],[-0.2497816,51.4650995],[-0.2497893,51.4651001],[-0.2498902,51.4651084],[-0.2498978,51.465109],[-0.2500692,51.465123],[-0.2501003,51.4651255],[-0.250105,51.4651259],[-0.2501118,51.4651264],[-0.250125,51.4651275],[-0.2505793,51.4651645],[-0.2508248,51.4651845],[-0.2510326,51.4652117],[-0.2513079,51.4652117],[-0.251706,51.4652236],[-0.2517121,51.4652238],[-0.2518297,51.4652274],[-0.2518629,51.465227],[-0.2522067,51.4652235],[-0.2522347,51.4652232],[-0.2522492,51.4652231],[-0.2523575,51.465222],[-0.2524474,51.4652211],[-0.2529157,51.4652163],[-0.2530148,51.4651662],[-0.253168,51.4650888],[-0.2531858,51.4650798],[-0.2533134,51.4650154],[-0.2535552,51.4648932],[-0.2539325,51.4646503],[-0.2542879,51.4643881],[-0.2543375,51.4643515],[-0.2543418,51.4643483],[-0.2543822,51.4643185],[-0.2543869,51.464315],[-0.2543908,51.4643122],[-0.2544131,51.4642957],[-0.2544854,51.4642423],[-0.2544964,51.4642342],[-0.2546821,51.4640972],[-0.2546849,51.4640952],[-0.2547855,51.464021],[-0.2547947,51.4640141],[-0.2548136,51.4639999],[-0.25491,51.4639286],[-0.2549487,51.4639001],[-0.2550382,51.4638339],[-0.2552253,51.4636964],[-0.255229,51.4636936],[-0.2552701,51.4636633],[-0.2552736,51.4636607],[-0.2552973,51.4636433],[-0.255305,51.4636376],[-0.2555383,51.4634654],[-0.255618,51.4633953],[-0.2556221,51.4633916],[-0.2556842,51.463337],[-0.255709,51.4633152],[-0.2557175,51.4633076],[-0.2557415,51.4632866],[-0.2557947,51.4632397],[-0.2558129,51.4632236],[-0.2558839,51.4631612],[-0.2558945,51.4631518],[-0.2559149,51.4631338],[-0.255925,51.463125],[-0.2559698,51.4630855],[-0.2559728,51.4630829],[-0.2560158,51.463045],[-0.256022,51.4630396],[-0.2560248,51.4630364],[-0.2562974,51.4627278],[-0.2563096,51.462714],[-0.2563232,51.4626986],[-0.2564239,51.4625847],[-0.2566007,51.4623846],[-0.2566349,51.4623384],[-0.2566526,51.4623144],[-0.2566696,51.4622914],[-0.25685,51.4620475],[-0.2568519,51.4620449],[-0.2571519,51.4616392],[-0.2571605,51.4616275],[-0.2573297,51.4613987],[-0.2573866,51.4613046],[-0.2575588,51.4610197],[-0.2577738,51.4606881],[-0.2578715,51.4605376],[-0.2579057,51.4604848],[-0.2579099,51.4604783],[-0.2579612,51.4603997],[-0.2580117,51.4603223],[-0.2580237,51.4603039],[-0.2579777,51.4602879],[-0.2577794,51.4602189],[-0.257387,51.4600825],[-0.2567997,51.4598784],[-0.2568961,51.4596762],[-0.2569005,51.4596671],[-0.2569077,51.4596519],[-0.2570617,51.4594009],[-0.257104,51.4593179],[-0.2571414,51.4592034],[-0.2571559,51.4591589],[-0.25719,51.458972],[-0.2572373,51.4589027],[-0.2572768,51.458845],[-0.2575195,51.4585243],[-0.2575248,51.4585173],[-0.2576111,51.4584033],[-0.2576151,51.458398],[-0.2576697,51.4583258],[-0.2577869,51.458171],[-0.257796,51.4581572],[-0.2577981,51.4581541],[-0.2579269,51.4579595],[-0.2579367,51.4579448],[-0.2580061,51.45784],[-0.258016,51.4578251],[-0.2581045,51.4576914],[-0.2581332,51.4576315],[-0.2581692,51.457556],[-0.2581814,51.4575304],[-0.2582445,51.4573981],[-0.2582947,51.4572777],[-0.2583068,51.4572484],[-0.2583535,51.4571363],[-0.2583698,51.4570972],[-0.2583784,51.4570802],[-0.2584305,51.4569789],[-0.2584831,51.4568754],[-0.2584867,51.4568683],[-0.2585851,51.4566757],[-0.2586063,51.4566343],[-0.2586582,51.4565327],[-0.2586617,51.4565257],[-0.2587556,51.456342],[-0.2587577,51.4563379],[-0.2587693,51.4563151],[-0.2588094,51.4562263],[-0.2588328,51.4561744],[-0.25884,51.4561583],[-0.2588793,51.4560712],[-0.2588905,51.456029],[-0.2588974,51.456003],[-0.2589366,51.4558552],[-0.2589442,51.4558084],[-0.2589513,51.4557644],[-0.2589839,51.4555633],[-0.2589886,51.4555344],[-0.2590233,51.4553199],[-0.2590254,51.4553074],[-0.2590343,51.4552693],[-0.2590516,51.4551956],[-0.2590936,51.4550166],[-0.2591134,51.4549323],[-0.259009,51.454881],[-0.2584286,51.4545956],[-0.2584162,51.4545894],[-0.2582183,51.4544921],[-0.2580024,51.4543859],[-0.2579924,51.454381],[-0.2571608,51.4539724],[-0.2570598,51.4539223],[-0.2568016,51.4537953],[-0.2557526,51.4532794],[-0.254991,51.4529048],[-0.254969,51.4528941],[-0.2543945,51.452614],[-0.2543802,51.452607],[-0.2535143,51.4521856],[-0.2529376,51.4519043],[-0.252814,51.4518438],[-0.2528029,51.4518383],[-0.2524481,51.4516649],[-0.2517577,51.4513272],[-0.2511316,51.4510211],[-0.2507837,51.4508509],[-0.2503358,51.4506319],[-0.2500598,51.4504969],[-0.2500438,51.4504891],[-0.2495547,51.4502502],[-0.2494639,51.4502055],[-0.2494268,51.4501873],[-0.2494025,51.4501754],[-0.2493787,51.4501638],[-0.2492928,51.4501218],[-0.2492851,51.450118],[-0.2492559,51.4501041],[-0.2492397,51.4500963],[-0.2492033,51.4500789],[-0.2491703,51.450063],[-0.2491669,51.4500614],[-0.2490562,51.4500084],[-0.2490447,51.4500029],[-0.2483884,51.4496885],[-0.2482831,51.4496381],[-0.2476964,51.4493571],[-0.2475325,51.4492785],[-0.2473273,51.4491803],[-0.2473296,51.4491332],[-0.2472724,51.4490392],[-0.2471611,51.44893],[-0.2469976,51.4487697],[-0.2468714,51.4486461],[-0.2466376,51.4484188],[-0.2460109,51.4478025],[-0.2456472,51.4474475],[-0.2454848,51.4472833],[-0.245477,51.4472747],[-0.2449508,51.4467258],[-0.2446855,51.4464491],[-0.2444831,51.4462383],[-0.2440435,51.4457797],[-0.2438146,51.4455407],[-0.2436818,51.4453893],[-0.2436771,51.4453839],[-0.2435073,51.4451903],[-0.2434938,51.4451748],[-0.2434872,51.4451673],[-0.2434369,51.44511],[-0.2434284,51.4451002],[-0.2433428,51.4450026],[-0.2432434,51.4448893],[-0.2432407,51.4448863],[-0.2430802,51.444704],[-0.2429876,51.4445976],[-0.2428166,51.4444026],[-0.2428127,51.4443982],[-0.2427605,51.4443386],[-0.2427521,51.444329],[-0.2427292,51.4443029],[-0.2427257,51.4442989],[-0.2427175,51.4442895],[-0.2427108,51.4442819],[-0.2427083,51.4442791],[-0.2426616,51.4442264],[-0.2426505,51.4442138],[-0.2426479,51.4442109],[-0.2426119,51.4441703],[-0.2426035,51.4441608],[-0.2423819,51.4439106],[-0.2420706,51.4435592],[-0.2420684,51.4435568],[-0.2418939,51.4433598],[-0.2418393,51.4432981],[-0.2418358,51.4432941],[-0.241671,51.4431081],[-0.2416619,51.4430978],[-0.2416492,51.4430835],[-0.2416544,51.4430767],[-0.2417136,51.4430093],[-0.2417199,51.4430022],[-0.2417352,51.4429848],[-0.2417388,51.4429807],[-0.2417417,51.4429774],[-0.2417802,51.4429336],[-0.2418106,51.442899],[-0.2418291,51.442878],[-0.2418528,51.4428511],[-0.2418862,51.4428131],[-0.2418939,51.4428044],[-0.2419519,51.4427384],[-0.2419617,51.4427272],[-0.241974,51.4427133],[-0.2419884,51.4426968],[-0.2420119,51.4426701],[-0.2420459,51.4426315],[-0.2420634,51.4426116],[-0.2421143,51.4425537],[-0.2426757,51.4419153],[-0.2430875,51.4417468],[-0.2432366,51.4416858],[-0.2444974,51.44117],[-0.2447046,51.4410852],[-0.2447417,51.44107],[-0.2447516,51.441066],[-0.2448471,51.4410269],[-0.2448575,51.4410227],[-0.245005,51.4409623],[-0.2450162,51.4409577],[-0.2451378,51.4409079],[-0.2451422,51.4409062],[-0.2452138,51.4408769],[-0.2452202,51.4408742],[-0.2454894,51.4407641],[-0.2454998,51.4407599],[-0.245601,51.4407185],[-0.2456082,51.4407155],[-0.2457302,51.4406656],[-0.2458882,51.4406009],[-0.2459143,51.4405903],[-0.2460008,51.4405549],[-0.246006,51.4405527],[-0.2460495,51.440535],[-0.2461856,51.4404793],[-0.2462007,51.4404731],[-0.2463338,51.4404186],[-0.2463425,51.4404151],[-0.2464818,51.4403581],[-0.2464909,51.4403544],[-0.2466496,51.4402894],[-0.2467471,51.4402496],[-0.2467632,51.440243],[-0.2468893,51.4401913],[-0.2468934,51.4401897],[-0.2472193,51.4400563],[-0.2482583,51.4396346],[-0.2485483,51.4395169],[-0.2487704,51.4394268],[-0.2489691,51.4393461],[-0.2492071,51.4392495],[-0.249275,51.439222],[-0.2493127,51.4392066],[-0.2493612,51.439187],[-0.2494393,51.4391553],[-0.2494836,51.4391373],[-0.2497716,51.4390204],[-0.2507293,51.4386316],[-0.2507398,51.4386274],[-0.2508469,51.4385839],[-0.2508518,51.4385819],[-0.2509482,51.4385428],[-0.2509596,51.4385382],[-0.2510888,51.4384857],[-0.2510941,51.4384835],[-0.2512474,51.4384213],[-0.2512524,51.4384193],[-0.2513833,51.4383662],[-0.2513914,51.4383629],[-0.25154,51.4383026],[-0.251645,51.4382599],[-0.2517055,51.4382354],[-0.2517658,51.4382109],[-0.2518261,51.4381864],[-0.2518674,51.4381697],[-0.2519396,51.4381403],[-0.2520001,51.4381158],[-0.2520603,51.4380913],[-0.2520978,51.4380761],[-0.2521208,51.4380668],[-0.2521614,51.4380503],[-0.2522104,51.4380304],[-0.2522338,51.4380203],[-0.2522928,51.4379947],[-0.2523521,51.4379691],[-0.2523927,51.4379515],[-0.2524787,51.4379144],[-0.2525091,51.4379012],[-0.2526459,51.437842],[-0.2528257,51.4377643],[-0.2528365,51.4377596],[-0.2531807,51.4376107],[-0.2531895,51.4376069],[-0.25331,51.4375548],[-0.2540359,51.4372405],[-0.2541755,51.4371873],[-0.2541855,51.4371835],[-0.2542269,51.4371677],[-0.2542367,51.4371639],[-0.2542796,51.4371475],[-0.2542903,51.4371434],[-0.2543838,51.4371077],[-0.2543917,51.4371046],[-0.2544337,51.4370886],[-0.2544565,51.4370798],[-0.2544885,51.4370676],[-0.2545407,51.4370476],[-0.2545512,51.4370436],[-0.2545964,51.4370263],[-0.2546488,51.4370063],[-0.2546605,51.4370018],[-0.2547011,51.4369863],[-0.2547098,51.4369829],[-0.254754,51.436966],[-0.2547664,51.4369613],[-0.254776,51.4369576],[-0.2548029,51.4369461],[-0.2548137,51.4369416],[-0.2548572,51.436923],[-0.2548668,51.4369189],[-0.2549052,51.4369025],[-0.2549086,51.4369011],[-0.2549593,51.4368795],[-0.2549645,51.4368772],[-0.2550149,51.4368558],[-0.2550286,51.4368499],[-0.2550666,51.4368337],[-0.2550739,51.4368306],[-0.2551219,51.4368101],[-0.2551308,51.4368064],[-0.2551755,51.4367873],[-0.2551854,51.436783],[-0.2552335,51.4367626],[-0.2552389,51.4367602],[-0.2552856,51.4367403],[-0.2552945,51.4367365],[-0.2555781,51.4366156],[-0.2556051,51.4366034],[-0.2556326,51.436591],[-0.2556411,51.4365872],[-0.25566,51.4365786],[-0.2558748,51.4366021],[-0.2560168,51.4366175],[-0.256033,51.4366171],[-0.2561216,51.436615],[-0.256227,51.4366125],[-0.2563966,51.4365401],[-0.2564135,51.4365329],[-0.256461,51.4365126],[-0.256336,51.4363778],[-0.2563017,51.4363408],[-0.2562811,51.4363179],[-0.2562884,51.4363136],[-0.2563515,51.4362888],[-0.2563567,51.4362869],[-0.2566159,51.4361876],[-0.2567248,51.4361424],[-0.2567291,51.4361406],[-0.2567529,51.4361307],[-0.2568323,51.4360978],[-0.2568637,51.4360848],[-0.2569429,51.4360505],[-0.2569727,51.4360376],[-0.2570528,51.4360029],[-0.2571592,51.4359568],[-0.2571714,51.4359515],[-0.257455,51.4358287],[-0.2575756,51.4357764],[-0.2576599,51.4357399],[-0.2578543,51.4356557],[-0.2578738,51.4356473],[-0.2579958,51.4355944],[-0.2580071,51.4355895],[-0.2580142,51.4355864],[-0.2580246,51.4355819],[-0.2581015,51.4355486],[-0.2581174,51.4355417],[-0.2581487,51.4355282],[-0.2581866,51.435513],[-0.2582315,51.435495],[-0.2583785,51.4354359],[-0.2583859,51.4354329],[-0.2584232,51.435418],[-0.2585574,51.4353641],[-0.2586847,51.435313],[-0.2587944,51.4352689],[-0.2589048,51.4352246],[-0.2590886,51.4351508],[-0.2591481,51.4351244],[-0.2592003,51.4351014],[-0.2594158,51.435006],[-0.2595747,51.4349357],[-0.2599617,51.4347816],[-0.2600179,51.4347592],[-0.2604256,51.4345968],[-0.2606248,51.4345107],[-0.2606309,51.434508],[-0.260739,51.4344613],[-0.2608032,51.4344335],[-0.2608275,51.434423],[-0.2609162,51.4343847],[-0.2610252,51.4343376],[-0.2613371,51.4342027],[-0.2615035,51.4341197],[-0.2615068,51.4341181],[-0.2616408,51.4340513],[-0.2617555,51.4339941],[-0.2618242,51.4339598],[-0.2619711,51.4339036],[-0.2620359,51.4338788],[-0.2622115,51.4338115],[-0.2625039,51.4336996],[-0.2625152,51.4336953],[-0.2626942,51.4336268],[-0.2627731,51.4335952],[-0.2628472,51.4335655],[-0.2628797,51.4335525],[-0.2629289,51.4335327],[-0.2631252,51.4334485],[-0.2633735,51.433342],[-0.2636329,51.4332307],[-0.2638145,51.4331527],[-0.2638241,51.4331486],[-0.2641211,51.4330212],[-0.2645723,51.4328276],[-0.2646115,51.4328107],[-0.2646233,51.4328057],[-0.2647229,51.4327629],[-0.2647387,51.4327561],[-0.2648419,51.4327119],[-0.2649724,51.4326456],[-0.2650675,51.4325974],[-0.2651043,51.4325788],[-0.2652434,51.4325082],[-0.2653287,51.4324649],[-0.2653771,51.4324429],[-0.2653848,51.4324394],[-0.2656805,51.4323049],[-0.2657692,51.4322646],[-0.26584,51.4322324],[-0.2658545,51.4322258],[-0.2661672,51.4320837],[-0.2662452,51.4320443],[-0.2663307,51.432001],[-0.2664184,51.4319569],[-0.2664219,51.431954],[-0.2664257,51.4319507],[-0.2665788,51.4318212],[-0.2666395,51.4317699],[-0.2667412,51.431709],[-0.2673613,51.4313374],[-0.2673728,51.4313306],[-0.2673787,51.431327],[-0.2675544,51.4312634],[-0.2675642,51.4312599],[-0.2676252,51.4312378],[-0.2676314,51.4312356],[-0.2676663,51.4312229],[-0.2677003,51.4312094],[-0.267706,51.4312071],[-0.2677613,51.431185],[-0.2677762,51.4311791],[-0.2678872,51.4311349],[-0.2680196,51.431082],[-0.268103,51.4310328],[-0.2681069,51.4310305],[-0.2683653,51.4308781],[-0.2684086,51.4308552],[-0.2684742,51.4308206],[-0.2684822,51.4308163],[-0.2687043,51.430699],[-0.2689356,51.4305698],[-0.2689442,51.430565],[-0.2690731,51.430493],[-0.26908,51.4304897],[-0.2690839,51.4304878],[-0.2691393,51.4304606],[-0.269205,51.4304286],[-0.2692121,51.4304251],[-0.2692934,51.4303853],[-0.2693024,51.4303809],[-0.2693642,51.4303507],[-0.2694416,51.4303129],[-0.2694554,51.4303061],[-0.2695174,51.4302758],[-0.2695358,51.4302668],[-0.2696062,51.4302324],[-0.2696164,51.4302275],[-0.2696625,51.4302049],[-0.2699791,51.4300501],[-0.2702586,51.4298826],[-0.2702686,51.4298767],[-0.270393,51.4298021],[-0.2704598,51.429759],[-0.2705398,51.4297075],[-0.2706879,51.4296121],[-0.2707594,51.4295717],[-0.2709199,51.4294812],[-0.2710428,51.4293921],[-0.2712132,51.4292603],[-0.2713097,51.4291856],[-0.2713274,51.4291719],[-0.2715508,51.4289991],[-0.2717412,51.4288446],[-0.2717498,51.4288375],[-0.2717577,51.4288311],[-0.2718005,51.4287964],[-0.2720758,51.4285729],[-0.272118,51.4285385],[-0.2721339,51.4285257],[-0.2722107,51.4284633],[-0.2723029,51.4283841],[-0.2723467,51.4283466],[-0.2724458,51.4282615],[-0.2724875,51.4282257],[-0.2725787,51.4281474],[-0.2725851,51.428142],[-0.272968,51.4278134],[-0.2730365,51.4277599],[-0.2730412,51.4277563],[-0.2732118,51.4276234],[-0.2735714,51.4273433],[-0.2737099,51.4272232],[-0.2737148,51.427219],[-0.2739277,51.4270344],[-0.2739471,51.4270176],[-0.2740454,51.4269324],[-0.2741249,51.4268701],[-0.2741513,51.4268494],[-0.2741621,51.4268409],[-0.2741678,51.4268365],[-0.2744754,51.4265954],[-0.2744831,51.4265893],[-0.2746571,51.426453],[-0.2749482,51.4262249],[-0.2750663,51.4261323],[-0.2753914,51.4258776],[-0.2754411,51.4258393],[-0.2754778,51.425811],[-0.2755065,51.4257889],[-0.2755112,51.4257853],[-0.2756872,51.4256495],[-0.2758122,51.4255524],[-0.2759032,51.4254821],[-0.2760936,51.4253344],[-0.2760988,51.4253304],[-0.2762081,51.4252457],[-0.2762124,51.4252423],[-0.2762183,51.4252375],[-0.2762209,51.4252355],[-0.2762951,51.4251766],[-0.2763086,51.4251658],[-0.2765705,51.4249577],[-0.2765752,51.4249539],[-0.2766369,51.4249049],[-0.276816,51.4247625],[-0.2769667,51.4246424],[-0.2772058,51.4244517],[-0.2773557,51.4243321],[-0.277361,51.4243278],[-0.2774035,51.4242939],[-0.2776217,51.4241199],[-0.2776325,51.4241113],[-0.2778631,51.4239274],[-0.2781465,51.4237013],[-0.2781562,51.4236935],[-0.2781743,51.4236791],[-0.278247,51.4236212],[-0.278319,51.4235637],[-0.2783263,51.4235579],[-0.2783827,51.4235129],[-0.2783929,51.4235048],[-0.2784379,51.4234689],[-0.2785952,51.4233434],[-0.2788318,51.4231546],[-0.2788394,51.4231486],[-0.2788527,51.423138],[-0.2790623,51.4229708],[-0.2791073,51.4229349],[-0.2794182,51.4226869],[-0.2795187,51.4226067],[-0.2795342,51.4225943],[-0.27975,51.4224222],[-0.2797705,51.4224058],[-0.2797793,51.4223988],[-0.2797832,51.4223957],[-0.2798964,51.4223054],[-0.2799115,51.4222934],[-0.2800072,51.422217],[-0.2800396,51.4221912],[-0.2800522,51.4221811],[-0.2800845,51.4221554],[-0.2801064,51.4221379],[-0.2801137,51.4221321],[-0.2801761,51.4220823],[-0.2801901,51.4220712],[-0.2802255,51.4220429],[-0.2802344,51.4220358],[-0.2803481,51.4219451],[-0.2803615,51.4219344],[-0.2804586,51.4218569],[-0.2804947,51.4218472],[-0.2805008,51.4218456],[-0.2806833,51.4217963],[-0.2807023,51.4217911],[-0.2807791,51.4217703],[-0.2809855,51.4217147],[-0.2809901,51.4217134],[-0.2810416,51.4216995],[-0.2813852,51.4216068],[-0.2813986,51.4216031],[-0.2818353,51.4214852],[-0.2818495,51.4214814],[-0.2821088,51.4214114],[-0.2821194,51.4214085],[-0.2822911,51.4213622],[-0.2826474,51.421266],[-0.2826591,51.4212628],[-0.2826915,51.421254],[-0.2827478,51.4212396],[-0.2827543,51.4212379],[-0.2827648,51.421235],[-0.2829759,51.421175],[-0.2831785,51.4211175],[-0.2833301,51.4210744],[-0.2833433,51.4210706],[-0.2834982,51.4210266],[-0.2835113,51.4210229],[-0.283668,51.4209784],[-0.28368,51.420975],[-0.2840071,51.4208821],[-0.2840152,51.4208798],[-0.2842576,51.4208109],[-0.284275,51.420806],[-0.28437,51.420779],[-0.2843846,51.4207748],[-0.2845499,51.4207279],[-0.28456,51.420725],[-0.2846071,51.4207116],[-0.2846302,51.4207051],[-0.2848136,51.420653],[-0.2848227,51.4206504],[-0.2849581,51.4206119],[-0.2850234,51.4205928],[-0.285033,51.4205901],[-0.2852145,51.420537],[-0.2852185,51.4205358],[-0.285302,51.4205114],[-0.2853503,51.4204973],[-0.2854295,51.4204741],[-0.285462,51.4204646],[-0.2854666,51.4204633],[-0.2855271,51.4204456],[-0.2855328,51.420444],[-0.2855971,51.4204251],[-0.285616,51.4204196],[-0.2856388,51.420413],[-0.2857559,51.4203822],[-0.2857611,51.4203808],[-0.2858489,51.4203578],[-0.2862099,51.4202629],[-0.2863932,51.4202223],[-0.2866196,51.4201721],[-0.286812,51.4206039],[-0.2868186,51.4206187],[-0.2868252,51.4206335],[-0.2868908,51.4207811],[-0.2869003,51.4208024],[-0.2869626,51.4209426],[-0.2869656,51.4209494],[-0.2869735,51.4209671],[-0.2870061,51.4210403],[-0.2870156,51.4210618],[-0.2870247,51.4210823],[-0.2870336,51.4211022],[-0.2870525,51.4211448],[-0.2870633,51.4211691],[-0.2871208,51.4212983],[-0.2871347,51.4213296],[-0.2871531,51.4213711],[-0.2872033,51.4214839],[-0.2872121,51.4215037],[-0.2872339,51.4215527],[-0.2872393,51.421565],[-0.2873112,51.4217266],[-0.2873163,51.421738],[-0.2873241,51.4217556],[-0.2873539,51.4218225],[-0.2873774,51.4218755],[-0.2874222,51.4219761],[-0.2874257,51.4219841],[-0.2874438,51.4220248],[-0.2874619,51.422064],[-0.2874633,51.4220672],[-0.2875314,51.4222147],[-0.2875351,51.4222227],[-0.2875798,51.4223196],[-0.2876179,51.4224023],[-0.2876222,51.4224116],[-0.2876433,51.4224573],[-0.2876489,51.4224694],[-0.287687,51.4225521],[-0.2876888,51.4225561],[-0.2877235,51.4226313],[-0.2877297,51.4226447],[-0.2877604,51.4227114],[-0.2877676,51.422727],[-0.2878456,51.422896],[-0.2878468,51.4228986],[-0.2879333,51.4230862],[-0.2879358,51.4230915],[-0.2879905,51.4232102],[-0.2880031,51.4232376],[-0.2880769,51.4233975],[-0.2880994,51.4234463],[-0.2881078,51.4234646],[-0.2881345,51.4235224],[-0.2881416,51.4235378],[-0.288162,51.4235821],[-0.2881688,51.4235968],[-0.2881905,51.4236439],[-0.2882291,51.4237277],[-0.2882429,51.4237575],[-0.2882498,51.4237725],[-0.2882548,51.4237832],[-0.2882877,51.4238547],[-0.2882974,51.4238756],[-0.2883103,51.4239036],[-0.2883245,51.4239345],[-0.288329,51.4239442],[-0.2883625,51.4240169],[-0.2883764,51.4240469],[-0.2883893,51.424075],[-0.2883941,51.4240853],[-0.2884039,51.4241067],[-0.2884055,51.4241101],[-0.2884722,51.4242548],[-0.2884753,51.4242614],[-0.2884782,51.4242678],[-0.2885822,51.4244933],[-0.2885888,51.4245075],[-0.2886228,51.4245813],[-0.2886465,51.4246327],[-0.2886584,51.4246583],[-0.2886643,51.4246713],[-0.2886749,51.4246941],[-0.2887066,51.4247628],[-0.288709,51.4247682],[-0.2887218,51.4247959],[-0.288742,51.4248397],[-0.2887824,51.4249272],[-0.2887927,51.4249496],[-0.2888331,51.4250372],[-0.2888544,51.4250833],[-0.2889113,51.4252068],[-0.2889132,51.4252109],[-0.2889368,51.4252621],[-0.2889644,51.4253219],[-0.2889865,51.4253697],[-0.2890596,51.4255283],[-0.2890637,51.4255371],[-0.2890889,51.4255918],[-0.2891148,51.4256479],[-0.2891685,51.4257643],[-0.2892597,51.425962],[-0.2893608,51.4261813],[-0.2893891,51.4262425],[-0.2894146,51.426298],[-0.2894189,51.4263072],[-0.2895157,51.4264788],[-0.2895203,51.4264869],[-0.2896318,51.4266845],[-0.2896372,51.4266941],[-0.289661,51.4267362],[-0.2896654,51.4267441],[-0.2897061,51.4268162],[-0.2897092,51.4268216],[-0.2897175,51.4268364],[-0.2897208,51.4268422],[-0.2897284,51.4268568],[-0.2897517,51.4269012],[-0.2898063,51.4270053],[-0.2898669,51.4271209],[-0.2899332,51.4272473],[-0.2899839,51.4273439],[-0.2899877,51.4273511],[-0.290058,51.4274911],[-0.2900856,51.4275473],[-0.2900847,51.427629],[-0.2901041,51.4276717],[-0.2901799,51.4278392],[-0.2902032,51.4278908],[-0.2902094,51.4279045],[-0.2902287,51.427947],[-0.2902493,51.4279926],[-0.2902509,51.4279963],[-0.2902674,51.4280326],[-0.2902912,51.4280853],[-0.2903081,51.4281226],[-0.2903228,51.428155],[-0.290362,51.4282417],[-0.290364,51.428246],[-0.2904481,51.4284318],[-0.2904702,51.4284815],[-0.2904762,51.428494],[-0.2905028,51.4285528],[-0.2905134,51.4285761],[-0.2907006,51.4289898],[-0.2908605,51.4289874],[-0.2908691,51.4289873],[-0.2908751,51.4289872],[-0.2911491,51.4289831],[-0.2911816,51.4289826],[-0.2912566,51.4289815],[-0.2912983,51.4289809],[-0.2913062,51.4289808],[-0.2921099,51.4289687],[-0.292137,51.4289683],[-0.2922832,51.4289661],[-0.2923178,51.4289656],[-0.2923362,51.4289653],[-0.2924147,51.4289642],[-0.2924412,51.4289637],[-0.2925728,51.4289618],[-0.2926233,51.428961],[-0.2929716,51.4289558],[-0.2929477,51.4288367],[-0.2928968,51.4286012],[-0.2929156,51.4285992],[-0.2929227,51.4285986],[-0.2929815,51.4285934],[-0.2929865,51.4285929],[-0.2930405,51.4285882],[-0.2930575,51.4285866],[-0.2930994,51.428583],[-0.2931575,51.4285778],[-0.2931705,51.4285767],[-0.2931972,51.4285743],[-0.2932726,51.4285677],[-0.2933027,51.428565],[-0.2933041,51.4285518],[-0.29331,51.4284042],[-0.2933106,51.4283911],[-0.2933123,51.4283474],[-0.2933125,51.4283423],[-0.2933127,51.4283393],[-0.2933132,51.4283248],[-0.2933159,51.4282582],[-0.2933166,51.4282419],[-0.2933177,51.4282155],[-0.2933178,51.4282124],[-0.2933192,51.4281758],[-0.2933205,51.4281442],[-0.2933208,51.4281368],[-0.2933214,51.4281219],[-0.2933224,51.4280986],[-0.2933235,51.4280712],[-0.2933239,51.4280609],[-0.2933247,51.4280401],[-0.2933253,51.4280262],[-0.2933265,51.4279957],[-0.2933333,51.4278285],[-0.2933335,51.4278223],[-0.2933375,51.4277229],[-0.2933377,51.4277185],[-0.2933389,51.4276905],[-0.293339,51.4276866],[-0.2933615,51.4271301],[-0.2933632,51.4271163],[-0.2933773,51.4270041],[-0.2933963,51.4268538],[-0.2934008,51.4268179],[-0.2934019,51.426805],[-0.2934043,51.4267901],[-0.2934058,51.4267775],[-0.2934141,51.4267095],[-0.293417,51.4266855],[-0.2934187,51.4266715],[-0.2934229,51.4266363],[-0.2934254,51.4266159],[-0.2934264,51.4266077],[-0.2934297,51.4265804],[-0.2934303,51.4265755],[-0.2934347,51.4265396],[-0.2934432,51.4264692],[-0.2934884,51.4264621],[-0.2935393,51.4264615],[-0.2935614,51.4264612],[-0.2937671,51.4264586],[-0.2939256,51.4264566],[-0.2939556,51.4264563],[-0.2942839,51.4264522],[-0.294288,51.4264521],[-0.2943404,51.4264469],[-0.2944081,51.4264401],[-0.2948681,51.426394],[-0.2948869,51.4263928],[-0.2948824,51.4264047],[-0.2948812,51.4264078],[-0.2948569,51.4264704],[-0.2948521,51.426483],[-0.2948412,51.426511],[-0.29484,51.4265142],[-0.2948321,51.4265346],[-0.2948143,51.4265804],[-0.2948119,51.4265866],[-0.2947979,51.4266228],[-0.2947843,51.4266581],[-0.294797,51.4266863],[-0.2948012,51.4266955],[-0.294813,51.4267217],[-0.2948191,51.4267351],[-0.2948204,51.4267381],[-0.2948403,51.426782],[-0.2948295,51.4268112],[-0.2948281,51.4268148],[-0.2948247,51.4268242],[-0.2948043,51.4268788],[-0.2948033,51.4268816],[-0.2947951,51.4269036],[-0.2947934,51.426908],[-0.2947827,51.426937],[-0.2947813,51.4269406],[-0.2947803,51.4269433],[-0.2947774,51.4269511],[-0.2948201,51.4269534],[-0.2948707,51.4269562],[-0.2949811,51.4269621],[-0.2953217,51.4269809],[-0.295435,51.4269871],[-0.2954268,51.4270227],[-0.2954233,51.4270374],[-0.295413,51.4270817],[-0.2954121,51.4270854],[-0.2954059,51.4271121],[-0.2954015,51.4271312],[-0.2953992,51.4271412],[-0.2953947,51.4271602],[-0.295382,51.4272148],[-0.2953765,51.4272384],[-0.2953717,51.427259],[-0.2953705,51.4272641],[-0.2953586,51.4273155],[-0.2953668,51.427341],[-0.295368,51.4273447],[-0.2953755,51.4273678],[-0.2953783,51.4273766],[-0.2954032,51.4274538],[-0.2954091,51.4274721],[-0.2954102,51.4274754],[-0.2954163,51.4274944],[-0.2954282,51.4275312],[-0.2954333,51.4275469],[-0.2954433,51.4275778],[-0.2954474,51.4275907],[-0.2954576,51.4276222],[-0.2954593,51.4276273],[-0.2954612,51.4276335],[-0.295465,51.427645],[-0.2955393,51.427681],[-0.2955931,51.4277072],[-0.2956073,51.427714],[-0.2956366,51.4277283],[-0.2956403,51.42773],[-0.295654,51.4277367],[-0.2956812,51.4277499],[-0.2957096,51.4277637],[-0.2957167,51.4277671],[-0.2958065,51.4278107],[-0.2958752,51.4277696],[-0.2959143,51.4277461],[-0.295921,51.4277493],[-0.2959512,51.4277637],[-0.2961778,51.4278717],[-0.2962123,51.4278882],[-0.296239,51.4279009],[-0.2965373,51.428054],[-0.2965627,51.4280671],[-0.2966118,51.4280923],[-0.2966238,51.4280985],[-0.296629,51.4281011],[-0.2966518,51.4281129],[-0.2967203,51.4281513],[-0.2970495,51.4283364],[-0.2971481,51.4283918],[-0.2973639,51.4285391],[-0.2973961,51.4285611],[-0.2975401,51.4286593],[-0.297617,51.4287117],[-0.2976404,51.4287276],[-0.2976987,51.4287623],[-0.2977084,51.428768],[-0.2980441,51.4289671],[-0.2980479,51.4289694],[-0.298057,51.4289748],[-0.2980607,51.4289776],[-0.2981544,51.429049],[-0.2982748,51.429139],[-0.2984444,51.4292667],[-0.2985758,51.4293658],[-0.2985868,51.4293741],[-0.2987237,51.4294773],[-0.298862,51.4295815],[-0.298868,51.429586],[-0.2988709,51.4295882],[-0.2988861,51.4295996],[-0.298914,51.4296179],[-0.2989809,51.4296619],[-0.2989846,51.4296643],[-0.2990425,51.4297024],[-0.2990615,51.4297148],[-0.2991439,51.4297691],[-0.2992626,51.4298471],[-0.2993114,51.4298792],[-0.2993397,51.4298978],[-0.2993606,51.4299115],[-0.2994156,51.4299476],[-0.2994514,51.4299712],[-0.2994587,51.429976],[-0.2994914,51.4299975],[-0.2995847,51.4300589],[-0.2995907,51.4300627],[-0.2996134,51.4300777],[-0.2996804,51.4301217],[-0.2996894,51.4301277],[-0.2996948,51.4301312],[-0.2997886,51.4301929],[-0.2998533,51.4302354],[-0.2998607,51.4302403],[-0.2998676,51.4302448],[-0.2999139,51.4302752],[-0.2999285,51.4302849],[-0.3000376,51.4303566],[-0.3000487,51.4303639],[-0.3000915,51.430392],[-0.3000955,51.4303947],[-0.3001035,51.4303994],[-0.3001998,51.4304568],[-0.3003182,51.4305274],[-0.3003266,51.4305324],[-0.3003804,51.4305645],[-0.30039,51.4305702],[-0.300471,51.4306185],[-0.300493,51.4306316],[-0.3005147,51.4306445],[-0.3005508,51.430668],[-0.3006701,51.4307454],[-0.3006774,51.4307501],[-0.3006875,51.4307566],[-0.3007289,51.4307835],[-0.3007388,51.4307902],[-0.3007477,51.4307961],[-0.3007804,51.4308182],[-0.3007962,51.4308288],[-0.300803,51.4308333],[-0.3008544,51.4308679],[-0.3008723,51.43088],[-0.3009128,51.4309072],[-0.3009386,51.4309245],[-0.3009941,51.4309699],[-0.3009966,51.4309719],[-0.3010443,51.431011],[-0.3010473,51.4310134],[-0.3010539,51.4310188],[-0.3011807,51.4311225],[-0.3012303,51.4311572],[-0.3012365,51.4311616],[-0.3012447,51.4311673],[-0.3012593,51.4311775],[-0.3012686,51.431184],[-0.301366,51.4312522],[-0.3013901,51.4312692],[-0.301495,51.4313426],[-0.3015168,51.4313579],[-0.3015267,51.4313649],[-0.3015372,51.4313722],[-0.3016176,51.4314285],[-0.3019386,51.4312329],[-0.3020706,51.4311525],[-0.3020334,51.431114],[-0.3020283,51.4311088],[-0.3020017,51.4310812],[-0.301873,51.4309482],[-0.3018622,51.430937],[-0.3018467,51.4309209],[-0.3018347,51.4309085],[-0.3018073,51.4308803],[-0.3016785,51.4307475],[-0.3016709,51.4307397],[-0.3016668,51.4307354],[-0.3016599,51.4307283],[-0.3014858,51.4305487],[-0.3015495,51.430509],[-0.3015659,51.4304989],[-0.3017425,51.4303896],[-0.3018024,51.4304274],[-0.3019062,51.430493],[-0.3019198,51.4305016],[-0.3020042,51.4305549],[-0.3020844,51.4306056],[-0.302092,51.4306104],[-0.3021697,51.4306594],[-0.3021777,51.4306645],[-0.3021987,51.4306685],[-0.3022126,51.4306712],[-0.3022197,51.4306725],[-0.3024036,51.4307074],[-0.3024291,51.4307122],[-0.3025639,51.4307378],[-0.302577,51.4307403],[-0.3026224,51.4307489],[-0.3026346,51.4307512],[-0.302702,51.430764],[-0.3027277,51.4307689],[-0.302783,51.4307794],[-0.3027972,51.4307821],[-0.3029132,51.4308041],[-0.3029396,51.4308091],[-0.3029946,51.4308195],[-0.303023,51.4308249],[-0.3030483,51.4308297],[-0.3030724,51.4308343],[-0.3030768,51.4308351],[-0.3032154,51.4308614],[-0.3032564,51.4308691],[-0.3032606,51.43087],[-0.3032687,51.4308715],[-0.30329,51.4308755],[-0.3034232,51.4309008],[-0.3034438,51.4309047],[-0.3034585,51.4309075],[-0.3034956,51.4309145],[-0.3036493,51.4309437],[-0.3036701,51.4309476],[-0.3036811,51.4309497],[-0.303741,51.4309611],[-0.3037588,51.4309644],[-0.3038152,51.4309751],[-0.3039087,51.4309929],[-0.30392,51.430995],[-0.3039482,51.4310004],[-0.3039833,51.431007],[-0.3040549,51.4310206],[-0.3040694,51.4310234],[-0.3041847,51.4310452],[-0.304209,51.4310499],[-0.3042335,51.4310545],[-0.3042718,51.4310618],[-0.3042946,51.4310662],[-0.3043101,51.4310692],[-0.3044386,51.4310938],[-0.3044585,51.4310979],[-0.3044675,51.4310993],[-0.304548,51.4311147],[-0.3046194,51.4311284],[-0.304632,51.4311308],[-0.3046936,51.4311426],[-0.3047302,51.4311496],[-0.3048011,51.4311631],[-0.3048337,51.4311694],[-0.3048678,51.4311759],[-0.3049749,51.4311964],[-0.3049925,51.4311998],[-0.3050227,51.4312056],[-0.305033,51.4312075],[-0.3050485,51.4312105],[-0.3051357,51.4312272],[-0.3051419,51.4312284],[-0.3051492,51.4312298],[-0.3053447,51.4312672],[-0.3053488,51.431268],[-0.3054295,51.4312834],[-0.3056092,51.4313178],[-0.3057575,51.4313462],[-0.3058365,51.4313613],[-0.3060018,51.4312916],[-0.3060106,51.4312879],[-0.306018,51.4312847],[-0.3060659,51.4312644],[-0.306132,51.4312364],[-0.3061916,51.4312114],[-0.3062072,51.4312048],[-0.3062176,51.4312005],[-0.3062931,51.4311687],[-0.3063184,51.4311581],[-0.3063655,51.4311381],[-0.3063717,51.4311354],[-0.3064001,51.4311234],[-0.3064067,51.4309169],[-0.306407,51.4309068],[-0.306408,51.4308733],[-0.3064083,51.4308666],[-0.3064141,51.430682],[-0.3064151,51.4306516],[-0.3064149,51.4306399],[-0.3064162,51.430619],[-0.3064163,51.4306148],[-0.306419,51.4305279],[-0.3064221,51.430431],[-0.3064223,51.4304247],[-0.3064311,51.4301506],[-0.306524,51.4301546],[-0.3068422,51.4301686],[-0.3068484,51.4301693],[-0.306907,51.4301762],[-0.3070257,51.4301901],[-0.3070395,51.4301917],[-0.3070701,51.4301953],[-0.3070875,51.4301973],[-0.3071015,51.4301989],[-0.3071215,51.4302013],[-0.3071748,51.4302075],[-0.307336,51.4302568],[-0.3074414,51.430289],[-0.307447,51.4302907],[-0.3074734,51.4302988],[-0.3077407,51.4304165],[-0.307775,51.4304333],[-0.3080514,51.4305693],[-0.3080739,51.4305803],[-0.3081097,51.4305979],[-0.3081163,51.4306012],[-0.3081199,51.4306029],[-0.308131,51.4306084],[-0.3082098,51.4306477],[-0.3083352,51.4307103],[-0.3085499,51.4308174],[-0.3081009,51.4310934],[-0.308214,51.431159],[-0.3082288,51.4311676],[-0.3083091,51.4312141],[-0.3083149,51.4312174],[-0.3083723,51.4312507],[-0.308388,51.4312598],[-0.3084266,51.4312822],[-0.3084361,51.4312877],[-0.3085922,51.4313782],[-0.3086138,51.4313907],[-0.3086462,51.4314095],[-0.3087144,51.431449],[-0.3087299,51.431458],[-0.3090756,51.4316583],[-0.3090799,51.4316608],[-0.309308,51.4317934],[-0.3093756,51.4318322],[-0.3095024,51.4319157],[-0.3095494,51.4319466],[-0.3096367,51.4320042],[-0.3097597,51.4321552],[-0.3098715,51.4321614],[-0.3099059,51.4321633],[-0.3099887,51.4321679],[-0.3100736,51.4321726],[-0.3101008,51.4321742],[-0.3104978,51.4321963],[-0.3106616,51.4322282],[-0.3107229,51.4321738],[-0.3107353,51.4321628],[-0.3108393,51.4320706],[-0.3109177,51.4320011],[-0.3109989,51.4319376],[-0.3110225,51.431919],[-0.3111737,51.4318004],[-0.3111915,51.4317865],[-0.311195,51.4317837],[-0.3112799,51.4317172],[-0.3113005,51.4317011],[-0.3113753,51.4316424],[-0.3113794,51.4316392],[-0.3113842,51.4316355],[-0.3114185,51.4316086],[-0.3114211,51.4316065],[-0.3115182,51.4315304],[-0.3115234,51.4315264],[-0.311599,51.4314671],[-0.3116033,51.4314637],[-0.3116132,51.431456],[-0.3116186,51.4314518],[-0.3116635,51.4314166],[-0.311674,51.4314083],[-0.3117326,51.4313624],[-0.3117363,51.4313595],[-0.3117441,51.4313534],[-0.3117977,51.4313113],[-0.3118371,51.4312805],[-0.3118515,51.4312692],[-0.3119102,51.4312232],[-0.3119224,51.4312136],[-0.3119287,51.4312087],[-0.3119326,51.4312056],[-0.3120185,51.4311383],[-0.3120229,51.431134],[-0.3120271,51.4311298],[-0.3120323,51.4311247],[-0.3120475,51.4311098],[-0.312057,51.4311004],[-0.3120737,51.431084],[-0.3120771,51.4310807],[-0.3121178,51.4310406],[-0.312127,51.4310315],[-0.3121418,51.431017],[-0.3122095,51.4309504],[-0.3122177,51.4309424],[-0.3122403,51.4309201],[-0.3122461,51.4309144],[-0.3122628,51.4308979],[-0.3122659,51.4308949],[-0.3123519,51.4308099],[-0.3123589,51.430803],[-0.3123629,51.430799],[-0.3123671,51.4307949],[-0.3124229,51.4307398],[-0.3124293,51.4307334],[-0.3124319,51.4307309],[-0.3124353,51.4307275],[-0.3125106,51.4306532],[-0.3125328,51.4306312],[-0.3125356,51.4306285],[-0.3126148,51.4305502],[-0.3126236,51.4305415],[-0.3126569,51.4305087],[-0.3126601,51.4305055],[-0.3126918,51.4304742],[-0.3127251,51.4304413],[-0.3127279,51.4304385],[-0.3127428,51.4304239],[-0.3127628,51.4304041],[-0.3128233,51.4303443],[-0.3128316,51.4303341],[-0.3128357,51.430329],[-0.3129557,51.4301817],[-0.3129582,51.4301779],[-0.312962,51.4301739],[-0.3129664,51.4301685],[-0.3129727,51.4301608],[-0.3130355,51.4300836],[-0.3130709,51.4300402],[-0.3130951,51.4300104],[-0.3131709,51.4299173],[-0.313175,51.4299123],[-0.3132654,51.4298012],[-0.3132684,51.4297975],[-0.3132751,51.4297893],[-0.3132776,51.4297862],[-0.3132814,51.4297815],[-0.3133062,51.429751],[-0.3133155,51.4297396],[-0.313592,51.4293999],[-0.313756,51.4291984],[-0.31397,51.4288565],[-0.3140048,51.4288135],[-0.3140282,51.4287845],[-0.3140708,51.4287319],[-0.3141047,51.42869],[-0.3141294,51.4286593],[-0.3142262,51.4285396],[-0.3142879,51.4284691],[-0.314471,51.4282598],[-0.3135314,51.4278677],[-0.3134496,51.4278336],[-0.313421,51.4278217],[-0.31328,51.4277572],[-0.3132256,51.4277323],[-0.3130859,51.4276683],[-0.3128901,51.4275787],[-0.3123711,51.4273527],[-0.3118942,51.427137],[-0.3118583,51.4271209],[-0.3118273,51.427107],[-0.3117706,51.427078],[-0.311754,51.4270695],[-0.3114575,51.4269183],[-0.311436,51.4269074],[-0.3113862,51.426882],[-0.3113632,51.4268703],[-0.3112533,51.4268138],[-0.3112474,51.4268108],[-0.3112039,51.4267886],[-0.3111753,51.426774],[-0.3111332,51.4267525],[-0.3111063,51.4267388],[-0.3109131,51.426638],[-0.3108964,51.4266293],[-0.3106961,51.4265249],[-0.3103892,51.4263648],[-0.3100165,51.4261359],[-0.3097715,51.4260167],[-0.3096345,51.425949],[-0.3094611,51.4258351],[-0.3094486,51.4258269],[-0.3092615,51.425704],[-0.3092458,51.4256914],[-0.3092394,51.4256863],[-0.3091248,51.4255939],[-0.3091176,51.4255881],[-0.3088819,51.4253982],[-0.308876,51.4253934],[-0.30885,51.4253725],[-0.30873,51.4252758],[-0.3087083,51.4252583],[-0.3085827,51.4251571],[-0.3084931,51.425076],[-0.3084866,51.4250702],[-0.3084297,51.4250188],[-0.3084152,51.4250056],[-0.3084028,51.4249945],[-0.3083843,51.4249777],[-0.3083673,51.4249623],[-0.3081803,51.4247932],[-0.3081666,51.4247808],[-0.3081568,51.424772],[-0.3080544,51.4246794],[-0.3080445,51.4246704],[-0.3080293,51.4246567],[-0.3079977,51.4246281],[-0.3078955,51.4244978],[-0.3078576,51.4244495],[-0.3078314,51.4244161],[-0.3078184,51.4243995],[-0.3077838,51.4243554],[-0.3077766,51.4243462],[-0.3076348,51.4241836],[-0.3076312,51.4241794],[-0.3074976,51.4240262],[-0.307393,51.4239001],[-0.3073906,51.4238972],[-0.3072593,51.4237389],[-0.3072516,51.4237297],[-0.3072318,51.4237058],[-0.3072184,51.4236896],[-0.3069863,51.4234097],[-0.3069843,51.4234073],[-0.3069735,51.4233942],[-0.3069125,51.4233163],[-0.3068906,51.4232882],[-0.3067426,51.4230253],[-0.3065688,51.4227508],[-0.306564,51.4227433],[-0.3065388,51.4227034],[-0.3063587,51.4223805],[-0.3063121,51.4222814],[-0.3062825,51.4222185],[-0.3062645,51.4221757],[-0.3062442,51.4221275],[-0.3062147,51.4220575],[-0.3061124,51.4217822],[-0.3061048,51.4217615],[-0.3060451,51.4215195],[-0.3060367,51.4214856],[-0.3060345,51.4213918],[-0.3060323,51.421299],[-0.3060307,51.4212345],[-0.3061198,51.4210876],[-0.3063324,51.4207597],[-0.3063797,51.4206866],[-0.3064024,51.4206516],[-0.3064524,51.4205369],[-0.3065375,51.4203418],[-0.3065808,51.420205],[-0.30659,51.420176],[-0.3066049,51.4201212],[-0.3066197,51.4200669],[-0.3066367,51.4200042],[-0.3066496,51.4199248],[-0.306654,51.4198979],[-0.3066944,51.4196477],[-0.3066952,51.4196264],[-0.3066993,51.4195244],[-0.3067057,51.4193647],[-0.3067023,51.4192956],[-0.3066904,51.4190607],[-0.3066992,51.4189551],[-0.3067041,51.4188968],[-0.3067134,51.4187844],[-0.3067163,51.4187499],[-0.3068524,51.418439],[-0.3068744,51.4183888],[-0.3068821,51.4183739],[-0.3069174,51.4183057],[-0.3070318,51.4180846],[-0.3070668,51.4180171],[-0.3070982,51.4179565],[-0.3071425,51.417871],[-0.3071848,51.4177959],[-0.3072334,51.41771],[-0.3072717,51.4176534],[-0.3072735,51.4176507],[-0.3072868,51.4176311],[-0.3073431,51.4175481],[-0.3073501,51.4175377],[-0.3073823,51.4174901],[-0.3074207,51.4174335],[-0.3074325,51.417416],[-0.3074991,51.417292],[-0.3075147,51.4172605],[-0.3075397,51.4172097],[-0.3075426,51.4172038],[-0.3075613,51.4171659],[-0.3075783,51.417125],[-0.3076013,51.4170699],[-0.3076036,51.4170643],[-0.307607,51.4170561],[-0.3076099,51.4170491],[-0.3076195,51.4170261],[-0.3076732,51.4168871],[-0.3076871,51.4168093],[-0.3076902,51.416792],[-0.3077288,51.4166853],[-0.3077513,51.4166232],[-0.3077533,51.4166175],[-0.3077801,51.4165431],[-0.3078735,51.4163139],[-0.307878,51.4163029],[-0.3079264,51.416184],[-0.3079646,51.4160901],[-0.3079686,51.4160803],[-0.3080128,51.4159718],[-0.3080285,51.4159333],[-0.3080303,51.4159288],[-0.3081192,51.4157102],[-0.3081217,51.4157043],[-0.3081279,51.4156889],[-0.308211,51.4154848],[-0.3082254,51.4154494],[-0.3082325,51.415432],[-0.3083081,51.4152461],[-0.3083466,51.4151108],[-0.3083501,51.4150983],[-0.3083541,51.4150844],[-0.3083732,51.4150172],[-0.3083932,51.414879],[-0.3083949,51.4148667],[-0.308404,51.4148042],[-0.3084433,51.4146656],[-0.3084531,51.4146312],[-0.3084725,51.4144739],[-0.3084742,51.4144589],[-0.3084734,51.4144244],[-0.3084723,51.4143782],[-0.3084718,51.4143571],[-0.30847,51.4142823],[-0.3084766,51.4142153],[-0.3084843,51.4141371],[-0.3084962,51.4140167],[-0.3085005,51.4139735],[-0.3085009,51.4139694],[-0.308503,51.4139484],[-0.3085051,51.4138992],[-0.3085057,51.4138831],[-0.3085069,51.413857],[-0.3085095,51.4137951],[-0.3085096,51.4137913],[-0.30851,51.4137833],[-0.3085115,51.4136945],[-0.3085128,51.4136204],[-0.308512,51.4136138],[-0.3085066,51.4135714],[-0.3085019,51.4135341],[-0.308499,51.4135134],[-0.3084829,51.4133953],[-0.3084485,51.4131472],[-0.3084421,51.4131014],[-0.3084426,51.4130295],[-0.3084432,51.412932],[-0.3084433,51.4129101],[-0.3084436,51.4128634],[-0.3084439,51.4128094],[-0.3084478,51.4127594],[-0.3084662,51.4125216],[-0.3084834,51.4124378],[-0.3085122,51.4122976],[-0.308549,51.4121754],[-0.3085498,51.4121726],[-0.3085635,51.4121272],[-0.3086528,51.41183],[-0.3087182,51.4116126],[-0.3087594,51.4114143],[-0.3087777,51.4113264],[-0.3087961,51.411238],[-0.3088051,51.4111945],[-0.3088367,51.4110426],[-0.3088714,51.4108236],[-0.3088754,51.4107987],[-0.3088779,51.4107829],[-0.308899,51.4106498],[-0.3088997,51.4106453],[-0.3089215,51.4105075],[-0.3089393,51.4103952],[-0.308962,51.4102524],[-0.3090267,51.4098437],[-0.3090306,51.4098193],[-0.3090377,51.4097745],[-0.3090455,51.4097251],[-0.3090534,51.4096758],[-0.3090827,51.4094909],[-0.3090968,51.4093018],[-0.3090952,51.4092563],[-0.3090815,51.4086825],[-0.3090789,51.4085786],[-0.3090768,51.4084924],[-0.3090679,51.408136],[-0.3090635,51.4080423],[-0.3090347,51.4074311],[-0.309033,51.4073949],[-0.3090212,51.407145],[-0.3090199,51.4071185],[-0.3090194,51.4071068],[-0.3090181,51.4070806],[-0.3089996,51.4066881],[-0.3090077,51.406567],[-0.3090115,51.4065091],[-0.3090114,51.4064998],[-0.3090072,51.406282],[-0.3090067,51.4062532],[-0.3090144,51.4060991],[-0.309015,51.4060867],[-0.3090167,51.4060534],[-0.308999,51.405765],[-0.3089909,51.4056323],[-0.3089857,51.4055652],[-0.3089198,51.4052029],[-0.3088549,51.404843],[-0.3088406,51.4047634],[-0.3088244,51.4046554],[-0.3088115,51.4045685],[-0.3088008,51.4044969],[-0.3088004,51.4044939],[-0.3087932,51.4044461],[-0.3087278,51.4040075],[-0.3087067,51.4036686],[-0.3087057,51.4036523],[-0.3087028,51.4036056],[-0.3086957,51.4034905],[-0.3087012,51.4033428],[-0.3087014,51.4033373],[-0.3087054,51.4032319],[-0.3087055,51.4032284],[-0.3087155,51.4029646],[-0.308727,51.4028466],[-0.3087276,51.4028403],[-0.3087882,51.4022148],[-0.3087895,51.4022016],[-0.3088651,51.4018131],[-0.3088802,51.4017353],[-0.3088965,51.4016518],[-0.3089026,51.4016297],[-0.3089588,51.4014265],[-0.3089856,51.4013297],[-0.3090055,51.4012581],[-0.3090224,51.4011968],[-0.3090253,51.4011877],[-0.3090379,51.4011477],[-0.3090753,51.4010289],[-0.309084,51.4010096],[-0.309156,51.4008493],[-0.309249,51.4006423],[-0.3092555,51.4006279],[-0.3093053,51.4005355],[-0.3093366,51.4004775],[-0.3093483,51.4004558],[-0.3093504,51.4004518],[-0.3094062,51.4003649],[-0.3094665,51.4002803],[-0.3094739,51.4002699],[-0.3096554,51.400015],[-0.3096956,51.3999729],[-0.3097366,51.399941],[-0.3097932,51.3998969],[-0.3098187,51.3998833],[-0.3098436,51.3998701],[-0.3098585,51.3998622],[-0.3099513,51.3998129],[-0.3102173,51.3996539],[-0.3103338,51.3995838],[-0.3103711,51.3995614],[-0.3104833,51.399494],[-0.3106859,51.3993592],[-0.3107223,51.399335],[-0.3114733,51.398814],[-0.3116409,51.3986911],[-0.3118904,51.3985079],[-0.3119502,51.398453],[-0.3119902,51.3984161],[-0.3120241,51.3983731],[-0.3121481,51.398142],[-0.3121916,51.3980603],[-0.312211,51.398024],[-0.3122655,51.3979244],[-0.3124778,51.3975371],[-0.3125143,51.3974705],[-0.3125238,51.3974532],[-0.3125882,51.3974013],[-0.3126301,51.39737],[-0.3126602,51.3973475],[-0.3127077,51.3973121],[-0.3127741,51.3972625],[-0.3128179,51.3972298],[-0.3128981,51.39717],[-0.3129808,51.3971082],[-0.3129972,51.397096],[-0.313017,51.3970813],[-0.3131365,51.3969921],[-0.3134631,51.3967485],[-0.3136339,51.3966212],[-0.3136808,51.3965862],[-0.3140524,51.3963091],[-0.3142117,51.3961903],[-0.3142729,51.3961463],[-0.314489,51.395991],[-0.3145538,51.3959444],[-0.3145594,51.3959404],[-0.3148788,51.3957109],[-0.3149083,51.3956897],[-0.3150109,51.395616],[-0.3153764,51.3953532],[-0.3156322,51.3951694],[-0.3161328,51.3948096],[-0.3162444,51.3947294],[-0.3165522,51.3945082],[-0.3166465,51.3944404],[-0.3166624,51.3944294],[-0.317094,51.3941314],[-0.3174443,51.3938896],[-0.3175738,51.393794],[-0.3176045,51.3937714],[-0.3177209,51.3936677],[-0.3182751,51.3933256],[-0.3182895,51.3933166],[-0.3184666,51.3932167],[-0.3184907,51.3932032],[-0.3185391,51.3931759],[-0.3186373,51.3931243],[-0.3187174,51.3930823],[-0.318796,51.393041],[-0.3188337,51.3930234],[-0.319053,51.3929206],[-0.3190702,51.3929125],[-0.3192168,51.3928508],[-0.3193932,51.3927766],[-0.3194016,51.3927733],[-0.3198562,51.3925946],[-0.3199807,51.3925649],[-0.3200683,51.3925441],[-0.3203367,51.3924986],[-0.3204679,51.3924764],[-0.3207491,51.3924147],[-0.3208254,51.3923955],[-0.3209386,51.392367],[-0.3210623,51.3923316],[-0.3212327,51.392283],[-0.3215463,51.392222],[-0.3217261,51.392187],[-0.3219964,51.3921344],[-0.3220877,51.3921166],[-0.3221914,51.3920932],[-0.3223255,51.392063],[-0.3229477,51.3918986],[-0.3229924,51.3918868],[-0.3232326,51.3918233],[-0.3232427,51.3918206],[-0.3232902,51.3918081],[-0.3233818,51.3917839],[-0.323392,51.3917812],[-0.3236594,51.3917105],[-0.323695,51.3917011],[-0.3237155,51.3916957],[-0.3237819,51.3916814],[-0.3238144,51.3916745],[-0.3239833,51.3916382],[-0.3239988,51.3916349],[-0.3241274,51.3916073],[-0.3241809,51.3915958],[-0.3244039,51.391548],[-0.3246122,51.3915033],[-0.3248683,51.3914723],[-0.3251206,51.3914599],[-0.3255515,51.3914387],[-0.3256936,51.3914317],[-0.3259899,51.3914457],[-0.326311,51.3914916],[-0.3263184,51.3914927],[-0.3263744,51.3915007],[-0.3264559,51.3915123],[-0.3264695,51.3915142],[-0.3265031,51.3915191],[-0.3267258,51.391551],[-0.3267364,51.391553],[-0.3268678,51.3915785],[-0.3269059,51.3915859],[-0.3269119,51.391587],[-0.3269253,51.3915896],[-0.3269701,51.3915983],[-0.3270849,51.3916206],[-0.3272263,51.3916526],[-0.3273449,51.3916794],[-0.3273571,51.3916822],[-0.3274584,51.3917051],[-0.3274938,51.3917131],[-0.327526,51.3917204],[-0.3276091,51.3917452],[-0.3276304,51.3917525],[-0.3276572,51.3917617],[-0.3276876,51.3917722],[-0.3277199,51.3917862],[-0.3278085,51.3918247],[-0.3278401,51.3918384],[-0.3278452,51.3918412],[-0.3279003,51.3918709],[-0.3279815,51.3919146],[-0.32823,51.3920354],[-0.3283917,51.3921223],[-0.3284498,51.3921582],[-0.3286464,51.39228],[-0.3286944,51.3923097],[-0.3292127,51.3927421],[-0.3298579,51.3932377],[-0.3299983,51.3933455],[-0.3301027,51.3934386],[-0.3301125,51.3934473],[-0.3301517,51.3934823],[-0.3301547,51.3934854],[-0.3302254,51.3935607],[-0.3302518,51.3935888],[-0.3302812,51.3936202],[-0.3304173,51.3937419],[-0.3304211,51.3937453],[-0.3304375,51.39376],[-0.3304655,51.3937851],[-0.3306335,51.3939354],[-0.3307234,51.3940158],[-0.3307491,51.3940388],[-0.3307546,51.3940437],[-0.330808,51.3940915],[-0.3308279,51.3941119],[-0.330876,51.3941612],[-0.3309162,51.394209],[-0.3309212,51.394215],[-0.3309244,51.3942187],[-0.3311082,51.3944374],[-0.3311108,51.3944406],[-0.331127,51.3944598],[-0.3311346,51.3944704],[-0.3311471,51.394488],[-0.331157,51.3945018],[-0.3312751,51.3946677],[-0.3312798,51.3946742],[-0.3313422,51.3947618],[-0.3314328,51.3948891],[-0.331451,51.3949146],[-0.3315549,51.3950604],[-0.3316768,51.3952315],[-0.3316827,51.3952398],[-0.3317206,51.395293],[-0.3317277,51.395303],[-0.3317416,51.3953224],[-0.3319155,51.3955283],[-0.3319187,51.3955321],[-0.3319443,51.3955624],[-0.3319467,51.3955653],[-0.3320554,51.3956938],[-0.3320704,51.3957116],[-0.332121,51.3957716],[-0.3321727,51.3958175],[-0.3321774,51.3958217],[-0.3322855,51.3959178],[-0.3324849,51.3960551],[-0.3327089,51.3962195],[-0.3328756,51.3963417],[-0.3328877,51.3963506],[-0.3329359,51.3963861],[-0.3333513,51.3966908],[-0.333357,51.396695],[-0.3334066,51.3967314],[-0.3334498,51.3967631],[-0.3334566,51.3967681],[-0.3340299,51.3971887],[-0.3341311,51.3972593],[-0.334277,51.3973609],[-0.3348019,51.3977265],[-0.3349862,51.3978549],[-0.3350096,51.3978712],[-0.3354228,51.3981627],[-0.3356029,51.3982898],[-0.3357143,51.3983684],[-0.3358284,51.3984564],[-0.335835,51.3984625],[-0.3359879,51.3986042],[-0.3362516,51.3988102],[-0.3364954,51.3990005],[-0.3365366,51.3990327],[-0.3365814,51.3990691],[-0.3369533,51.3993709],[-0.3370946,51.3994898],[-0.337227,51.3996183],[-0.3377242,51.4000911],[-0.3379282,51.4003138],[-0.3379838,51.4003855],[-0.3379868,51.4003894],[-0.3381355,51.4005814],[-0.3383668,51.4008559],[-0.338503,51.4010413],[-0.3386207,51.4012384],[-0.3386325,51.4012583],[-0.3388001,51.4014927],[-0.3389737,51.4017358],[-0.3390709,51.4018201],[-0.3392042,51.4019357],[-0.339554,51.4022722],[-0.3396101,51.4023262],[-0.3396884,51.4023929],[-0.3397361,51.4024336],[-0.3398027,51.4024904],[-0.3400524,51.4026808],[-0.3402239,51.4027956],[-0.3402454,51.40281],[-0.3402908,51.402843],[-0.3405271,51.4030145],[-0.3405299,51.4030166],[-0.3406217,51.4030722],[-0.3406583,51.4030943],[-0.340878,51.4032063],[-0.341017,51.4032636],[-0.3412332,51.4033485],[-0.3414282,51.4034107],[-0.3415842,51.4034472],[-0.3418777,51.403516],[-0.3419289,51.403528],[-0.3419342,51.403529],[-0.3421033,51.4035599],[-0.342153,51.403569],[-0.3422808,51.4035897],[-0.3425383,51.4036314],[-0.3425611,51.4036351],[-0.3426305,51.4036463],[-0.3429188,51.4036983],[-0.3430641,51.4037315],[-0.3431668,51.4037602],[-0.3433075,51.4038082],[-0.3433386,51.40382],[-0.3435251,51.4038908],[-0.3435765,51.4039071],[-0.343701,51.4039466],[-0.343809,51.4039809],[-0.3438428,51.403997],[-0.3439035,51.4040258],[-0.3439484,51.4040471],[-0.3440151,51.4040788],[-0.3441319,51.4041343],[-0.3442229,51.4041826],[-0.3442351,51.404189],[-0.3444077,51.4042806],[-0.3444396,51.4042976],[-0.3445025,51.4043271],[-0.3445488,51.4043489],[-0.3446048,51.4043752],[-0.3446463,51.4043947],[-0.3447402,51.4044565],[-0.3447562,51.404467],[-0.3448956,51.4045586],[-0.345178,51.4047444],[-0.3452018,51.4047599],[-0.3453738,51.4048732],[-0.3453988,51.4048896],[-0.3454594,51.4049295],[-0.3456839,51.4050771],[-0.3458669,51.4051975],[-0.3462474,51.4054477],[-0.3463902,51.4055236],[-0.3464079,51.4055328],[-0.3465041,51.4055826],[-0.3466046,51.4056347],[-0.3466518,51.405659],[-0.3466563,51.4056611],[-0.3467781,51.4057196],[-0.3468916,51.4057741],[-0.3469623,51.4058081],[-0.3471016,51.4058811],[-0.3471201,51.4058886],[-0.3471367,51.4058953],[-0.3471756,51.405911],[-0.3472817,51.405943],[-0.3475228,51.4060159],[-0.3475565,51.4060261],[-0.347725,51.4060835],[-0.3477607,51.4060957],[-0.3477698,51.4060987],[-0.3477787,51.4061018],[-0.3477872,51.4061047],[-0.3478247,51.4061175],[-0.3478328,51.4061202],[-0.3478641,51.4061309],[-0.3478935,51.4061406],[-0.3479166,51.4061482],[-0.3479324,51.4061534],[-0.3479798,51.406169],[-0.3480217,51.4061828],[-0.3480317,51.4061861],[-0.3480491,51.4061918],[-0.3480658,51.4061973],[-0.3480788,51.4062016],[-0.348108,51.4062112],[-0.348125,51.4062168],[-0.3481655,51.4062301],[-0.348215,51.4062464],[-0.3482531,51.4062589],[-0.3482835,51.4062694],[-0.3482961,51.4062738],[-0.3483149,51.4062804],[-0.348319,51.4062818],[-0.3483474,51.4062917],[-0.3484223,51.4063177],[-0.3484418,51.4063245],[-0.348499,51.4063443],[-0.3485411,51.406359],[-0.3485617,51.4063661],[-0.3486257,51.4063884],[-0.3486461,51.4063955],[-0.3486594,51.4064001],[-0.3486854,51.4064091],[-0.3487053,51.406416],[-0.3488111,51.4064528],[-0.3488379,51.4064621],[-0.3488546,51.406469],[-0.3488594,51.406471],[-0.3489146,51.4064939],[-0.3489994,51.4065291],[-0.3490277,51.4065408],[-0.3491421,51.4065882],[-0.3492204,51.4066207],[-0.3492698,51.4066481],[-0.3495953,51.4068286],[-0.3496117,51.4068371],[-0.3496977,51.4068819],[-0.3497156,51.4068901],[-0.3497523,51.4069069],[-0.3499038,51.4069765],[-0.3499125,51.4069804],[-0.349964,51.4070097],[-0.3500046,51.407037],[-0.3500329,51.4070561],[-0.3500544,51.4070705],[-0.3501072,51.4071184],[-0.3501269,51.4071364],[-0.3501442,51.407152],[-0.3501826,51.4071868],[-0.3502008,51.4072033],[-0.3502073,51.4072092],[-0.3502116,51.4072131],[-0.350273,51.4072689],[-0.3502904,51.4072846],[-0.3504537,51.4074327],[-0.3504812,51.4074577],[-0.3504853,51.4074607],[-0.3506196,51.4075576],[-0.3507018,51.4076074],[-0.3511393,51.4077873],[-0.3513182,51.4078739],[-0.3513548,51.4078929],[-0.3514186,51.407926],[-0.3516394,51.4080406],[-0.3519809,51.4082116],[-0.3521614,51.4083089],[-0.352318,51.4083934],[-0.3524299,51.4084538],[-0.3526421,51.4085682],[-0.3527285,51.4086076],[-0.3529807,51.4087227],[-0.3535589,51.4090148],[-0.353573,51.409022],[-0.3536895,51.4090808],[-0.3538109,51.4091421],[-0.3540236,51.4092372],[-0.3541312,51.4092853],[-0.3541439,51.409291],[-0.3542714,51.4093621],[-0.3544355,51.4094536],[-0.3548075,51.4096426],[-0.355131,51.4098066],[-0.3551602,51.4098291],[-0.355166,51.4098335],[-0.3551739,51.4098443],[-0.3552088,51.4098921],[-0.3552555,51.4100945],[-0.355258,51.4101285],[-0.3552608,51.4101673],[-0.3552618,51.4101812],[-0.3552564,51.4102682],[-0.3552331,51.4103661],[-0.3552321,51.4103703],[-0.3552399,51.410565],[-0.3552696,51.4106401],[-0.3553056,51.4106886],[-0.3553784,51.410752],[-0.3556454,51.4108502],[-0.3560093,51.4109561],[-0.3565597,51.4111163],[-0.3568863,51.4112202],[-0.3571164,51.4112933],[-0.3573399,51.4113763],[-0.3576007,51.4114579],[-0.3576308,51.4114673],[-0.3576674,51.4114788],[-0.357779,51.4115064],[-0.3578206,51.4115168],[-0.3579169,51.411534],[-0.3583274,51.4116076],[-0.3583357,51.4116101],[-0.3583932,51.4116275],[-0.3584947,51.4116789],[-0.3586367,51.4117324],[-0.3588024,51.4117948],[-0.3590396,51.4118724],[-0.3590658,51.411881],[-0.3591616,51.411903],[-0.3593824,51.4119456],[-0.3593943,51.4119479],[-0.359539,51.4119759],[-0.3595847,51.4119847],[-0.3596575,51.4119988],[-0.3596744,51.412002],[-0.359696,51.4120053],[-0.3597938,51.4120202],[-0.3599634,51.4120352],[-0.3600041,51.4120388],[-0.3600124,51.4120395],[-0.3601636,51.4120399],[-0.3602978,51.4120402],[-0.3603347,51.4120403],[-0.360375,51.4120404],[-0.3607121,51.4120507],[-0.3607526,51.41205],[-0.3608272,51.4120486],[-0.3609236,51.4120468],[-0.3609491,51.4120463],[-0.3611355,51.4120429],[-0.3612598,51.4120407],[-0.361339,51.4120349],[-0.3614219,51.4120289],[-0.3615443,51.4120201],[-0.3616594,51.4120118],[-0.3616835,51.4120106],[-0.3618514,51.4120018],[-0.3623227,51.4119773],[-0.3624409,51.4119712],[-0.362602,51.4119557],[-0.3630142,51.4119162],[-0.3631236,51.4119057],[-0.3634471,51.4118455],[-0.3635074,51.4118343],[-0.3642781,51.4116911],[-0.3642861,51.4116896],[-0.3644201,51.4116647],[-0.3646664,51.4116122],[-0.364762,51.4115919],[-0.3648035,51.4115818],[-0.3649126,51.4115552],[-0.3649427,51.4115479],[-0.365066,51.4115178],[-0.3650926,51.4115114],[-0.3651369,51.4115006],[-0.3651904,51.4114856],[-0.3652043,51.4114818],[-0.3656462,51.4113585],[-0.3658136,51.4113118],[-0.3659109,51.4112899],[-0.3660455,51.4112595],[-0.3661385,51.4112355],[-0.3661952,51.4112208],[-0.3662848,51.4111938],[-0.3665027,51.411128],[-0.3665653,51.411105],[-0.3666443,51.4110759],[-0.3667656,51.411027],[-0.366796,51.4110129],[-0.366813,51.4110049],[-0.3668809,51.4109734],[-0.3669234,51.4109535],[-0.367047,51.410896],[-0.3670743,51.4108833],[-0.3670999,51.4108713],[-0.3671033,51.4108698],[-0.3671156,51.410864],[-0.3673322,51.4107632],[-0.3675028,51.410699],[-0.3676073,51.4106597],[-0.3676875,51.4106261],[-0.3677269,51.4106096],[-0.3678177,51.4105717],[-0.3678306,51.4105663],[-0.3678486,51.4105588],[-0.3680712,51.4104814],[-0.3680763,51.4104797],[-0.3680935,51.4104736],[-0.368102,51.4104707],[-0.3683272,51.4103923]]]}},{"type":"Feature","properties":{"Name":null,"description":null,"timestamp":null,"begin":null,"end":null,"altitudeMode":null,"tessellate":"NA","extrude":"NA","visibility":"NA","drawOrder":"NA","icon":null,"ltla22cd":null,"ltla22nm":null,"ltla22nmw":null,"label":null,"stroke-opacity":"NA","stroke-width":4,"stroke":"#9C27B0","fill-opacity":"NA","fill":null,"LengthInMetres":504,"Title":"Teddington Lock","Direction":"TwoWay","Flow":null,"Protection":null,"RoadOwnership":null,"YearBuilt":null,"Borough":"Richmond upon Thames"},"geometry":{"type":"LineString","coordinates":[[-0.3159212,51.43385],[-0.3171443,51.43343],[-0.3173374,51.43343],[-0.3184211,51.43303],[-0.319451,51.43248],[-0.3214573,51.43131],[-0.3213929,51.43113]]}},{"type":"Feature","properties":{"Name":null,"description":null,"timestamp":null,"begin":null,"end":null,"altitudeMode":null,"tessellate":"NA","extrude":"NA","visibility":"NA","drawOrder":"NA","icon":null,"ltla22cd":null,"ltla22nm":null,"ltla22nmw":null,"label":null,"stroke-opacity":"NA","stroke-width":4,"stroke":"#9C27B0","fill-opacity":"NA","fill":null,"LengthInMetres":196,"Title":"Stanley Road","Direction":"TwoWay","Flow":null,"Protection":null,"RoadOwnership":null,"YearBuilt":null,"Borough":"Richmond upon Thames"},"geometry":{"type":"LineString","coordinates":[[-0.3472635,51.43562],[-0.3469523,51.43517],[-0.3465983,51.43465],[-0.3463622,51.43421],[-0.3462871,51.43397]]}},{"type":"Feature","properties":{"Name":null,"description":null,"timestamp":null,"begin":null,"end":null,"altitudeMode":null,"tessellate":"NA","extrude":"NA","visibility":"NA","drawOrder":"NA","icon":null,"ltla22cd":null,"ltla22nm":null,"ltla22nmw":null,"label":null,"stroke-opacity":"NA","stroke-width":2,"stroke":"#9C27B0","fill-opacity":"NA","fill":null,"LengthInMetres":89,"Title":"Strathmore Road","Direction":"OneWay","Flow":null,"Protection":null,"RoadOwnership":null,"YearBuilt":null,"Borough":"Richmond upon Thames"},"geometry":{"type":"LineString","coordinates":[[-0.3462013,51.43365],[-0.3449675,51.43387]]}},{"type":"Feature","properties":{"Name":null,"description":null,"timestamp":null,"begin":null,"end":null,"altitudeMode":null,"tessellate":"NA","extrude":"NA","visibility":"NA","drawOrder":"NA","icon":null,"ltla22cd":null,"ltla22nm":null,"ltla22nmw":null,"label":null,"stroke-opacity":"NA","stroke-width":4,"stroke":"#9C27B0","fill-opacity":"NA","fill":null,"LengthInMetres":698,"Title":"Great Chertsey Road/ A316","Direction":"TwoWay","Flow":null,"Protection":null,"RoadOwnership":null,"YearBuilt":null,"Borough":"Richmond upon Thames"},"geometry":{"type":"LineString","coordinates":[[-0.3653765,51.44224],[-0.3682089,51.44099],[-0.3716421,51.4395],[-0.3736162,51.43865]]}},{"type":"Feature","properties":{"Name":null,"description":null,"timestamp":null,"begin":null,"end":null,"altitudeMode":null,"tessellate":"NA","extrude":"NA","visibility":"NA","drawOrder":"NA","icon":null,"ltla22cd":null,"ltla22nm":null,"ltla22nmw":null,"label":null,"stroke-opacity":"NA","stroke-width":4,"stroke":"#9C27B0","fill-opacity":"NA","fill":null,"LengthInMetres":134,"Title":"Great Chertsey Road / A316","Direction":"TwoWay","Flow":null,"Protection":null,"RoadOwnership":null,"YearBuilt":null,"Borough":"Richmond upon Thames"},"geometry":{"type":"LineString","coordinates":[[-0.3656661,51.44247],[-0.3662015,51.44213],[-0.3671923,51.44174]]}},{"type":"Feature","properties":{"Name":null,"description":null,"timestamp":null,"begin":null,"end":null,"altitudeMode":null,"tessellate":"NA","extrude":"NA","visibility":"NA","drawOrder":"NA","icon":null,"ltla22cd":null,"ltla22nm":null,"ltla22nmw":null,"label":null,"stroke-opacity":"NA","stroke-width":4,"stroke":"#9C27B0","fill-opacity":"NA","fill":null,"LengthInMetres":102,"Title":"Kingston Bridge","Direction":"TwoWay","Flow":null,"Protection":null,"RoadOwnership":null,"YearBuilt":null,"Borough":"Richmond upon Thames"},"geometry":{"type":"LineString","coordinates":[[-0.3088231,51.41111],[-0.3095455,51.41116],[-0.3097762,51.41118],[-0.3100122,51.41121],[-0.310267,51.41124]]}},{"type":"Feature","properties":{"Name":null,"description":null,"timestamp":null,"begin":null,"end":null,"altitudeMode":null,"tessellate":"NA","extrude":"NA","visibility":"NA","drawOrder":"NA","icon":null,"ltla22cd":null,"ltla22nm":null,"ltla22nmw":null,"label":null,"stroke-opacity":"NA","stroke-width":4,"stroke":"#9C27B0","fill-opacity":"NA","fill":null,"LengthInMetres":120,"Title":"Hammersmith Bridge","Direction":"TwoWay","Flow":null,"Protection":null,"RoadOwnership":null,"YearBuilt":null,"Borough":"Richmond upon Thames"},"geometry":{"type":"LineString","coordinates":[[-0.2313594,51.48731],[-0.2304085,51.48821]]}},{"type":"Feature","properties":{"Name":null,"description":null,"timestamp":null,"begin":null,"end":null,"altitudeMode":null,"tessellate":"NA","extrude":"NA","visibility":"NA","drawOrder":"NA","icon":null,"ltla22cd":null,"ltla22nm":null,"ltla22nmw":null,"label":null,"stroke-opacity":"NA","stroke-width":4,"stroke":"#9C27B0","fill-opacity":"NA","fill":null,"LengthInMetres":25,"Title":"Chertsey Road","Direction":"TwoWay","Flow":null,"Protection":null,"RoadOwnership":null,"YearBuilt":null,"Borough":"Richmond upon Thames"},"geometry":{"type":"LineString","coordinates":[[-0.3592682,51.44502],[-0.3591358,51.44511],[-0.3590275,51.44519]]}},{"type":"Feature","properties":{"Name":null,"description":null,"timestamp":null,"begin":null,"end":null,"altitudeMode":null,"tessellate":"NA","extrude":"NA","visibility":"NA","drawOrder":"NA","icon":null,"ltla22cd":null,"ltla22nm":null,"ltla22nmw":null,"label":null,"stroke-opacity":"NA","stroke-width":4,"stroke":"#9C27B0","fill-opacity":"NA","fill":null,"LengthInMetres":191,"Title":"Chertsey Road","Direction":"TwoWay","Flow":null,"Protection":null,"RoadOwnership":null,"YearBuilt":null,"Borough":"Richmond upon Thames"},"geometry":{"type":"LineString","coordinates":[[-0.3508533,51.45002],[-0.349781,51.45048],[-0.349239,51.45071],[-0.348895,51.45086],[-0.3485827,51.45099]]}},{"type":"Feature","properties":{"Name":null,"description":null,"timestamp":null,"begin":null,"end":null,"altitudeMode":null,"tessellate":"NA","extrude":"NA","visibility":"NA","drawOrder":"NA","icon":null,"ltla22cd":null,"ltla22nm":null,"ltla22nmw":null,"label":null,"stroke-opacity":"NA","stroke-width":4,"stroke":"#9C27B0","fill-opacity":"NA","fill":null,"LengthInMetres":80,"Title":"Chertsey Road","Direction":"TwoWay","Flow":null,"Protection":null,"RoadOwnership":null,"YearBuilt":null,"Borough":"Richmond upon Thames"},"geometry":{"type":"LineString","coordinates":[[-0.3485043,51.45103],[-0.348054,51.45122],[-0.347791,51.45134],[-0.3475574,51.45144]]}},{"type":"Feature","properties":{"Name":null,"description":null,"timestamp":null,"begin":null,"end":null,"altitudeMode":null,"tessellate":"NA","extrude":"NA","visibility":"NA","drawOrder":"NA","icon":null,"ltla22cd":null,"ltla22nm":null,"ltla22nmw":null,"label":null,"stroke-opacity":"NA","stroke-width":4,"stroke":"#9C27B0","fill-opacity":"NA","fill":null,"LengthInMetres":104,"Title":"Chertsey Road","Direction":"TwoWay","Flow":null,"Protection":null,"RoadOwnership":null,"YearBuilt":null,"Borough":"Richmond upon Thames"},"geometry":{"type":"LineString","coordinates":[[-0.347488,51.45147],[-0.3467664,51.45177],[-0.3462514,51.45199]]}},{"type":"Feature","properties":{"Name":null,"description":null,"timestamp":null,"begin":null,"end":null,"altitudeMode":null,"tessellate":"NA","extrude":"NA","visibility":"NA","drawOrder":"NA","icon":null,"ltla22cd":null,"ltla22nm":null,"ltla22nmw":null,"label":null,"stroke-opacity":"NA","stroke-width":4,"stroke":"#9C27B0","fill-opacity":"NA","fill":null,"LengthInMetres":10,"Title":"Egerton Road","Direction":"TwoWay","Flow":null,"Protection":null,"RoadOwnership":null,"YearBuilt":null,"Borough":"Richmond upon Thames"},"geometry":{"type":"LineString","coordinates":[[-0.34063,51.453],[-0.340574,51.45292]]}},{"type":"Feature","properties":{"Name":null,"description":null,"timestamp":null,"begin":null,"end":null,"altitudeMode":null,"tessellate":"NA","extrude":"NA","visibility":"NA","drawOrder":"NA","icon":null,"ltla22cd":null,"ltla22nm":null,"ltla22nmw":null,"label":null,"stroke-opacity":"NA","stroke-width":4,"stroke":"#9C27B0","fill-opacity":"NA","fill":null,"LengthInMetres":8,"Title":"Talma Gardens","Direction":"TwoWay","Flow":null,"Protection":null,"RoadOwnership":null,"YearBuilt":null,"Borough":"Richmond upon Thames"},"geometry":{"type":"LineString","coordinates":[[-0.3418776,51.45332],[-0.3418373,51.45325]]}},{"type":"Feature","properties":{"Name":null,"description":null,"timestamp":null,"begin":null,"end":null,"altitudeMode":null,"tessellate":"NA","extrude":"NA","visibility":"NA","drawOrder":"NA","icon":null,"ltla22cd":null,"ltla22nm":null,"ltla22nmw":null,"label":null,"stroke-opacity":"NA","stroke-width":4,"stroke":"#9C27B0","fill-opacity":"NA","fill":null,"LengthInMetres":75,"Title":"Chertsey Road","Direction":"TwoWay","Flow":null,"Protection":null,"RoadOwnership":null,"YearBuilt":null,"Borough":"Richmond upon Thames"},"geometry":{"type":"LineString","coordinates":[[-0.329243,51.45623],[-0.328924,51.45635],[-0.328618,51.45647],[-0.328474,51.45652],[-0.328319,51.45657]]}},{"type":"Feature","properties":{"Name":null,"description":null,"timestamp":null,"begin":null,"end":null,"altitudeMode":null,"tessellate":"NA","extrude":"NA","visibility":"NA","drawOrder":"NA","icon":null,"ltla22cd":null,"ltla22nm":null,"ltla22nmw":null,"label":null,"stroke-opacity":"NA","stroke-width":4,"stroke":"#9C27B0","fill-opacity":"NA","fill":null,"LengthInMetres":67,"Title":"Chertsey Road","Direction":"TwoWay","Flow":null,"Protection":null,"RoadOwnership":null,"YearBuilt":null,"Borough":"Richmond upon Thames"},"geometry":{"type":"LineString","coordinates":[[-0.32827,51.45658],[-0.328115,51.45662],[-0.32784,51.45668],[-0.327665,51.45671],[-0.327488,51.45674],[-0.327348,51.45675]]}},{"type":"Feature","properties":{"Name":null,"description":null,"timestamp":null,"begin":null,"end":null,"altitudeMode":null,"tessellate":"NA","extrude":"NA","visibility":"NA","drawOrder":"NA","icon":null,"ltla22cd":null,"ltla22nm":null,"ltla22nmw":null,"label":null,"stroke-opacity":"NA","stroke-width":4,"stroke":"#9C27B0","fill-opacity":"NA","fill":null,"LengthInMetres":62,"Title":"Chertsey Road","Direction":"TwoWay","Flow":null,"Protection":null,"RoadOwnership":null,"YearBuilt":null,"Borough":"Richmond upon Thames"},"geometry":{"type":"LineString","coordinates":[[-0.327303,51.45676],[-0.326754,51.45682],[-0.326426,51.45685]]}},{"type":"Feature","properties":{"Name":null,"description":null,"timestamp":null,"begin":null,"end":null,"altitudeMode":null,"tessellate":"NA","extrude":"NA","visibility":"NA","drawOrder":"NA","icon":null,"ltla22cd":null,"ltla22nm":null,"ltla22nmw":null,"label":null,"stroke-opacity":"NA","stroke-width":2,"stroke":"#9C27B0","fill-opacity":"NA","fill":null,"LengthInMetres":30,"Title":"Cross Deep/Strawberry Vale","Direction":"OneWay","Flow":null,"Protection":null,"RoadOwnership":null,"YearBuilt":null,"Borough":"Richmond upon Thames"},"geometry":{"type":"LineString","coordinates":[[-0.3327765,51.43956],[-0.3327551,51.43947],[-0.3327363,51.43939],[-0.332747,51.43935],[-0.3327689,51.43929]]}},{"type":"Feature","properties":{"Name":null,"description":null,"timestamp":null,"begin":null,"end":null,"altitudeMode":null,"tessellate":"NA","extrude":"NA","visibility":"NA","drawOrder":"NA","icon":null,"ltla22cd":null,"ltla22nm":null,"ltla22nmw":null,"label":null,"stroke-opacity":"NA","stroke-width":4,"stroke":"#9C27B0","fill-opacity":"NA","fill":null,"LengthInMetres":329,"Title":"Kew Road - LB Richmond","Direction":"TwoWay","Flow":null,"Protection":null,"RoadOwnership":null,"YearBuilt":null,"Borough":"Richmond upon Thames"},"geometry":{"type":"LineString","coordinates":[[-0.2920525,51.47477],[-0.291854,51.47506],[-0.2916394,51.47546],[-0.2913927,51.47598],[-0.2909689,51.47696],[-0.2907489,51.47743],[-0.2906953,51.4776]]}},{"type":"Feature","properties":{"Name":null,"description":null,"timestamp":null,"begin":null,"end":null,"altitudeMode":null,"tessellate":"NA","extrude":"NA","visibility":"NA","drawOrder":"NA","icon":null,"ltla22cd":null,"ltla22nm":null,"ltla22nmw":null,"label":null,"stroke-opacity":"NA","stroke-width":4,"stroke":"#9C27B0","fill-opacity":"NA","fill":null,"LengthInMetres":208,"Title":"Kew Road - LB Richmond","Direction":"TwoWay","Flow":null,"Protection":null,"RoadOwnership":null,"YearBuilt":null,"Borough":"Richmond upon Thames"},"geometry":{"type":"LineString","coordinates":[[-0.2903237,51.4785],[-0.2901359,51.47885],[-0.2898409,51.47931],[-0.2894976,51.47975],[-0.2891274,51.48021]]}},{"type":"Feature","properties":{"Name":null,"description":null,"timestamp":null,"begin":null,"end":null,"altitudeMode":null,"tessellate":"NA","extrude":"NA","visibility":"NA","drawOrder":"NA","icon":null,"ltla22cd":null,"ltla22nm":null,"ltla22nmw":null,"label":null,"stroke-opacity":"NA","stroke-width":4,"stroke":"#9C27B0","fill-opacity":"NA","fill":null,"LengthInMetres":313,"Title":"Kew Road - LB Richmond","Direction":"TwoWay","Flow":null,"Protection":null,"RoadOwnership":null,"YearBuilt":null,"Borough":"Richmond upon Thames"},"geometry":{"type":"LineString","coordinates":[[-0.2934061,51.47111],[-0.2933122,51.47148],[-0.2931727,51.47186],[-0.2926336,51.47318],[-0.2924123,51.47385]]}},{"type":"Feature","properties":{"Name":null,"description":null,"timestamp":null,"begin":null,"end":null,"altitudeMode":null,"tessellate":"NA","extrude":"NA","visibility":"NA","drawOrder":"NA","icon":null,"ltla22cd":null,"ltla22nm":null,"ltla22nmw":null,"label":null,"stroke-opacity":"NA","stroke-width":2,"stroke":"#9C27B0","fill-opacity":"NA","fill":null,"LengthInMetres":190,"Title":"Hampton Court Road - LB Richmond","Direction":"OneWay","Flow":null,"Protection":null,"RoadOwnership":null,"YearBuilt":null,"Borough":"Richmond upon Thames"},"geometry":{"type":"LineString","coordinates":[[-0.3414914,51.40532],[-0.341191,51.40554],[-0.3403112,51.40685]]}},{"type":"Feature","properties":{"Name":null,"description":null,"timestamp":null,"begin":null,"end":null,"altitudeMode":null,"tessellate":"NA","extrude":"NA","visibility":"NA","drawOrder":"NA","icon":null,"ltla22cd":null,"ltla22nm":null,"ltla22nmw":null,"label":null,"stroke-opacity":"NA","stroke-width":2,"stroke":"#9C27B0","fill-opacity":"NA","fill":null,"LengthInMetres":1081,"Title":"Caselnau - LB Richmond","Direction":"OneWay","Flow":null,"Protection":null,"RoadOwnership":null,"YearBuilt":null,"Borough":"Richmond upon Thames"},"geometry":{"type":"LineString","coordinates":[[-0.2389591,51.47583],[-0.2358906,51.4828],[-0.2347319,51.48405],[-0.2337878,51.48491]]}},{"type":"Feature","properties":{"Name":null,"description":null,"timestamp":null,"begin":null,"end":null,"altitudeMode":null,"tessellate":"NA","extrude":"NA","visibility":"NA","drawOrder":"NA","icon":null,"ltla22cd":null,"ltla22nm":null,"ltla22nmw":null,"label":null,"stroke-opacity":"NA","stroke-width":4,"stroke":"#9C27B0","fill-opacity":"NA","fill":null,"LengthInMetres":86,"Title":"Kew Road - LB Richmond","Direction":"TwoWay","Flow":null,"Protection":null,"RoadOwnership":null,"YearBuilt":null,"Borough":"Richmond upon Thames"},"geometry":{"type":"LineString","coordinates":[[-0.2940743,51.46906],[-0.2943532,51.46886],[-0.2947234,51.46861],[-0.2949004,51.46848]]}},{"type":"Feature","properties":{"Name":null,"description":null,"timestamp":null,"begin":null,"end":null,"altitudeMode":null,"tessellate":"NA","extrude":"NA","visibility":"NA","drawOrder":"NA","icon":null,"ltla22cd":null,"ltla22nm":null,"ltla22nmw":null,"label":null,"stroke-opacity":"NA","stroke-width":4,"stroke":"#9C27B0","fill-opacity":"NA","fill":null,"LengthInMetres":213,"Title":"Kew Road - LB Richmond","Direction":"TwoWay","Flow":null,"Protection":null,"RoadOwnership":null,"YearBuilt":null,"Borough":"Richmond upon Thames"},"geometry":{"type":"LineString","coordinates":[[-0.2952276,51.46824],[-0.2958016,51.4678],[-0.2961181,51.46756],[-0.2962254,51.46748],[-0.2964561,51.4673],[-0.2966706,51.4671],[-0.2968208,51.46698],[-0.2970622,51.46681],[-0.2971481,51.46675]]}},{"type":"Feature","properties":{"Name":null,"description":null,"timestamp":null,"begin":null,"end":null,"altitudeMode":null,"tessellate":"NA","extrude":"NA","visibility":"NA","drawOrder":"NA","icon":null,"ltla22cd":null,"ltla22nm":null,"ltla22nmw":null,"label":null,"stroke-opacity":"NA","stroke-width":2,"stroke":"#9C27B0","fill-opacity":"NA","fill":null,"LengthInMetres":78,"Title":"Strawberry Vale - LB Richmond","Direction":"OneWay","Flow":null,"Protection":null,"RoadOwnership":null,"YearBuilt":null,"Borough":"Richmond upon Thames"},"geometry":{"type":"LineString","coordinates":[[-0.3322808,51.43866],[-0.3324337,51.43882],[-0.3325329,51.43893],[-0.3326804,51.43915],[-0.3327689,51.43929]]}},{"type":"Feature","properties":{"Name":null,"description":null,"timestamp":null,"begin":null,"end":null,"altitudeMode":null,"tessellate":"NA","extrude":"NA","visibility":"NA","drawOrder":"NA","icon":null,"ltla22cd":null,"ltla22nm":null,"ltla22nmw":null,"label":null,"stroke-opacity":"NA","stroke-width":4,"stroke":"#9C27B0","fill-opacity":"NA","fill":null,"LengthInMetres":48,"Title":"Strawberry Vale - LB Richmond","Direction":"TwoWay","Flow":null,"Protection":null,"RoadOwnership":null,"YearBuilt":null,"Borough":"Richmond upon Thames"},"geometry":{"type":"LineString","coordinates":[[-0.3312285,51.43729],[-0.33103,51.43688]]}},{"type":"Feature","properties":{"Name":null,"description":null,"timestamp":null,"begin":null,"end":null,"altitudeMode":null,"tessellate":"NA","extrude":"NA","visibility":"NA","drawOrder":"NA","icon":null,"ltla22cd":null,"ltla22nm":null,"ltla22nmw":null,"label":null,"stroke-opacity":"NA","stroke-width":4,"stroke":"#9C27B0","fill-opacity":"NA","fill":null,"LengthInMetres":273,"Title":"Strawberry Vale - LB Richmond","Direction":"TwoWay","Flow":null,"Protection":null,"RoadOwnership":null,"YearBuilt":null,"Borough":"Richmond upon Thames"},"geometry":{"type":"LineString","coordinates":[[-0.3299571,51.43534],[-0.329865,51.43516],[-0.329798,51.43499],[-0.329696,51.43474],[-0.3296022,51.43434],[-0.3295619,51.43416],[-0.3295807,51.43403],[-0.3296183,51.43392],[-0.3297175,51.43369],[-0.3297416,51.43358],[-0.3297229,51.43351],[-0.3296746,51.43335],[-0.3296075,51.43321],[-0.3295351,51.4331],[-0.3294278,51.43296]]}},{"type":"Feature","properties":{"Name":null,"description":null,"timestamp":null,"begin":null,"end":null,"altitudeMode":null,"tessellate":"NA","extrude":"NA","visibility":"NA","drawOrder":"NA","icon":null,"ltla22cd":null,"ltla22nm":null,"ltla22nmw":null,"label":null,"stroke-opacity":"NA","stroke-width":2,"stroke":"#9C27B0","fill-opacity":"NA","fill":null,"LengthInMetres":69,"Title":"Strawberry Vale - LB Richmond","Direction":"OneWay","Flow":null,"Protection":null,"RoadOwnership":null,"YearBuilt":null,"Borough":"Richmond upon Thames"},"geometry":{"type":"LineString","coordinates":[[-0.330412,51.43589],[-0.330228,51.43566],[-0.3300966,51.43553],[-0.33,51.43541],[-0.3299571,51.43534]]}},{"type":"Feature","properties":{"Name":null,"description":null,"timestamp":null,"begin":null,"end":null,"altitudeMode":null,"tessellate":"NA","extrude":"NA","visibility":"NA","drawOrder":"NA","icon":null,"ltla22cd":null,"ltla22nm":null,"ltla22nmw":null,"label":null,"stroke-opacity":"NA","stroke-width":2,"stroke":"#9C27B0","fill-opacity":"NA","fill":null,"LengthInMetres":37,"Title":"Strawberry Vale - LB Richmond","Direction":"OneWay","Flow":null,"Protection":null,"RoadOwnership":null,"YearBuilt":null,"Borough":"Richmond upon Thames"},"geometry":{"type":"LineString","coordinates":[[-0.3312285,51.43729],[-0.3314109,51.4376]]}},{"type":"Feature","properties":{"Name":null,"description":null,"timestamp":null,"begin":null,"end":null,"altitudeMode":null,"tessellate":"NA","extrude":"NA","visibility":"NA","drawOrder":"NA","icon":null,"ltla22cd":null,"ltla22nm":null,"ltla22nmw":null,"label":null,"stroke-opacity":"NA","stroke-width":4,"stroke":"#9C27B0","fill-opacity":"NA","fill":null,"LengthInMetres":89,"Title":"Strawberry Vale - LB Richmond","Direction":"TwoWay","Flow":null,"Protection":null,"RoadOwnership":null,"YearBuilt":null,"Borough":"Richmond upon Thames"},"geometry":{"type":"LineString","coordinates":[[-0.330412,51.43589],[-0.3305595,51.43608],[-0.3308009,51.43646],[-0.3309028,51.43663]]}},{"type":"Feature","properties":{"Name":null,"description":null,"timestamp":null,"begin":null,"end":null,"altitudeMode":null,"tessellate":"NA","extrude":"NA","visibility":"NA","drawOrder":"NA","icon":null,"ltla22cd":null,"ltla22nm":null,"ltla22nmw":null,"label":null,"stroke-opacity":"NA","stroke-width":2,"stroke":"#9C27B0","fill-opacity":"NA","fill":null,"LengthInMetres":77,"Title":"Twickenham Road - LB Richmond","Direction":"OneWay","Flow":null,"Protection":null,"RoadOwnership":null,"YearBuilt":null,"Borough":"Richmond upon Thames"},"geometry":{"type":"LineString","coordinates":[[-0.3278145,51.43176],[-0.327498,51.43146],[-0.3273827,51.43136],[-0.3272083,51.43118]]}},{"type":"Feature","properties":{"Name":null,"description":null,"timestamp":null,"begin":null,"end":null,"altitudeMode":null,"tessellate":"NA","extrude":"NA","visibility":"NA","drawOrder":"NA","icon":null,"ltla22cd":null,"ltla22nm":null,"ltla22nmw":null,"label":null,"stroke-opacity":"NA","stroke-width":2,"stroke":"#9C27B0","fill-opacity":"NA","fill":null,"LengthInMetres":104,"Title":"Twickenham Road - LB Richmond","Direction":"OneWay","Flow":null,"Protection":null,"RoadOwnership":null,"YearBuilt":null,"Borough":"Richmond upon Thames"},"geometry":{"type":"LineString","coordinates":[[-0.3289854,51.43261],[-0.3287279,51.43246],[-0.3284812,51.4323],[-0.3281003,51.43201],[-0.3279715,51.43192]]}},{"type":"Feature","properties":{"Name":null,"description":null,"timestamp":null,"begin":null,"end":null,"altitudeMode":null,"tessellate":"NA","extrude":"NA","visibility":"NA","drawOrder":"NA","icon":null,"ltla22cd":null,"ltla22nm":null,"ltla22nmw":null,"label":null,"stroke-opacity":"NA","stroke-width":4,"stroke":"#9C27B0","fill-opacity":"NA","fill":null,"LengthInMetres":21,"Title":"Twickenham Road - LB Richmond","Direction":"TwoWay","Flow":null,"Protection":null,"RoadOwnership":null,"YearBuilt":null,"Borough":"Richmond upon Thames"},"geometry":{"type":"LineString","coordinates":[[-0.3279715,51.43192],[-0.3278145,51.43176]]}},{"type":"Feature","properties":{"Name":null,"description":null,"timestamp":null,"begin":null,"end":null,"altitudeMode":null,"tessellate":"NA","extrude":"NA","visibility":"NA","drawOrder":"NA","icon":null,"ltla22cd":null,"ltla22nm":null,"ltla22nmw":null,"label":null,"stroke-opacity":"NA","stroke-width":4,"stroke":"#9C27B0","fill-opacity":"NA","fill":null,"LengthInMetres":40,"Title":"Twickenham Road - LB Richmond","Direction":"TwoWay","Flow":null,"Protection":null,"RoadOwnership":null,"YearBuilt":null,"Borough":"Richmond upon Thames"},"geometry":{"type":"LineString","coordinates":[[-0.3271064,51.43107],[-0.3270447,51.43099],[-0.3268623,51.43074]]}},{"type":"Feature","properties":{"Name":null,"description":null,"timestamp":null,"begin":null,"end":null,"altitudeMode":null,"tessellate":"NA","extrude":"NA","visibility":"NA","drawOrder":"NA","icon":null,"ltla22cd":null,"ltla22nm":null,"ltla22nmw":null,"label":null,"stroke-opacity":"NA","stroke-width":4,"stroke":"#9C27B0","fill-opacity":"NA","fill":null,"LengthInMetres":96,"Title":"Twickenham Road - LB Richmond","Direction":"TwoWay","Flow":null,"Protection":null,"RoadOwnership":null,"YearBuilt":null,"Borough":"Richmond upon Thames"},"geometry":{"type":"LineString","coordinates":[[-0.3267416,51.43059],[-0.3266491,51.43052],[-0.3265217,51.43044],[-0.3262642,51.43036],[-0.326063,51.4303],[-0.3258163,51.43026],[-0.3256124,51.43022],[-0.3255427,51.4302]]}}]}