{"type":"FeatureCollection","features":[{"type":"Feature","properties":{"Name":"Waltham Forest","description":null,"timestamp":null,"begin":null,"end":null,"altitudeMode":null,"tessellate":-1,"extrude":0,"visibility":-1,"drawOrder":"NA","icon":null,"ltla22cd":"E09000031","ltla22nm":"Waltham Forest","ltla22nmw":null,"label":"E92000001E12000007E09000031","stroke-opacity":0.2,"stroke-width":0.25,"stroke":"#1A73E8","fill-opacity":0.1,"fill":"#1A73E8","LengthInMetres":54470,"Title":null,"Direction":null,"Flow":null,"Protection":null,"RoadOwnership":null,"YearBuilt":null,"Borough":null},"geometry":{"type":"Polygon","coordinates":[[[-0.0473341,51.5628578],[-0.0473422,51.5628988],[-0.0473432,51.5629383],[-0.0473406,51.5629619],[-0.0473392,51.5629749],[-0.0473388,51.5629777],[-0.047334,51.5630073],[-0.0473303,51.5630218],[-0.0473277,51.5630321],[-0.0473264,51.5630372],[-0.047314,51.5630733],[-0.0473112,51.5630793],[-0.0472981,51.5631077],[-0.0472776,51.5631452],[-0.0472571,51.5631766],[-0.0472534,51.5631821],[-0.0472324,51.5632093],[-0.0472097,51.5632347],[-0.0472009,51.5632435],[-0.047061,51.5633839],[-0.047028,51.5634171],[-0.0470194,51.5634266],[-0.0468508,51.5636137],[-0.0468264,51.5636362],[-0.0468093,51.5636521],[-0.0468029,51.5636581],[-0.0467952,51.5636664],[-0.0467821,51.5636803],[-0.0467528,51.5637132],[-0.0467224,51.563752],[-0.0467039,51.5637773],[-0.0466992,51.5637837],[-0.0466937,51.5637928],[-0.0466769,51.5638201],[-0.0466564,51.5638572],[-0.0466395,51.5638951],[-0.0466282,51.5639255],[-0.0466252,51.5639337],[-0.0466235,51.5639428],[-0.0466193,51.5639652],[-0.0466171,51.5639952],[-0.046616,51.5640222],[-0.0466175,51.5640501],[-0.0466183,51.5640595],[-0.0466199,51.5640772],[-0.0466228,51.5640922],[-0.0466251,51.5641041],[-0.0466308,51.5641275],[-0.046632,51.5641322],[-0.0466413,51.5641682],[-0.0466524,51.5642042],[-0.0466545,51.5642096],[-0.0466633,51.5642319],[-0.0466753,51.5642571],[-0.0466874,51.5642824],[-0.0467011,51.5643092],[-0.0467084,51.5643286],[-0.046727,51.5643781],[-0.0467703,51.5644182],[-0.0468021,51.5644551],[-0.0468382,51.5645171],[-0.0468842,51.5645643],[-0.0470438,51.5647283],[-0.0470481,51.5647328],[-0.0472702,51.5649611],[-0.0472752,51.5649662],[-0.0474852,51.5651821],[-0.0475477,51.565238],[-0.0476676,51.5653229],[-0.0476775,51.5653288],[-0.0477586,51.5653773],[-0.0480327,51.5655414],[-0.0480371,51.565544],[-0.0482392,51.5656649],[-0.0483083,51.565713],[-0.048378,51.565764],[-0.0483818,51.5657668],[-0.0484351,51.5658058],[-0.0485559,51.5659034],[-0.0485676,51.5659129],[-0.0487069,51.5660251],[-0.0489513,51.566222],[-0.0489599,51.5662289],[-0.0489688,51.5662373],[-0.0490535,51.5663169],[-0.0491522,51.5663919],[-0.0496741,51.5667347],[-0.0498539,51.5668528],[-0.0504472,51.5672137],[-0.0506898,51.5674668],[-0.0507647,51.5675218],[-0.0507877,51.5675388],[-0.0508112,51.5675522],[-0.0508538,51.5675767],[-0.0508607,51.5675798],[-0.0510441,51.5676624],[-0.0511765,51.5677215],[-0.0514738,51.5678277],[-0.0515111,51.567841],[-0.0515157,51.5678426],[-0.0516436,51.5678881],[-0.0516589,51.5678936],[-0.0518559,51.5679636],[-0.0518892,51.5679755],[-0.0518962,51.567978],[-0.0519345,51.5679916],[-0.0520327,51.5680358],[-0.0520562,51.5680464],[-0.0522931,51.5681531],[-0.0523044,51.5681582],[-0.0524044,51.5682032],[-0.0525247,51.5682574],[-0.0528246,51.5683925],[-0.0528889,51.5684271],[-0.0531605,51.5685735],[-0.0532947,51.5686615],[-0.0533859,51.5687435],[-0.0535361,51.5690055],[-0.0536437,51.5691847],[-0.0536697,51.5692281],[-0.0537581,51.5693754],[-0.0538644,51.5695526],[-0.0539926,51.5697663],[-0.0541732,51.5700672],[-0.0541768,51.5700733],[-0.0542916,51.5701954],[-0.0544405,51.5702983],[-0.0545568,51.5703623],[-0.054564,51.5703656],[-0.0546798,51.5704182],[-0.0547936,51.5704573],[-0.0548423,51.5704682],[-0.0549812,51.5704993],[-0.0549857,51.5704999],[-0.0552916,51.5705382],[-0.0554437,51.5705382],[-0.0555766,51.5705383],[-0.0556938,51.570544],[-0.05578,51.5705483],[-0.0558689,51.5705573],[-0.0559394,51.5705828],[-0.0560101,51.5706083],[-0.0560471,51.5706224],[-0.0561725,51.5706703],[-0.056399,51.5707932],[-0.0566232,51.5709922],[-0.0567719,51.5713552],[-0.0568983,51.5714519],[-0.0571064,51.5716111],[-0.0571123,51.5716146],[-0.0575903,51.5718982],[-0.0582259,51.572325],[-0.0582688,51.5723666],[-0.0584321,51.572525],[-0.0584494,51.5725771],[-0.0584634,51.5726176],[-0.0584962,51.5727129],[-0.0585344,51.5729389],[-0.058588,51.5731735],[-0.0585952,51.5732049],[-0.05872,51.5734549],[-0.0587221,51.573459],[-0.0587465,51.5735079],[-0.0588658,51.5737547],[-0.0590807,51.5740688],[-0.0593055,51.5743474],[-0.0593728,51.5744308],[-0.0596877,51.5749376],[-0.0599286,51.5753057],[-0.0600053,51.5754227],[-0.0600114,51.5754365],[-0.0600851,51.5756016],[-0.0600994,51.5756336],[-0.0602486,51.5759685],[-0.0603346,51.5761615],[-0.0604208,51.5763247],[-0.0604625,51.5764038],[-0.0605942,51.5766535],[-0.0606731,51.5768029],[-0.0606918,51.5768384],[-0.0609788,51.5773858],[-0.0609806,51.5773893],[-0.060983,51.5773937],[-0.0609963,51.5774193],[-0.0611855,51.5777842],[-0.0611899,51.5777928],[-0.0612405,51.5778918],[-0.0612597,51.5779293],[-0.0613242,51.5780193],[-0.0614057,51.578133],[-0.0614208,51.5781541],[-0.0614375,51.5781774],[-0.0614823,51.5782399],[-0.0614862,51.5782453],[-0.0614897,51.5782491],[-0.0615145,51.5782765],[-0.0615425,51.5783073],[-0.0615508,51.5783165],[-0.0615884,51.578358],[-0.0616179,51.5783905],[-0.0616525,51.5784287],[-0.0616647,51.5784422],[-0.0616912,51.5784714],[-0.0617049,51.5784865],[-0.0617386,51.5785236],[-0.0617465,51.5785323],[-0.0617736,51.5785623],[-0.0618946,51.5786957],[-0.0619321,51.5787252],[-0.0619617,51.5787501],[-0.0619863,51.5787731],[-0.0619894,51.578776],[-0.062002,51.5787881],[-0.0620155,51.5788012],[-0.0620423,51.5788272],[-0.0620674,51.5788541],[-0.0620892,51.5788827],[-0.062111,51.5789091],[-0.0621197,51.57892],[-0.0621239,51.5789253],[-0.0621333,51.5789371],[-0.062151,51.5789661],[-0.0621618,51.5789832],[-0.0621659,51.5789898],[-0.0621687,51.5789942],[-0.0621848,51.5790235],[-0.0621977,51.5790479],[-0.0622003,51.5790528],[-0.0622101,51.5790742],[-0.0622137,51.5790822],[-0.0622186,51.5790927],[-0.0622231,51.5791023],[-0.062228,51.5791128],[-0.0622392,51.5791411],[-0.0622471,51.5791672],[-0.0622494,51.5791756],[-0.0622537,51.5791911],[-0.0622557,51.5791981],[-0.0622624,51.5792311],[-0.0622692,51.5792631],[-0.0622701,51.579273],[-0.0622705,51.5792777],[-0.0622723,51.5792962],[-0.0622745,51.5793281],[-0.0622749,51.5793611],[-0.0622745,51.5793932],[-0.0622722,51.5794252],[-0.0622681,51.5794581],[-0.0622642,51.5794831],[-0.0622638,51.5794859],[-0.0622631,51.5794902],[-0.0622603,51.5795036],[-0.0622564,51.5795221],[-0.0622478,51.579554],[-0.0622383,51.5795861],[-0.0622346,51.5795951],[-0.0622121,51.5796502],[-0.0622069,51.579659],[-0.0621851,51.579696],[-0.0621557,51.5797461],[-0.0621087,51.5798079],[-0.0620841,51.5798402],[-0.0620741,51.5798523],[-0.0620548,51.5798755],[-0.0620089,51.579931],[-0.0619593,51.5799901],[-0.0619291,51.5800261],[-0.0618749,51.5800909],[-0.0618254,51.5801521],[-0.0618145,51.5801649],[-0.0617741,51.5802121],[-0.0617236,51.5802673],[-0.0617193,51.580272],[-0.0617167,51.5802748],[-0.0616653,51.580332],[-0.061621,51.5803747],[-0.061606,51.580389],[-0.0615695,51.5804243],[-0.0615458,51.580447],[-0.0615189,51.5804706],[-0.0614831,51.5805021],[-0.0614241,51.5805511],[-0.0613917,51.5805771],[-0.0613569,51.5806051],[-0.0613003,51.5806479],[-0.061287,51.580658],[-0.0612749,51.5806667],[-0.0612593,51.5806781],[-0.0612153,51.5807099],[-0.0611839,51.5807311],[-0.061141,51.58076],[-0.0611186,51.5807747],[-0.0610649,51.5808099],[-0.06104,51.5808254],[-0.060988,51.5808579],[-0.0609636,51.5808726],[-0.0609084,51.5809059],[-0.060827,51.5809519],[-0.0605018,51.5811223],[-0.060075,51.5813459],[-0.059853,51.5814616],[-0.0597956,51.5814915],[-0.059762,51.581509],[-0.0595907,51.5815977],[-0.0593001,51.581748],[-0.0590254,51.5818866],[-0.0590167,51.581891],[-0.0589604,51.5819194],[-0.0585588,51.582122],[-0.0585425,51.5821302],[-0.0585198,51.5821417],[-0.0585017,51.5821508],[-0.0584622,51.5821688],[-0.0584177,51.5821909],[-0.0583064,51.5822459],[-0.0581496,51.5823268],[-0.0581288,51.5823376],[-0.0581081,51.5823483],[-0.058102,51.5823515],[-0.0580969,51.5823542],[-0.0580583,51.5823743],[-0.0580093,51.5824008],[-0.057982,51.582418],[-0.057975,51.5824224],[-0.0579662,51.5824291],[-0.0579359,51.5824518],[-0.0578996,51.5824834],[-0.0578881,51.5824933],[-0.0578782,51.5825035],[-0.0578572,51.5825249],[-0.0578513,51.582531],[-0.0578486,51.5825337],[-0.0578457,51.5825367],[-0.0578384,51.5825455],[-0.0578114,51.5825779],[-0.0577876,51.5826079],[-0.0577703,51.5826329],[-0.0577649,51.5826391],[-0.05776,51.5826447],[-0.0576618,51.5827577],[-0.0576425,51.5827897],[-0.0576397,51.5827945],[-0.0576097,51.5828448],[-0.0575768,51.5828946],[-0.0575645,51.5829131],[-0.0575538,51.5829293],[-0.0575325,51.5829618],[-0.0575241,51.5829736],[-0.0575153,51.5829858],[-0.0575007,51.5830098],[-0.0574835,51.5830338],[-0.0574774,51.5830422],[-0.0574703,51.5830522],[-0.0574662,51.5830578],[-0.0574609,51.583065],[-0.057449,51.5830808],[-0.0574282,51.5831037],[-0.057422,51.5831104],[-0.0574125,51.5831207],[-0.0574055,51.5831283],[-0.057403,51.5831306],[-0.0573754,51.5831558],[-0.0573473,51.5831798],[-0.0573447,51.5831819],[-0.0573378,51.5831874],[-0.0573346,51.5831899],[-0.0573174,51.5832037],[-0.0572868,51.5832261],[-0.0572532,51.5832497],[-0.0572144,51.5832755],[-0.0572087,51.5832793],[-0.0572003,51.5832844],[-0.0571718,51.5833016],[-0.0571622,51.5833073],[-0.0571256,51.5833286],[-0.0571195,51.583332],[-0.0570884,51.5833487],[-0.0569106,51.5834347],[-0.0568475,51.5834642],[-0.0568204,51.5834768],[-0.0568004,51.5834866],[-0.0567467,51.5835128],[-0.0567297,51.5835217],[-0.0567232,51.5835252],[-0.0566748,51.5835507],[-0.0566507,51.5835631],[-0.0566342,51.5835718],[-0.0565491,51.5836197],[-0.0565454,51.5836217],[-0.0564809,51.5836627],[-0.056462,51.5836747],[-0.0564264,51.5836975],[-0.0563794,51.5837277],[-0.0563708,51.5837338],[-0.0563003,51.5837837],[-0.056288,51.5837928],[-0.0562246,51.5838394],[-0.0562194,51.5838432],[-0.0561745,51.5838771],[-0.0561485,51.5838967],[-0.0560756,51.5839547],[-0.0560608,51.5839671],[-0.0560279,51.5839948],[-0.0559651,51.5840496],[-0.0559241,51.5840861],[-0.0559129,51.584096],[-0.0559042,51.5841037],[-0.055844,51.5841607],[-0.0557936,51.5842092],[-0.0557847,51.5842177],[-0.055762,51.5842413],[-0.055729,51.5842756],[-0.0557135,51.5842925],[-0.0556869,51.5843217],[-0.055676,51.5843336],[-0.0556637,51.5843479],[-0.0556238,51.5843937],[-0.0556131,51.5844076],[-0.0555944,51.5844316],[-0.0555753,51.5844536],[-0.0555284,51.5845156],[-0.0555109,51.5845408],[-0.0554861,51.5845766],[-0.0554843,51.5845793],[-0.0554619,51.5846133],[-0.0554504,51.5846307],[-0.0554235,51.5846728],[-0.0554108,51.5846927],[-0.0553865,51.5847363],[-0.0553746,51.5847576],[-0.0553653,51.5847746],[-0.0553394,51.5848216],[-0.0553291,51.5848437],[-0.0553096,51.5848856],[-0.0552807,51.5849506],[-0.055267,51.5849858],[-0.0552543,51.5850185],[-0.0552342,51.5850885],[-0.0552106,51.5851546],[-0.0551853,51.5852205],[-0.0551559,51.5852863],[-0.0551273,51.5853469],[-0.0551256,51.5853506],[-0.0550882,51.585424],[-0.0550521,51.5854865],[-0.055021,51.5855395],[-0.0550024,51.5855691],[-0.0549871,51.5855935],[-0.054951,51.5856449],[-0.054948,51.5856491],[-0.0549443,51.5856543],[-0.0549131,51.5856985],[-0.0549057,51.5857078],[-0.0548974,51.5857183],[-0.0548674,51.5857559],[-0.0548312,51.5858004],[-0.0547971,51.5858375],[-0.0547639,51.5858755],[-0.0547408,51.5858987],[-0.0547281,51.5859115],[-0.0547156,51.5859244],[-0.0546913,51.5859494],[-0.05466,51.5859773],[-0.0546519,51.5859845],[-0.0546248,51.5860085],[-0.0546078,51.5860235],[-0.0545602,51.5860625],[-0.0545491,51.5860705],[-0.0545418,51.5860759],[-0.0545381,51.5860786],[-0.0545164,51.5860945],[-0.0544892,51.5861146],[-0.0544717,51.5861275],[-0.0544252,51.5861594],[-0.054377,51.5861905],[-0.0543443,51.5862105],[-0.0543279,51.5862205],[-0.0543154,51.5862282],[-0.054312,51.5862303],[-0.0541536,51.5863283],[-0.0541335,51.5863408],[-0.0541284,51.586344],[-0.0541145,51.5863526],[-0.0540681,51.5863812],[-0.05405,51.5863925],[-0.0539121,51.5864778],[-0.0539063,51.5864814],[-0.0537334,51.5865838],[-0.0537179,51.5865932],[-0.0535858,51.5866713],[-0.0535827,51.5866731],[-0.053563,51.5866848],[-0.0535501,51.5866924],[-0.0532869,51.5868483],[-0.0531829,51.5869157],[-0.0531613,51.5869294],[-0.0531352,51.5869455],[-0.0527424,51.587184],[-0.0527393,51.5871858],[-0.0526995,51.5872089],[-0.052694,51.5872139],[-0.0526723,51.5872333],[-0.052643,51.5872527],[-0.0526121,51.5872694],[-0.0525807,51.5872865],[-0.0525476,51.5873024],[-0.0525153,51.5873183],[-0.0525062,51.5873234],[-0.0524681,51.5873449],[-0.0524171,51.5873801],[-0.0523849,51.5874076],[-0.0523749,51.5874163],[-0.0523448,51.5874433],[-0.0523323,51.5874566],[-0.0523184,51.5874714],[-0.0522843,51.5875099],[-0.0522658,51.5875328],[-0.0522604,51.5875394],[-0.0522525,51.5875512],[-0.0522402,51.5875693],[-0.0522262,51.5875922],[-0.0522218,51.5875993],[-0.0522137,51.5876154],[-0.052206,51.5876308],[-0.0521907,51.5876717],[-0.052179,51.5877143],[-0.0521699,51.5877568],[-0.0521676,51.5877893],[-0.0521672,51.5878218],[-0.0521698,51.5878649],[-0.052177,51.5879083],[-0.0521887,51.5879508],[-0.0522059,51.5879928],[-0.052216,51.5880172],[-0.052219,51.5880242],[-0.0522228,51.5880304],[-0.0522375,51.5880543],[-0.052257,51.5880843],[-0.0522606,51.5880883],[-0.0524327,51.5882788],[-0.0524383,51.5882839],[-0.0524644,51.5883075],[-0.0525561,51.5883902],[-0.0526281,51.5885103],[-0.052631,51.5885152],[-0.0526961,51.5886602],[-0.0527447,51.5887062],[-0.0530102,51.5890172],[-0.0531011,51.5891513],[-0.053226,51.5893355],[-0.0532325,51.5893452],[-0.0533697,51.5895922],[-0.0533775,51.5896061],[-0.0533794,51.5896117],[-0.0534271,51.58975],[-0.0534826,51.5899111],[-0.0534744,51.590188],[-0.0534796,51.5904679],[-0.0534477,51.5906285],[-0.0534071,51.5908328],[-0.0533783,51.5909083],[-0.0533147,51.5910749],[-0.0531697,51.5913638],[-0.0530289,51.5915974],[-0.0529751,51.5916866],[-0.0529376,51.5917489],[-0.0528583,51.5918854],[-0.0525343,51.5924428],[-0.0525271,51.5926115],[-0.0525254,51.5926507],[-0.0525054,51.5927506],[-0.0524673,51.5929403],[-0.0524119,51.5932157],[-0.052392,51.5934203],[-0.0523791,51.5935525],[-0.0523605,51.5937441],[-0.0523523,51.5937772],[-0.0523474,51.5937967],[-0.0523373,51.5938376],[-0.0523259,51.5938777],[-0.0523106,51.5939176],[-0.0523025,51.5939374],[-0.0523005,51.5939421],[-0.0522945,51.5939566],[-0.0522873,51.5939732],[-0.0522775,51.5939956],[-0.0522549,51.5940406],[-0.0522529,51.5940443],[-0.0522504,51.5940489],[-0.0522333,51.5940806],[-0.0522119,51.5941166],[-0.0521998,51.5941347],[-0.0521897,51.5941496],[-0.0521657,51.5941846],[-0.0521379,51.594222],[-0.052135,51.5942259],[-0.0521149,51.5942526],[-0.0520856,51.5942846],[-0.0520383,51.5943345],[-0.0520192,51.5943526],[-0.0519876,51.5943825],[-0.0519341,51.5944296],[-0.0519213,51.5944404],[-0.0518798,51.5944756],[-0.0518545,51.5944965],[-0.0518031,51.5945365],[-0.0517967,51.5945415],[-0.0517873,51.5945486],[-0.0517379,51.5945855],[-0.0517136,51.5946026],[-0.0516737,51.5946305],[-0.0515546,51.5947155],[-0.051548,51.5947205],[-0.0514475,51.594796],[-0.0514416,51.5948004],[-0.0514362,51.5948045],[-0.0514045,51.5948275],[-0.0513691,51.594853],[-0.0513338,51.5948775],[-0.0512973,51.5949077],[-0.0512595,51.5949485],[-0.0512373,51.5949816],[-0.0512236,51.5950055],[-0.0512127,51.5950305],[-0.0512025,51.5950527],[-0.0512007,51.5950566],[-0.0511924,51.5950814],[-0.0511858,51.5951034],[-0.051184,51.5951094],[-0.0511832,51.5951121],[-0.0511808,51.5951199],[-0.0511756,51.5951375],[-0.0511744,51.5951442],[-0.0511709,51.5951634],[-0.0511652,51.5951895],[-0.0511632,51.5952154],[-0.0511602,51.5952363],[-0.0511594,51.5952415],[-0.0511593,51.5952571],[-0.0511592,51.5952675],[-0.051159,51.5952859],[-0.051159,51.5952935],[-0.0511521,51.5953499],[-0.0511453,51.5954055],[-0.0511089,51.5957035],[-0.051088,51.5957513],[-0.0510422,51.5958493],[-0.0509929,51.5959474],[-0.0509391,51.5960443],[-0.0508904,51.5961267],[-0.0508818,51.5961413],[-0.0508308,51.596222],[-0.0508217,51.5962363],[-0.050816,51.5962447],[-0.0507582,51.5963304],[-0.0507399,51.5963557],[-0.0507236,51.5963783],[-0.0507055,51.5964044],[-0.0506861,51.5964323],[-0.050661,51.5964661],[-0.0506464,51.5964856],[-0.0506048,51.5965403],[-0.0505619,51.5965934],[-0.0505537,51.596603],[-0.0505173,51.5966453],[-0.0504699,51.5966972],[-0.050374,51.5967865],[-0.0503571,51.5968023],[-0.0502977,51.5968505],[-0.0501889,51.5969383],[-0.0500347,51.5970579],[-0.0500162,51.5970723],[-0.0499396,51.5971313],[-0.0498815,51.5971744],[-0.0497616,51.5972632],[-0.0495819,51.5973933],[-0.0495021,51.5974508],[-0.0493744,51.597543],[-0.0493122,51.5975878],[-0.0488155,51.5979461],[-0.0486293,51.5980817],[-0.047816,51.598674],[-0.0473558,51.5990475],[-0.0469399,51.599385],[-0.0464704,51.5997891],[-0.0464637,51.5997958],[-0.0463738,51.5998851],[-0.0461289,51.6001305],[-0.0457688,51.600492],[-0.0455871,51.6006738],[-0.0449302,51.6013311],[-0.0449173,51.601344],[-0.0448135,51.6014478],[-0.0445866,51.6016838],[-0.0445679,51.6017033],[-0.0440549,51.6022368],[-0.0436929,51.6026424],[-0.0436811,51.6026556],[-0.0436063,51.6027395],[-0.04354,51.6028137],[-0.0434738,51.6028996],[-0.0431414,51.6033307],[-0.0431195,51.6033618],[-0.0427099,51.6039426],[-0.0426286,51.6040556],[-0.0422947,51.6045197],[-0.0422571,51.604572],[-0.0422396,51.6045963],[-0.0422349,51.6046028],[-0.0422308,51.6046085],[-0.042189,51.6046793],[-0.0421529,51.6047404],[-0.0421219,51.6047899],[-0.0420764,51.6048625],[-0.0420214,51.6049435],[-0.0420096,51.6049607],[-0.0419935,51.6049845],[-0.0419614,51.6050287],[-0.0419062,51.6051044],[-0.0418464,51.6051837],[-0.0418163,51.6052235],[-0.0417985,51.6052455],[-0.0417638,51.6052885],[-0.0417335,51.6053276],[-0.0417189,51.6053465],[-0.0417016,51.6053668],[-0.0416714,51.6054025],[-0.0416495,51.6054282],[-0.0416229,51.6054594],[-0.0415874,51.6054964],[-0.04157,51.6055144],[-0.0415379,51.6055473],[-0.0415352,51.60555],[-0.0414992,51.6055865],[-0.0414765,51.6056074],[-0.0414515,51.6056308],[-0.0414146,51.6056644],[-0.0413714,51.6057033],[-0.0413306,51.6057386],[-0.0413273,51.6057414],[-0.0412815,51.6057784],[-0.0412551,51.6057986],[-0.041233,51.6058154],[-0.0411961,51.605842],[-0.0411845,51.6058504],[-0.0411529,51.6058721],[-0.0411334,51.6058854],[-0.0411007,51.6059064],[-0.0410805,51.6059194],[-0.0410631,51.60593],[-0.0410369,51.6059459],[-0.0410092,51.6059618],[-0.0409907,51.6059724],[-0.0409334,51.6060033],[-0.0408989,51.606022],[-0.0408761,51.6060344],[-0.0408171,51.6060633],[-0.0407563,51.6060914],[-0.0407396,51.6060987],[-0.0406946,51.6061183],[-0.0406664,51.6061309],[-0.0406339,51.6061454],[-0.0405687,51.6061703],[-0.0401846,51.6063152],[-0.0395153,51.6065678],[-0.0382263,51.6070541],[-0.038185,51.6070697],[-0.0379446,51.6071603],[-0.0375867,51.6072936],[-0.0375731,51.6072987],[-0.0364559,51.6077145],[-0.0364512,51.6077163],[-0.0363952,51.6077372],[-0.0363761,51.607745],[-0.0363545,51.6077539],[-0.036214,51.6078113],[-0.0361894,51.6078213],[-0.0361102,51.6078548],[-0.0359828,51.6079086],[-0.0358132,51.6079846],[-0.0357732,51.6080025],[-0.0356962,51.6080373],[-0.0356651,51.6080514],[-0.0356254,51.6080693],[-0.0355554,51.6081013],[-0.0355032,51.6081248],[-0.0354845,51.6081332],[-0.035459,51.608145],[-0.0354154,51.6081652],[-0.0353454,51.6081982],[-0.0352771,51.6082322],[-0.0352563,51.608243],[-0.0352116,51.6082662],[-0.035146,51.6083012],[-0.0350888,51.6083362],[-0.0350839,51.6083393],[-0.0350451,51.6083643],[-0.0350228,51.6083787],[-0.0349946,51.6083982],[-0.034911,51.6084608],[-0.0348585,51.6085002],[-0.0347338,51.6086073],[-0.0346416,51.6086897],[-0.0346068,51.608721],[-0.0345611,51.6087602],[-0.0345463,51.6087733],[-0.0345226,51.6087941],[-0.0344832,51.6088282],[-0.034477,51.6088336],[-0.0344438,51.6088622],[-0.0344054,51.6088961],[-0.0343818,51.608917],[-0.0343669,51.6089302],[-0.0343335,51.6089628],[-0.0343301,51.6089661],[-0.034324,51.6089723],[-0.0342952,51.6090012],[-0.034276,51.609022],[-0.0342621,51.609037],[-0.034254,51.6090469],[-0.0342316,51.6090742],[-0.034202,51.6091122],[-0.0341769,51.6091491],[-0.0341546,51.609184],[-0.0341332,51.6092212],[-0.0341127,51.6092571],[-0.034093,51.6092951],[-0.0340761,51.6093311],[-0.03406,51.6093692],[-0.0340457,51.6094072],[-0.0340332,51.609445],[-0.0340212,51.6094868],[-0.0340137,51.6095221],[-0.0340047,51.6095648],[-0.0339987,51.609617],[-0.0339958,51.6096642],[-0.0339965,51.6097096],[-0.0339975,51.6097379],[-0.0339981,51.6097564],[-0.0340033,51.609803],[-0.0340053,51.6098147],[-0.0340112,51.6098496],[-0.0340201,51.609896],[-0.0340325,51.609942],[-0.034045,51.609988],[-0.0340611,51.6100335],[-0.0340771,51.6100796],[-0.0340802,51.6100872],[-0.0340843,51.6100974],[-0.0340951,51.610124],[-0.0340988,51.610132],[-0.0341157,51.6101685],[-0.0341327,51.6102041],[-0.0341372,51.6102135],[-0.0341617,51.6102571],[-0.0341781,51.6102852],[-0.034183,51.6102939],[-0.0341876,51.6103015],[-0.0342155,51.610344],[-0.0342453,51.610387],[-0.0342778,51.6104294],[-0.0343102,51.6104714],[-0.0343446,51.6105125],[-0.0343816,51.6105529],[-0.0344481,51.610624],[-0.0347823,51.610979],[-0.0348745,51.6110769],[-0.0349454,51.6111478],[-0.0350257,51.6112329],[-0.0350854,51.6113007],[-0.0350936,51.6113101],[-0.0351023,51.6113199],[-0.0351074,51.6113259],[-0.0351762,51.6114058],[-0.0352464,51.6114948],[-0.0353129,51.6115838],[-0.0353836,51.6116833],[-0.0354117,51.6117228],[-0.0354275,51.6117472],[-0.0354311,51.6117528],[-0.0354532,51.6117838],[-0.0354745,51.6118138],[-0.0354939,51.6118448],[-0.0355143,51.6118748],[-0.035532,51.6119057],[-0.0355486,51.6119377],[-0.0355626,51.6119698],[-0.0355757,51.6120047],[-0.0355881,51.6120467],[-0.0355964,51.6120848],[-0.0356037,51.6121248],[-0.0356075,51.6121638],[-0.0356103,51.6122028],[-0.0356113,51.6122427],[-0.03561,51.6122727],[-0.0356096,51.6122825],[-0.0356079,51.6123217],[-0.0356023,51.6123672],[-0.0356013,51.6123732],[-0.0355949,51.6124127],[-0.0355911,51.6124313],[-0.0355869,51.6124518],[-0.0355816,51.612473],[-0.0355771,51.6124908],[-0.0355748,51.6124997],[-0.0355673,51.6125297],[-0.0355548,51.6125687],[-0.0355499,51.6125798],[-0.0355413,51.6125993],[-0.0355328,51.6126186],[-0.0355115,51.6126633],[-0.0354861,51.6127166],[-0.0354766,51.6127404],[-0.0354529,51.6127997],[-0.0354377,51.6128367],[-0.0354227,51.6128751],[-0.0354173,51.6128887],[-0.0354049,51.6129236],[-0.0354024,51.6129334],[-0.0354,51.6129426],[-0.035392,51.6129736],[-0.035378,51.6130246],[-0.0353759,51.6130319],[-0.0353632,51.6130747],[-0.0353457,51.6131246],[-0.0353217,51.6131785],[-0.0353049,51.6132115],[-0.0352833,51.6132536],[-0.0352394,51.6133286],[-0.0351947,51.6134017],[-0.0351743,51.6134346],[-0.0351261,51.6135066],[-0.0351093,51.6135299],[-0.0350742,51.6135785],[-0.0350529,51.6136071],[-0.0350206,51.6136505],[-0.0346218,51.6140846],[-0.0341471,51.6146504],[-0.0340002,51.6148255],[-0.0336016,51.615326],[-0.0334141,51.6155614],[-0.0333764,51.6155994],[-0.0333646,51.6156116],[-0.0333541,51.6156226],[-0.0331612,51.6158235],[-0.0329349,51.6160593],[-0.0329157,51.616079],[-0.0329075,51.6160874],[-0.0328679,51.616132],[-0.0328116,51.6161954],[-0.0328012,51.6162074],[-0.0327877,51.6162228],[-0.0327176,51.6163034],[-0.032646,51.6163833],[-0.0326218,51.6164102],[-0.0325779,51.6164584],[-0.0325251,51.6165163],[-0.0324643,51.6165773],[-0.0324204,51.6166213],[-0.0323104,51.6167223],[-0.0322655,51.6167608],[-0.0321996,51.6168175],[-0.0321373,51.6168711],[-0.0320928,51.6169093],[-0.0320421,51.6169503],[-0.0320094,51.6169767],[-0.0319429,51.6170305],[-0.031902,51.6170635],[-0.0318993,51.6170657],[-0.0318664,51.6170922],[-0.0317037,51.6172223],[-0.0316586,51.617257],[-0.0316234,51.6172842],[-0.0315995,51.6173025],[-0.0315801,51.6173175],[-0.0314712,51.6174012],[-0.0313738,51.6174724],[-0.0313199,51.6175119],[-0.0312764,51.6175437],[-0.0312423,51.6175686],[-0.0312306,51.6175772],[-0.031205,51.617594],[-0.0311994,51.6175977],[-0.0309137,51.6177859],[-0.0309004,51.6177947],[-0.0307783,51.6178751],[-0.0307616,51.6178861],[-0.0307055,51.6179231],[-0.0302864,51.6181991],[-0.0300907,51.6183497],[-0.0297943,51.6185769],[-0.0297911,51.6185802],[-0.0297608,51.6186032],[-0.0297375,51.618621],[-0.0295796,51.6187414],[-0.0295153,51.6187905],[-0.0294646,51.6188291],[-0.0292883,51.6189796],[-0.029277,51.6189892],[-0.0289965,51.6192287],[-0.0289097,51.6193028],[-0.0288769,51.6193308],[-0.0288227,51.619377],[-0.0287943,51.6194012],[-0.0287684,51.6194234],[-0.028762,51.6194288],[-0.0287441,51.6194441],[-0.0287311,51.6194552],[-0.0287164,51.6194678],[-0.0287043,51.6194781],[-0.0286715,51.6195061],[-0.0286315,51.6195409],[-0.0284022,51.6197406],[-0.0283878,51.6197531],[-0.0283552,51.6197815],[-0.0283314,51.6198023],[-0.0281579,51.6199534],[-0.0281296,51.619978],[-0.0281164,51.6199895],[-0.0281117,51.6199937],[-0.0280951,51.6200081],[-0.0280605,51.6200382],[-0.02797,51.6201171],[-0.0279621,51.6201239],[-0.0279382,51.6201449],[-0.0279031,51.6201758],[-0.0278933,51.6201844],[-0.027811,51.6202568],[-0.0277824,51.6202818],[-0.0277796,51.6202843],[-0.0276782,51.6203729],[-0.0276612,51.6203878],[-0.0275869,51.6204528],[-0.0275735,51.6204644],[-0.0274879,51.6205393],[-0.0274506,51.6205719],[-0.0274436,51.620578],[-0.0273904,51.6206246],[-0.0273847,51.6206296],[-0.0273619,51.6206496],[-0.0273396,51.6206691],[-0.0272329,51.6207611],[-0.0271967,51.6207923],[-0.0271514,51.6208313],[-0.0270585,51.6209115],[-0.0270397,51.6209276],[-0.0270313,51.6209349],[-0.0269988,51.6209609],[-0.0269852,51.6209716],[-0.0269406,51.6210065],[-0.0269375,51.6210089],[-0.0267881,51.6211259],[-0.0267137,51.6211841],[-0.0266283,51.6212509],[-0.0265962,51.621276],[-0.0265569,51.6213068],[-0.0264531,51.621388],[-0.0263903,51.6214372],[-0.0263864,51.6214402],[-0.0263413,51.6214755],[-0.0262773,51.6215256],[-0.0262537,51.621544],[-0.026228,51.621564],[-0.0261256,51.6216437],[-0.0260477,51.6217173],[-0.0260362,51.6217281],[-0.0259956,51.6217663],[-0.0259174,51.6218404],[-0.0258968,51.6218598],[-0.0258906,51.6218657],[-0.0258411,51.6219127],[-0.0258182,51.6219345],[-0.0257836,51.6219673],[-0.0257631,51.6219868],[-0.0257445,51.6220099],[-0.0257156,51.6220461],[-0.0256916,51.622076],[-0.0256487,51.6221297],[-0.0256134,51.6221737],[-0.0255771,51.622219],[-0.0255718,51.6222256],[-0.0255522,51.6222501],[-0.0255218,51.6222881],[-0.0255112,51.6223012],[-0.0254996,51.6223158],[-0.0254969,51.6223199],[-0.0254387,51.6224074],[-0.0254238,51.6224297],[-0.025422,51.6224325],[-0.0253803,51.6224951],[-0.0253653,51.6225177],[-0.0253595,51.6225265],[-0.0253523,51.6225373],[-0.0253337,51.622565],[-0.0253271,51.622575],[-0.0253006,51.6226147],[-0.0252939,51.622632],[-0.0252667,51.6227023],[-0.02524,51.6227715],[-0.0252372,51.6227788],[-0.0252277,51.6228033],[-0.025221,51.6228205],[-0.0251799,51.6229268],[-0.0251708,51.6229504],[-0.0251491,51.6230066],[-0.025139,51.6230271],[-0.0251324,51.6230405],[-0.0251272,51.6230511],[-0.025122,51.6230615],[-0.0250309,51.6232462],[-0.025006,51.6232967],[-0.0249825,51.6233443],[-0.0249742,51.6233611],[-0.0249628,51.6233841],[-0.0249268,51.6234572],[-0.0249062,51.6234989],[-0.0248946,51.6235225],[-0.0248726,51.6235669],[-0.0248334,51.6236484],[-0.0248071,51.6237031],[-0.0247953,51.6237275],[-0.0247583,51.6238043],[-0.0247567,51.6238075],[-0.024741,51.6238318],[-0.0247322,51.6238455],[-0.0247033,51.6238904],[-0.0246967,51.6239005],[-0.0246839,51.6239189],[-0.0246263,51.6240016],[-0.0246214,51.6240087],[-0.0246089,51.6240266],[-0.0245752,51.6240749],[-0.0244579,51.6242433],[-0.0244521,51.6242516],[-0.0244478,51.6242571],[-0.0244355,51.624273],[-0.024432,51.6242774],[-0.0243921,51.6243286],[-0.0243552,51.6243761],[-0.0243243,51.6244158],[-0.0243017,51.6244447],[-0.0242939,51.6244548],[-0.0242851,51.6244653],[-0.0242816,51.6244694],[-0.0242539,51.6245023],[-0.0242434,51.6245148],[-0.0241867,51.6245822],[-0.02417,51.624602],[-0.0241366,51.6246416],[-0.024134,51.6246447],[-0.0240969,51.6246888],[-0.0240616,51.6247307],[-0.0240218,51.624778],[-0.0239926,51.6248127],[-0.0239881,51.624818],[-0.0239811,51.6248264],[-0.0239032,51.6249134],[-0.0238972,51.6249194],[-0.0238876,51.6249289],[-0.023831,51.6249849],[-0.0238186,51.6249971],[-0.0237986,51.6250169],[-0.0237756,51.6250397],[-0.0237353,51.6250796],[-0.0237175,51.6250971],[-0.0236594,51.6251547],[-0.023607,51.6252065],[-0.023594,51.625221],[-0.0235809,51.6252357],[-0.0235752,51.625242],[-0.0235714,51.6252462],[-0.0235301,51.6252924],[-0.0235261,51.6252973],[-0.0234966,51.6253329],[-0.023462,51.6253747],[-0.0234407,51.6254004],[-0.0234273,51.6254167],[-0.0233671,51.6254894],[-0.0233642,51.6254929],[-0.0233165,51.6255505],[-0.0233135,51.6255541],[-0.0232168,51.6256708],[-0.0231597,51.6257397],[-0.0231073,51.6258034],[-0.0230901,51.6258239],[-0.0230229,51.6259056],[-0.0228053,51.6261703],[-0.0226779,51.6263253],[-0.0222864,51.6268164],[-0.022192,51.6269348],[-0.0220311,51.6271365],[-0.0218473,51.627367],[-0.021708,51.6275417],[-0.0216513,51.6276128],[-0.0211134,51.6282874],[-0.0210139,51.6284123],[-0.0210044,51.6284242],[-0.0209486,51.6284942],[-0.0208926,51.6285643],[-0.0208566,51.6286095],[-0.0208513,51.6286162],[-0.0208283,51.628645],[-0.0208016,51.6286784],[-0.0207593,51.6287316],[-0.0205553,51.6289873],[-0.0205452,51.629],[-0.0204347,51.6291386],[-0.0204153,51.6291629],[-0.0204055,51.6291752],[-0.0202057,51.6294258],[-0.0201883,51.6294476],[-0.0201539,51.6294907],[-0.0199173,51.6297875],[-0.0199145,51.629791],[-0.0197802,51.6299593],[-0.0197389,51.6300112],[-0.0197105,51.6300468],[-0.0196927,51.6300691],[-0.0194611,51.6303595],[-0.0194588,51.6303624],[-0.0194374,51.6303893],[-0.0193526,51.6304956],[-0.0193208,51.6305354],[-0.019219,51.6306632],[-0.0191806,51.6307112],[-0.0188685,51.6311027],[-0.0188511,51.6311244],[-0.0186743,51.6313461],[-0.0186675,51.6313546],[-0.0184388,51.6316414],[-0.0184335,51.6316481],[-0.0184255,51.6316581],[-0.0184174,51.6316682],[-0.018413,51.6316738],[-0.0181888,51.631955],[-0.0181744,51.6319729],[-0.0181578,51.6319937],[-0.0179684,51.6322284],[-0.0179644,51.6322333],[-0.0179493,51.632252],[-0.0179219,51.632286],[-0.0172592,51.6331067],[-0.0172547,51.6331123],[-0.0169078,51.6335419],[-0.0165276,51.6340321],[-0.0160488,51.6346494],[-0.0159768,51.6347386],[-0.0159748,51.634741],[-0.0158291,51.6349214],[-0.0156908,51.6350926],[-0.0154869,51.6353452],[-0.0153947,51.6354593],[-0.0152878,51.6356501],[-0.0152759,51.6356714],[-0.0151694,51.6358613],[-0.015101,51.6359877],[-0.015099,51.6359914],[-0.0149956,51.6361824],[-0.0148715,51.6364321],[-0.0148628,51.6364496],[-0.0147945,51.6367351],[-0.0147931,51.6367374],[-0.0147929,51.6367376],[-0.0146281,51.6369582],[-0.0146183,51.6369714],[-0.01459,51.6370091],[-0.0145397,51.6371009],[-0.0145358,51.6371081],[-0.0143322,51.6374794],[-0.0142967,51.6375442],[-0.0142931,51.6375507],[-0.0141565,51.6378],[-0.014153,51.6378063],[-0.0140874,51.6379259],[-0.0140755,51.6379476],[-0.0140267,51.6380366],[-0.0140224,51.6380445],[-0.0139865,51.6381101],[-0.0139384,51.6382201],[-0.0139321,51.6382344],[-0.0139231,51.638255],[-0.0139147,51.6382741],[-0.0138771,51.6383602],[-0.0138657,51.6383861],[-0.0136906,51.6387864],[-0.0136855,51.6387981],[-0.0136685,51.6388369],[-0.0135158,51.639186],[-0.0133444,51.639616],[-0.0132792,51.6398469],[-0.0132649,51.6399352],[-0.0132615,51.6399623],[-0.0132072,51.6403154],[-0.0132044,51.6403338],[-0.0131832,51.6404717],[-0.0131774,51.640509],[-0.0131669,51.6405778],[-0.0131426,51.6407383],[-0.0131397,51.6407574],[-0.0131164,51.6409117],[-0.0131091,51.6409599],[-0.0130962,51.6410456],[-0.0130841,51.6411256],[-0.0130657,51.6412475],[-0.0128785,51.6424871],[-0.0128728,51.6425245],[-0.0128153,51.6429054],[-0.0127591,51.6432774],[-0.0127419,51.643391],[-0.0127404,51.6434012],[-0.0127219,51.6435235],[-0.012702,51.6436471],[-0.0126808,51.643778],[-0.0126721,51.6438324],[-0.0126251,51.6441235],[-0.0125921,51.6443282],[-0.012572,51.6444527],[-0.0123861,51.6456049],[-0.0122855,51.6462287],[-0.0120477,51.6462226],[-0.0120392,51.6462224],[-0.0120363,51.6462395],[-0.0120332,51.6462565],[-0.0119142,51.6462999],[-0.0118986,51.6463056],[-0.0116633,51.6463915],[-0.011568,51.6464138],[-0.0115419,51.6464199],[-0.0114024,51.6464134],[-0.0111235,51.6464003],[-0.0109508,51.6463847],[-0.0107843,51.6463697],[-0.0107783,51.6463685],[-0.0105656,51.6463261],[-0.0104141,51.6462959],[-0.0104028,51.6462937],[-0.0103359,51.646367],[-0.0103125,51.6463927],[-0.0102884,51.6464192],[-0.0102673,51.6464422],[-0.0102524,51.6464586],[-0.0102115,51.6465032],[-0.010192,51.6465037],[-0.0096663,51.6465163],[-0.0093044,51.6465251],[-0.0092412,51.6465266],[-0.0091763,51.6465228],[-0.0091671,51.6465222],[-0.0090083,51.6465127],[-0.0088464,51.6464952],[-0.0086365,51.6464647],[-0.0086184,51.6464621],[-0.0084495,51.6464206],[-0.0084282,51.6464154],[-0.0083628,51.6463993],[-0.0080029,51.6463231],[-0.007967,51.6463129],[-0.0078847,51.6462895],[-0.0076264,51.646216],[-0.0073705,51.6461603],[-0.0074501,51.6460942],[-0.0074558,51.6460895],[-0.0075041,51.6460494],[-0.0075781,51.6459879],[-0.0075828,51.6459841],[-0.007598,51.6459714],[-0.007617,51.6459556],[-0.0076262,51.645948],[-0.0076427,51.6459343],[-0.0076718,51.6459101],[-0.0076808,51.6459027],[-0.0077483,51.6458467],[-0.007776,51.6458126],[-0.007787,51.6457991],[-0.0078136,51.6457664],[-0.0078193,51.6457594],[-0.0078595,51.6457098],[-0.0078755,51.6456902],[-0.0078886,51.6456741],[-0.0078951,51.6456661],[-0.0079555,51.6455917],[-0.0079709,51.6455728],[-0.007978,51.6455642],[-0.0079836,51.6455572],[-0.0080137,51.6455201],[-0.0079957,51.6455056],[-0.0079712,51.6454858],[-0.0079387,51.6454596],[-0.007941,51.6454473],[-0.0079422,51.6454415],[-0.0079483,51.6454088],[-0.0079523,51.6453879],[-0.0079728,51.6452795],[-0.007978,51.6452662],[-0.0079845,51.6452498],[-0.00799,51.6452359],[-0.0079934,51.6452312],[-0.0079978,51.6452254],[-0.0080021,51.6452196],[-0.0080211,51.6451942],[-0.0080244,51.645191],[-0.0080626,51.6451546],[-0.0080823,51.6451357],[-0.0081291,51.645091],[-0.008134,51.6450864],[-0.0081619,51.6450597],[-0.0081797,51.6450427],[-0.0082018,51.6450216],[-0.0082291,51.6449955],[-0.0082471,51.6449784],[-0.0082528,51.6449616],[-0.0082779,51.6448869],[-0.0082861,51.6448626],[-0.0082999,51.6448217],[-0.0083124,51.6447846],[-0.0083215,51.6447575],[-0.0083408,51.6447002],[-0.0083468,51.6446825],[-0.0083672,51.644652],[-0.0083771,51.6446372],[-0.0084037,51.6445974],[-0.0084145,51.6445812],[-0.0084176,51.6445766],[-0.008429,51.6445597],[-0.0084712,51.6444966],[-0.0084342,51.6444966],[-0.0083007,51.6444964],[-0.008303,51.6444542],[-0.0083035,51.6444441],[-0.0083071,51.6443754],[-0.0083074,51.6443685],[-0.0083116,51.644289],[-0.0083081,51.6441873],[-0.0083078,51.6441779],[-0.0083069,51.6441502],[-0.0083007,51.6440958],[-0.0082996,51.644087],[-0.0082977,51.6440703],[-0.008294,51.6440376],[-0.0082935,51.6440328],[-0.0082878,51.6439835],[-0.0082833,51.6439446],[-0.0082836,51.6439198],[-0.0082836,51.6439154],[-0.0082844,51.6438356],[-0.0082851,51.6437614],[-0.0082869,51.6437476],[-0.0082879,51.64374],[-0.0082986,51.643659],[-0.0082344,51.6436178],[-0.0082253,51.6436119],[-0.0082177,51.6436071],[-0.0081752,51.6435867],[-0.0081638,51.6435813],[-0.0081477,51.6435759],[-0.0080365,51.6435385],[-0.0079485,51.6435199],[-0.0079349,51.6435171],[-0.0079309,51.6435162],[-0.0077939,51.6435],[-0.007783,51.6434987],[-0.0077038,51.6434894],[-0.0076432,51.6434822],[-0.0076292,51.6434806],[-0.0076186,51.6434793],[-0.0076093,51.6434782],[-0.0073973,51.6434532],[-0.0073892,51.6434522],[-0.0073233,51.6434445],[-0.0073072,51.6434425],[-0.007152,51.6434151],[-0.0071375,51.6434125],[-0.0071015,51.6434062],[-0.0070827,51.6434029],[-0.006895,51.6433696],[-0.0068852,51.6433679],[-0.0068127,51.6433551],[-0.0066833,51.6433322],[-0.0066105,51.6433307],[-0.0065891,51.6433303],[-0.0065794,51.6433301],[-0.0065657,51.6433299],[-0.0064343,51.6433272],[-0.0064115,51.6433268],[-0.006295,51.6433245],[-0.0062795,51.6433242],[-0.0062537,51.6433236],[-0.0061385,51.6433231],[-0.00612,51.643323],[-0.0061103,51.643323],[-0.0060486,51.6433227],[-0.0059897,51.6433269],[-0.0059672,51.6433286],[-0.0058241,51.6433392],[-0.0058158,51.6433398],[-0.005803,51.6433407],[-0.0056605,51.6433563],[-0.0055196,51.6433764],[-0.0047958,51.6435006],[-0.0047241,51.6435129],[-0.0045858,51.6435367],[-0.0045183,51.6434272],[-0.0044508,51.6433177],[-0.0044208,51.6432398],[-0.0044109,51.6432237],[-0.0043955,51.6431989],[-0.0043765,51.6431781],[-0.0043662,51.6431669],[-0.0043174,51.6431272],[-0.0042354,51.6430605],[-0.0040993,51.6428676],[-0.0040751,51.6428261],[-0.0040675,51.6428131],[-0.0040103,51.6427152],[-0.003791,51.6427929],[-0.0036886,51.6428291],[-0.0036818,51.6428316],[-0.0035337,51.6428894],[-0.0029474,51.6431186],[-0.0024896,51.6432774],[-0.0021566,51.643393],[-0.0020918,51.6434144],[-0.0018468,51.6434955],[-0.001673,51.6435377],[-0.0011092,51.6436745],[-0.0008819,51.6437047],[-0.0008244,51.6437055],[-0.0007202,51.6437069],[-0.0007011,51.6437072],[-0.0005203,51.6437096],[-0.0004629,51.6436888],[-0.000391,51.6436628],[-0.0003133,51.6436347],[-0.0004229,51.6435681],[-0.000483,51.6435317],[-0.0004075,51.6434818],[-0.0003709,51.6434516],[-0.0003109,51.6433763],[-0.0002945,51.6433396],[-0.0002802,51.6432537],[-0.0002141,51.6431398],[-0.0000911,51.6429282],[0.0000528,51.6426803],[0.0000725,51.6426464],[0.0000844,51.6426226],[0.0001771,51.6424368],[0.0003496,51.6422335],[0.0004597,51.6421271],[0.000578,51.6420235],[0.0006883,51.6419425],[0.0007923,51.6418661],[0.0007994,51.6418621],[0.0009043,51.6418025],[0.0009087,51.6417999],[0.0010748,51.6417513],[0.0011353,51.6417336],[0.0011857,51.6417228],[0.0013993,51.6416774],[0.00193,51.6416078],[0.0019633,51.6416034],[0.0021146,51.6415945],[0.0022212,51.6415939],[0.002329,51.6415998],[0.0024814,51.6416142],[0.0025008,51.6416132],[0.0032104,51.6415753],[0.0033629,51.6415908],[0.0034028,51.6415949],[0.0034419,51.6414868],[0.0043413,51.6415224],[0.0043721,51.6415235],[0.0052493,51.6415591],[0.0054186,51.6415659],[0.0055012,51.6415707],[0.005636,51.6415785],[0.0056927,51.6415849],[0.006118,51.6416325],[0.006357,51.6416453],[0.0063833,51.6416467],[0.0063926,51.6416467],[0.0065269,51.6416469],[0.0065946,51.6416449],[0.0070169,51.6415935],[0.0070446,51.641593],[0.0073833,51.641586],[0.0083281,51.6414788],[0.0083963,51.641471],[0.0084884,51.6414633],[0.0085621,51.6414571],[0.0089485,51.6414247],[0.0089536,51.6414249],[0.009113,51.6414326],[0.0092285,51.6414382],[0.0093931,51.6414462],[0.0096631,51.6414592],[0.0097687,51.6414574],[0.0098722,51.6414484],[0.0099841,51.6414304],[0.0100042,51.6414272],[0.0100157,51.6414253],[0.010026,51.6414244],[0.0107031,51.6413653],[0.0107337,51.6413627],[0.0110256,51.6413042],[0.0111454,51.6412746],[0.011154,51.641272],[0.0114315,51.6411879],[0.0114879,51.6411761],[0.0115023,51.6411744],[0.0115417,51.6411698],[0.011567,51.6411668],[0.0117106,51.6411652],[0.0119272,51.6411527],[0.0121538,51.6411396],[0.0124424,51.6411096],[0.0127804,51.6410514],[0.0134548,51.6408808],[0.0134955,51.6408768],[0.0139639,51.6408302],[0.0141243,51.6408246],[0.0141361,51.6408242],[0.0143387,51.6407492],[0.0144214,51.6407185],[0.0146025,51.6406678],[0.0147342,51.6406401],[0.0148451,51.6406168],[0.0151081,51.6405803],[0.0158071,51.6404333],[0.0160231,51.6404006],[0.0163697,51.6403483],[0.0165393,51.6403267],[0.0167774,51.6402963],[0.0173944,51.6402565],[0.0180967,51.6402624],[0.0193257,51.6403357],[0.0194645,51.6403567],[0.0194726,51.6403579],[0.0199002,51.6404225],[0.0200531,51.6404456],[0.0207594,51.6406368],[0.0213686,51.6408018],[0.0218076,51.6409206],[0.0219736,51.6409569],[0.0226933,51.641114],[0.0227039,51.6410869],[0.0227858,51.6407639],[0.0227876,51.6407567],[0.0228391,51.6405538],[0.0229809,51.6400453],[0.0229393,51.6395171],[0.0229508,51.638887],[0.0229537,51.6387247],[0.0229724,51.6385297],[0.0230008,51.6382327],[0.0230262,51.6379662],[0.0230307,51.6379186],[0.0230476,51.6377847],[0.0230561,51.6377168],[0.0231807,51.637693],[0.0233511,51.6376605],[0.0239311,51.6375498],[0.0241162,51.6375254],[0.0246827,51.6374508],[0.0247279,51.637448],[0.0248836,51.6374385],[0.0248953,51.6374377],[0.0248993,51.6374337],[0.0249801,51.6373535],[0.0251326,51.6372879],[0.0250759,51.637221],[0.0250609,51.6372032],[0.024999,51.6371302],[0.0249572,51.6370734],[0.0249106,51.6370103],[0.0248531,51.6369151],[0.0248125,51.6368252],[0.02481,51.6368196],[0.0247803,51.6367219],[0.024766,51.6366399],[0.0247622,51.6366181],[0.0247386,51.6365227],[0.0246928,51.6363378],[0.0246888,51.6362707],[0.0246854,51.6362135],[0.0246863,51.6360502],[0.0247048,51.6359581],[0.0247376,51.6358695],[0.0247386,51.6358667],[0.0247818,51.6357814],[0.0249236,51.635561],[0.0249381,51.6355386],[0.0249415,51.6355339],[0.0249687,51.635497],[0.0251909,51.6352558],[0.025198,51.6352481],[0.0254147,51.6350251],[0.0256432,51.6348242],[0.025712,51.634564],[0.0256566,51.6345026],[0.0255467,51.6343807],[0.0254407,51.6341807],[0.0253949,51.6340943],[0.0252673,51.6338986],[0.0249877,51.6334696],[0.0245964,51.6329583],[0.0245291,51.6328313],[0.0244738,51.6327267],[0.0244456,51.6326738],[0.0243666,51.6325147],[0.0243037,51.6323878],[0.0241575,51.6320669],[0.0241446,51.6320383],[0.0240474,51.6318247],[0.0239456,51.631549],[0.0238462,51.6312798],[0.0238586,51.6312519],[0.0238746,51.6312161],[0.0239357,51.6310794],[0.0238165,51.6307946],[0.0229259,51.6301255],[0.0227947,51.630027],[0.0226652,51.6299297],[0.0224916,51.6297993],[0.0224813,51.6297916],[0.0224763,51.6297863],[0.0224645,51.6297741],[0.0221547,51.6294507],[0.0221347,51.6294298],[0.0221191,51.6294025],[0.0221028,51.629374],[0.022081,51.6293358],[0.0220271,51.6292414],[0.0219803,51.6291595],[0.0219567,51.6291182],[0.021894,51.6290084],[0.0218578,51.628945],[0.0217993,51.6288426],[0.0217929,51.6288314],[0.0217738,51.6288401],[0.0215619,51.6289367],[0.0214072,51.6289707],[0.0213114,51.6290201],[0.0212774,51.6290377],[0.0211251,51.6290328],[0.0211745,51.6289993],[0.0212718,51.6289355],[0.021323,51.6288847],[0.0213256,51.6288806],[0.0213382,51.6288607],[0.0213037,51.6288166],[0.021266,51.6287798],[0.0212483,51.6287864],[0.0211025,51.6288417],[0.02107,51.6288599],[0.0209915,51.6289036],[0.0209574,51.6287732],[0.0209523,51.6287537],[0.0209464,51.6287218],[0.0209482,51.6287157],[0.0209568,51.6286868],[0.0209582,51.6286822],[0.0209628,51.6286774],[0.0210722,51.6285631],[0.0211558,51.6284758],[0.0211572,51.6284288],[0.0211576,51.6284158],[0.0211495,51.6283922],[0.0211452,51.6283799],[0.0210913,51.6283057],[0.0210353,51.6282781],[0.0210151,51.6282681],[0.0206905,51.6282477],[0.0206918,51.6282435],[0.0207125,51.6281739],[0.0207175,51.6281238],[0.0206986,51.6280439],[0.0206866,51.6280196],[0.0206818,51.6280099],[0.020657,51.6279781],[0.0205985,51.6279033],[0.0205943,51.6278979],[0.0205755,51.6278739],[0.0204987,51.6277319],[0.0205015,51.6277134],[0.0205036,51.627699],[0.0205085,51.6276668],[0.0205646,51.6275889],[0.0206012,51.627498],[0.0206067,51.6273969],[0.0205793,51.6273508],[0.0205429,51.627303],[0.0205228,51.6272867],[0.0205157,51.627281],[0.0204557,51.6272509],[0.0204505,51.6272497],[0.0204046,51.6272389],[0.020253,51.627232],[0.0199327,51.6269984],[0.0199157,51.626986],[0.0199358,51.626851],[0.0199219,51.626822],[0.0199201,51.6267819],[0.0199587,51.626735],[0.0199939,51.626715],[0.0200937,51.626583],[0.0200344,51.6265041],[0.0200209,51.6264863],[0.0200234,51.6264491],[0.0200297,51.6263616],[0.0200336,51.6263079],[0.0200311,51.6262969],[0.0200101,51.6262033],[0.0197647,51.626149],[0.0197403,51.6261373],[0.0197285,51.6261316],[0.0197151,51.6261251],[0.0197101,51.6261194],[0.0196939,51.6261001],[0.0196916,51.6260943],[0.019689,51.626088],[0.0196837,51.6260751],[0.0196875,51.626059],[0.0196908,51.6260459],[0.0197368,51.6260014],[0.0197716,51.6259678],[0.019791,51.625949],[0.019787,51.6259458],[0.0197435,51.6259108],[0.0197251,51.625896],[0.0196265,51.6258166],[0.0196052,51.6257995],[0.0195063,51.62572],[0.0194739,51.6256801],[0.0194608,51.6256531],[0.019453,51.625637],[0.0194495,51.6255936],[0.019447,51.6255621],[0.0194741,51.6254622],[0.0194986,51.6254031],[0.019503,51.6253601],[0.019491,51.6253142],[0.019482,51.6252995],[0.0194677,51.6252761],[0.0194471,51.6252567],[0.0194345,51.6252447],[0.01943,51.6252404],[0.01938,51.6251932],[0.0192829,51.625133],[0.0192753,51.6251283],[0.0192388,51.6251057],[0.0191697,51.6250628],[0.0191219,51.6250332],[0.0191266,51.6250302],[0.0192651,51.6249432],[0.0192334,51.6249002],[0.0192024,51.6248827],[0.0191926,51.6248771],[0.0191436,51.6248647],[0.0191141,51.6248571],[0.019044,51.6248242],[0.019037,51.6247382],[0.0190365,51.6247317],[0.019026,51.6246031],[0.0190165,51.6244868],[0.0190068,51.6243674],[0.0190009,51.6242946],[0.0190002,51.6242862],[0.018993,51.6242723],[0.0189805,51.6242482],[0.018971,51.6242388],[0.0189521,51.6242202],[0.0189285,51.6242059],[0.0189152,51.6241979],[0.0188899,51.6241882],[0.0188694,51.6241807],[0.0188348,51.6241678],[0.0188085,51.6241474],[0.0187696,51.6241163],[0.0187695,51.6240699],[0.0187695,51.6240522],[0.0187752,51.6240362],[0.018782,51.6240172],[0.0187951,51.6239802],[0.018798,51.6239721],[0.0188008,51.6239642],[0.0187873,51.6239044],[0.0187842,51.6238905],[0.0187828,51.6238843],[0.0187831,51.6238723],[0.0187842,51.6238333],[0.0187878,51.6238171],[0.0187887,51.6238131],[0.0187895,51.6238095],[0.018797,51.6237763],[0.0188114,51.6237506],[0.0188244,51.6237477],[0.0188827,51.6237401],[0.0188988,51.623738],[0.0189036,51.6237374],[0.0189078,51.6237384],[0.0189633,51.6237518],[0.0189739,51.6237543],[0.0189782,51.6237546],[0.0190183,51.6237573],[0.0190725,51.6237168],[0.0190585,51.623685],[0.0190564,51.6236802],[0.0189867,51.623645],[0.0189788,51.623641],[0.0189677,51.6236354],[0.0189241,51.6236063],[0.0189194,51.6236032],[0.0189092,51.6235964],[0.0188825,51.6235785],[0.0188719,51.6235743],[0.0188307,51.6235584],[0.018822,51.6235567],[0.0187903,51.6235506],[0.0187323,51.6235394],[0.0186193,51.6235357],[0.018559,51.6235199],[0.0185563,51.6234934],[0.0185554,51.6234853],[0.0185542,51.6234732],[0.0185842,51.6234373],[0.0185998,51.623431],[0.018693,51.6233933],[0.0187102,51.6233864],[0.0187523,51.6233594],[0.0187878,51.6233253],[0.0188086,51.6232981],[0.0188089,51.623293],[0.0188075,51.6232613],[0.0187906,51.6232155],[0.018788,51.6232084],[0.0187695,51.6231784],[0.0187064,51.6231179],[0.0187031,51.6231147],[0.0186348,51.6230498],[0.0186139,51.6230294],[0.0186047,51.6230057],[0.0185997,51.6229927],[0.0185926,51.6229745],[0.0185711,51.6229194],[0.0185422,51.622883],[0.0185281,51.6228654],[0.018462,51.6227995],[0.0183864,51.6227443],[0.0183359,51.6227181],[0.0182478,51.6226724],[0.0181416,51.6226096],[0.0180618,51.6225624],[0.0179479,51.6224951],[0.0177674,51.6223884],[0.017675,51.6223392],[0.0175872,51.6222924],[0.0175421,51.6222954],[0.0174276,51.6223195],[0.0173181,51.6223636],[0.0172931,51.6223737],[0.0172794,51.6223787],[0.0172288,51.6223973],[0.0171048,51.6223805],[0.0170671,51.6223754],[0.0170557,51.6223697],[0.0170292,51.6223564],[0.017028,51.6223538],[0.0170163,51.6223293],[0.0170212,51.6223181],[0.0170794,51.6221871],[0.0171016,51.6221344],[0.0171065,51.6221044],[0.017096,51.6220654],[0.0170893,51.6220405],[0.0170704,51.6220159],[0.0170662,51.6220105],[0.0170615,51.6220064],[0.0170306,51.6219794],[0.0169852,51.6219534],[0.0169447,51.6219364],[0.0168414,51.6219118],[0.0167138,51.6218814],[0.0166733,51.6218717],[0.0166564,51.6218677],[0.016555,51.6218435],[0.016497,51.6218377],[0.0162657,51.6218145],[0.0161901,51.6217765],[0.0161917,51.6217712],[0.0162331,51.6216484],[0.0162261,51.6216126],[0.0161779,51.6215627],[0.0161164,51.621499],[0.016143,51.6214648],[0.0161494,51.6214634],[0.0161878,51.6214591],[0.016202,51.6214576],[0.0162587,51.6214335],[0.0162859,51.6214135],[0.0163076,51.6213818],[0.0163125,51.6213449],[0.0163099,51.6213385],[0.0162996,51.6213155],[0.0162702,51.621284],[0.0160542,51.621182],[0.016041,51.6211758],[0.0160086,51.6211756],[0.0159968,51.6211747],[0.015927,51.6210391],[0.0158697,51.6209276],[0.0157519,51.6209173],[0.0156631,51.6209096],[0.0155924,51.6208626],[0.0155727,51.6208575],[0.0155195,51.620844],[0.015512,51.620842],[0.0155037,51.6208428],[0.015452,51.6208477],[0.0152739,51.6208644],[0.0152191,51.6208695],[0.0151715,51.6207976],[0.0151413,51.620762],[0.0151248,51.6207426],[0.0150883,51.6207141],[0.0150312,51.6206696],[0.0149042,51.620607],[0.0144793,51.6203976],[0.0143507,51.6203286],[0.0143286,51.6203129],[0.0143148,51.620303],[0.014443,51.6201906],[0.0145552,51.6200736],[0.014647,51.6199447],[0.0147079,51.6197507],[0.0147195,51.6195427],[0.014678,51.6194117],[0.0146765,51.6194068],[0.014642,51.6193082],[0.0145424,51.6190237],[0.0145075,51.618924],[0.0144997,51.6189017],[0.0143506,51.6188821],[0.0143335,51.6188798],[0.0143292,51.6188794],[0.0142566,51.6188724],[0.0141975,51.6188667],[0.0139906,51.6188847],[0.0126381,51.6190667],[0.0122369,51.6190948],[0.0122052,51.619095],[0.0118269,51.6190978],[0.0117748,51.6190976],[0.0117431,51.6190975],[0.0115701,51.6190971],[0.0114512,51.6190967],[0.0114086,51.6190912],[0.0111961,51.6190637],[0.0110855,51.6190696],[0.0110187,51.6190732],[0.0109991,51.6190742],[0.0109926,51.6190746],[0.0108961,51.6190797],[0.0108539,51.6190542],[0.0108169,51.6190319],[0.0107982,51.6190207],[0.0107742,51.6190062],[0.010749,51.618991],[0.0107347,51.6189823],[0.0106794,51.618949],[0.0103553,51.6190596],[0.0103867,51.6191043],[0.0104101,51.6191378],[0.010264,51.6191801],[0.010248,51.6191846],[0.0102303,51.6191553],[0.0102022,51.6191087],[0.0101988,51.6191051],[0.0101804,51.6190856],[0.0101415,51.6190637],[0.0101332,51.6190611],[0.0100915,51.619048],[0.0100858,51.6190467],[0.0100087,51.6190448],[0.0100015,51.6190452],[0.0099717,51.6190588],[0.0099562,51.6190659],[0.0099236,51.6190808],[0.0097678,51.619152],[0.0097246,51.6191717],[0.0097175,51.6191713],[0.0096898,51.6191697],[0.0096378,51.6191666],[0.0096263,51.619166],[0.009441,51.6191552],[0.0094117,51.6191536],[0.0093495,51.6191554],[0.009345,51.6191555],[0.0093296,51.6191559],[0.0092115,51.6191593],[0.0090244,51.6191646],[0.0087785,51.619081],[0.0090021,51.6189827],[0.0090199,51.6189774],[0.0090589,51.6189657],[0.0090957,51.6189547],[0.0092921,51.6188996],[0.0095039,51.6188402],[0.0098991,51.6187294],[0.0100789,51.618679],[0.0101338,51.6186636],[0.0106145,51.6185288],[0.011376,51.6183231],[0.012962,51.6178946],[0.0135239,51.6177428],[0.0147013,51.6173999],[0.0148198,51.6173615],[0.0151086,51.6172681],[0.0152728,51.617215],[0.0157974,51.6170539],[0.0160413,51.6169341],[0.016132,51.6168949],[0.0161485,51.616889],[0.0162514,51.6168512],[0.0173033,51.6158841],[0.017567,51.615642],[0.0175982,51.6156133],[0.0176106,51.6156019],[0.0177194,51.615502],[0.0177264,51.6154956],[0.0177661,51.6154591],[0.0177862,51.6154406],[0.0178199,51.6154097],[0.0178953,51.6153404],[0.0179565,51.6152842],[0.0179882,51.6152551],[0.0180033,51.6152412],[0.018096,51.6151561],[0.0181729,51.6150854],[0.0182224,51.6150399],[0.0182626,51.615003],[0.0182913,51.6149767],[0.0183482,51.6149244],[0.0183849,51.6148907],[0.0184974,51.6147874],[0.018514,51.6147722],[0.0185235,51.6147634],[0.0186465,51.6146504],[0.0186679,51.6146308],[0.0186916,51.614609],[0.0187196,51.6145833],[0.0187951,51.6145139],[0.0188648,51.6144499],[0.0189057,51.6144123],[0.0189793,51.6143447],[0.0190156,51.6143114],[0.0190681,51.6142631],[0.0192302,51.6141143],[0.0192659,51.6140815],[0.019316,51.6140354],[0.0193388,51.6140145],[0.0193567,51.6139981],[0.0193964,51.6139616],[0.0196541,51.6137249],[0.019708,51.6136753],[0.019886,51.6135118],[0.0199084,51.6134912],[0.0199432,51.6134593],[0.0199479,51.613455],[0.0200691,51.6133436],[0.0200802,51.6133335],[0.020204,51.6132197],[0.0202131,51.6132114],[0.0205117,51.6129371],[0.0205161,51.6129331],[0.02056,51.6128927],[0.0207628,51.612713],[0.0207743,51.6127028],[0.0210464,51.6124616],[0.0212014,51.6123022],[0.0212105,51.6122929],[0.0212312,51.6122716],[0.0212646,51.6122317],[0.0213013,51.6121779],[0.0213078,51.6121685],[0.0213172,51.6121547],[0.0213279,51.6121276],[0.0213359,51.6121072],[0.0213486,51.6120751],[0.0213642,51.6120356],[0.0213665,51.6120123],[0.0213672,51.6120049],[0.0213765,51.6119116],[0.0213792,51.6118843],[0.0213804,51.6118717],[0.021378,51.6118169],[0.0213778,51.6118132],[0.0213753,51.6117567],[0.0213698,51.6117174],[0.0213685,51.6117079],[0.0213615,51.6116578],[0.0213515,51.6115868],[0.0213075,51.6114297],[0.0211773,51.6111817],[0.0213149,51.6111551],[0.0213734,51.6111438],[0.0213215,51.611032],[0.0212782,51.6109386],[0.0212725,51.6109263],[0.0212458,51.6108685],[0.0211919,51.6107523],[0.0211556,51.6106999],[0.021147,51.6106876],[0.0211005,51.6106205],[0.0210912,51.6106072],[0.0210807,51.610592],[0.021074,51.6105823],[0.0210485,51.6105455],[0.0208341,51.6106008],[0.0207954,51.6105432],[0.0207483,51.6104726],[0.0206557,51.6103335],[0.0206489,51.6103234],[0.0206443,51.6103165],[0.0206113,51.6102669],[0.0206825,51.610174],[0.0206873,51.6101678],[0.0206697,51.6101421],[0.0206661,51.6101368],[0.0206586,51.6101259],[0.020656,51.610122],[0.0205629,51.6099856],[0.0205574,51.6099776],[0.020495,51.6098862],[0.0204924,51.6098824],[0.0204218,51.609779],[0.0203769,51.6097204],[0.0203681,51.6097089],[0.020288,51.609739],[0.020185,51.6097776],[0.0201486,51.6097052],[0.0201445,51.6096969],[0.0201102,51.6096272],[0.0200277,51.6094595],[0.0200171,51.609438],[0.0199032,51.6092063],[0.0198626,51.6091237],[0.0198591,51.6091165],[0.0198519,51.609102],[0.0198277,51.6090772],[0.0197965,51.6090452],[0.0197882,51.6090369],[0.0196808,51.6089269],[0.0196531,51.6088893],[0.0196468,51.6088806],[0.0196404,51.608872],[0.0196233,51.6088402],[0.0195913,51.608781],[0.0195462,51.608662],[0.0196786,51.608619],[0.0196571,51.608564],[0.0196549,51.6085585],[0.0196503,51.6085469],[0.0196481,51.6085414],[0.0196086,51.6084415],[0.0196069,51.6084373],[0.0195812,51.6083724],[0.0195711,51.6083468],[0.0195019,51.6081721],[0.0194123,51.6081934],[0.019359,51.6082061],[0.019354,51.6082073],[0.0193114,51.6082168],[0.019292,51.6082211],[0.01924,51.6082294],[0.0192882,51.6080941],[0.0193175,51.6080124],[0.0194131,51.6077461],[0.0194503,51.6076426],[0.0190879,51.6077721],[0.0189042,51.6074777],[0.0188313,51.6073609],[0.018706,51.6071602],[0.0185215,51.6068889],[0.0185168,51.606882],[0.0182735,51.6065242],[0.0181946,51.6063931],[0.0181896,51.6063847],[0.0181516,51.6063214],[0.0180137,51.6060919],[0.0179869,51.6060474],[0.0181276,51.6060034],[0.0180645,51.6059718],[0.0180581,51.6059687],[0.0180109,51.6059186],[0.0179829,51.6058887],[0.0179862,51.6058485],[0.0179892,51.6058144],[0.0176263,51.6055143],[0.0176225,51.6055111],[0.0175907,51.6054848],[0.0174318,51.6053534],[0.0174285,51.6053487],[0.0174003,51.6053073],[0.0173965,51.6053034],[0.0173854,51.6052906],[0.0173184,51.6052131],[0.0173005,51.6051922],[0.0172766,51.6051646],[0.0172724,51.6051597],[0.0171849,51.6050585],[0.0171316,51.6049804],[0.0171299,51.604978],[0.017117,51.6049589],[0.0171084,51.6049464],[0.017097,51.6049298],[0.0170892,51.6049183],[0.0170543,51.6048671],[0.017045,51.6048535],[0.0170411,51.6048482],[0.0169553,51.6047304],[0.0169411,51.6047109],[0.0168844,51.604633],[0.0168013,51.6045188],[0.0167896,51.6045028],[0.0167697,51.6044753],[0.0167514,51.6044503],[0.016714,51.6043989],[0.0167056,51.6043874],[0.0165052,51.604112],[0.0163155,51.6038514],[0.0163009,51.6038314],[0.0162423,51.6037509],[0.0162383,51.6037454],[0.0160795,51.6035273],[0.015737,51.6030567],[0.0155055,51.6027332],[0.0155022,51.6027284],[0.0154596,51.6026689],[0.0149919,51.602015],[0.0149253,51.6019219],[0.0149098,51.6019002],[0.0148172,51.6017708],[0.0146739,51.6015943],[0.0146696,51.601589],[0.0145605,51.6014547],[0.0145546,51.6014474],[0.0145462,51.6014371],[0.0145266,51.601413],[0.0145211,51.6014063],[0.0144756,51.6013502],[0.0144696,51.6013428],[0.0144287,51.6012924],[0.01442,51.6012818],[0.0144092,51.6012684],[0.0143361,51.6011785],[0.0143319,51.6011732],[0.0142731,51.6011009],[0.0142593,51.6010839],[0.0142547,51.6010782],[0.0141423,51.6009399],[0.0139798,51.6007253],[0.0139137,51.6006382],[0.0138845,51.6005996],[0.0138569,51.600563],[0.0137697,51.6004481],[0.0137282,51.6003934],[0.0137035,51.6003608],[0.0137005,51.6003568],[0.0136407,51.6002778],[0.0134702,51.6000528],[0.0134519,51.6000287],[0.0134026,51.5999636],[0.0134003,51.5999606],[0.0133977,51.5999572],[0.0133794,51.599933],[0.0133482,51.5998889],[0.0133433,51.5998821],[0.01334,51.5998774],[0.0133209,51.5998505],[0.013262,51.5997675],[0.0132571,51.5997605],[0.0131737,51.5996431],[0.0131718,51.5996403],[0.013166,51.5996322],[0.0131453,51.5996029],[0.0131405,51.5995962],[0.0131366,51.5995907],[0.0131084,51.5995509],[0.0131031,51.5995434],[0.0130617,51.5994851],[0.0130551,51.5994758],[0.013041,51.5994559],[0.0130376,51.5994511],[0.0130309,51.5994417],[0.012974,51.5993615],[0.0129667,51.5993513],[0.0129525,51.5993312],[0.0129265,51.5992946],[0.0128908,51.5992441],[0.0128885,51.599241],[0.0128865,51.5992314],[0.0128772,51.599187],[0.0128668,51.5991381],[0.0128622,51.5990928],[0.0128614,51.5990855],[0.0128603,51.5990749],[0.0128598,51.5990697],[0.0128579,51.5990515],[0.0128229,51.59871],[0.0128204,51.5986875],[0.0128198,51.598681],[0.0128131,51.5986162],[0.0128115,51.5986013],[0.0128106,51.5985924],[0.0127813,51.5983077],[0.0127679,51.5981771],[0.0127591,51.5980918],[0.0127559,51.5980607],[0.0127514,51.5980171],[0.0127116,51.5977415],[0.0126886,51.5975819],[0.012688,51.5975775],[0.0126781,51.5975093],[0.0126765,51.5974979],[0.0126681,51.5974395],[0.0126676,51.5974361],[0.0126336,51.5972005],[0.0126204,51.5971092],[0.0126194,51.5971022],[0.0126143,51.5970665],[0.0126127,51.5970558],[0.0126119,51.5970503],[0.0125997,51.5969658],[0.0125989,51.5969603],[0.0125963,51.596942],[0.0125823,51.5968451],[0.0125807,51.5968338],[0.0125803,51.5968311],[0.0125799,51.5968283],[0.0125703,51.5967616],[0.0125696,51.5967567],[0.0125532,51.5966432],[0.0125457,51.5965911],[0.0125446,51.5965838],[0.0125375,51.5965345],[0.0125273,51.5964637],[0.0125265,51.5964582],[0.0125241,51.5964415],[0.0125158,51.596384],[0.0125144,51.5963685],[0.0125088,51.5963057],[0.0125079,51.5962957],[0.012507,51.5962864],[0.0125074,51.5962803],[0.0125085,51.5962642],[0.0125119,51.5962123],[0.0125128,51.5962084],[0.0125168,51.5961921],[0.012518,51.5961871],[0.012534,51.5961205],[0.0125245,51.5960494],[0.0125221,51.5960312],[0.0125189,51.5960072],[0.0125123,51.5959573],[0.0125102,51.5959414],[0.0125056,51.5959064],[0.0125049,51.5959011],[0.0124975,51.5958453],[0.0124955,51.5958304],[0.0124949,51.5958261],[0.0124945,51.5958232],[0.012487,51.5957661],[0.0124802,51.595715],[0.0124798,51.5957124],[0.0124768,51.5956941],[0.0124759,51.5956881],[0.0124568,51.5955736],[0.012444,51.5954963],[0.0124421,51.5954851],[0.0124337,51.5954331],[0.0124324,51.5954264],[0.0124147,51.5953199],[0.0124142,51.5953169],[0.0124115,51.5953009],[0.0123916,51.5951801],[0.012353,51.594946],[0.012352,51.5949398],[0.0123512,51.594935],[0.0123148,51.5947145],[0.0122906,51.5945973],[0.01227,51.5944976],[0.0122526,51.5944045],[0.0122369,51.5943214],[0.0121952,51.5941083],[0.0121459,51.593856],[0.0121437,51.5938447],[0.012109,51.5936676],[0.0121052,51.5936483],[0.0120577,51.5934051],[0.0120402,51.5933159],[0.0120396,51.593313],[0.0120328,51.5932779],[0.0120318,51.5932731],[0.0120021,51.5930344],[0.0120005,51.5930212],[0.0120001,51.5930177],[0.011994,51.5929688],[0.0119807,51.5928131],[0.0119786,51.5927885],[0.0119659,51.5926397],[0.011964,51.5926184],[0.0119586,51.5925544],[0.0119637,51.5924735],[0.011964,51.5924695],[0.0119735,51.5923207],[0.0119748,51.5923142],[0.011977,51.5923034],[0.0119989,51.5921955],[0.0120005,51.5921879],[0.0120044,51.5921684],[0.0120316,51.5920348],[0.0120371,51.5920075],[0.0120409,51.5919888],[0.0120425,51.5919742],[0.0120432,51.5919683],[0.0120503,51.5919017],[0.012055,51.5918579],[0.0120829,51.5917863],[0.0121538,51.591604],[0.0121552,51.5916005],[0.0121587,51.5915914],[0.0121921,51.5915398],[0.0122138,51.5915063],[0.0122651,51.5914269],[0.0122861,51.5913995],[0.0122882,51.5913967],[0.0123097,51.5913684],[0.0123208,51.591354],[0.0123573,51.5913061],[0.0123871,51.591267],[0.0123804,51.5912403],[0.0123792,51.5912356],[0.0123642,51.5911767],[0.0123193,51.5909993],[0.0123163,51.5909874],[0.0123124,51.5909719],[0.0123117,51.5909694],[0.0123164,51.5909567],[0.0123607,51.5908363],[0.0123643,51.5908264],[0.0123687,51.5908146],[0.0123899,51.590757],[0.0124136,51.5906665],[0.0124193,51.5906447],[0.0124444,51.5905489],[0.0124474,51.5905373],[0.0124643,51.590473],[0.0124685,51.5904567],[0.0124918,51.590368],[0.0124924,51.5903555],[0.0124944,51.5902983],[0.0124949,51.5902845],[0.0124953,51.5902744],[0.0124957,51.5902629],[0.012502,51.5900969],[0.0125025,51.5900826],[0.0125054,51.5900062],[0.0125055,51.5900033],[0.0125108,51.5898612],[0.0125129,51.5898058],[0.0125135,51.5898015],[0.0125176,51.5897685],[0.0125211,51.5897407],[0.0125241,51.5897173],[0.0125288,51.58968],[0.0125303,51.5896679],[0.012546,51.5895441],[0.0125751,51.5893136],[0.0125896,51.5892154],[0.0125908,51.589207],[0.0126049,51.5891116],[0.0126223,51.5889937],[0.0126231,51.5889887],[0.0126334,51.5889226],[0.01268,51.5886253],[0.0127027,51.5884741],[0.0127083,51.5884364],[0.0127705,51.5880219],[0.0127926,51.5878743],[0.0128173,51.5877113],[0.0128319,51.5876124],[0.0129186,51.586961],[0.0129331,51.5868388],[0.0129503,51.5866935],[0.0129527,51.5866731],[0.0129863,51.5863896],[0.0130316,51.5860075],[0.0130619,51.5858352],[0.013103,51.5856034],[0.0131369,51.5854087],[0.0131468,51.5853473],[0.013148,51.5853399],[0.0131618,51.5852545],[0.0131648,51.5852361],[0.0131674,51.5852197],[0.0131681,51.5852154],[0.0132215,51.5848848],[0.0132276,51.584847],[0.0132543,51.5846815],[0.0132573,51.5846635],[0.0132736,51.5845623],[0.0132975,51.5843498],[0.0132988,51.5843384],[0.0133255,51.5841023],[0.0133572,51.5838724],[0.0133595,51.5838551],[0.0133691,51.5837855],[0.0137285,51.5836013],[0.0140998,51.583411],[0.0143489,51.5833287],[0.0154814,51.5832873],[0.0154129,51.5829571],[0.0153855,51.582725],[0.0154031,51.5825322],[0.015312,51.5825192],[0.0152461,51.58251],[0.0153796,51.5822036],[0.0154738,51.5820506],[0.0154966,51.5820202],[0.0155301,51.5819755],[0.0155431,51.5819649],[0.0156691,51.5818618],[0.0155428,51.5818166],[0.0155389,51.5818152],[0.0154916,51.5817983],[0.0154283,51.5817761],[0.0153779,51.5817576],[0.0153689,51.5817543],[0.0152331,51.5817054],[0.0155414,51.5810509],[0.0155653,51.5810002],[0.0157002,51.5807137],[0.0159769,51.5801262],[0.0160127,51.5800532],[0.0161264,51.5798207],[0.016374,51.5793148],[0.0166146,51.5791885],[0.0166279,51.57916],[0.016652,51.5791084],[0.0166963,51.5790134],[0.0167078,51.5789889],[0.0167747,51.5788462],[0.0167765,51.5788416],[0.0167883,51.5788164],[0.0169257,51.578522],[0.0169668,51.578434],[0.0169838,51.5783975],[0.0171054,51.5781371],[0.0171096,51.578128],[0.0171109,51.5781252],[0.0171154,51.5781156],[0.017172,51.5779944],[0.0171908,51.5779542],[0.0172308,51.5778685],[0.0172473,51.577833],[0.0172593,51.5778075],[0.0172612,51.5778034],[0.0173162,51.5776855],[0.0173254,51.5776657],[0.0173353,51.5776447],[0.0173603,51.5775911],[0.0174011,51.577486],[0.0174058,51.5774737],[0.0174129,51.5774556],[0.0174069,51.5772846],[0.0174067,51.5772783],[0.0174063,51.5772658],[0.0174056,51.5772466],[0.0173994,51.5770688],[0.0173992,51.5770636],[0.0173924,51.5768615],[0.0173909,51.5768247],[0.0173901,51.5768014],[0.0173872,51.5767179],[0.0173866,51.5767003],[0.0173864,51.5766945],[0.0173831,51.5765982],[0.0173807,51.5765322],[0.0173801,51.576515],[0.0173797,51.5765037],[0.0173768,51.5764735],[0.017362,51.5763203],[0.0173566,51.5762646],[0.0173198,51.5758842],[0.0173318,51.5756985],[0.0173365,51.5756276],[0.0173378,51.5756063],[0.0173406,51.5755635],[0.0173471,51.5754629],[0.0173514,51.5753959],[0.017352,51.5753355],[0.0173532,51.5752209],[0.0173533,51.57521],[0.0173547,51.5750699],[0.017355,51.5750394],[0.0173561,51.5749299],[0.01739,51.5745949],[0.0173878,51.5745459],[0.0173818,51.574411],[0.0173739,51.5743914],[0.0173309,51.574285],[0.017317,51.5742505],[0.0172784,51.5742062],[0.0172716,51.5741983],[0.0171963,51.5741115],[0.0171859,51.5740972],[0.0171001,51.5739775],[0.0170612,51.5739232],[0.0169459,51.5737624],[0.0169046,51.5737049],[0.016894,51.57369],[0.0168319,51.5736035],[0.0166744,51.5733955],[0.0166665,51.5733852],[0.0166461,51.5733581],[0.0166064,51.5733057],[0.0165995,51.5732966],[0.0165404,51.5732186],[0.0164751,51.5731323],[0.016465,51.5731191],[0.0164535,51.573097],[0.0164463,51.5730866],[0.0164419,51.573079],[0.016345,51.5729092],[0.0163505,51.5729075],[0.0164593,51.5728852],[0.0164913,51.572881],[0.0166717,51.5728567],[0.0168591,51.5728055],[0.0168632,51.5728044],[0.0170602,51.5727507],[0.0170706,51.5727474],[0.0172309,51.5726971],[0.0173102,51.5726722],[0.017334,51.5726604],[0.0173684,51.5726434],[0.017397,51.5726291],[0.0174717,51.5725921],[0.0174865,51.5725797],[0.0175592,51.5725186],[0.0176239,51.5724642],[0.0176358,51.5724526],[0.0176708,51.5724185],[0.0177167,51.5723739],[0.0177325,51.5723585],[0.0177821,51.5723103],[0.0177937,51.5722964],[0.0178011,51.5722875],[0.0178515,51.5722267],[0.0178917,51.5721783],[0.0180149,51.5720203],[0.0182609,51.5721137],[0.0187515,51.5722999],[0.0187604,51.5723033],[0.0187757,51.5723089],[0.0188833,51.5723479],[0.0188947,51.5722764],[0.0188974,51.5722596],[0.0188988,51.5722511],[0.0189006,51.5722317],[0.0189015,51.5722215],[0.0189025,51.5722105],[0.0189061,51.5721711],[0.0189124,51.5721016],[0.0189239,51.5719762],[0.0189354,51.5718504],[0.0189445,51.5717499],[0.018945,51.5717454],[0.0189574,51.5715191],[0.0189709,51.5712669],[0.018974,51.5712114],[0.0189958,51.5708088],[0.0190066,51.5706114],[0.0190171,51.5705231],[0.0190175,51.5705203],[0.019018,51.570516],[0.0190485,51.570261],[0.0190706,51.5700768],[0.019074,51.5700485],[0.0190888,51.5699247],[0.018767,51.5699835],[0.0186567,51.5700037],[0.0186337,51.5700088],[0.0184603,51.5700475],[0.0184251,51.5700657],[0.0183597,51.5700997],[0.0183448,51.5701075],[0.0182475,51.5701305],[0.0181555,51.5701304],[0.0180452,51.5701137],[0.0179721,51.5701025],[0.0177951,51.5700785],[0.0177108,51.5700474],[0.0176675,51.5700016],[0.0176853,51.5699419],[0.0176869,51.5699364],[0.017731,51.5698415],[0.0177638,51.5697711],[0.0178203,51.5696496],[0.017854,51.5695771],[0.0178566,51.5695715],[0.0178921,51.569495],[0.0179068,51.5694635],[0.0179275,51.5694149],[0.0179335,51.569401],[0.0179356,51.569396],[0.0180157,51.5692081],[0.0180286,51.5691778],[0.0180542,51.5691178],[0.0180846,51.5690466],[0.0181304,51.5689393],[0.0181495,51.5688946],[0.0181963,51.5687908],[0.0182489,51.5686741],[0.0183182,51.5685204],[0.0183715,51.5684021],[0.0184164,51.5683027],[0.0184729,51.5681221],[0.018503,51.5680259],[0.0185367,51.5679182],[0.0185559,51.5678567],[0.0185609,51.5678407],[0.0185804,51.5678045],[0.0186218,51.5677275],[0.0186539,51.567668],[0.0186804,51.5676187],[0.0187148,51.5675547],[0.0188095,51.5673787],[0.0188279,51.5673444],[0.0188981,51.5672141],[0.0189084,51.5671949],[0.0189196,51.5671743],[0.0189401,51.5671369],[0.0189551,51.5671031],[0.0189663,51.5670778],[0.0189741,51.5670563],[0.018988,51.5670179],[0.0189919,51.5670035],[0.0190058,51.5669518],[0.0190064,51.566949],[0.0190129,51.5669135],[0.0190182,51.5668849],[0.0190206,51.5668614],[0.0190245,51.5668239],[0.0190257,51.5667846],[0.0190261,51.5667704],[0.0190263,51.5667624],[0.0190238,51.5667381],[0.019023,51.5667305],[0.01902,51.5667019],[0.01901,51.5666454],[0.0190092,51.5666409],[0.0190034,51.5666142],[0.0190024,51.5666099],[0.0189932,51.5665863],[0.0189821,51.5665579],[0.0189575,51.5665082],[0.0189451,51.5664876],[0.0189262,51.566457],[0.0189187,51.5664461],[0.0188925,51.5664079],[0.0188578,51.5663589],[0.0188195,51.5663089],[0.0188169,51.5663056],[0.01877,51.5662453],[0.0187518,51.5662221],[0.0187373,51.5662055],[0.0186844,51.5661451],[0.0186617,51.5661291],[0.0186466,51.5661185],[0.0186307,51.5661074],[0.0185348,51.5660396],[0.0184965,51.5660132],[0.0184804,51.5660019],[0.0184394,51.5659749],[0.0183364,51.565907],[0.0183244,51.5659011],[0.0182942,51.5658864],[0.0182708,51.5658749],[0.0181507,51.5658163],[0.0181253,51.5658063],[0.0181054,51.5657985],[0.0180714,51.5657852],[0.0180509,51.5657772],[0.0180265,51.5657676],[0.0180214,51.5657656],[0.0179657,51.5657439],[0.0178731,51.5657171],[0.0178373,51.5657067],[0.017759,51.5656841],[0.0177483,51.565681],[0.0176438,51.5656632],[0.0176237,51.5656598],[0.0175075,51.5656401],[0.017488,51.5656382],[0.0174318,51.5656327],[0.0173712,51.5656269],[0.0172715,51.5656172],[0.0171831,51.5656087],[0.0171661,51.565607],[0.0171488,51.5656072],[0.0170869,51.5656077],[0.0169299,51.5656091],[0.0168641,51.5656097],[0.0167715,51.5656105],[0.0166693,51.5656115],[0.0165478,51.5656125],[0.0165034,51.5656129],[0.0163452,51.56561],[0.0162783,51.5656087],[0.0161824,51.5656069],[0.0159736,51.565603],[0.0159282,51.5656021],[0.0159162,51.5656019],[0.0158547,51.5656008],[0.0158034,51.5655998],[0.0155965,51.5655959],[0.0155724,51.565596],[0.0154955,51.5655964],[0.0154177,51.5655968],[0.0154025,51.5655969],[0.0152051,51.565598],[0.0150734,51.5655987],[0.014617,51.565601],[0.0144307,51.565602],[0.0144421,51.5654192],[0.014455,51.565213],[0.014432,51.565086],[0.0144266,51.5650549],[0.0144229,51.5650344],[0.014393,51.5648677],[0.0143896,51.5648491],[0.0143888,51.5648443],[0.0143882,51.5648412],[0.0143875,51.564837],[0.0143629,51.5647005],[0.0143596,51.5646784],[0.0143536,51.5646381],[0.0143395,51.5645436],[0.0143275,51.5644631],[0.0143168,51.5643911],[0.0143156,51.5643689],[0.014314,51.5643393],[0.0143094,51.5642522],[0.0143002,51.5640798],[0.0142961,51.5640034],[0.0142951,51.5639846],[0.0142933,51.5639511],[0.0142912,51.5639127],[0.0142905,51.5638982],[0.0142833,51.5638434],[0.0142801,51.563819],[0.0142728,51.5637625],[0.0142398,51.5634975],[0.0142349,51.5634575],[0.0142307,51.5634242],[0.0142252,51.5633676],[0.0142118,51.5632298],[0.0142066,51.5631756],[0.0142023,51.5631311],[0.0141959,51.5630655],[0.0141919,51.5630247],[0.0141904,51.563009],[0.0141898,51.5630029],[0.0141878,51.5629822],[0.0141878,51.5629746],[0.014188,51.562946],[0.0141881,51.5629227],[0.0141883,51.5628828],[0.0141887,51.5628135],[0.0141888,51.5628033],[0.0141891,51.5627597],[0.0141892,51.5627433],[0.0141892,51.5627344],[0.0141896,51.5626716],[0.0141896,51.562667],[0.0141897,51.562654],[0.0141898,51.5626324],[0.01419,51.5625982],[0.0141903,51.5625456],[0.0141904,51.5625341],[0.0141905,51.5625147],[0.0141916,51.5623197],[0.0141919,51.5622818],[0.0141921,51.5622433],[0.0141917,51.5622262],[0.0141863,51.5620054],[0.0141837,51.561896],[0.0141812,51.5617924],[0.0141821,51.5617366],[0.0141873,51.5614377],[0.0141893,51.5613234],[0.0142754,51.5610225],[0.0143332,51.5608208],[0.0144256,51.5604982],[0.0144558,51.5603926],[0.0144713,51.5603385],[0.0145772,51.5600015],[0.0145781,51.5599984],[0.0146157,51.5598788],[0.0146186,51.5598697],[0.0146234,51.5598542],[0.0146254,51.5598479],[0.0146791,51.5596771],[0.0146809,51.5596713],[0.0146914,51.5596377],[0.0146961,51.559623],[0.0147234,51.559536],[0.0147541,51.5594382],[0.0147698,51.5594376],[0.0148545,51.5594377],[0.0148915,51.5594377],[0.0149266,51.5594377],[0.0149337,51.5594377],[0.0150041,51.5594377],[0.0150464,51.559435],[0.01516,51.5594277],[0.0151699,51.5594271],[0.0153407,51.5594162],[0.0153525,51.5594154],[0.0153799,51.5594137],[0.0153996,51.5594114],[0.015412,51.55941],[0.0154488,51.5594057],[0.0155046,51.5593993],[0.0155528,51.5593937],[0.0156033,51.5593878],[0.0156221,51.5593856],[0.0157365,51.5593657],[0.0157504,51.5593633],[0.0157596,51.5593617],[0.0157644,51.5593608],[0.0157876,51.5593568],[0.0157976,51.5593547],[0.0158205,51.55935],[0.0158695,51.5593398],[0.015897,51.5593341],[0.0159498,51.5593231],[0.0159982,51.559311],[0.0160219,51.5593051],[0.0160353,51.5593017],[0.0160695,51.5592931],[0.0160751,51.5592917],[0.0161079,51.5592813],[0.0161143,51.5592793],[0.0162132,51.5592479],[0.0162334,51.5592415],[0.0162796,51.5592268],[0.0163171,51.5592098],[0.0163528,51.5591936],[0.0163819,51.5591804],[0.0163948,51.5591745],[0.0164135,51.559166],[0.0164229,51.5591618],[0.0164725,51.5591393],[0.0164886,51.559132],[0.0165082,51.5591231],[0.0165207,51.5591174],[0.0165589,51.5591001],[0.0165824,51.5590894],[0.0165906,51.5590857],[0.016597,51.5590828],[0.0166228,51.5590697],[0.0166761,51.5590425],[0.0166828,51.5590391],[0.0167023,51.5590291],[0.0167227,51.5590188],[0.016746,51.5590069],[0.0167857,51.5589867],[0.0168464,51.5589532],[0.0168648,51.5589431],[0.0168711,51.5589396],[0.016922,51.5589115],[0.0169435,51.5588996],[0.017025,51.5588546],[0.0170479,51.558842],[0.0170551,51.5588381],[0.0170705,51.5588296],[0.0170833,51.5588225],[0.0170948,51.5588161],[0.0171002,51.5588132],[0.0171298,51.5587968],[0.0172164,51.5587425],[0.0172237,51.558738],[0.0172324,51.5587326],[0.0172613,51.5587144],[0.0172683,51.55871],[0.017323,51.5586758],[0.0173447,51.5586622],[0.0174011,51.5586268],[0.0174049,51.5586244],[0.0174133,51.5586192],[0.0174394,51.5586028],[0.0174789,51.558578],[0.0175166,51.5585544],[0.01752,51.5585523],[0.0175242,51.5585497],[0.0175288,51.5585467],[0.0175409,51.5585392],[0.0175567,51.5585293],[0.0176135,51.5584937],[0.017621,51.558489],[0.0176966,51.5584416],[0.0177061,51.5584356],[0.0177197,51.5584271],[0.0177372,51.5584161],[0.0177457,51.5584108],[0.0177725,51.5583862],[0.0177869,51.558373],[0.017802,51.5583591],[0.0178074,51.5583542],[0.0178525,51.5583128],[0.0178596,51.5583063],[0.01787,51.5582968],[0.0178798,51.5582878],[0.0178947,51.5582774],[0.0179179,51.5582616],[0.0179263,51.5582559],[0.0179521,51.5582384],[0.0180279,51.5581868],[0.018081,51.5581412],[0.0180895,51.558134],[0.0181304,51.5580989],[0.0181791,51.5580564],[0.018208,51.5580311],[0.0182256,51.5580158],[0.0182459,51.5579981],[0.0182485,51.5579958],[0.0182943,51.5579641],[0.0184795,51.5578359],[0.0185095,51.5578152],[0.0186207,51.5577382],[0.0186462,51.5577205],[0.0186561,51.5577129],[0.018718,51.5576653],[0.0187644,51.5576297],[0.0188429,51.5575695],[0.0188457,51.5575673],[0.0189504,51.5574869],[0.0190236,51.5574307],[0.0190285,51.557427],[0.0191202,51.5573445],[0.0191311,51.5573347],[0.019162,51.557307],[0.0192916,51.5571905],[0.0193144,51.55717],[0.0193206,51.5571644],[0.0194032,51.5570902],[0.019408,51.5570859],[0.0194187,51.5570763],[0.0194375,51.5570594],[0.0194959,51.5570069],[0.0195278,51.5569782],[0.0196525,51.5568662],[0.0197332,51.5567936],[0.0197361,51.556791],[0.0198054,51.5567246],[0.0198304,51.5567006],[0.0199063,51.5566279],[0.0199148,51.5566197],[0.0200058,51.5565325],[0.0200574,51.556483],[0.0200656,51.5564751],[0.0201131,51.5564388],[0.0201619,51.5564016],[0.0202173,51.5563593],[0.0202476,51.5563362],[0.0202676,51.556321],[0.02032,51.5562809],[0.0203311,51.5562725],[0.0203394,51.5562661],[0.020442,51.5561512],[0.0204801,51.5561084],[0.0204963,51.5560902],[0.0205084,51.5560767],[0.020626,51.5559449],[0.0206375,51.555932],[0.02067,51.5558955],[0.0207434,51.5558132],[0.0207879,51.5557634],[0.0208098,51.5557389],[0.0208725,51.5556685],[0.0209464,51.5555856],[0.0209684,51.555561],[0.0209795,51.5555486],[0.021007,51.5555177],[0.0210572,51.5554615],[0.0210864,51.5554287],[0.0211682,51.5553371],[0.0211905,51.555312],[0.0212002,51.5553011],[0.0212654,51.555228],[0.0212923,51.5551979],[0.021316,51.5551713],[0.0212317,51.5551397],[0.0212726,51.555103],[0.0213158,51.5550656],[0.0213588,51.5550283],[0.0213673,51.5550209],[0.0214257,51.5549702],[0.0215325,51.5548776],[0.0211644,51.5547592],[0.0211059,51.5547407],[0.0210908,51.5547357],[0.0210817,51.5547327],[0.0210505,51.5547227],[0.021045,51.554721],[0.0210374,51.5547186],[0.0209794,51.5547],[0.0209595,51.5546936],[0.0208919,51.554672],[0.0208853,51.5546698],[0.020844,51.5546566],[0.0208226,51.5546498],[0.0208114,51.5546462],[0.0207236,51.5546181],[0.0206869,51.5546063],[0.020655,51.5545961],[0.0206174,51.554584],[0.0205752,51.5545705],[0.0205608,51.5545659],[0.0205248,51.5545544],[0.0205088,51.5545492],[0.0204435,51.5545283],[0.0204156,51.5545194],[0.0203793,51.5545078],[0.0203636,51.5545027],[0.0203269,51.554491],[0.0202971,51.5544814],[0.0202679,51.5544721],[0.0202554,51.5544681],[0.0201193,51.5544244],[0.0200843,51.5544131],[0.0200751,51.5544103],[0.0200663,51.5544076],[0.0199778,51.55438],[0.0199251,51.5543637],[0.0198723,51.5543472],[0.0196875,51.5542897],[0.0196633,51.5542822],[0.0196554,51.5542797],[0.0196141,51.5542669],[0.01959,51.5542594],[0.0195763,51.5542551],[0.0195557,51.5542487],[0.0194793,51.5542249],[0.0194284,51.5542091],[0.019402,51.5542009],[0.0193639,51.554189],[0.0193396,51.5541804],[0.0193414,51.5541767],[0.0193532,51.5541526],[0.0193786,51.5541008],[0.0193599,51.5540952],[0.0193494,51.5540923],[0.0193019,51.5540791],[0.0192819,51.5540736],[0.0192526,51.5540655],[0.0192221,51.5540571],[0.019214,51.5540548],[0.0192031,51.5540518],[0.0191117,51.5540266],[0.0190266,51.554003],[0.018972,51.553988],[0.0187679,51.5539317],[0.0187638,51.5539304],[0.0187404,51.5539239],[0.0185829,51.5538804],[0.0185702,51.5538748],[0.0185221,51.5538535],[0.0184857,51.5538373],[0.0184466,51.55382],[0.0183805,51.5537907],[0.0183554,51.5537795],[0.0183325,51.5537694],[0.0182726,51.5537429],[0.0182602,51.5537373],[0.0182414,51.553729],[0.0181941,51.5537081],[0.0181772,51.5537005],[0.0179664,51.5536071],[0.0179309,51.5535914],[0.0178365,51.5535521],[0.0178257,51.5535476],[0.0177985,51.5535363],[0.0177897,51.5535326],[0.0177004,51.5534955],[0.0176357,51.5534686],[0.0175908,51.5534499],[0.0175869,51.5534483],[0.0175299,51.5534246],[0.0174907,51.5534082],[0.0174287,51.5533825],[0.0173649,51.5533559],[0.0173554,51.553352],[0.0173308,51.5533417],[0.0173172,51.5533361],[0.0172704,51.5533166],[0.017208,51.5532907],[0.0171587,51.5532702],[0.0170934,51.553243],[0.0170803,51.5532376],[0.0170733,51.5532346],[0.0169597,51.5531874],[0.0169518,51.5531841],[0.0169454,51.5531814],[0.0169408,51.5531857],[0.01693,51.5531957],[0.0169125,51.5532118],[0.0168916,51.5532312],[0.0168619,51.5532586],[0.0168571,51.553263],[0.016813,51.5533038],[0.0167952,51.5533203],[0.016726,51.5533841],[0.016722,51.5533878],[0.0167184,51.55339],[0.0165562,51.5533315],[0.0164941,51.5533091],[0.0164565,51.5532955],[0.0164445,51.5532912],[0.016419,51.553282],[0.0163537,51.5532584],[0.0163383,51.5532529],[0.0162541,51.5532225],[0.0160778,51.5534304],[0.0160776,51.5534306],[0.0160444,51.5534703],[0.0160181,51.5535009],[0.0159942,51.5535291],[0.0159794,51.5535466],[0.0159694,51.5535583],[0.0159399,51.5535914],[0.015897,51.5536394],[0.0158761,51.5536628],[0.0158518,51.55369],[0.015819,51.5537268],[0.0157515,51.5538024],[0.015698,51.5538623],[0.0156766,51.5538863],[0.0156727,51.5538907],[0.015622,51.5539478],[0.0156153,51.5539544],[0.0155672,51.5540005],[0.0155239,51.5540419],[0.0155172,51.5540484],[0.0154788,51.5540852],[0.0154361,51.5541262],[0.0153844,51.5541757],[0.015335,51.554223],[0.0152964,51.55426],[0.015278,51.5542777],[0.0152509,51.5543037],[0.0152365,51.5543175],[0.0152111,51.5543418],[0.0151722,51.5543791],[0.0151599,51.5543909],[0.0151173,51.5544317],[0.0150591,51.5544876],[0.0150335,51.5545121],[0.0149928,51.5545511],[0.0149736,51.5545695],[0.0149312,51.5546102],[0.0148994,51.5546406],[0.0148584,51.5546799],[0.0148358,51.5547017],[0.0148008,51.5547351],[0.0147579,51.5547762],[0.0147239,51.5548089],[0.0146845,51.5548467],[0.0146567,51.5548733],[0.0146307,51.5548983],[0.0146028,51.554925],[0.014573,51.5549543],[0.0145515,51.5549469],[0.0145351,51.5549412],[0.0145262,51.5549381],[0.0144909,51.5549259],[0.0144564,51.5549139],[0.0144113,51.5548983],[0.0143998,51.5548943],[0.0143769,51.5548863],[0.0143479,51.5548762],[0.0143026,51.5548605],[0.0142814,51.5548532],[0.0142496,51.5548422],[0.0142303,51.5548355],[0.0142048,51.5548266],[0.0141132,51.5547948],[0.014095,51.5547885],[0.0140746,51.5547814],[0.0140495,51.5547727],[0.0140271,51.554765],[0.014008,51.5547583],[0.0139674,51.5547442],[0.0139307,51.5547315],[0.0139241,51.5547292],[0.013887,51.5547161],[0.0138744,51.5547117],[0.0138353,51.5546979],[0.0138183,51.5546919],[0.013797,51.5546844],[0.0137922,51.5546827],[0.0136916,51.5546473],[0.013686,51.5546453],[0.0136506,51.5546329],[0.0136308,51.5546259],[0.0135866,51.5546103],[0.0135829,51.5546087],[0.0135035,51.554581],[0.0134687,51.5545687],[0.0134559,51.5545642],[0.0133874,51.5545401],[0.0133791,51.5545372],[0.0133307,51.5545201],[0.0133219,51.554517],[0.0132862,51.5545044],[0.0132817,51.5545028],[0.0132303,51.5544848],[0.0132044,51.5544756],[0.0131482,51.5544558],[0.0131427,51.5544539],[0.0131291,51.5544491],[0.013043,51.5544188],[0.01303,51.5544142],[0.0130014,51.5544041],[0.0129736,51.5543943],[0.0129505,51.5543862],[0.0129368,51.5543813],[0.0128896,51.5543647],[0.0128807,51.5543616],[0.0128184,51.5543396],[0.012799,51.5543328],[0.0127799,51.554326],[0.0127754,51.5543244],[0.0127153,51.5543033],[0.0126431,51.5542778],[0.0126113,51.5542666],[0.012602,51.5542633],[0.0125862,51.5542578],[0.0125315,51.5542385],[0.0124839,51.5542217],[0.0124088,51.5541953],[0.0123798,51.5541851],[0.012372,51.5541823],[0.0123593,51.5541778],[0.0123019,51.5541576],[0.0122831,51.5541509],[0.0122721,51.5541471],[0.0122174,51.5541278],[0.012191,51.5541185],[0.0121832,51.5541158],[0.0121694,51.5541109],[0.0121351,51.5540988],[0.0120393,51.5540651],[0.0116199,51.5539173],[0.0116147,51.5539221],[0.011545,51.5539879],[0.0115365,51.5539959],[0.0115242,51.5540075],[0.0114837,51.5540457],[0.0114643,51.554064],[0.0114508,51.5540767],[0.0114322,51.5540943],[0.011403,51.5541219],[0.0113702,51.5541528],[0.0113565,51.5541657],[0.0113422,51.5541792],[0.0113296,51.554191],[0.0113025,51.5542167],[0.0112937,51.5542249],[0.011261,51.5542557],[0.0112569,51.5542596],[0.0112279,51.554287],[0.0112126,51.5543014],[0.0111989,51.5543144],[0.0111922,51.5543207],[0.0111592,51.5543518],[0.0111511,51.5543594],[0.011141,51.5543689],[0.0111323,51.5543771],[0.0111129,51.5543954],[0.0111101,51.5543981],[0.0111011,51.5543923],[0.0110973,51.5543898],[0.0110928,51.5543869],[0.0110462,51.5543567],[0.0110267,51.5543441],[0.0110002,51.5543269],[0.0109771,51.5543119],[0.0109275,51.5542797],[0.0109182,51.5542737],[0.0109053,51.5542653],[0.0108623,51.5542375],[0.010853,51.5542314],[0.0108356,51.5542201],[0.0108129,51.5542054],[0.0107989,51.5541963],[0.0107789,51.5541833],[0.0107437,51.5541605],[0.0107206,51.5541455],[0.0106964,51.5541299],[0.0106588,51.5541054],[0.010624,51.5540829],[0.0106022,51.5540687],[0.0105965,51.5540651],[0.0105732,51.5540499],[0.0105439,51.554031],[0.0105355,51.5540255],[0.010487,51.553994],[0.0104678,51.5539816],[0.0104536,51.5539724],[0.0104402,51.5539637],[0.010385,51.5539279],[0.0103599,51.5539116],[0.0103546,51.5539082],[0.0103032,51.5538749],[0.0102838,51.5538623],[0.0102609,51.5538474],[0.0102573,51.5538451],[0.010186,51.5537988],[0.0101352,51.5537659],[0.0101308,51.553763],[0.0100993,51.5537427],[0.0100856,51.5537338],[0.0100534,51.5537129],[0.0100363,51.5537017],[0.0100139,51.5536873],[0.0099972,51.5536764],[0.0099536,51.5536481],[0.0099372,51.5536375],[0.0099201,51.5536264],[0.0098932,51.553609],[0.0098699,51.5535939],[0.0098154,51.5535585],[0.0097958,51.5535458],[0.0097385,51.5535087],[0.009729,51.5535025],[0.009724,51.5534992],[0.0097179,51.5534953],[0.0096461,51.5534488],[0.0096246,51.5534349],[0.0098897,51.5531714],[0.0099488,51.5531136],[0.0099954,51.553068],[0.0100132,51.5530505],[0.0100313,51.5530328],[0.0100659,51.5529989],[0.010126,51.55294],[0.010133,51.5529332],[0.0101678,51.5528991],[0.0101999,51.5528676],[0.0102347,51.5528336],[0.010267,51.552802],[0.0103102,51.5527597],[0.0103246,51.5527456],[0.0103388,51.5527317],[0.0103516,51.5527191],[0.0103961,51.5526756],[0.0104422,51.5526304],[0.0104748,51.5525984],[0.0105518,51.5525231],[0.0108209,51.5522596],[0.0107521,51.5522168],[0.0107351,51.5522063],[0.0106997,51.5521844],[0.0106894,51.552178],[0.0106743,51.5521687],[0.0106675,51.5521645],[0.0106551,51.5521568],[0.0106449,51.5521505],[0.0106394,51.5521471],[0.0106162,51.5521327],[0.0106035,51.5521249],[0.0105532,51.5520937],[0.0105503,51.5520919],[0.0105405,51.5520859],[0.0105088,51.5520663],[0.0104937,51.5520569],[0.01049,51.5520546],[0.0104669,51.5520403],[0.0104536,51.5520321],[0.0104313,51.5520183],[0.01042,51.5520113],[0.0103992,51.5519984],[0.0103945,51.5519956],[0.0103778,51.5519852],[0.0103452,51.5519651],[0.0103298,51.5519555],[0.0103144,51.551946],[0.010275,51.5519215],[0.010257,51.5519103],[0.0102295,51.5518933],[0.0102065,51.551879],[0.0101897,51.5518686],[0.0101138,51.5518215],[0.0101046,51.5518157],[0.0100951,51.55181],[0.0100874,51.5518062],[0.0100797,51.5518023],[0.0100409,51.5517828],[0.0100107,51.5517676],[0.0098287,51.5516763],[0.0097728,51.5516482],[0.0096615,51.5515924],[0.0096399,51.5515815],[0.0096358,51.5515774],[0.009617,51.5515583],[0.0095997,51.5515408],[0.009587,51.5515279],[0.0095605,51.551501],[0.0095311,51.5514712],[0.0095222,51.5514621],[0.0095087,51.5514484],[0.0094501,51.5513875],[0.009453,51.55138],[0.0095068,51.5512416],[0.0095084,51.5512375],[0.0094777,51.5512336],[0.0094699,51.5512326],[0.0093498,51.5512172],[0.0093211,51.5512135],[0.0092914,51.5512097],[0.0092475,51.5512041],[0.0092094,51.5511992],[0.0091736,51.5511946],[0.0091618,51.5511931],[0.0090869,51.5511835],[0.0090605,51.5511801],[0.0090462,51.5511783],[0.0090387,51.5511773],[0.0089771,51.5511695],[0.0088981,51.5511593],[0.0088826,51.5511573],[0.0088721,51.551156],[0.0087779,51.5511439],[0.0087239,51.551137],[0.0086851,51.551132],[0.0086609,51.5511289],[0.0086527,51.5511279],[0.0085778,51.5511183],[0.0085197,51.5511108],[0.0084636,51.5511037],[0.0084559,51.5511027],[0.0083752,51.5510923],[0.0083578,51.5510901],[0.0082029,51.5510702],[0.0081653,51.5510654],[0.0081503,51.5510635],[0.0079624,51.5510459],[0.0079428,51.5510441],[0.0078537,51.5510357],[0.0078122,51.5510319],[0.0077586,51.5510268],[0.0076006,51.5510121],[0.0075628,51.5510085],[0.0074837,51.5509945],[0.0074412,51.5509869],[0.0074057,51.5509806],[0.0073912,51.550978],[0.0073853,51.550977],[0.0073541,51.5509714],[0.0072973,51.5509614],[0.0071911,51.5509425],[0.0071871,51.5509418],[0.0070971,51.5509258],[0.0070037,51.5509092],[0.006869,51.5508853],[0.0068584,51.5508834],[0.0068195,51.5508765],[0.0066932,51.5508487],[0.0065992,51.5508281],[0.0063999,51.5507843],[0.0063637,51.5507763],[0.0062714,51.550756],[0.0061789,51.5507357],[0.0061687,51.5507334],[0.0061134,51.5507213],[0.0060785,51.5507136],[0.0060486,51.550707],[0.0057796,51.5506479],[0.0055091,51.5506583],[0.0055018,51.5506586],[0.0055049,51.5506639],[0.0055401,51.5507235],[0.0055915,51.5508316],[0.0056356,51.5508853],[0.0056657,51.5509364],[0.0056984,51.5509918],[0.005721,51.5510302],[0.0057489,51.5510774],[0.0057649,51.551105],[0.0057655,51.5511078],[0.005768,51.5511217],[0.0057885,51.5512329],[0.0058063,51.5513295],[0.0058088,51.5513633],[0.005809,51.5513672],[0.0058108,51.5513918],[0.0058114,51.5513989],[0.0058146,51.5514438],[0.0058179,51.5514886],[0.0058222,51.5515475],[0.0058182,51.5516019],[0.0058123,51.5516835],[0.0058106,51.5517064],[0.0058104,51.5517094],[0.0058093,51.5517136],[0.0058001,51.5517508],[0.0057947,51.551773],[0.0057909,51.5517883],[0.005787,51.5518042],[0.0057769,51.551845],[0.0057713,51.5518673],[0.0057169,51.5518591],[0.0052626,51.5517905],[0.0052462,51.5518563],[0.0052269,51.5519441],[0.0051979,51.5520758],[0.005195,51.5520889],[0.0051879,51.552121],[0.0051863,51.5521287],[0.0051808,51.5521534],[0.0051325,51.5521502],[0.0051253,51.5521497],[0.0049412,51.5521374],[0.0049429,51.5521109],[0.0049434,51.5521063],[0.0049448,51.5520921],[0.004946,51.5520801],[0.0049497,51.5520425],[0.0049504,51.552036],[0.0049642,51.5518965],[0.0049671,51.5518673],[0.0049087,51.5518624],[0.004904,51.5518621],[0.0048738,51.5518597],[0.0048628,51.5518589],[0.0047936,51.5518536],[0.0047492,51.5518502],[0.004617,51.5518401],[0.0045746,51.5518369],[0.0045472,51.5518348],[0.0045103,51.551832],[0.0044784,51.5518295],[0.0044535,51.5518276],[0.0044087,51.5518242],[0.0043822,51.5518222],[0.0043742,51.5518216],[0.0043299,51.5518182],[0.0042325,51.5518107],[0.0039546,51.5517895],[0.0039494,51.5517891],[0.0039381,51.5517883],[0.0039037,51.5517856],[0.003848,51.5517814],[0.0038404,51.5518095],[0.0038293,51.5518548],[0.0038286,51.551858],[0.003827,51.5518644],[0.0038217,51.5518859],[0.003812,51.5519255],[0.0038099,51.5519341],[0.003809,51.5519379],[0.003808,51.551942],[0.0038031,51.551962],[0.0038003,51.5519738],[0.0037984,51.5519814],[0.003594,51.5519514],[0.0035589,51.5519463],[0.0034926,51.5519361],[0.0033553,51.551915],[0.0032276,51.5518953],[0.0031771,51.5519647],[0.0031512,51.552],[0.0031212,51.5520414],[0.0030804,51.5520964],[0.0030208,51.5520867],[0.0030092,51.5520848],[0.0029621,51.5520771],[0.0029154,51.5520695],[0.0028991,51.5520668],[0.0028086,51.5520521],[0.0027243,51.5520383],[0.0026624,51.5520283],[0.00262,51.5520213],[0.002541,51.5520085],[0.0024911,51.5520003],[0.0024441,51.551995],[0.0023819,51.5519879],[0.0022898,51.5519773],[0.0022798,51.5519762],[0.0022379,51.5519714],[0.0021137,51.5519572],[0.0020979,51.5519554],[0.0020606,51.5519523],[0.001974,51.5519451],[0.0019613,51.5519441],[0.0019443,51.5519427],[0.001938,51.5519422],[0.0017869,51.5519297],[0.0016326,51.551917],[0.0015838,51.551913],[0.0015107,51.551907],[0.0014593,51.5519027],[0.0014107,51.5518987],[0.0013778,51.551896],[0.0013694,51.5518953],[0.0013626,51.5518948],[0.001342,51.5518931],[0.0012727,51.5518874],[0.0012319,51.5518834],[0.0011934,51.5518796],[0.0011437,51.5518747],[0.0011392,51.5518743],[0.0011317,51.5518736],[0.001114,51.5518718],[0.0010957,51.55187],[0.0010499,51.5518656],[0.0010446,51.551865],[0.0010369,51.5518643],[0.0010122,51.5518618],[0.0008933,51.5518502],[0.0008866,51.5518495],[0.0008448,51.5518454],[0.0008292,51.5518439],[0.000815,51.5518425],[0.0007819,51.5518393],[0.000771,51.5518382],[0.0007099,51.5518322],[0.0006622,51.5518275],[0.0006573,51.5518271],[0.0006242,51.5518238],[0.0006135,51.5518228],[0.0005882,51.5518203],[0.0005582,51.5518173],[0.0005163,51.5518132],[0.0004852,51.5518102],[0.0004043,51.5518023],[0.0003988,51.5518017],[0.000383,51.5518002],[0.0003698,51.5517989],[0.0003238,51.5517944],[0.0003196,51.5517939],[0.0002523,51.5517865],[0.0001874,51.5517794],[0.0001763,51.5517782],[0.0001642,51.5517769],[0.0001524,51.5517756],[0.0000827,51.551768],[0.0000636,51.5517659],[0.000043,51.5517636],[0.0000168,51.5517607],[-0.0001228,51.5517455],[-0.0001745,51.5517398],[-0.0001885,51.5517382],[-0.0001956,51.5517375],[-0.0002475,51.5517318],[-0.000352,51.5517203],[-0.0004232,51.5517077],[-0.0004336,51.5517059],[-0.0004378,51.5517052],[-0.0004749,51.5516986],[-0.000509,51.5516926],[-0.000566,51.5516825],[-0.000602,51.5516761],[-0.0006849,51.5516615],[-0.0007551,51.5516491],[-0.0007647,51.5516474],[-0.0008828,51.5516265],[-0.0009516,51.5516143],[-0.0009632,51.5516118],[-0.0009917,51.5516056],[-0.0010111,51.5516014],[-0.0010209,51.5515993],[-0.0010373,51.5515957],[-0.0010815,51.5515861],[-0.0011173,51.5515783],[-0.0011653,51.5515681],[-0.0012252,51.5515554],[-0.0012867,51.5515423],[-0.0013304,51.5515331],[-0.0013719,51.5515243],[-0.0013933,51.5515197],[-0.0014122,51.5515157],[-0.0014192,51.5515143],[-0.0014641,51.5515047],[-0.0015197,51.551493],[-0.0015775,51.5514807],[-0.0016032,51.5514752],[-0.0016315,51.5514676],[-0.0016959,51.5514502],[-0.0017225,51.551443],[-0.0017413,51.5514379],[-0.0017461,51.5514366],[-0.0017526,51.5514349],[-0.0018504,51.5514084],[-0.0018842,51.5513993],[-0.0019353,51.5513855],[-0.0019771,51.5513742],[-0.0020111,51.551365],[-0.0020215,51.5513622],[-0.002067,51.5513499],[-0.0020847,51.5513451],[-0.0020893,51.5513439],[-0.0021492,51.5513277],[-0.0021593,51.5513249],[-0.0022058,51.5513124],[-0.0022835,51.5512913],[-0.0022875,51.5512903],[-0.0023453,51.5512747],[-0.00235,51.5512734],[-0.0023793,51.5512654],[-0.0024018,51.5512594],[-0.002414,51.5512561],[-0.0025293,51.5512249],[-0.0025849,51.5512099],[-0.0025929,51.5512077],[-0.0026618,51.5511891],[-0.0026679,51.5511874],[-0.0026931,51.5511806],[-0.0027517,51.5511648],[-0.0027978,51.5511523],[-0.0028411,51.5511406],[-0.0028556,51.5511367],[-0.0029251,51.5511179],[-0.0029658,51.5511069],[-0.0029771,51.5511038],[-0.0029977,51.5510983],[-0.0030279,51.5510901],[-0.0030449,51.5510855],[-0.0031216,51.5510648],[-0.0031768,51.5510499],[-0.0032227,51.5510375],[-0.0032782,51.5510224],[-0.0032826,51.5510213],[-0.0033308,51.5510082],[-0.0033729,51.5509969],[-0.0033904,51.5509921],[-0.0034378,51.5509793],[-0.0034428,51.5509779],[-0.0034785,51.5509683],[-0.0035824,51.5509402],[-0.0036633,51.5509184],[-0.0036741,51.5509339],[-0.0036978,51.5509679],[-0.0037196,51.5509992],[-0.003776,51.5510803],[-0.0038097,51.5511288],[-0.0038123,51.5511331],[-0.0038227,51.5511474],[-0.0038306,51.5511452],[-0.0040754,51.5510754],[-0.0041504,51.5510527],[-0.0041596,51.5510513],[-0.0044479,51.5509691],[-0.0045288,51.550946],[-0.0046361,51.5509154],[-0.005067,51.5507924],[-0.0058166,51.5505563],[-0.0058827,51.5505386],[-0.0060401,51.5504964],[-0.0061557,51.5504612],[-0.0062639,51.5504284],[-0.0063888,51.5504013],[-0.0065114,51.5503747],[-0.0068184,51.5503081],[-0.006992,51.5502704],[-0.0075041,51.5501633],[-0.0077586,51.5501101],[-0.0081847,51.550021],[-0.0082896,51.549999],[-0.0083719,51.5499818],[-0.0085032,51.5499544],[-0.0085246,51.5499513],[-0.0086849,51.5499282],[-0.0086901,51.5499275],[-0.0086966,51.5499284],[-0.0087111,51.5499305],[-0.0087262,51.5499328],[-0.0087413,51.549935],[-0.008751,51.5499364],[-0.0087908,51.5499543],[-0.0088151,51.5499764],[-0.0088253,51.5499973],[-0.0088554,51.5500591],[-0.0088784,51.5501062],[-0.0089068,51.5501645],[-0.00896,51.5502735],[-0.0089775,51.5503096],[-0.0090112,51.5503787],[-0.0090543,51.5504671],[-0.0090803,51.5505204],[-0.0090989,51.5505584],[-0.0091075,51.5505975],[-0.0091236,51.5506696],[-0.0091312,51.5507039],[-0.009132,51.5507075],[-0.0091384,51.5507364],[-0.0091635,51.5508491],[-0.0092055,51.5510383],[-0.009208,51.5510497],[-0.0092104,51.5510602],[-0.0092103,51.5510702],[-0.0092103,51.5510706],[-0.0092084,51.5512342],[-0.0092051,51.5515332],[-0.0092099,51.5515648],[-0.0092297,51.5516922],[-0.0092409,51.5517226],[-0.0092621,51.5517795],[-0.0092757,51.5518162],[-0.0094737,51.5522151],[-0.0096759,51.5522899],[-0.0097789,51.552328],[-0.0098385,51.5523511],[-0.0098392,51.5523514],[-0.0099052,51.5523769],[-0.0099651,51.5524002],[-0.0102305,51.5525151],[-0.0102524,51.5525229],[-0.0104098,51.5525791],[-0.010474,51.5525961],[-0.0105956,51.5526191],[-0.0106425,51.552623],[-0.010716,51.552629],[-0.0108315,51.552627],[-0.0108878,51.5526214],[-0.0111192,51.552542],[-0.0116901,51.5523736],[-0.0118206,51.5523351],[-0.0126186,51.5521635],[-0.012656,51.5521555],[-0.0129372,51.552095],[-0.0130617,51.552074],[-0.0131498,51.552059],[-0.0132568,51.552041],[-0.0133029,51.5520332],[-0.0133695,51.552022],[-0.0136645,51.5519797],[-0.0143874,51.5518761],[-0.0146961,51.5518377],[-0.0147636,51.5518294],[-0.0153877,51.5517518],[-0.015699,51.5517131],[-0.0161228,51.5516674],[-0.0162378,51.551655],[-0.0163083,51.5516474],[-0.0169508,51.551578],[-0.016957,51.5515266],[-0.0169604,51.5514985],[-0.0169614,51.5514907],[-0.0169708,51.5514134],[-0.0169719,51.551404],[-0.0170783,51.5513918],[-0.0171368,51.5513852],[-0.0171383,51.5513947],[-0.0171432,51.5514251],[-0.0171519,51.5514787],[-0.0171533,51.5514877],[-0.0171554,51.5515006],[-0.0171681,51.5515795],[-0.0171692,51.5515862],[-0.0171702,51.5515921],[-0.0171841,51.5516684],[-0.0171852,51.5516747],[-0.0171913,51.5517083],[-0.0172627,51.5521266],[-0.0173069,51.5523859],[-0.0173695,51.5527054],[-0.0173705,51.5527104],[-0.0174168,51.5529468],[-0.0175039,51.5533918],[-0.0175131,51.5534075],[-0.0176923,51.553715],[-0.0177059,51.5537385],[-0.017712,51.5537488],[-0.0178214,51.5539696],[-0.0178319,51.5539908],[-0.0178819,51.5540917],[-0.0179056,51.554132],[-0.0179089,51.5541368],[-0.0179113,51.5541403],[-0.0179438,51.5541943],[-0.0180987,51.5540589],[-0.0181911,51.5543113],[-0.0183919,51.5548608],[-0.0184362,51.5549819],[-0.018484,51.5551126],[-0.0188516,51.5552826],[-0.0194182,51.5555436],[-0.0195203,51.5555906],[-0.019574,51.5556154],[-0.0198916,51.5557618],[-0.0200048,51.555814],[-0.0203552,51.5559756],[-0.0204656,51.556025],[-0.021037,51.556281],[-0.0216222,51.5565431],[-0.0219622,51.5566954],[-0.0220204,51.5567254],[-0.0225813,51.5570144],[-0.0231387,51.5573003],[-0.0235034,51.5573323],[-0.0235118,51.5573321],[-0.023553,51.5573313],[-0.0238458,51.5573249],[-0.0239156,51.5573234],[-0.0239459,51.5576272],[-0.02401,51.5579371],[-0.0241947,51.5583161],[-0.0242698,51.5584961],[-0.0243306,51.5586122],[-0.0243724,51.5586801],[-0.0243761,51.5586862],[-0.0244332,51.5587622],[-0.0245139,51.5588561],[-0.0245561,51.5588984],[-0.0246504,51.558993],[-0.0249949,51.5592411],[-0.0252644,51.5594721],[-0.0254709,51.5596173],[-0.02552,51.5596519],[-0.025597,51.559706],[-0.0257467,51.5597939],[-0.0257542,51.5597983],[-0.0260076,51.559947],[-0.0262984,51.560102],[-0.0264994,51.5602089],[-0.0268541,51.5603669],[-0.0271187,51.560481],[-0.0272142,51.5605221],[-0.0277235,51.5607417],[-0.0277818,51.5607668],[-0.0277916,51.5607702],[-0.0277971,51.5607721],[-0.02798,51.5608354],[-0.0279986,51.5608418],[-0.0286301,51.5610438],[-0.0291821,51.5612277],[-0.0296723,51.5613402],[-0.0297215,51.5613488],[-0.0297762,51.5613548],[-0.0298458,51.5613625],[-0.0298513,51.5613629],[-0.0299272,51.5613657],[-0.0299877,51.5613658],[-0.0300491,51.5613637],[-0.0301161,51.5613595],[-0.0301565,51.5613566],[-0.030172,51.5613556],[-0.0302047,51.5613524],[-0.0302327,51.5613496],[-0.0302979,51.5613427],[-0.030365,51.5613347],[-0.0304249,51.5613267],[-0.0304866,51.5613168],[-0.0305472,51.5613066],[-0.0306066,51.5612958],[-0.0306539,51.5612852],[-0.0306648,51.5612827],[-0.0306977,51.561275],[-0.0307249,51.5612687],[-0.0307842,51.5612537],[-0.0308401,51.5612386],[-0.0308563,51.5612342],[-0.0308639,51.561232],[-0.0308842,51.561226],[-0.0309294,51.5612127],[-0.0309851,51.5611948],[-0.0310134,51.5611845],[-0.0310401,51.5611748],[-0.0310933,51.5611547],[-0.0311464,51.5611347],[-0.0311997,51.5611128],[-0.0316202,51.5609665],[-0.0321102,51.5607959],[-0.0326358,51.5607027],[-0.0328155,51.5606757],[-0.0333084,51.5606208],[-0.0335177,51.5606388],[-0.0336716,51.5606657],[-0.0338794,51.5607198],[-0.033981,51.5607582],[-0.034268,51.5608668],[-0.0346289,51.5610267],[-0.0347299,51.5610707],[-0.0349092,51.5611567],[-0.0350279,51.5612066],[-0.0352628,51.5612786],[-0.0357686,51.5613961],[-0.0360163,51.5614536],[-0.0364163,51.5615046],[-0.0364614,51.561506],[-0.0366081,51.5615106],[-0.0366921,51.5615086],[-0.0368152,51.5614976],[-0.0369657,51.5614775],[-0.0370884,51.5614555],[-0.0372433,51.5614187],[-0.0373857,51.5613703],[-0.0376853,51.5612687],[-0.0378844,51.5612288],[-0.03795,51.5612156],[-0.0381377,51.5611895],[-0.0383668,51.5611677],[-0.0384861,51.5611616],[-0.0387276,51.5611655],[-0.0388497,51.5611815],[-0.0389326,51.5612006],[-0.0389889,51.5612207],[-0.0389945,51.5612227],[-0.0390081,51.5612276],[-0.039014,51.5612302],[-0.0390815,51.5612605],[-0.0391349,51.561294],[-0.0397523,51.5616805],[-0.0398973,51.5617476],[-0.039996,51.5617796],[-0.0401921,51.5617876],[-0.0402046,51.5617868],[-0.0403143,51.5617795],[-0.0404765,51.5617626],[-0.0405829,51.5617475],[-0.0406117,51.5617435],[-0.0406486,51.5617356],[-0.0406905,51.5617267],[-0.0407427,51.5617156],[-0.0412633,51.5615825],[-0.0415553,51.5615015],[-0.0418477,51.5614335],[-0.0422427,51.5613915],[-0.0423357,51.5613875],[-0.0425194,51.5613935],[-0.0426307,51.5614065],[-0.0427475,51.5614295],[-0.0427934,51.5614386],[-0.0431194,51.5615299],[-0.0433752,51.5616016],[-0.0437347,51.5617192],[-0.0442241,51.5617065],[-0.0443516,51.5617127],[-0.0446323,51.5617264],[-0.045104,51.5617574],[-0.045581,51.5621819],[-0.0456049,51.5622032],[-0.0456142,51.5622115],[-0.045659,51.5622214],[-0.0456885,51.5622279],[-0.045998,51.5622962],[-0.0460662,51.5623113],[-0.0465742,51.5623874],[-0.0466377,51.5623994],[-0.04665,51.5624023],[-0.0466931,51.5624124],[-0.0467066,51.5624158],[-0.0467484,51.5624264],[-0.0467742,51.5624341],[-0.0468018,51.5624424],[-0.0468543,51.5624599],[-0.0469102,51.5624803],[-0.0469501,51.5624967],[-0.0469961,51.5625163],[-0.0470403,51.5625373],[-0.0470577,51.5625458],[-0.047073,51.5625533],[-0.0471038,51.5625703],[-0.0471328,51.5625883],[-0.0471512,51.5626016],[-0.0471599,51.5626079],[-0.0471939,51.5626343],[-0.0472234,51.5626636],[-0.0472273,51.5626675],[-0.0472277,51.5626679],[-0.0472552,51.5626988],[-0.0472576,51.5627021],[-0.0472731,51.5627233],[-0.0472901,51.5627483],[-0.0473075,51.5627827],[-0.0473091,51.5627861],[-0.0473137,51.5627961],[-0.0473232,51.5628167],[-0.0473302,51.5628433],[-0.0473332,51.5628546],[-0.0473341,51.5628578]]]}},{"type":"Feature","properties":{"Name":null,"description":null,"timestamp":null,"begin":null,"end":null,"altitudeMode":null,"tessellate":"NA","extrude":"NA","visibility":"NA","drawOrder":"NA","icon":null,"ltla22cd":null,"ltla22nm":null,"ltla22nmw":null,"label":null,"stroke-opacity":"NA","stroke-width":4,"stroke":"#1A73E8","fill-opacity":"NA","fill":null,"LengthInMetres":4434,"Title":"C23 - Lea Bridge Road","Direction":"TwoWay","Flow":"WithFlow","Protection":"SteppedDelineated","RoadOwnership":"Borough","YearBuilt":"2019","Borough":"Waltham Forest"},"geometry":{"type":"LineString","coordinates":[[-0.0449527,51.56247],[-0.0436637,51.56303],[-0.0415593,51.56391],[-0.0388235,51.56509],[-0.0376273,51.56559],[-0.0352293,51.56654],[-0.0346662,51.56673],[-0.0344972,51.56681],[-0.0341982,51.56698],[-0.0339521,51.56712],[-0.0335826,51.56724],[-0.0325983,51.56763],[-0.0317749,51.56796],[-0.0311231,51.5682],[-0.0302728,51.56849],[-0.0292575,51.56883],[-0.0283174,51.56916],[-0.0275408,51.56945],[-0.0267395,51.56977],[-0.0249725,51.57045],[-0.0218504,51.57153],[-0.0207346,51.57188],[-0.0198977,51.57215],[-0.0194203,51.57229],[-0.0187605,51.57243],[-0.0177466,51.57266],[-0.0175079,51.57272],[-0.0171633,51.57283],[-0.0167542,51.57299],[-0.0159442,51.57327],[-0.0156518,51.5734],[-0.0153126,51.57359],[-0.0150269,51.57378],[-0.0142705,51.57431],[-0.0139674,51.57452],[-0.0134297,51.5749],[-0.0131393,51.57511],[-0.0128221,51.57539],[-0.0123541,51.57576],[-0.0119129,51.57608],[-0.0116057,51.57633],[-0.0113637,51.57654],[-0.0112373,51.57668],[-0.0111269,51.57678],[-0.0109634,51.57683],[-0.0095458,51.57727],[-0.0089765,51.57744],[-0.0082091,51.57764],[-0.0078361,51.57774],[-0.0076079,51.57781],[-0.0075033,51.57787],[-0.0073061,51.57801],[-0.0070661,51.57821],[-0.0068515,51.57842],[-0.0066047,51.57861],[-0.0063794,51.57877],[-0.0062346,51.57884],[-0.0059824,51.57895],[-0.0056123,51.5791],[-0.0041425,51.57965],[-0.0028282,51.58015],[-0.001868,51.5806],[-0.0007683,51.58118],[-0.0002479,51.58147],[-0.0001004,51.58153],[0.0000364,51.58158],[0.0003744,51.58166],[0.0007606,51.5817],[0.0010932,51.58177],[0.001812,51.58199],[0.0026193,51.58235],[0.0035018,51.58274],[0.0044995,51.58325],[0.0054329,51.58371],[0.0057602,51.58389],[0.0060177,51.58408],[0.0061491,51.58424],[0.0063127,51.58452],[0.0063771,51.58476],[0.0064254,51.58504]]}},{"type":"Feature","properties":{"Name":null,"description":null,"timestamp":null,"begin":null,"end":null,"altitudeMode":null,"tessellate":"NA","extrude":"NA","visibility":"NA","drawOrder":"NA","icon":null,"ltla22cd":null,"ltla22nm":null,"ltla22nmw":null,"label":null,"stroke-opacity":"NA","stroke-width":4,"stroke":"#1A73E8","fill-opacity":"NA","fill":null,"LengthInMetres":965,"Title":"C23","Direction":"TwoWay","Flow":null,"Protection":null,"RoadOwnership":null,"YearBuilt":null,"Borough":"Waltham Forest"},"geometry":{"type":"LineString","coordinates":[[0.0064254,51.58504],[0.0064418,51.58547],[0.0064579,51.58595],[0.0065089,51.58624],[0.006635,51.58673],[0.0067744,51.58717],[0.0069568,51.58769],[0.007697,51.58933],[0.0084963,51.59093],[0.0091374,51.5922],[0.0097463,51.59343]]}},{"type":"Feature","properties":{"Name":null,"description":null,"timestamp":null,"begin":null,"end":null,"altitudeMode":null,"tessellate":"NA","extrude":"NA","visibility":"NA","drawOrder":"NA","icon":null,"ltla22cd":null,"ltla22nm":null,"ltla22nmw":null,"label":null,"stroke-opacity":"NA","stroke-width":4,"stroke":"#1A73E8","fill-opacity":"NA","fill":null,"LengthInMetres":447,"Title":"C23","Direction":"TwoWay","Flow":null,"Protection":null,"RoadOwnership":null,"YearBuilt":null,"Borough":"Waltham Forest"},"geometry":{"type":"LineString","coordinates":[[0.0115081,51.5968],[0.0123664,51.59859],[0.013096,51.59969],[0.0137612,51.60045],[0.0138357,51.60053]]}},{"type":"Feature","properties":{"Name":null,"description":null,"timestamp":null,"begin":null,"end":null,"altitudeMode":null,"tessellate":"NA","extrude":"NA","visibility":"NA","drawOrder":"NA","icon":null,"ltla22cd":null,"ltla22nm":null,"ltla22nmw":null,"label":null,"stroke-opacity":"NA","stroke-width":4,"stroke":"#1A73E8","fill-opacity":"NA","fill":null,"LengthInMetres":399,"Title":"Q2 - (will become C27)","Direction":"TwoWay","Flow":null,"Protection":null,"RoadOwnership":null,"YearBuilt":null,"Borough":"Waltham Forest"},"geometry":{"type":"LineString","coordinates":[[-0.0403915,51.56961],[-0.0400606,51.56977],[-0.0395563,51.57073],[-0.0380865,51.57126],[-0.038065,51.57133],[-0.0389555,51.57238]]}},{"type":"Feature","properties":{"Name":null,"description":null,"timestamp":null,"begin":null,"end":null,"altitudeMode":null,"tessellate":"NA","extrude":"NA","visibility":"NA","drawOrder":"NA","icon":null,"ltla22cd":null,"ltla22nm":null,"ltla22nmw":null,"label":null,"stroke-opacity":"NA","stroke-width":4,"stroke":"#1A73E8","fill-opacity":"NA","fill":null,"LengthInMetres":557,"Title":"C26/C27 - Argall Way","Direction":"TwoWay","Flow":"WithFlow","Protection":"SteppedDelineated","RoadOwnership":"Borough","YearBuilt":"Before 2008","Borough":"Waltham Forest"},"geometry":{"type":"LineString","coordinates":[[-0.0352293,51.56654],[-0.0353669,51.56666],[-0.0355225,51.56676],[-0.0357102,51.56684],[-0.0358658,51.56688],[-0.036134,51.56688],[-0.0365524,51.56687],[-0.0367134,51.5669],[-0.0369118,51.56696],[-0.0374697,51.56721],[-0.0386875,51.56776],[-0.0395243,51.56814],[-0.0400608,51.56839],[-0.0404202,51.56857],[-0.0405436,51.5687],[-0.040624,51.56885],[-0.0406294,51.56901],[-0.0405597,51.56917],[-0.0404792,51.56933],[-0.0403987,51.56949],[-0.0403915,51.56961]]}},{"type":"Feature","properties":{"Name":null,"description":null,"timestamp":null,"begin":null,"end":null,"altitudeMode":null,"tessellate":"NA","extrude":"NA","visibility":"NA","drawOrder":"NA","icon":null,"ltla22cd":null,"ltla22nm":null,"ltla22nmw":null,"label":null,"stroke-opacity":"NA","stroke-width":4,"stroke":"#1A73E8","fill-opacity":"NA","fill":null,"LengthInMetres":37,"Title":"Q2 - (will become C27)","Direction":"TwoWay","Flow":null,"Protection":null,"RoadOwnership":null,"YearBuilt":null,"Borough":"Waltham Forest"},"geometry":{"type":"LineString","coordinates":[[-0.0386611,51.5731],[-0.0384823,51.57341]]}},{"type":"Feature","properties":{"Name":null,"description":null,"timestamp":null,"begin":null,"end":null,"altitudeMode":null,"tessellate":"NA","extrude":"NA","visibility":"NA","drawOrder":"NA","icon":null,"ltla22cd":null,"ltla22nm":null,"ltla22nmw":null,"label":null,"stroke-opacity":"NA","stroke-width":4,"stroke":"#1A73E8","fill-opacity":"NA","fill":null,"LengthInMetres":14,"Title":"Q2 - (will become C27)","Direction":"TwoWay","Flow":null,"Protection":null,"RoadOwnership":null,"YearBuilt":null,"Borough":"Waltham Forest"},"geometry":{"type":"LineString","coordinates":[[-0.0356298,51.57659],[-0.0357478,51.57669]]}},{"type":"Feature","properties":{"Name":null,"description":null,"timestamp":null,"begin":null,"end":null,"altitudeMode":null,"tessellate":"NA","extrude":"NA","visibility":"NA","drawOrder":"NA","icon":null,"ltla22cd":null,"ltla22nm":null,"ltla22nmw":null,"label":null,"stroke-opacity":"NA","stroke-width":4,"stroke":"#1A73E8","fill-opacity":"NA","fill":null,"LengthInMetres":41,"Title":"Q2 - (will become C27)","Direction":"TwoWay","Flow":null,"Protection":null,"RoadOwnership":null,"YearBuilt":null,"Borough":"Waltham Forest"},"geometry":{"type":"LineString","coordinates":[[-0.0378023,51.5783],[-0.0379525,51.57841],[-0.0380974,51.57851],[-0.0382154,51.57856]]}},{"type":"Feature","properties":{"Name":null,"description":null,"timestamp":null,"begin":null,"end":null,"altitudeMode":null,"tessellate":"NA","extrude":"NA","visibility":"NA","drawOrder":"NA","icon":null,"ltla22cd":null,"ltla22nm":null,"ltla22nmw":null,"label":null,"stroke-opacity":"NA","stroke-width":4,"stroke":"#1A73E8","fill-opacity":"NA","fill":null,"LengthInMetres":32,"Title":"Q2 - (will become C27)","Direction":"TwoWay","Flow":null,"Protection":null,"RoadOwnership":null,"YearBuilt":null,"Borough":"Waltham Forest"},"geometry":{"type":"LineString","coordinates":[[-0.0352864,51.58255],[-0.0351094,51.58259],[-0.0348841,51.58268]]}},{"type":"Feature","properties":{"Name":null,"description":null,"timestamp":null,"begin":null,"end":null,"altitudeMode":null,"tessellate":"NA","extrude":"NA","visibility":"NA","drawOrder":"NA","icon":null,"ltla22cd":null,"ltla22nm":null,"ltla22nmw":null,"label":null,"stroke-opacity":"NA","stroke-width":4,"stroke":"#1A73E8","fill-opacity":"NA","fill":null,"LengthInMetres":147,"Title":"Q2 - (will become C27)","Direction":"TwoWay","Flow":null,"Protection":null,"RoadOwnership":null,"YearBuilt":null,"Borough":"Waltham Forest"},"geometry":{"type":"LineString","coordinates":[[-0.0278545,51.58228],[-0.0278679,51.58266],[-0.0278947,51.58276],[-0.0279886,51.58289],[-0.0282702,51.58308],[-0.0283775,51.58321],[-0.0284526,51.5834],[-0.0284848,51.58349]]}},{"type":"Feature","properties":{"Name":null,"description":null,"timestamp":null,"begin":null,"end":null,"altitudeMode":null,"tessellate":"NA","extrude":"NA","visibility":"NA","drawOrder":"NA","icon":null,"ltla22cd":null,"ltla22nm":null,"ltla22nmw":null,"label":null,"stroke-opacity":"NA","stroke-width":4,"stroke":"#1A73E8","fill-opacity":"NA","fill":null,"LengthInMetres":1412,"Title":"LB Waltham Forest - Mini Holland","Direction":"TwoWay","Flow":null,"Protection":null,"RoadOwnership":null,"YearBuilt":null,"Borough":"Waltham Forest"},"geometry":{"type":"LineString","coordinates":[[-0.0227997,51.56826],[-0.0229945,51.56849],[-0.0232429,51.56873],[-0.0235628,51.56901],[-0.0237734,51.56921],[-0.0238619,51.56934],[-0.0240523,51.5697],[-0.024173,51.56986],[-0.0242857,51.56999],[-0.0244278,51.57013],[-0.02457,51.5702],[-0.0247577,51.5703],[-0.0248362,51.57032],[-0.0249683,51.57035],[-0.0252861,51.57039],[-0.0254068,51.57044],[-0.0254981,51.57052],[-0.0260828,51.57117],[-0.0264958,51.57155],[-0.0267318,51.57174],[-0.0273541,51.57222],[-0.0275056,51.57235],[-0.0276035,51.57247],[-0.0276921,51.57264],[-0.0277739,51.57276],[-0.0278932,51.57292],[-0.0281748,51.57326],[-0.0286308,51.57381],[-0.0288025,51.57406],[-0.029736,51.57538],[-0.0297752,51.57548],[-0.0298037,51.5756],[-0.0298392,51.57581],[-0.0298459,51.57625],[-0.0299344,51.57722],[-0.0299935,51.57745],[-0.0300846,51.57772],[-0.030318,51.5785],[-0.0304762,51.57911],[-0.0306747,51.57952]]}},{"type":"Feature","properties":{"Name":null,"description":null,"timestamp":null,"begin":null,"end":null,"altitudeMode":null,"tessellate":"NA","extrude":"NA","visibility":"NA","drawOrder":"NA","icon":null,"ltla22cd":null,"ltla22nm":null,"ltla22nmw":null,"label":null,"stroke-opacity":"NA","stroke-width":4,"stroke":"#1A73E8","fill-opacity":"NA","fill":null,"LengthInMetres":227,"Title":"LB Waltham Forest - Mini Holland","Direction":"TwoWay","Flow":null,"Protection":null,"RoadOwnership":null,"YearBuilt":null,"Borough":"Waltham Forest"},"geometry":{"type":"LineString","coordinates":[[-0.0172321,51.56392],[-0.0174574,51.56413],[-0.0176719,51.56424],[-0.0179616,51.56434],[-0.0183264,51.56439],[-0.0191176,51.5645],[-0.019469,51.56455],[-0.0196621,51.56463],[-0.0197962,51.56473],[-0.0199464,51.56487]]}},{"type":"Feature","properties":{"Name":null,"description":null,"timestamp":null,"begin":null,"end":null,"altitudeMode":null,"tessellate":"NA","extrude":"NA","visibility":"NA","drawOrder":"NA","icon":null,"ltla22cd":null,"ltla22nm":null,"ltla22nmw":null,"label":null,"stroke-opacity":"NA","stroke-width":2,"stroke":"#1A73E8","fill-opacity":"NA","fill":null,"LengthInMetres":759,"Title":"Blackhorse Road","Direction":"OneWay","Flow":null,"Protection":null,"RoadOwnership":null,"YearBuilt":null,"Borough":"Waltham Forest"},"geometry":{"type":"LineString","coordinates":[[-0.0404666,51.58693],[-0.0403325,51.58662],[-0.0401984,51.58639],[-0.0401018,51.58632],[-0.0398712,51.58619],[-0.0395332,51.58601],[-0.0386212,51.58545],[-0.0380204,51.58509],[-0.0376342,51.58473],[-0.0373767,51.58388],[-0.037205,51.58356],[-0.0369475,51.58338],[-0.0367115,51.58334],[-0.0362448,51.58321],[-0.0356279,51.58301],[-0.0350325,51.58255],[-0.0344263,51.58212],[-0.0342922,51.58189],[-0.0341258,51.58173]]}},{"type":"Feature","properties":{"Name":null,"description":null,"timestamp":null,"begin":null,"end":null,"altitudeMode":null,"tessellate":"NA","extrude":"NA","visibility":"NA","drawOrder":"NA","icon":null,"ltla22cd":null,"ltla22nm":null,"ltla22nmw":null,"label":null,"stroke-opacity":"NA","stroke-width":4,"stroke":"#1A73E8","fill-opacity":"NA","fill":null,"LengthInMetres":584,"Title":"LB Waltham Forest - Mini Holland","Direction":"TwoWay","Flow":null,"Protection":null,"RoadOwnership":null,"YearBuilt":null,"Borough":"Waltham Forest"},"geometry":{"type":"LineString","coordinates":[[-0.0386803,51.58741],[-0.0375645,51.58752],[-0.0368296,51.58757],[-0.0356387,51.5877],[-0.0340293,51.5879],[-0.0334661,51.58801],[-0.0329672,51.58817],[-0.031964,51.58851],[-0.0306926,51.58889]]}},{"type":"Feature","properties":{"Name":null,"description":null,"timestamp":null,"begin":null,"end":null,"altitudeMode":null,"tessellate":"NA","extrude":"NA","visibility":"NA","drawOrder":"NA","icon":null,"ltla22cd":null,"ltla22nm":null,"ltla22nmw":null,"label":null,"stroke-opacity":"NA","stroke-width":4,"stroke":"#1A73E8","fill-opacity":"NA","fill":null,"LengthInMetres":881,"Title":"LB Waltham Forest - Mini Holland","Direction":"TwoWay","Flow":null,"Protection":null,"RoadOwnership":null,"YearBuilt":null,"Borough":"Waltham Forest"},"geometry":{"type":"LineString","coordinates":[[-0.0297033,51.58929],[-0.029065,51.58948],[-0.0283569,51.58963],[-0.0275307,51.5897],[-0.0265651,51.58986],[-0.0246983,51.59008],[-0.0238293,51.5902],[-0.0232714,51.5903],[-0.0227135,51.59044],[-0.0221127,51.5906],[-0.0215011,51.59075],[-0.020954,51.59084],[-0.0202888,51.59086],[-0.0197952,51.59079],[-0.0191837,51.59061],[-0.0180357,51.59032],[-0.0175744,51.59022]]}},{"type":"Feature","properties":{"Name":null,"description":null,"timestamp":null,"begin":null,"end":null,"altitudeMode":null,"tessellate":"NA","extrude":"NA","visibility":"NA","drawOrder":"NA","icon":null,"ltla22cd":null,"ltla22nm":null,"ltla22nmw":null,"label":null,"stroke-opacity":"NA","stroke-width":4,"stroke":"#1A73E8","fill-opacity":"NA","fill":null,"LengthInMetres":2424,"Title":"LB Waltham Forest - Mini Holland","Direction":"TwoWay","Flow":null,"Protection":null,"RoadOwnership":null,"YearBuilt":null,"Borough":"Waltham Forest"},"geometry":{"type":"LineString","coordinates":[[-0.0398229,51.59181],[-0.0400268,51.59312],[-0.0400321,51.59346],[-0.0399302,51.59363],[-0.0399731,51.59388],[-0.0402198,51.59424],[-0.0408099,51.59506],[-0.0409923,51.59534],[-0.0410674,51.5957],[-0.041121,51.5962],[-0.041239,51.59644],[-0.0414107,51.59696],[-0.0414053,51.59723],[-0.0413142,51.59746],[-0.0410459,51.59815],[-0.040885,51.59851],[-0.0407241,51.59864],[-0.0404451,51.59878],[-0.0401474,51.59881],[-0.0395372,51.5988],[-0.03899,51.59879],[-0.0384093,51.59878],[-0.0382927,51.59878],[-0.0381016,51.59881],[-0.0374535,51.59887],[-0.0368805,51.59892],[-0.0363521,51.59897],[-0.0359525,51.59901],[-0.0356507,51.59906],[-0.0353604,51.59916],[-0.0350888,51.59924],[-0.0348205,51.59927],[-0.0343645,51.59929],[-0.0336511,51.59933],[-0.0331388,51.59936],[-0.0319264,51.59947],[-0.0304284,51.59962],[-0.0300308,51.59964],[-0.0291293,51.59966],[-0.028508,51.59966],[-0.0281211,51.59965],[-0.027363,51.59961],[-0.0266478,51.59958],[-0.0263072,51.59958],[-0.0254865,51.59961],[-0.0249138,51.59966],[-0.0242855,51.59972],[-0.0238302,51.59979],[-0.0234071,51.59987],[-0.0229907,51.59997],[-0.0223623,51.60013],[-0.0217984,51.60026],[-0.0213237,51.60034],[-0.0206317,51.60041],[-0.0200456,51.60046],[-0.01873,51.60052],[-0.0175873,51.60067]]}},{"type":"Feature","properties":{"Name":null,"description":null,"timestamp":null,"begin":null,"end":null,"altitudeMode":null,"tessellate":"NA","extrude":"NA","visibility":"NA","drawOrder":"NA","icon":null,"ltla22cd":null,"ltla22nm":null,"ltla22nmw":null,"label":null,"stroke-opacity":"NA","stroke-width":4,"stroke":"#1A73E8","fill-opacity":"NA","fill":null,"LengthInMetres":388,"Title":"Marshall Road","Direction":"TwoWay","Flow":null,"Protection":null,"RoadOwnership":null,"YearBuilt":null,"Borough":"Waltham Forest"},"geometry":{"type":"LineString","coordinates":[[-0.0142936,51.55703],[-0.0137916,51.55685],[-0.0140115,51.5567],[-0.0141269,51.55654],[-0.0141188,51.55644],[-0.0140625,51.55637],[-0.0139311,51.55628],[-0.0136119,51.55617],[-0.012885,51.55594],[-0.0124558,51.55578],[-0.0122814,51.55575],[-0.0120763,51.55574],[-0.011979,51.5557],[-0.0116672,51.55585],[-0.01053,51.55631]]}},{"type":"Feature","properties":{"Name":null,"description":null,"timestamp":null,"begin":null,"end":null,"altitudeMode":null,"tessellate":"NA","extrude":"NA","visibility":"NA","drawOrder":"NA","icon":null,"ltla22cd":null,"ltla22nm":null,"ltla22nmw":null,"label":null,"stroke-opacity":"NA","stroke-width":4,"stroke":"#1A73E8","fill-opacity":"NA","fill":null,"LengthInMetres":690,"Title":"Ruckholt Road","Direction":"TwoWay","Flow":null,"Protection":null,"RoadOwnership":null,"YearBuilt":null,"Borough":"Waltham Forest"},"geometry":{"type":"LineString","coordinates":[[-0.016949,51.5548],[-0.0149841,51.55651],[-0.0142,51.557],[-0.0137892,51.55712],[-0.0134643,51.55718],[-0.0131988,51.55721],[-0.0129132,51.55723],[-0.0126577,51.55723],[-0.0123593,51.5572],[-0.0113132,51.55706],[-0.0110021,51.55702],[-0.0107446,51.557],[-0.010471,51.55703],[-0.0098568,51.55726],[-0.0092855,51.55749],[-0.0090816,51.55757]]}},{"type":"Feature","properties":{"Name":null,"description":null,"timestamp":null,"begin":null,"end":null,"altitudeMode":null,"tessellate":"NA","extrude":"NA","visibility":"NA","drawOrder":"NA","icon":null,"ltla22cd":null,"ltla22nm":null,"ltla22nmw":null,"label":null,"stroke-opacity":"NA","stroke-width":4,"stroke":"#1A73E8","fill-opacity":"NA","fill":null,"LengthInMetres":22,"Title":"Ruckholt Road","Direction":"TwoWay","Flow":null,"Protection":null,"RoadOwnership":null,"YearBuilt":null,"Borough":"Waltham Forest"},"geometry":{"type":"LineString","coordinates":[[-0.0090816,51.55757],[-0.0087651,51.55754]]}},{"type":"Feature","properties":{"Name":null,"description":null,"timestamp":null,"begin":null,"end":null,"altitudeMode":null,"tessellate":"NA","extrude":"NA","visibility":"NA","drawOrder":"NA","icon":null,"ltla22cd":null,"ltla22nm":null,"ltla22nmw":null,"label":null,"stroke-opacity":"NA","stroke-width":4,"stroke":"#1A73E8","fill-opacity":"NA","fill":null,"LengthInMetres":6,"Title":"Ruckholt Road","Direction":"TwoWay","Flow":null,"Protection":null,"RoadOwnership":null,"YearBuilt":null,"Borough":"Waltham Forest"},"geometry":{"type":"LineString","coordinates":[[-0.0087651,51.55754],[-0.0086793,51.55754]]}},{"type":"Feature","properties":{"Name":null,"description":null,"timestamp":null,"begin":null,"end":null,"altitudeMode":null,"tessellate":"NA","extrude":"NA","visibility":"NA","drawOrder":"NA","icon":null,"ltla22cd":null,"ltla22nm":null,"ltla22nmw":null,"label":null,"stroke-opacity":"NA","stroke-width":4,"stroke":"#1A73E8","fill-opacity":"NA","fill":null,"LengthInMetres":6,"Title":"Ruckholt Road","Direction":"TwoWay","Flow":null,"Protection":null,"RoadOwnership":null,"YearBuilt":null,"Borough":"Waltham Forest"},"geometry":{"type":"LineString","coordinates":[[-0.0086793,51.55754],[-0.0086001,51.55751]]}},{"type":"Feature","properties":{"Name":null,"description":null,"timestamp":null,"begin":null,"end":null,"altitudeMode":null,"tessellate":"NA","extrude":"NA","visibility":"NA","drawOrder":"NA","icon":null,"ltla22cd":null,"ltla22nm":null,"ltla22nmw":null,"label":null,"stroke-opacity":"NA","stroke-width":4,"stroke":"#1A73E8","fill-opacity":"NA","fill":null,"LengthInMetres":6,"Title":"Ruckholt Road","Direction":"TwoWay","Flow":null,"Protection":null,"RoadOwnership":null,"YearBuilt":null,"Borough":"Waltham Forest"},"geometry":{"type":"LineString","coordinates":[[-0.0086001,51.55751],[-0.0085358,51.55748]]}},{"type":"Feature","properties":{"Name":null,"description":null,"timestamp":null,"begin":null,"end":null,"altitudeMode":null,"tessellate":"NA","extrude":"NA","visibility":"NA","drawOrder":"NA","icon":null,"ltla22cd":null,"ltla22nm":null,"ltla22nmw":null,"label":null,"stroke-opacity":"NA","stroke-width":4,"stroke":"#1A73E8","fill-opacity":"NA","fill":null,"LengthInMetres":7,"Title":"Ruckholt Road","Direction":"TwoWay","Flow":null,"Protection":null,"RoadOwnership":null,"YearBuilt":null,"Borough":"Waltham Forest"},"geometry":{"type":"LineString","coordinates":[[-0.0085358,51.55748],[-0.0084754,51.55743]]}},{"type":"Feature","properties":{"Name":null,"description":null,"timestamp":null,"begin":null,"end":null,"altitudeMode":null,"tessellate":"NA","extrude":"NA","visibility":"NA","drawOrder":"NA","icon":null,"ltla22cd":null,"ltla22nm":null,"ltla22nmw":null,"label":null,"stroke-opacity":"NA","stroke-width":4,"stroke":"#1A73E8","fill-opacity":"NA","fill":null,"LengthInMetres":25,"Title":"Ruckholt Road","Direction":"TwoWay","Flow":null,"Protection":null,"RoadOwnership":null,"YearBuilt":null,"Borough":"Waltham Forest"},"geometry":{"type":"LineString","coordinates":[[-0.0084754,51.55743],[-0.0082515,51.55725]]}},{"type":"Feature","properties":{"Name":null,"description":null,"timestamp":null,"begin":null,"end":null,"altitudeMode":null,"tessellate":"NA","extrude":"NA","visibility":"NA","drawOrder":"NA","icon":null,"ltla22cd":null,"ltla22nm":null,"ltla22nmw":null,"label":null,"stroke-opacity":"NA","stroke-width":4,"stroke":"#1A73E8","fill-opacity":"NA","fill":null,"LengthInMetres":174,"Title":"Ruckholt Road","Direction":"TwoWay","Flow":null,"Protection":null,"RoadOwnership":null,"YearBuilt":null,"Borough":"Waltham Forest"},"geometry":{"type":"LineString","coordinates":[[-0.0090816,51.55757],[-0.0069948,51.55844]]}},{"type":"Feature","properties":{"Name":null,"description":null,"timestamp":null,"begin":null,"end":null,"altitudeMode":null,"tessellate":"NA","extrude":"NA","visibility":"NA","drawOrder":"NA","icon":null,"ltla22cd":null,"ltla22nm":null,"ltla22nmw":null,"label":null,"stroke-opacity":"NA","stroke-width":4,"stroke":"#1A73E8","fill-opacity":"NA","fill":null,"LengthInMetres":1833,"Title":"Orient Way","Direction":"TwoWay","Flow":null,"Protection":null,"RoadOwnership":null,"YearBuilt":null,"Borough":"Waltham Forest"},"geometry":{"type":"LineString","coordinates":[[-0.0352293,51.56654],[-0.0347527,51.5661],[-0.034509,51.56587],[-0.0343094,51.56574],[-0.034024,51.56561],[-0.033112,51.56519],[-0.0326721,51.56499],[-0.0321088,51.56469],[-0.031736,51.56448],[-0.0313095,51.56422],[-0.0308992,51.56397],[-0.0304674,51.56372],[-0.0295715,51.56321],[-0.0291504,51.563],[-0.028622,51.56277],[-0.0281499,51.56259],[-0.0277797,51.56247],[-0.0274364,51.56239],[-0.0257413,51.56203],[-0.0240917,51.56167],[-0.0232803,51.56149],[-0.0226621,51.56131],[-0.0222356,51.56116],[-0.0216696,51.56092],[-0.0212298,51.56069],[-0.0207952,51.56045],[-0.0203795,51.56017],[-0.0195011,51.55952],[-0.0190083,51.55915],[-0.0185262,51.55885],[-0.0167452,51.55785],[-0.0164447,51.55774],[-0.0163053,51.55774],[-0.0161926,51.55771],[-0.0161202,51.55768],[-0.0160625,51.55764],[-0.0158995,51.55759],[-0.0155606,51.55755],[-0.0153074,51.55749],[-0.0148247,51.5573],[-0.0142936,51.55703]]}},{"type":"Feature","properties":{"Name":null,"description":null,"timestamp":null,"begin":null,"end":null,"altitudeMode":null,"tessellate":"NA","extrude":"NA","visibility":"NA","drawOrder":"NA","icon":null,"ltla22cd":null,"ltla22nm":null,"ltla22nmw":null,"label":null,"stroke-opacity":"NA","stroke-width":4,"stroke":"#1A73E8","fill-opacity":"NA","fill":null,"LengthInMetres":82,"Title":"QE Park - Honour Lee Ave/Temple Mills La","Direction":"TwoWay","Flow":null,"Protection":null,"RoadOwnership":null,"YearBuilt":null,"Borough":"Waltham Forest"},"geometry":{"type":"LineString","coordinates":[[-0.0087558,51.54994],[-0.0091174,51.55064]]}},{"type":"Feature","properties":{"Name":null,"description":null,"timestamp":null,"begin":null,"end":null,"altitudeMode":null,"tessellate":"NA","extrude":"NA","visibility":"NA","drawOrder":"NA","icon":null,"ltla22cd":null,"ltla22nm":null,"ltla22nmw":null,"label":null,"stroke-opacity":"NA","stroke-width":4,"stroke":"#1A73E8","fill-opacity":"NA","fill":null,"LengthInMetres":75,"Title":"QE Park - Honour Lee Ave/Temple Mills La","Direction":"TwoWay","Flow":null,"Protection":null,"RoadOwnership":null,"YearBuilt":null,"Borough":"Waltham Forest"},"geometry":{"type":"LineString","coordinates":[[-0.0091511,51.55079],[-0.0091641,51.55095],[-0.0092058,51.55146]]}},{"type":"Feature","properties":{"Name":null,"description":null,"timestamp":null,"begin":null,"end":null,"altitudeMode":null,"tessellate":"NA","extrude":"NA","visibility":"NA","drawOrder":"NA","icon":null,"ltla22cd":null,"ltla22nm":null,"ltla22nmw":null,"label":null,"stroke-opacity":"NA","stroke-width":4,"stroke":"#1A73E8","fill-opacity":"NA","fill":null,"LengthInMetres":64,"Title":"QE Park - Honour Lee Ave/Temple Mills La","Direction":"TwoWay","Flow":null,"Protection":null,"RoadOwnership":null,"YearBuilt":null,"Borough":"Waltham Forest"},"geometry":{"type":"LineString","coordinates":[[-0.0092518,51.55175],[-0.0092714,51.55187],[-0.0094924,51.5523]]}},{"type":"Feature","properties":{"Name":null,"description":null,"timestamp":null,"begin":null,"end":null,"altitudeMode":null,"tessellate":"NA","extrude":"NA","visibility":"NA","drawOrder":"NA","icon":null,"ltla22cd":null,"ltla22nm":null,"ltla22nmw":null,"label":null,"stroke-opacity":"NA","stroke-width":4,"stroke":"#1A73E8","fill-opacity":"NA","fill":null,"LengthInMetres":276,"Title":"Langthorne Road","Direction":"TwoWay","Flow":null,"Protection":null,"RoadOwnership":null,"YearBuilt":null,"Borough":"Waltham Forest"},"geometry":{"type":"LineString","coordinates":[[-0.002893,51.55666],[-0.0030968,51.55685],[-0.0033329,51.55715],[-0.0035475,51.55744],[-0.0037406,51.55759],[-0.0041483,51.55788],[-0.0044058,51.55806],[-0.0046203,51.55831],[-0.0048349,51.55847],[-0.0049315,51.55855],[-0.0051031,51.5587]]}},{"type":"Feature","properties":{"Name":null,"description":null,"timestamp":null,"begin":null,"end":null,"altitudeMode":null,"tessellate":"NA","extrude":"NA","visibility":"NA","drawOrder":"NA","icon":null,"ltla22cd":null,"ltla22nm":null,"ltla22nmw":null,"label":null,"stroke-opacity":"NA","stroke-width":4,"stroke":"#1A73E8","fill-opacity":"NA","fill":null,"LengthInMetres":433,"Title":"LB Waltham Forest - Mini Holland","Direction":"TwoWay","Flow":null,"Protection":null,"RoadOwnership":null,"YearBuilt":null,"Borough":"Waltham Forest"},"geometry":{"type":"LineString","coordinates":[[0.0001144,51.56085],[0.0002341,51.56097],[0.0006006,51.56122],[0.0015233,51.56191],[0.0026498,51.56273],[0.0032828,51.56331],[0.0035403,51.56373],[0.0035296,51.56401]]}},{"type":"Feature","properties":{"Name":null,"description":null,"timestamp":null,"begin":null,"end":null,"altitudeMode":null,"tessellate":"NA","extrude":"NA","visibility":"NA","drawOrder":"NA","icon":null,"ltla22cd":null,"ltla22nm":null,"ltla22nmw":null,"label":null,"stroke-opacity":"NA","stroke-width":4,"stroke":"#1A73E8","fill-opacity":"NA","fill":null,"LengthInMetres":1053,"Title":"LB Waltham Forest - Mini Holland","Direction":"TwoWay","Flow":null,"Protection":null,"RoadOwnership":null,"YearBuilt":null,"Borough":"Waltham Forest"},"geometry":{"type":"LineString","coordinates":[[0.0042484,51.56405],[0.0045166,51.56427],[0.0049243,51.56473],[0.0049673,51.56499],[0.0050638,51.56508],[0.0053106,51.56527],[0.0057934,51.56593],[0.006126,51.56641],[0.0059436,51.56668],[0.0057826,51.56672],[0.0056003,51.567],[0.0060401,51.56709],[0.0064371,51.56729],[0.0067268,51.5676],[0.0070165,51.56822],[0.0073812,51.5688],[0.007746,51.56924],[0.0080679,51.5694],[0.0086794,51.56955],[0.0090335,51.56965],[0.0093661,51.5699],[0.0096987,51.57029],[0.0102888,51.57076],[0.0106643,51.57102],[0.0109325,51.57109],[0.0111792,51.57106],[0.0114367,51.57096],[0.0116942,51.57081]]}},{"type":"Feature","properties":{"Name":null,"description":null,"timestamp":null,"begin":null,"end":null,"altitudeMode":null,"tessellate":"NA","extrude":"NA","visibility":"NA","drawOrder":"NA","icon":null,"ltla22cd":null,"ltla22nm":null,"ltla22nmw":null,"label":null,"stroke-opacity":"NA","stroke-width":2,"stroke":"#1A73E8","fill-opacity":"NA","fill":null,"LengthInMetres":133,"Title":"LB Waltham Forest - Mini Holland","Direction":"OneWay","Flow":null,"Protection":null,"RoadOwnership":null,"YearBuilt":null,"Borough":"Waltham Forest"},"geometry":{"type":"LineString","coordinates":[[0.0056003,51.567],[0.0037697,51.56664]]}},{"type":"Feature","properties":{"Name":null,"description":null,"timestamp":null,"begin":null,"end":null,"altitudeMode":null,"tessellate":"NA","extrude":"NA","visibility":"NA","drawOrder":"NA","icon":null,"ltla22cd":null,"ltla22nm":null,"ltla22nmw":null,"label":null,"stroke-opacity":"NA","stroke-width":4,"stroke":"#1A73E8","fill-opacity":"NA","fill":null,"LengthInMetres":131,"Title":"Blackhorse Road Junction","Direction":"TwoWay","Flow":null,"Protection":null,"RoadOwnership":null,"YearBuilt":null,"Borough":"Waltham Forest"},"geometry":{"type":"LineString","coordinates":[[-0.0386803,51.58741],[-0.0394228,51.58734],[-0.0405462,51.58721]]}},{"type":"Feature","properties":{"Name":null,"description":null,"timestamp":null,"begin":null,"end":null,"altitudeMode":null,"tessellate":"NA","extrude":"NA","visibility":"NA","drawOrder":"NA","icon":null,"ltla22cd":null,"ltla22nm":null,"ltla22nmw":null,"label":null,"stroke-opacity":"NA","stroke-width":4,"stroke":"#1A73E8","fill-opacity":"NA","fill":null,"LengthInMetres":0,"Title":"Blackhorse Road Junction","Direction":"TwoWay","Flow":null,"Protection":null,"RoadOwnership":null,"YearBuilt":null,"Borough":"Waltham Forest"},"geometry":{"type":"LineString","coordinates":[[-0.0405462,51.58721],[-0.0405459,51.58721]]}},{"type":"Feature","properties":{"Name":null,"description":null,"timestamp":null,"begin":null,"end":null,"altitudeMode":null,"tessellate":"NA","extrude":"NA","visibility":"NA","drawOrder":"NA","icon":null,"ltla22cd":null,"ltla22nm":null,"ltla22nmw":null,"label":null,"stroke-opacity":"NA","stroke-width":4,"stroke":"#1A73E8","fill-opacity":"NA","fill":null,"LengthInMetres":32,"Title":"Blackhorse Road Junction","Direction":"TwoWay","Flow":null,"Protection":null,"RoadOwnership":null,"YearBuilt":null,"Borough":"Waltham Forest"},"geometry":{"type":"LineString","coordinates":[[-0.0405459,51.58721],[-0.0404666,51.58693]]}},{"type":"Feature","properties":{"Name":null,"description":null,"timestamp":null,"begin":null,"end":null,"altitudeMode":null,"tessellate":"NA","extrude":"NA","visibility":"NA","drawOrder":"NA","icon":null,"ltla22cd":null,"ltla22nm":null,"ltla22nmw":null,"label":null,"stroke-opacity":"NA","stroke-width":4,"stroke":"#1A73E8","fill-opacity":"NA","fill":null,"LengthInMetres":1,"Title":"Blackhorse Road Junction","Direction":"TwoWay","Flow":null,"Protection":null,"RoadOwnership":null,"YearBuilt":null,"Borough":"Waltham Forest"},"geometry":{"type":"LineString","coordinates":[[-0.0405462,51.58721],[-0.0405355,51.58721],[-0.0405459,51.58721]]}},{"type":"Feature","properties":{"Name":null,"description":null,"timestamp":null,"begin":null,"end":null,"altitudeMode":null,"tessellate":"NA","extrude":"NA","visibility":"NA","drawOrder":"NA","icon":null,"ltla22cd":null,"ltla22nm":null,"ltla22nmw":null,"label":null,"stroke-opacity":"NA","stroke-width":4,"stroke":"#1A73E8","fill-opacity":"NA","fill":null,"LengthInMetres":182,"Title":"Blackhorse Road Junction","Direction":"TwoWay","Flow":null,"Protection":null,"RoadOwnership":null,"YearBuilt":null,"Borough":"Waltham Forest"},"geometry":{"type":"LineString","coordinates":[[-0.0405459,51.58721],[-0.0414152,51.58712],[-0.0405355,51.58722],[-0.0405596,51.58729],[-0.0405515,51.58737],[-0.0404389,51.58753],[-0.0403209,51.58772]]}},{"type":"Feature","properties":{"Name":null,"description":null,"timestamp":null,"begin":null,"end":null,"altitudeMode":null,"tessellate":"NA","extrude":"NA","visibility":"NA","drawOrder":"NA","icon":null,"ltla22cd":null,"ltla22nm":null,"ltla22nmw":null,"label":null,"stroke-opacity":"NA","stroke-width":4,"stroke":"#1A73E8","fill-opacity":"NA","fill":null,"LengthInMetres":69,"Title":"Greenleaf Road","Direction":"TwoWay","Flow":null,"Protection":null,"RoadOwnership":null,"YearBuilt":null,"Borough":"Waltham Forest"},"geometry":{"type":"LineString","coordinates":[[-0.0251638,51.58939],[-0.0254695,51.58998]]}},{"type":"Feature","properties":{"Name":null,"description":null,"timestamp":null,"begin":null,"end":null,"altitudeMode":null,"tessellate":"NA","extrude":"NA","visibility":"NA","drawOrder":"NA","icon":null,"ltla22cd":null,"ltla22nm":null,"ltla22nmw":null,"label":null,"stroke-opacity":"NA","stroke-width":4,"stroke":"#1A73E8","fill-opacity":"NA","fill":null,"LengthInMetres":257,"Title":"Crooked Billet","Direction":"TwoWay","Flow":null,"Protection":null,"RoadOwnership":null,"YearBuilt":null,"Borough":"Waltham Forest"},"geometry":{"type":"LineString","coordinates":[[-0.0180815,51.60129],[-0.0177704,51.60118],[-0.0174955,51.60107],[-0.0173741,51.60104],[-0.0171896,51.60096],[-0.0170492,51.60094],[-0.0165963,51.6008],[-0.0165511,51.6008],[-0.0165526,51.60074],[-0.0164172,51.6007],[-0.0162891,51.60065],[-0.0157815,51.60041],[-0.0156192,51.60033],[-0.0152652,51.60025],[-0.0150627,51.6002],[-0.014993,51.60018],[-0.0149527,51.60015]]}},{"type":"Feature","properties":{"Name":null,"description":null,"timestamp":null,"begin":null,"end":null,"altitudeMode":null,"tessellate":"NA","extrude":"NA","visibility":"NA","drawOrder":"NA","icon":null,"ltla22cd":null,"ltla22nm":null,"ltla22nmw":null,"label":null,"stroke-opacity":"NA","stroke-width":4,"stroke":"#1A73E8","fill-opacity":"NA","fill":null,"LengthInMetres":71,"Title":"Crooked Billet","Direction":"TwoWay","Flow":null,"Protection":null,"RoadOwnership":null,"YearBuilt":null,"Borough":"Waltham Forest"},"geometry":{"type":"LineString","coordinates":[[-0.016217,51.59994],[-0.0163048,51.60003],[-0.0163444,51.6001],[-0.0164044,51.60019],[-0.0164685,51.60026],[-0.0165643,51.60035],[-0.0166764,51.60041],[-0.0167831,51.60046]]}},{"type":"Feature","properties":{"Name":null,"description":null,"timestamp":null,"begin":null,"end":null,"altitudeMode":null,"tessellate":"NA","extrude":"NA","visibility":"NA","drawOrder":"NA","icon":null,"ltla22cd":null,"ltla22nm":null,"ltla22nmw":null,"label":null,"stroke-opacity":"NA","stroke-width":4,"stroke":"#1A73E8","fill-opacity":"NA","fill":null,"LengthInMetres":17,"Title":"Crooked Billet","Direction":"TwoWay","Flow":null,"Protection":null,"RoadOwnership":null,"YearBuilt":null,"Borough":"Waltham Forest"},"geometry":{"type":"LineString","coordinates":[[-0.0167831,51.60046],[-0.0169842,51.60054]]}},{"type":"Feature","properties":{"Name":null,"description":null,"timestamp":null,"begin":null,"end":null,"altitudeMode":null,"tessellate":"NA","extrude":"NA","visibility":"NA","drawOrder":"NA","icon":null,"ltla22cd":null,"ltla22nm":null,"ltla22nmw":null,"label":null,"stroke-opacity":"NA","stroke-width":4,"stroke":"#1A73E8","fill-opacity":"NA","fill":null,"LengthInMetres":17,"Title":"Crooked Billet","Direction":"TwoWay","Flow":null,"Protection":null,"RoadOwnership":null,"YearBuilt":null,"Borough":"Waltham Forest"},"geometry":{"type":"LineString","coordinates":[[-0.0169842,51.60054],[-0.0172106,51.6006]]}},{"type":"Feature","properties":{"Name":null,"description":null,"timestamp":null,"begin":null,"end":null,"altitudeMode":null,"tessellate":"NA","extrude":"NA","visibility":"NA","drawOrder":"NA","icon":null,"ltla22cd":null,"ltla22nm":null,"ltla22nmw":null,"label":null,"stroke-opacity":"NA","stroke-width":4,"stroke":"#1A73E8","fill-opacity":"NA","fill":null,"LengthInMetres":10,"Title":"Crooked Billet","Direction":"TwoWay","Flow":null,"Protection":null,"RoadOwnership":null,"YearBuilt":null,"Borough":"Waltham Forest"},"geometry":{"type":"LineString","coordinates":[[-0.0172106,51.6006],[-0.0173583,51.60062]]}},{"type":"Feature","properties":{"Name":null,"description":null,"timestamp":null,"begin":null,"end":null,"altitudeMode":null,"tessellate":"NA","extrude":"NA","visibility":"NA","drawOrder":"NA","icon":null,"ltla22cd":null,"ltla22nm":null,"ltla22nmw":null,"label":null,"stroke-opacity":"NA","stroke-width":4,"stroke":"#1A73E8","fill-opacity":"NA","fill":null,"LengthInMetres":6,"Title":"Crooked Billet","Direction":"TwoWay","Flow":null,"Protection":null,"RoadOwnership":null,"YearBuilt":null,"Borough":"Waltham Forest"},"geometry":{"type":"LineString","coordinates":[[-0.0173583,51.60062],[-0.0174362,51.60063]]}},{"type":"Feature","properties":{"Name":null,"description":null,"timestamp":null,"begin":null,"end":null,"altitudeMode":null,"tessellate":"NA","extrude":"NA","visibility":"NA","drawOrder":"NA","icon":null,"ltla22cd":null,"ltla22nm":null,"ltla22nmw":null,"label":null,"stroke-opacity":"NA","stroke-width":4,"stroke":"#1A73E8","fill-opacity":"NA","fill":null,"LengthInMetres":3,"Title":"Crooked Billet","Direction":"TwoWay","Flow":null,"Protection":null,"RoadOwnership":null,"YearBuilt":null,"Borough":"Waltham Forest"},"geometry":{"type":"LineString","coordinates":[[-0.0174362,51.60063],[-0.0174714,51.60064]]}},{"type":"Feature","properties":{"Name":null,"description":null,"timestamp":null,"begin":null,"end":null,"altitudeMode":null,"tessellate":"NA","extrude":"NA","visibility":"NA","drawOrder":"NA","icon":null,"ltla22cd":null,"ltla22nm":null,"ltla22nmw":null,"label":null,"stroke-opacity":"NA","stroke-width":4,"stroke":"#1A73E8","fill-opacity":"NA","fill":null,"LengthInMetres":3,"Title":"Crooked Billet","Direction":"TwoWay","Flow":null,"Protection":null,"RoadOwnership":null,"YearBuilt":null,"Borough":"Waltham Forest"},"geometry":{"type":"LineString","coordinates":[[-0.0174714,51.60064],[-0.0174881,51.60066]]}},{"type":"Feature","properties":{"Name":null,"description":null,"timestamp":null,"begin":null,"end":null,"altitudeMode":null,"tessellate":"NA","extrude":"NA","visibility":"NA","drawOrder":"NA","icon":null,"ltla22cd":null,"ltla22nm":null,"ltla22nmw":null,"label":null,"stroke-opacity":"NA","stroke-width":4,"stroke":"#1A73E8","fill-opacity":"NA","fill":null,"LengthInMetres":59,"Title":"Crooked Billet","Direction":"TwoWay","Flow":null,"Protection":null,"RoadOwnership":null,"YearBuilt":null,"Borough":"Waltham Forest"},"geometry":{"type":"LineString","coordinates":[[-0.0169842,51.60054],[-0.0170557,51.60052],[-0.0171354,51.60049],[-0.0171578,51.60045],[-0.0171652,51.60041],[-0.0171209,51.60036],[-0.0170512,51.60033],[-0.0169681,51.60033],[-0.0168742,51.60036],[-0.0168434,51.60038],[-0.0167831,51.60046]]}},{"type":"Feature","properties":{"Name":null,"description":null,"timestamp":null,"begin":null,"end":null,"altitudeMode":null,"tessellate":"NA","extrude":"NA","visibility":"NA","drawOrder":"NA","icon":null,"ltla22cd":null,"ltla22nm":null,"ltla22nmw":null,"label":null,"stroke-opacity":"NA","stroke-width":4,"stroke":"#1A73E8","fill-opacity":"NA","fill":null,"LengthInMetres":81,"Title":"Crooked Billet","Direction":"TwoWay","Flow":null,"Protection":null,"RoadOwnership":null,"YearBuilt":null,"Borough":"Waltham Forest"},"geometry":{"type":"LineString","coordinates":[[-0.0167831,51.60046],[-0.0165927,51.6007],[-0.0165526,51.60074],[-0.0165511,51.6008],[-0.0165093,51.60115]]}},{"type":"Feature","properties":{"Name":null,"description":null,"timestamp":null,"begin":null,"end":null,"altitudeMode":null,"tessellate":"NA","extrude":"NA","visibility":"NA","drawOrder":"NA","icon":null,"ltla22cd":null,"ltla22nm":null,"ltla22nmw":null,"label":null,"stroke-opacity":"NA","stroke-width":4,"stroke":"#1A73E8","fill-opacity":"NA","fill":null,"LengthInMetres":43,"Title":"Crooked Billet","Direction":"TwoWay","Flow":null,"Protection":null,"RoadOwnership":null,"YearBuilt":null,"Borough":"Waltham Forest"},"geometry":{"type":"LineString","coordinates":[[-0.0165093,51.60115],[-0.0166904,51.60122],[-0.0169711,51.60131],[-0.017013,51.60136]]}},{"type":"Feature","properties":{"Name":null,"description":null,"timestamp":null,"begin":null,"end":null,"altitudeMode":null,"tessellate":"NA","extrude":"NA","visibility":"NA","drawOrder":"NA","icon":null,"ltla22cd":null,"ltla22nm":null,"ltla22nmw":null,"label":null,"stroke-opacity":"NA","stroke-width":4,"stroke":"#1A73E8","fill-opacity":"NA","fill":null,"LengthInMetres":5,"Title":"Crooked Billet","Direction":"TwoWay","Flow":null,"Protection":null,"RoadOwnership":null,"YearBuilt":null,"Borough":"Waltham Forest"},"geometry":{"type":"LineString","coordinates":[[-0.017013,51.60136],[-0.0170847,51.60134]]}},{"type":"Feature","properties":{"Name":null,"description":null,"timestamp":null,"begin":null,"end":null,"altitudeMode":null,"tessellate":"NA","extrude":"NA","visibility":"NA","drawOrder":"NA","icon":null,"ltla22cd":null,"ltla22nm":null,"ltla22nmw":null,"label":null,"stroke-opacity":"NA","stroke-width":4,"stroke":"#1A73E8","fill-opacity":"NA","fill":null,"LengthInMetres":5,"Title":"Crooked Billet","Direction":"TwoWay","Flow":null,"Protection":null,"RoadOwnership":null,"YearBuilt":null,"Borough":"Waltham Forest"},"geometry":{"type":"LineString","coordinates":[[-0.0170847,51.60134],[-0.0171565,51.60135]]}},{"type":"Feature","properties":{"Name":null,"description":null,"timestamp":null,"begin":null,"end":null,"altitudeMode":null,"tessellate":"NA","extrude":"NA","visibility":"NA","drawOrder":"NA","icon":null,"ltla22cd":null,"ltla22nm":null,"ltla22nmw":null,"label":null,"stroke-opacity":"NA","stroke-width":4,"stroke":"#1A73E8","fill-opacity":"NA","fill":null,"LengthInMetres":5,"Title":"Crooked Billet","Direction":"TwoWay","Flow":null,"Protection":null,"RoadOwnership":null,"YearBuilt":null,"Borough":"Waltham Forest"},"geometry":{"type":"LineString","coordinates":[[-0.0171565,51.60135],[-0.0172269,51.60136]]}},{"type":"Feature","properties":{"Name":null,"description":null,"timestamp":null,"begin":null,"end":null,"altitudeMode":null,"tessellate":"NA","extrude":"NA","visibility":"NA","drawOrder":"NA","icon":null,"ltla22cd":null,"ltla22nm":null,"ltla22nmw":null,"label":null,"stroke-opacity":"NA","stroke-width":4,"stroke":"#1A73E8","fill-opacity":"NA","fill":null,"LengthInMetres":5,"Title":"Crooked Billet","Direction":"TwoWay","Flow":null,"Protection":null,"RoadOwnership":null,"YearBuilt":null,"Borough":"Waltham Forest"},"geometry":{"type":"LineString","coordinates":[[-0.0172269,51.60136],[-0.0172793,51.60139]]}},{"type":"Feature","properties":{"Name":null,"description":null,"timestamp":null,"begin":null,"end":null,"altitudeMode":null,"tessellate":"NA","extrude":"NA","visibility":"NA","drawOrder":"NA","icon":null,"ltla22cd":null,"ltla22nm":null,"ltla22nmw":null,"label":null,"stroke-opacity":"NA","stroke-width":4,"stroke":"#1A73E8","fill-opacity":"NA","fill":null,"LengthInMetres":4,"Title":"Crooked Billet","Direction":"TwoWay","Flow":null,"Protection":null,"RoadOwnership":null,"YearBuilt":null,"Borough":"Waltham Forest"},"geometry":{"type":"LineString","coordinates":[[-0.0172793,51.60139],[-0.017317,51.60142]]}},{"type":"Feature","properties":{"Name":null,"description":null,"timestamp":null,"begin":null,"end":null,"altitudeMode":null,"tessellate":"NA","extrude":"NA","visibility":"NA","drawOrder":"NA","icon":null,"ltla22cd":null,"ltla22nm":null,"ltla22nmw":null,"label":null,"stroke-opacity":"NA","stroke-width":4,"stroke":"#1A73E8","fill-opacity":"NA","fill":null,"LengthInMetres":4,"Title":"Crooked Billet","Direction":"TwoWay","Flow":null,"Protection":null,"RoadOwnership":null,"YearBuilt":null,"Borough":"Waltham Forest"},"geometry":{"type":"LineString","coordinates":[[-0.017317,51.60142],[-0.0173576,51.60145]]}},{"type":"Feature","properties":{"Name":null,"description":null,"timestamp":null,"begin":null,"end":null,"altitudeMode":null,"tessellate":"NA","extrude":"NA","visibility":"NA","drawOrder":"NA","icon":null,"ltla22cd":null,"ltla22nm":null,"ltla22nmw":null,"label":null,"stroke-opacity":"NA","stroke-width":4,"stroke":"#1A73E8","fill-opacity":"NA","fill":null,"LengthInMetres":4,"Title":"Crooked Billet","Direction":"TwoWay","Flow":null,"Protection":null,"RoadOwnership":null,"YearBuilt":null,"Borough":"Waltham Forest"},"geometry":{"type":"LineString","coordinates":[[-0.0173576,51.60145],[-0.0174039,51.60143]]}},{"type":"Feature","properties":{"Name":null,"description":null,"timestamp":null,"begin":null,"end":null,"altitudeMode":null,"tessellate":"NA","extrude":"NA","visibility":"NA","drawOrder":"NA","icon":null,"ltla22cd":null,"ltla22nm":null,"ltla22nmw":null,"label":null,"stroke-opacity":"NA","stroke-width":4,"stroke":"#1A73E8","fill-opacity":"NA","fill":null,"LengthInMetres":3,"Title":"Crooked Billet","Direction":"TwoWay","Flow":null,"Protection":null,"RoadOwnership":null,"YearBuilt":null,"Borough":"Waltham Forest"},"geometry":{"type":"LineString","coordinates":[[-0.0174039,51.60143],[-0.0174508,51.60142]]}},{"type":"Feature","properties":{"Name":null,"description":null,"timestamp":null,"begin":null,"end":null,"altitudeMode":null,"tessellate":"NA","extrude":"NA","visibility":"NA","drawOrder":"NA","icon":null,"ltla22cd":null,"ltla22nm":null,"ltla22nmw":null,"label":null,"stroke-opacity":"NA","stroke-width":4,"stroke":"#1A73E8","fill-opacity":"NA","fill":null,"LengthInMetres":14,"Title":"Crooked Billet","Direction":"TwoWay","Flow":null,"Protection":null,"RoadOwnership":null,"YearBuilt":null,"Borough":"Waltham Forest"},"geometry":{"type":"LineString","coordinates":[[-0.017013,51.60136],[-0.0169825,51.60137],[-0.0169203,51.60142],[-0.0168943,51.60145],[-0.0168897,51.60146]]}},{"type":"Feature","properties":{"Name":null,"description":null,"timestamp":null,"begin":null,"end":null,"altitudeMode":null,"tessellate":"NA","extrude":"NA","visibility":"NA","drawOrder":"NA","icon":null,"ltla22cd":null,"ltla22nm":null,"ltla22nmw":null,"label":null,"stroke-opacity":"NA","stroke-width":4,"stroke":"#1A73E8","fill-opacity":"NA","fill":null,"LengthInMetres":12,"Title":"Crooked Billet","Direction":"TwoWay","Flow":null,"Protection":null,"RoadOwnership":null,"YearBuilt":null,"Borough":"Waltham Forest"},"geometry":{"type":"LineString","coordinates":[[-0.0168897,51.60146],[-0.0168279,51.60156]]}},{"type":"Feature","properties":{"Name":null,"description":null,"timestamp":null,"begin":null,"end":null,"altitudeMode":null,"tessellate":"NA","extrude":"NA","visibility":"NA","drawOrder":"NA","icon":null,"ltla22cd":null,"ltla22nm":null,"ltla22nmw":null,"label":null,"stroke-opacity":"NA","stroke-width":4,"stroke":"#1A73E8","fill-opacity":"NA","fill":null,"LengthInMetres":11,"Title":"Crooked Billet","Direction":"TwoWay","Flow":null,"Protection":null,"RoadOwnership":null,"YearBuilt":null,"Borough":"Waltham Forest"},"geometry":{"type":"LineString","coordinates":[[-0.0168279,51.60156],[-0.0167742,51.60165]]}},{"type":"Feature","properties":{"Name":null,"description":null,"timestamp":null,"begin":null,"end":null,"altitudeMode":null,"tessellate":"NA","extrude":"NA","visibility":"NA","drawOrder":"NA","icon":null,"ltla22cd":null,"ltla22nm":null,"ltla22nmw":null,"label":null,"stroke-opacity":"NA","stroke-width":4,"stroke":"#1A73E8","fill-opacity":"NA","fill":null,"LengthInMetres":12,"Title":"Crooked Billet","Direction":"TwoWay","Flow":null,"Protection":null,"RoadOwnership":null,"YearBuilt":null,"Borough":"Waltham Forest"},"geometry":{"type":"LineString","coordinates":[[-0.0167742,51.60165],[-0.0166958,51.60175]]}},{"type":"Feature","properties":{"Name":null,"description":null,"timestamp":null,"begin":null,"end":null,"altitudeMode":null,"tessellate":"NA","extrude":"NA","visibility":"NA","drawOrder":"NA","icon":null,"ltla22cd":null,"ltla22nm":null,"ltla22nmw":null,"label":null,"stroke-opacity":"NA","stroke-width":4,"stroke":"#1A73E8","fill-opacity":"NA","fill":null,"LengthInMetres":58,"Title":"Crooked Billet","Direction":"TwoWay","Flow":null,"Protection":null,"RoadOwnership":null,"YearBuilt":null,"Borough":"Waltham Forest"},"geometry":{"type":"LineString","coordinates":[[-0.0168279,51.60156],[-0.0169462,51.60159],[-0.0170001,51.6016],[-0.0170297,51.6016],[-0.0171156,51.60158],[-0.0171746,51.60154],[-0.0171853,51.60148],[-0.0171705,51.60145],[-0.0171457,51.60143],[-0.0169241,51.60146],[-0.0168897,51.60146]]}},{"type":"Feature","properties":{"Name":null,"description":null,"timestamp":null,"begin":null,"end":null,"altitudeMode":null,"tessellate":"NA","extrude":"NA","visibility":"NA","drawOrder":"NA","icon":null,"ltla22cd":null,"ltla22nm":null,"ltla22nmw":null,"label":null,"stroke-opacity":"NA","stroke-width":4,"stroke":"#1A73E8","fill-opacity":"NA","fill":null,"LengthInMetres":30,"Title":"Crooked Billet","Direction":"TwoWay","Flow":null,"Protection":null,"RoadOwnership":null,"YearBuilt":null,"Borough":"Waltham Forest"},"geometry":{"type":"LineString","coordinates":[[-0.0168897,51.60146],[-0.0167025,51.60147],[-0.0164513,51.60147]]}},{"type":"Feature","properties":{"Name":null,"description":null,"timestamp":null,"begin":null,"end":null,"altitudeMode":null,"tessellate":"NA","extrude":"NA","visibility":"NA","drawOrder":"NA","icon":null,"ltla22cd":null,"ltla22nm":null,"ltla22nmw":null,"label":null,"stroke-opacity":"NA","stroke-width":4,"stroke":"#1A73E8","fill-opacity":"NA","fill":null,"LengthInMetres":60,"Title":"Crooked Billet","Direction":"TwoWay","Flow":null,"Protection":null,"RoadOwnership":null,"YearBuilt":null,"Borough":"Waltham Forest"},"geometry":{"type":"LineString","coordinates":[[-0.0164513,51.60147],[-0.016445,51.60147],[-0.0165322,51.60173],[-0.0164886,51.60159],[-0.0164504,51.60147],[-0.0164513,51.60147]]}},{"type":"Feature","properties":{"Name":null,"description":null,"timestamp":null,"begin":null,"end":null,"altitudeMode":null,"tessellate":"NA","extrude":"NA","visibility":"NA","drawOrder":"NA","icon":null,"ltla22cd":null,"ltla22nm":null,"ltla22nmw":null,"label":null,"stroke-opacity":"NA","stroke-width":4,"stroke":"#1A73E8","fill-opacity":"NA","fill":null,"LengthInMetres":36,"Title":"Crooked Billet","Direction":"TwoWay","Flow":null,"Protection":null,"RoadOwnership":null,"YearBuilt":null,"Borough":"Waltham Forest"},"geometry":{"type":"LineString","coordinates":[[-0.0164513,51.60147],[-0.0165093,51.60115]]}},{"type":"Feature","properties":{"Name":null,"description":null,"timestamp":null,"begin":null,"end":null,"altitudeMode":null,"tessellate":"NA","extrude":"NA","visibility":"NA","drawOrder":"NA","icon":null,"ltla22cd":null,"ltla22nm":null,"ltla22nmw":null,"label":null,"stroke-opacity":"NA","stroke-width":4,"stroke":"#1A73E8","fill-opacity":"NA","fill":null,"LengthInMetres":304,"Title":"Wadham Road","Direction":"TwoWay","Flow":null,"Protection":null,"RoadOwnership":null,"YearBuilt":null,"Borough":"Waltham Forest"},"geometry":{"type":"LineString","coordinates":[[-0.0040406,51.60027],[-0.0039387,51.60054],[-0.0043625,51.60061],[-0.0043893,51.60064],[-0.0033164,51.60067],[-0.0025868,51.60068],[-0.0020289,51.60062],[-0.0016856,51.60055],[-0.001632,51.60072],[-0.001471,51.60075],[-0.0013369,51.60085],[-0.0013906,51.60087]]}},{"type":"Feature","properties":{"Name":null,"description":null,"timestamp":null,"begin":null,"end":null,"altitudeMode":null,"tessellate":"NA","extrude":"NA","visibility":"NA","drawOrder":"NA","icon":null,"ltla22cd":null,"ltla22nm":null,"ltla22nmw":null,"label":null,"stroke-opacity":"NA","stroke-width":4,"stroke":"#1A73E8","fill-opacity":"NA","fill":null,"LengthInMetres":46,"Title":"Winchester Road underpass","Direction":"TwoWay","Flow":null,"Protection":null,"RoadOwnership":null,"YearBuilt":null,"Borough":"Waltham Forest"},"geometry":{"type":"LineString","coordinates":[[-0.0039387,51.60054],[-0.003826,51.60062],[-0.003767,51.60083],[-0.0037509,51.60092]]}},{"type":"Feature","properties":{"Name":null,"description":null,"timestamp":null,"begin":null,"end":null,"altitudeMode":null,"tessellate":"NA","extrude":"NA","visibility":"NA","drawOrder":"NA","icon":null,"ltla22cd":null,"ltla22nm":null,"ltla22nmw":null,"label":null,"stroke-opacity":"NA","stroke-width":4,"stroke":"#1A73E8","fill-opacity":"NA","fill":null,"LengthInMetres":112,"Title":"Hoe Street - LB Waltham Forest","Direction":"TwoWay","Flow":null,"Protection":null,"RoadOwnership":null,"YearBuilt":null,"Borough":"Waltham Forest"},"geometry":{"type":"LineString","coordinates":[[-0.0170898,51.57824],[-0.0166124,51.57776],[-0.0164515,51.57759],[-0.0162745,51.57737]]}},{"type":"Feature","properties":{"Name":null,"description":null,"timestamp":null,"begin":null,"end":null,"altitudeMode":null,"tessellate":"NA","extrude":"NA","visibility":"NA","drawOrder":"NA","icon":null,"ltla22cd":null,"ltla22nm":null,"ltla22nmw":null,"label":null,"stroke-opacity":"NA","stroke-width":4,"stroke":"#1A73E8","fill-opacity":"NA","fill":null,"LengthInMetres":129,"Title":"Green Man Roundabout","Direction":"TwoWay","Flow":null,"Protection":null,"RoadOwnership":null,"YearBuilt":null,"Borough":"Waltham Forest"},"geometry":{"type":"LineString","coordinates":[[0.0149813,51.57386],[0.0150528,51.57389],[0.0150759,51.57389],[0.0151008,51.57387],[0.0152076,51.57375],[0.0152588,51.57372],[0.0153202,51.57371],[0.0154781,51.57371],[0.0156618,51.57371],[0.0157396,51.57369],[0.0157927,51.57366],[0.0158794,51.57359],[0.0160112,51.57349],[0.0160714,51.57341],[0.0160947,51.57335],[0.0161065,51.57318]]}},{"type":"Feature","properties":{"Name":null,"description":null,"timestamp":null,"begin":null,"end":null,"altitudeMode":null,"tessellate":"NA","extrude":"NA","visibility":"NA","drawOrder":"NA","icon":null,"ltla22cd":null,"ltla22nm":null,"ltla22nmw":null,"label":null,"stroke-opacity":"NA","stroke-width":4,"stroke":"#1A73E8","fill-opacity":"NA","fill":null,"LengthInMetres":9,"Title":"Green Man Roundabout","Direction":"TwoWay","Flow":null,"Protection":null,"RoadOwnership":null,"YearBuilt":null,"Borough":"Waltham Forest"},"geometry":{"type":"LineString","coordinates":[[0.0161065,51.57318],[0.0162194,51.57321]]}},{"type":"Feature","properties":{"Name":null,"description":null,"timestamp":null,"begin":null,"end":null,"altitudeMode":null,"tessellate":"NA","extrude":"NA","visibility":"NA","drawOrder":"NA","icon":null,"ltla22cd":null,"ltla22nm":null,"ltla22nmw":null,"label":null,"stroke-opacity":"NA","stroke-width":4,"stroke":"#1A73E8","fill-opacity":"NA","fill":null,"LengthInMetres":11,"Title":"Green Man Roundabout","Direction":"TwoWay","Flow":null,"Protection":null,"RoadOwnership":null,"YearBuilt":null,"Borough":"Waltham Forest"},"geometry":{"type":"LineString","coordinates":[[0.0162194,51.57321],[0.0163364,51.57327]]}},{"type":"Feature","properties":{"Name":null,"description":null,"timestamp":null,"begin":null,"end":null,"altitudeMode":null,"tessellate":"NA","extrude":"NA","visibility":"NA","drawOrder":"NA","icon":null,"ltla22cd":null,"ltla22nm":null,"ltla22nmw":null,"label":null,"stroke-opacity":"NA","stroke-width":4,"stroke":"#1A73E8","fill-opacity":"NA","fill":null,"LengthInMetres":29,"Title":"Green Man Roundabout","Direction":"TwoWay","Flow":null,"Protection":null,"RoadOwnership":null,"YearBuilt":null,"Borough":"Waltham Forest"},"geometry":{"type":"LineString","coordinates":[[0.0163364,51.57327],[0.0166308,51.57345]]}},{"type":"Feature","properties":{"Name":null,"description":null,"timestamp":null,"begin":null,"end":null,"altitudeMode":null,"tessellate":"NA","extrude":"NA","visibility":"NA","drawOrder":"NA","icon":null,"ltla22cd":null,"ltla22nm":null,"ltla22nmw":null,"label":null,"stroke-opacity":"NA","stroke-width":4,"stroke":"#1A73E8","fill-opacity":"NA","fill":null,"LengthInMetres":6,"Title":"Green Man Roundabout","Direction":"TwoWay","Flow":null,"Protection":null,"RoadOwnership":null,"YearBuilt":null,"Borough":"Waltham Forest"},"geometry":{"type":"LineString","coordinates":[[0.0166308,51.57345],[0.0167157,51.57346]]}},{"type":"Feature","properties":{"Name":null,"description":null,"timestamp":null,"begin":null,"end":null,"altitudeMode":null,"tessellate":"NA","extrude":"NA","visibility":"NA","drawOrder":"NA","icon":null,"ltla22cd":null,"ltla22nm":null,"ltla22nmw":null,"label":null,"stroke-opacity":"NA","stroke-width":4,"stroke":"#1A73E8","fill-opacity":"NA","fill":null,"LengthInMetres":1,"Title":"Green Man Roundabout","Direction":"TwoWay","Flow":null,"Protection":null,"RoadOwnership":null,"YearBuilt":null,"Borough":"Waltham Forest"},"geometry":{"type":"LineString","coordinates":[[0.0167157,51.57346],[0.0167264,51.57346]]}},{"type":"Feature","properties":{"Name":null,"description":null,"timestamp":null,"begin":null,"end":null,"altitudeMode":null,"tessellate":"NA","extrude":"NA","visibility":"NA","drawOrder":"NA","icon":null,"ltla22cd":null,"ltla22nm":null,"ltla22nmw":null,"label":null,"stroke-opacity":"NA","stroke-width":4,"stroke":"#1A73E8","fill-opacity":"NA","fill":null,"LengthInMetres":145,"Title":"Green Man Roundabout","Direction":"TwoWay","Flow":null,"Protection":null,"RoadOwnership":null,"YearBuilt":null,"Borough":"Waltham Forest"},"geometry":{"type":"LineString","coordinates":[[0.0161065,51.57318],[0.0161152,51.57279],[0.016201,51.57249],[0.0163405,51.57214],[0.0164766,51.57191]]}},{"type":"Feature","properties":{"Name":null,"description":null,"timestamp":null,"begin":null,"end":null,"altitudeMode":null,"tessellate":"NA","extrude":"NA","visibility":"NA","drawOrder":"NA","icon":null,"ltla22cd":null,"ltla22nm":null,"ltla22nmw":null,"label":null,"stroke-opacity":"NA","stroke-width":4,"stroke":"#1A73E8","fill-opacity":"NA","fill":null,"LengthInMetres":15,"Title":"Green Man Roundabout","Direction":"TwoWay","Flow":null,"Protection":null,"RoadOwnership":null,"YearBuilt":null,"Borough":"Waltham Forest"},"geometry":{"type":"LineString","coordinates":[[0.0164766,51.57191],[0.0163161,51.57182]]}},{"type":"Feature","properties":{"Name":null,"description":null,"timestamp":null,"begin":null,"end":null,"altitudeMode":null,"tessellate":"NA","extrude":"NA","visibility":"NA","drawOrder":"NA","icon":null,"ltla22cd":null,"ltla22nm":null,"ltla22nmw":null,"label":null,"stroke-opacity":"NA","stroke-width":4,"stroke":"#1A73E8","fill-opacity":"NA","fill":null,"LengthInMetres":16,"Title":"Green Man Roundabout","Direction":"TwoWay","Flow":null,"Protection":null,"RoadOwnership":null,"YearBuilt":null,"Borough":"Waltham Forest"},"geometry":{"type":"LineString","coordinates":[[0.0163161,51.57182],[0.0161435,51.57173]]}},{"type":"Feature","properties":{"Name":null,"description":null,"timestamp":null,"begin":null,"end":null,"altitudeMode":null,"tessellate":"NA","extrude":"NA","visibility":"NA","drawOrder":"NA","icon":null,"ltla22cd":null,"ltla22nm":null,"ltla22nmw":null,"label":null,"stroke-opacity":"NA","stroke-width":4,"stroke":"#1A73E8","fill-opacity":"NA","fill":null,"LengthInMetres":21,"Title":"Green Man Roundabout","Direction":"TwoWay","Flow":null,"Protection":null,"RoadOwnership":null,"YearBuilt":null,"Borough":"Waltham Forest"},"geometry":{"type":"LineString","coordinates":[[0.0161435,51.57173],[0.0159119,51.57161]]}},{"type":"Feature","properties":{"Name":null,"description":null,"timestamp":null,"begin":null,"end":null,"altitudeMode":null,"tessellate":"NA","extrude":"NA","visibility":"NA","drawOrder":"NA","icon":null,"ltla22cd":null,"ltla22nm":null,"ltla22nmw":null,"label":null,"stroke-opacity":"NA","stroke-width":4,"stroke":"#1A73E8","fill-opacity":"NA","fill":null,"LengthInMetres":11,"Title":"Green Man Roundabout","Direction":"TwoWay","Flow":null,"Protection":null,"RoadOwnership":null,"YearBuilt":null,"Borough":"Waltham Forest"},"geometry":{"type":"LineString","coordinates":[[0.0159119,51.57161],[0.0158057,51.57154]]}},{"type":"Feature","properties":{"Name":null,"description":null,"timestamp":null,"begin":null,"end":null,"altitudeMode":null,"tessellate":"NA","extrude":"NA","visibility":"NA","drawOrder":"NA","icon":null,"ltla22cd":null,"ltla22nm":null,"ltla22nmw":null,"label":null,"stroke-opacity":"NA","stroke-width":4,"stroke":"#1A73E8","fill-opacity":"NA","fill":null,"LengthInMetres":4,"Title":"Green Man Roundabout","Direction":"TwoWay","Flow":null,"Protection":null,"RoadOwnership":null,"YearBuilt":null,"Borough":"Waltham Forest"},"geometry":{"type":"LineString","coordinates":[[0.0158057,51.57154],[0.0157663,51.57151]]}},{"type":"Feature","properties":{"Name":null,"description":null,"timestamp":null,"begin":null,"end":null,"altitudeMode":null,"tessellate":"NA","extrude":"NA","visibility":"NA","drawOrder":"NA","icon":null,"ltla22cd":null,"ltla22nm":null,"ltla22nmw":null,"label":null,"stroke-opacity":"NA","stroke-width":4,"stroke":"#1A73E8","fill-opacity":"NA","fill":null,"LengthInMetres":6,"Title":"Green Man Roundabout","Direction":"TwoWay","Flow":null,"Protection":null,"RoadOwnership":null,"YearBuilt":null,"Borough":"Waltham Forest"},"geometry":{"type":"LineString","coordinates":[[0.0157663,51.57151],[0.0157282,51.57146]]}},{"type":"Feature","properties":{"Name":null,"description":null,"timestamp":null,"begin":null,"end":null,"altitudeMode":null,"tessellate":"NA","extrude":"NA","visibility":"NA","drawOrder":"NA","icon":null,"ltla22cd":null,"ltla22nm":null,"ltla22nmw":null,"label":null,"stroke-opacity":"NA","stroke-width":4,"stroke":"#1A73E8","fill-opacity":"NA","fill":null,"LengthInMetres":6,"Title":"Green Man Roundabout","Direction":"TwoWay","Flow":null,"Protection":null,"RoadOwnership":null,"YearBuilt":null,"Borough":"Waltham Forest"},"geometry":{"type":"LineString","coordinates":[[0.0157282,51.57146],[0.01569,51.57141]]}},{"type":"Feature","properties":{"Name":null,"description":null,"timestamp":null,"begin":null,"end":null,"altitudeMode":null,"tessellate":"NA","extrude":"NA","visibility":"NA","drawOrder":"NA","icon":null,"ltla22cd":null,"ltla22nm":null,"ltla22nmw":null,"label":null,"stroke-opacity":"NA","stroke-width":4,"stroke":"#1A73E8","fill-opacity":"NA","fill":null,"LengthInMetres":10,"Title":"Green Man Roundabout","Direction":"TwoWay","Flow":null,"Protection":null,"RoadOwnership":null,"YearBuilt":null,"Borough":"Waltham Forest"},"geometry":{"type":"LineString","coordinates":[[0.01569,51.57141],[0.0156723,51.57132]]}},{"type":"Feature","properties":{"Name":null,"description":null,"timestamp":null,"begin":null,"end":null,"altitudeMode":null,"tessellate":"NA","extrude":"NA","visibility":"NA","drawOrder":"NA","icon":null,"ltla22cd":null,"ltla22nm":null,"ltla22nmw":null,"label":null,"stroke-opacity":"NA","stroke-width":4,"stroke":"#1A73E8","fill-opacity":"NA","fill":null,"LengthInMetres":9,"Title":"Green Man Roundabout","Direction":"TwoWay","Flow":null,"Protection":null,"RoadOwnership":null,"YearBuilt":null,"Borough":"Waltham Forest"},"geometry":{"type":"LineString","coordinates":[[0.0156723,51.57132],[0.0156653,51.57124]]}},{"type":"Feature","properties":{"Name":null,"description":null,"timestamp":null,"begin":null,"end":null,"altitudeMode":null,"tessellate":"NA","extrude":"NA","visibility":"NA","drawOrder":"NA","icon":null,"ltla22cd":null,"ltla22nm":null,"ltla22nmw":null,"label":null,"stroke-opacity":"NA","stroke-width":4,"stroke":"#1A73E8","fill-opacity":"NA","fill":null,"LengthInMetres":69,"Title":"Green Man Roundabout","Direction":"TwoWay","Flow":null,"Protection":null,"RoadOwnership":null,"YearBuilt":null,"Borough":"Waltham Forest"},"geometry":{"type":"LineString","coordinates":[[0.0164766,51.57191],[0.0173168,51.57224]]}},{"type":"Feature","properties":{"Name":null,"description":null,"timestamp":null,"begin":null,"end":null,"altitudeMode":null,"tessellate":"NA","extrude":"NA","visibility":"NA","drawOrder":"NA","icon":null,"ltla22cd":null,"ltla22nm":null,"ltla22nmw":null,"label":null,"stroke-opacity":"NA","stroke-width":4,"stroke":"#1A73E8","fill-opacity":"NA","fill":null,"LengthInMetres":4,"Title":"Green Man Roundabout","Direction":"TwoWay","Flow":null,"Protection":null,"RoadOwnership":null,"YearBuilt":null,"Borough":"Waltham Forest"},"geometry":{"type":"LineString","coordinates":[[0.0173168,51.57224],[0.0173168,51.57228]]}},{"type":"Feature","properties":{"Name":null,"description":null,"timestamp":null,"begin":null,"end":null,"altitudeMode":null,"tessellate":"NA","extrude":"NA","visibility":"NA","drawOrder":"NA","icon":null,"ltla22cd":null,"ltla22nm":null,"ltla22nmw":null,"label":null,"stroke-opacity":"NA","stroke-width":4,"stroke":"#1A73E8","fill-opacity":"NA","fill":null,"LengthInMetres":6,"Title":"Green Man Roundabout","Direction":"TwoWay","Flow":null,"Protection":null,"RoadOwnership":null,"YearBuilt":null,"Borough":"Waltham Forest"},"geometry":{"type":"LineString","coordinates":[[0.0173168,51.57228],[0.0172933,51.57233]]}},{"type":"Feature","properties":{"Name":null,"description":null,"timestamp":null,"begin":null,"end":null,"altitudeMode":null,"tessellate":"NA","extrude":"NA","visibility":"NA","drawOrder":"NA","icon":null,"ltla22cd":null,"ltla22nm":null,"ltla22nmw":null,"label":null,"stroke-opacity":"NA","stroke-width":4,"stroke":"#1A73E8","fill-opacity":"NA","fill":null,"LengthInMetres":5,"Title":"Green Man Roundabout","Direction":"TwoWay","Flow":null,"Protection":null,"RoadOwnership":null,"YearBuilt":null,"Borough":"Waltham Forest"},"geometry":{"type":"LineString","coordinates":[[0.0172933,51.57233],[0.0172511,51.57237]]}},{"type":"Feature","properties":{"Name":null,"description":null,"timestamp":null,"begin":null,"end":null,"altitudeMode":null,"tessellate":"NA","extrude":"NA","visibility":"NA","drawOrder":"NA","icon":null,"ltla22cd":null,"ltla22nm":null,"ltla22nmw":null,"label":null,"stroke-opacity":"NA","stroke-width":4,"stroke":"#1A73E8","fill-opacity":"NA","fill":null,"LengthInMetres":11,"Title":"Green Man Roundabout","Direction":"TwoWay","Flow":null,"Protection":null,"RoadOwnership":null,"YearBuilt":null,"Borough":"Waltham Forest"},"geometry":{"type":"LineString","coordinates":[[0.0172511,51.57237],[0.0171585,51.57245]]}},{"type":"Feature","properties":{"Name":null,"description":null,"timestamp":null,"begin":null,"end":null,"altitudeMode":null,"tessellate":"NA","extrude":"NA","visibility":"NA","drawOrder":"NA","icon":null,"ltla22cd":null,"ltla22nm":null,"ltla22nmw":null,"label":null,"stroke-opacity":"NA","stroke-width":4,"stroke":"#1A73E8","fill-opacity":"NA","fill":null,"LengthInMetres":5,"Title":"Green Man Roundabout","Direction":"TwoWay","Flow":null,"Protection":null,"RoadOwnership":null,"YearBuilt":null,"Borough":"Waltham Forest"},"geometry":{"type":"LineString","coordinates":[[0.0171585,51.57245],[0.0171193,51.57249]]}},{"type":"Feature","properties":{"Name":null,"description":null,"timestamp":null,"begin":null,"end":null,"altitudeMode":null,"tessellate":"NA","extrude":"NA","visibility":"NA","drawOrder":"NA","icon":null,"ltla22cd":null,"ltla22nm":null,"ltla22nmw":null,"label":null,"stroke-opacity":"NA","stroke-width":4,"stroke":"#1A73E8","fill-opacity":"NA","fill":null,"LengthInMetres":4,"Title":"Green Man Roundabout","Direction":"TwoWay","Flow":null,"Protection":null,"RoadOwnership":null,"YearBuilt":null,"Borough":"Waltham Forest"},"geometry":{"type":"LineString","coordinates":[[0.0171193,51.57249],[0.0171015,51.57252]]}},{"type":"Feature","properties":{"Name":null,"description":null,"timestamp":null,"begin":null,"end":null,"altitudeMode":null,"tessellate":"NA","extrude":"NA","visibility":"NA","drawOrder":"NA","icon":null,"ltla22cd":null,"ltla22nm":null,"ltla22nmw":null,"label":null,"stroke-opacity":"NA","stroke-width":4,"stroke":"#1A73E8","fill-opacity":"NA","fill":null,"LengthInMetres":6,"Title":"Green Man Roundabout","Direction":"TwoWay","Flow":null,"Protection":null,"RoadOwnership":null,"YearBuilt":null,"Borough":"Waltham Forest"},"geometry":{"type":"LineString","coordinates":[[0.0171015,51.57252],[0.0171072,51.57257]]}},{"type":"Feature","properties":{"Name":null,"description":null,"timestamp":null,"begin":null,"end":null,"altitudeMode":null,"tessellate":"NA","extrude":"NA","visibility":"NA","drawOrder":"NA","icon":null,"ltla22cd":null,"ltla22nm":null,"ltla22nmw":null,"label":null,"stroke-opacity":"NA","stroke-width":4,"stroke":"#1A73E8","fill-opacity":"NA","fill":null,"LengthInMetres":7,"Title":"Green Man Roundabout","Direction":"TwoWay","Flow":null,"Protection":null,"RoadOwnership":null,"YearBuilt":null,"Borough":"Waltham Forest"},"geometry":{"type":"LineString","coordinates":[[0.0171072,51.57257],[0.0171425,51.57263]]}},{"type":"Feature","properties":{"Name":null,"description":null,"timestamp":null,"begin":null,"end":null,"altitudeMode":null,"tessellate":"NA","extrude":"NA","visibility":"NA","drawOrder":"NA","icon":null,"ltla22cd":null,"ltla22nm":null,"ltla22nmw":null,"label":null,"stroke-opacity":"NA","stroke-width":4,"stroke":"#1A73E8","fill-opacity":"NA","fill":null,"LengthInMetres":69,"Title":"Green Man Roundabout","Direction":"TwoWay","Flow":null,"Protection":null,"RoadOwnership":null,"YearBuilt":null,"Borough":"Waltham Forest"},"geometry":{"type":"LineString","coordinates":[[0.0173168,51.57224],[0.0168967,51.57207],[0.0164766,51.57191]]}},{"type":"Feature","properties":{"Name":null,"description":null,"timestamp":null,"begin":null,"end":null,"altitudeMode":null,"tessellate":"NA","extrude":"NA","visibility":"NA","drawOrder":"NA","icon":null,"ltla22cd":null,"ltla22nm":null,"ltla22nmw":null,"label":null,"stroke-opacity":"NA","stroke-width":4,"stroke":"#1A73E8","fill-opacity":"NA","fill":null,"LengthInMetres":130,"Title":"Green Man Roundabout","Direction":"TwoWay","Flow":null,"Protection":null,"RoadOwnership":null,"YearBuilt":null,"Borough":"Waltham Forest"},"geometry":{"type":"LineString","coordinates":[[0.0164766,51.57191],[0.0165872,51.57176],[0.016669,51.57152],[0.0167139,51.57137],[0.0167803,51.57123],[0.017003,51.571],[0.0171076,51.5709],[0.0171116,51.57086],[0.0170996,51.57083]]}},{"type":"Feature","properties":{"Name":null,"description":null,"timestamp":null,"begin":null,"end":null,"altitudeMode":null,"tessellate":"NA","extrude":"NA","visibility":"NA","drawOrder":"NA","icon":null,"ltla22cd":null,"ltla22nm":null,"ltla22nmw":null,"label":null,"stroke-opacity":"NA","stroke-width":4,"stroke":"#1A73E8","fill-opacity":"NA","fill":null,"LengthInMetres":244,"Title":"Green Man Roundabout","Direction":"TwoWay","Flow":null,"Protection":null,"RoadOwnership":null,"YearBuilt":null,"Borough":"Waltham Forest"},"geometry":{"type":"LineString","coordinates":[[0.0159276,51.57099],[0.015984,51.57101],[0.0160403,51.57111],[0.0161583,51.57116],[0.0163836,51.57114],[0.0165311,51.57113],[0.0167457,51.57114],[0.0168637,51.57116],[0.0169898,51.57124],[0.0171507,51.5714],[0.0172982,51.57151],[0.0173787,51.57156],[0.0174726,51.57159],[0.0177113,51.57158],[0.0178588,51.57158],[0.01806,51.57158],[0.0183443,51.5716],[0.0186233,51.57162],[0.0189482,51.57169]]}},{"type":"Feature","properties":{"Name":null,"description":null,"timestamp":null,"begin":null,"end":null,"altitudeMode":null,"tessellate":"NA","extrude":"NA","visibility":"NA","drawOrder":"NA","icon":null,"ltla22cd":null,"ltla22nm":null,"ltla22nmw":null,"label":null,"stroke-opacity":"NA","stroke-width":4,"stroke":"#1A73E8","fill-opacity":"NA","fill":null,"LengthInMetres":59,"Title":"Green Man Roundabout","Direction":"TwoWay","Flow":null,"Protection":null,"RoadOwnership":null,"YearBuilt":null,"Borough":"Waltham Forest"},"geometry":{"type":"LineString","coordinates":[[0.0173168,51.57224],[0.0174173,51.57226],[0.017487,51.57226],[0.0175662,51.57225],[0.0176265,51.57222],[0.0177003,51.57218],[0.0178022,51.57211],[0.0178921,51.57205],[0.0179591,51.57203],[0.0180124,51.57202]]}},{"type":"Feature","properties":{"Name":null,"description":null,"timestamp":null,"begin":null,"end":null,"altitudeMode":null,"tessellate":"NA","extrude":"NA","visibility":"NA","drawOrder":"NA","icon":null,"ltla22cd":null,"ltla22nm":null,"ltla22nmw":null,"label":null,"stroke-opacity":"NA","stroke-width":4,"stroke":"#1A73E8","fill-opacity":"NA","fill":null,"LengthInMetres":68,"Title":"Green Man Roundabout","Direction":"TwoWay","Flow":null,"Protection":null,"RoadOwnership":null,"YearBuilt":null,"Borough":"Waltham Forest"},"geometry":{"type":"LineString","coordinates":[[0.0180204,51.57202],[0.0180624,51.57202],[0.0181603,51.57202],[0.0182099,51.57203],[0.0184138,51.5721],[0.0188935,51.57228]]}},{"type":"Feature","properties":{"Name":null,"description":null,"timestamp":null,"begin":null,"end":null,"altitudeMode":null,"tessellate":"NA","extrude":"NA","visibility":"NA","drawOrder":"NA","icon":null,"ltla22cd":null,"ltla22nm":null,"ltla22nmw":null,"label":null,"stroke-opacity":"NA","stroke-width":4,"stroke":"#1A73E8","fill-opacity":"NA","fill":null,"LengthInMetres":593,"Title":"Temple Mills Lane","Direction":"TwoWay","Flow":null,"Protection":null,"RoadOwnership":null,"YearBuilt":null,"Borough":"Waltham Forest"},"geometry":{"type":"LineString","coordinates":[[-0.0160022,51.55562],[-0.0152283,51.55523],[-0.0147616,51.55498],[-0.0143378,51.55476],[-0.0131576,51.5542],[-0.0127285,51.55402],[-0.0123637,51.55388],[-0.0119453,51.55373],[-0.0113659,51.55356],[-0.0108617,51.55337],[-0.0104969,51.5532],[-0.0100463,51.55293],[-0.0097029,51.55262],[-0.0094924,51.5523]]}},{"type":"Feature","properties":{"Name":null,"description":null,"timestamp":null,"begin":null,"end":null,"altitudeMode":null,"tessellate":"NA","extrude":"NA","visibility":"NA","drawOrder":"NA","icon":null,"ltla22cd":null,"ltla22nm":null,"ltla22nmw":null,"label":null,"stroke-opacity":"NA","stroke-width":4,"stroke":"#1A73E8","fill-opacity":"NA","fill":null,"LengthInMetres":169,"Title":"Ferry Lane","Direction":"TwoWay","Flow":null,"Protection":null,"RoadOwnership":null,"YearBuilt":null,"Borough":"Waltham Forest"},"geometry":{"type":"LineString","coordinates":[[-0.0510704,51.58618],[-0.0516068,51.58627],[-0.0521218,51.58648],[-0.0531518,51.58691],[-0.0531787,51.58692]]}},{"type":"Feature","properties":{"Name":null,"description":null,"timestamp":null,"begin":null,"end":null,"altitudeMode":null,"tessellate":"NA","extrude":"NA","visibility":"NA","drawOrder":"NA","icon":null,"ltla22cd":null,"ltla22nm":null,"ltla22nmw":null,"label":null,"stroke-opacity":"NA","stroke-width":4,"stroke":"#1A73E8","fill-opacity":"NA","fill":null,"LengthInMetres":268,"Title":"Friday Hill","Direction":"TwoWay","Flow":null,"Protection":null,"RoadOwnership":null,"YearBuilt":null,"Borough":"Waltham Forest"},"geometry":{"type":"LineString","coordinates":[[0.0080523,51.61864],[0.0080377,51.6187],[0.0080325,51.61883],[0.0081317,51.61887],[0.0082162,51.61892],[0.0082792,51.61899],[0.008361,51.61905],[0.00842,51.6191],[0.0086065,51.61935],[0.008821,51.61935],[0.0088358,51.6195],[0.0088157,51.61992],[0.0087942,51.62062],[0.0088157,51.62079]]}},{"type":"Feature","properties":{"Name":null,"description":null,"timestamp":null,"begin":null,"end":null,"altitudeMode":null,"tessellate":"NA","extrude":"NA","visibility":"NA","drawOrder":"NA","icon":null,"ltla22cd":null,"ltla22nm":null,"ltla22nmw":null,"label":null,"stroke-opacity":"NA","stroke-width":2,"stroke":"#1A73E8","fill-opacity":"NA","fill":null,"LengthInMetres":51,"Title":"Larkshall Road","Direction":"OneWay","Flow":null,"Protection":null,"RoadOwnership":null,"YearBuilt":null,"Borough":"Waltham Forest"},"geometry":{"type":"LineString","coordinates":[[-0.0018344,51.60986],[-0.0017057,51.60965],[-0.0016306,51.60942]]}},{"type":"Feature","properties":{"Name":null,"description":null,"timestamp":null,"begin":null,"end":null,"altitudeMode":null,"tessellate":"NA","extrude":"NA","visibility":"NA","drawOrder":"NA","icon":null,"ltla22cd":null,"ltla22nm":null,"ltla22nmw":null,"label":null,"stroke-opacity":"NA","stroke-width":2,"stroke":"#1A73E8","fill-opacity":"NA","fill":null,"LengthInMetres":57,"Title":"Larkshall Road","Direction":"OneWay","Flow":null,"Protection":null,"RoadOwnership":null,"YearBuilt":null,"Borough":"Waltham Forest"},"geometry":{"type":"LineString","coordinates":[[-0.0024996,51.61039],[-0.0026498,51.61056],[-0.0027034,51.61073],[-0.0026713,51.61087]]}},{"type":"Feature","properties":{"Name":null,"description":null,"timestamp":null,"begin":null,"end":null,"altitudeMode":null,"tessellate":"NA","extrude":"NA","visibility":"NA","drawOrder":"NA","icon":null,"ltla22cd":null,"ltla22nm":null,"ltla22nmw":null,"label":null,"stroke-opacity":"NA","stroke-width":2,"stroke":"#1A73E8","fill-opacity":"NA","fill":null,"LengthInMetres":615,"Title":"Snaresbrook Road","Direction":"OneWay","Flow":null,"Protection":null,"RoadOwnership":null,"YearBuilt":null,"Borough":"Waltham Forest"},"geometry":{"type":"LineString","coordinates":[[0.0147471,51.58327],[0.0120138,51.58334],[0.0099324,51.58339],[0.0078752,51.58346],[0.0070698,51.58348],[0.006817,51.5835],[0.0065636,51.58352],[0.0063745,51.58356],[0.006223,51.5836],[0.0061318,51.58363],[0.0059735,51.58371]]}},{"type":"Feature","properties":{"Name":null,"description":null,"timestamp":null,"begin":null,"end":null,"altitudeMode":null,"tessellate":"NA","extrude":"NA","visibility":"NA","drawOrder":"NA","icon":null,"ltla22cd":null,"ltla22nm":null,"ltla22nmw":null,"label":null,"stroke-opacity":"NA","stroke-width":2,"stroke":"#1A73E8","fill-opacity":"NA","fill":null,"LengthInMetres":275,"Title":"Woodford New Road","Direction":"OneWay","Flow":null,"Protection":null,"RoadOwnership":null,"YearBuilt":null,"Borough":"Waltham Forest"},"geometry":{"type":"LineString","coordinates":[[0.0030901,51.5823],[0.0022546,51.5819],[0.0019991,51.5818],[0.00158,51.58166],[0.0013909,51.58161],[0.0010409,51.58153],[0.000601,51.5815],[0.0003435,51.58147],[0.0001182,51.58143],[-0.0000508,51.58138],[-0.0003968,51.58122]]}},{"type":"Feature","properties":{"Name":null,"description":null,"timestamp":null,"begin":null,"end":null,"altitudeMode":null,"tessellate":"NA","extrude":"NA","visibility":"NA","drawOrder":"NA","icon":null,"ltla22cd":null,"ltla22nm":null,"ltla22nmw":null,"label":null,"stroke-opacity":"NA","stroke-width":2,"stroke":"#1A73E8","fill-opacity":"NA","fill":null,"LengthInMetres":134,"Title":"Whipps Cross Road","Direction":"OneWay","Flow":null,"Protection":null,"RoadOwnership":null,"YearBuilt":null,"Borough":"Waltham Forest"},"geometry":{"type":"LineString","coordinates":[[0.0021057,51.58071],[0.0013493,51.58112],[0.000652,51.5815]]}},{"type":"Feature","properties":{"Name":null,"description":null,"timestamp":null,"begin":null,"end":null,"altitudeMode":null,"tessellate":"NA","extrude":"NA","visibility":"NA","drawOrder":"NA","icon":null,"ltla22cd":null,"ltla22nm":null,"ltla22nmw":null,"label":null,"stroke-opacity":"NA","stroke-width":4,"stroke":"#1A73E8","fill-opacity":"NA","fill":null,"LengthInMetres":201,"Title":"Blackhorse Lane pre mini Holland with flow tracks","Direction":"TwoWay","Flow":null,"Protection":null,"RoadOwnership":null,"YearBuilt":null,"Borough":"Waltham Forest"},"geometry":{"type":"LineString","coordinates":[[-0.0398023,51.58962],[-0.0400223,51.58992],[-0.0401135,51.59027],[-0.040151,51.59059],[-0.0401188,51.59073],[-0.0400813,51.59094],[-0.0399633,51.59138]]}},{"type":"Feature","properties":{"Name":null,"description":null,"timestamp":null,"begin":null,"end":null,"altitudeMode":null,"tessellate":"NA","extrude":"NA","visibility":"NA","drawOrder":"NA","icon":null,"ltla22cd":null,"ltla22nm":null,"ltla22nmw":null,"label":null,"stroke-opacity":"NA","stroke-width":4,"stroke":"#1A73E8","fill-opacity":"NA","fill":null,"LengthInMetres":162,"Title":"Whipps Cross Road","Direction":"TwoWay","Flow":null,"Protection":null,"RoadOwnership":null,"YearBuilt":null,"Borough":"Waltham Forest"},"geometry":{"type":"LineString","coordinates":[[0.0020926,51.58209],[0.0021838,51.58194],[0.0022643,51.58179],[0.0023367,51.58159],[0.0023662,51.58142],[0.0023635,51.58132],[0.0023474,51.58116],[0.0023407,51.58105],[0.0023716,51.58093],[0.0024225,51.58083],[0.0025325,51.58068]]}},{"type":"Feature","properties":{"Name":null,"description":null,"timestamp":null,"begin":null,"end":null,"altitudeMode":null,"tessellate":"NA","extrude":"NA","visibility":"NA","drawOrder":"NA","icon":null,"ltla22cd":null,"ltla22nm":null,"ltla22nmw":null,"label":null,"stroke-opacity":"NA","stroke-width":4,"stroke":"#1A73E8","fill-opacity":"NA","fill":null,"LengthInMetres":410,"Title":"Grove Green Road","Direction":"TwoWay","Flow":null,"Protection":null,"RoadOwnership":null,"YearBuilt":null,"Borough":"Waltham Forest"},"geometry":{"type":"LineString","coordinates":[[-0.0049685,51.55859],[-0.0041478,51.55891],[-0.0030159,51.55936],[-0.002458,51.55959],[-0.002171,51.55971],[-0.0017338,51.55994],[-0.0015192,51.56007],[-0.0012617,51.5602],[-0.0009345,51.56039],[-0.0004946,51.56056],[-0.0001405,51.5607]]}},{"type":"Feature","properties":{"Name":null,"description":null,"timestamp":null,"begin":null,"end":null,"altitudeMode":null,"tessellate":"NA","extrude":"NA","visibility":"NA","drawOrder":"NA","icon":null,"ltla22cd":null,"ltla22nm":null,"ltla22nmw":null,"label":null,"stroke-opacity":"NA","stroke-width":4,"stroke":"#1A73E8","fill-opacity":"NA","fill":null,"LengthInMetres":678,"Title":"Forest Road - LB Waltham Forest","Direction":"TwoWay","Flow":null,"Protection":null,"RoadOwnership":null,"YearBuilt":null,"Borough":"Waltham Forest"},"geometry":{"type":"LineString","coordinates":[[-0.0414152,51.58712],[-0.043882,51.58683],[-0.045427,51.58671],[-0.0472509,51.58652],[-0.048946,51.58635],[-0.0502335,51.58623],[-0.0510704,51.58618]]}},{"type":"Feature","properties":{"Name":null,"description":null,"timestamp":null,"begin":null,"end":null,"altitudeMode":null,"tessellate":"NA","extrude":"NA","visibility":"NA","drawOrder":"NA","icon":null,"ltla22cd":null,"ltla22nm":null,"ltla22nmw":null,"label":null,"stroke-opacity":"NA","stroke-width":4,"stroke":"#1A73E8","fill-opacity":"NA","fill":null,"LengthInMetres":11,"Title":"Hoe Street","Direction":"TwoWay","Flow":null,"Protection":null,"RoadOwnership":null,"YearBuilt":null,"Borough":"Waltham Forest"},"geometry":{"type":"LineString","coordinates":[[-0.0186537,51.58343],[-0.0185411,51.58336]]}},{"type":"Feature","properties":{"Name":null,"description":null,"timestamp":null,"begin":null,"end":null,"altitudeMode":null,"tessellate":"NA","extrude":"NA","visibility":"NA","drawOrder":"NA","icon":null,"ltla22cd":null,"ltla22nm":null,"ltla22nmw":null,"label":null,"stroke-opacity":"NA","stroke-width":4,"stroke":"#1A73E8","fill-opacity":"NA","fill":null,"LengthInMetres":11,"Title":"Hoe Street","Direction":"TwoWay","Flow":null,"Protection":null,"RoadOwnership":null,"YearBuilt":null,"Borough":"Waltham Forest"},"geometry":{"type":"LineString","coordinates":[[-0.0185411,51.58336],[-0.0185008,51.58339],[-0.0184123,51.58342]]}},{"type":"Feature","properties":{"Name":null,"description":null,"timestamp":null,"begin":null,"end":null,"altitudeMode":null,"tessellate":"NA","extrude":"NA","visibility":"NA","drawOrder":"NA","icon":null,"ltla22cd":null,"ltla22nm":null,"ltla22nmw":null,"label":null,"stroke-opacity":"NA","stroke-width":4,"stroke":"#1A73E8","fill-opacity":"NA","fill":null,"LengthInMetres":7,"Title":"Hoe Street","Direction":"TwoWay","Flow":null,"Protection":null,"RoadOwnership":null,"YearBuilt":null,"Borough":"Waltham Forest"},"geometry":{"type":"LineString","coordinates":[[-0.0184123,51.58342],[-0.0183131,51.58344]]}},{"type":"Feature","properties":{"Name":null,"description":null,"timestamp":null,"begin":null,"end":null,"altitudeMode":null,"tessellate":"NA","extrude":"NA","visibility":"NA","drawOrder":"NA","icon":null,"ltla22cd":null,"ltla22nm":null,"ltla22nmw":null,"label":null,"stroke-opacity":"NA","stroke-width":4,"stroke":"#1A73E8","fill-opacity":"NA","fill":null,"LengthInMetres":11,"Title":"Hoe Street","Direction":"TwoWay","Flow":null,"Protection":null,"RoadOwnership":null,"YearBuilt":null,"Borough":"Waltham Forest"},"geometry":{"type":"LineString","coordinates":[[-0.0184123,51.58342],[-0.0185008,51.58339],[-0.0185411,51.58336]]}},{"type":"Feature","properties":{"Name":null,"description":null,"timestamp":null,"begin":null,"end":null,"altitudeMode":null,"tessellate":"NA","extrude":"NA","visibility":"NA","drawOrder":"NA","icon":null,"ltla22cd":null,"ltla22nm":null,"ltla22nmw":null,"label":null,"stroke-opacity":"NA","stroke-width":4,"stroke":"#1A73E8","fill-opacity":"NA","fill":null,"LengthInMetres":360,"Title":"Hoe Street","Direction":"TwoWay","Flow":null,"Protection":null,"RoadOwnership":null,"YearBuilt":null,"Borough":"Waltham Forest"},"geometry":{"type":"LineString","coordinates":[[-0.0185411,51.58336],[-0.0184579,51.58328],[-0.0183935,51.5832],[-0.0183158,51.58301],[-0.0182728,51.5829],[-0.0182863,51.58272],[-0.0183319,51.58259],[-0.018407,51.58247],[-0.0185116,51.58234],[-0.0185411,51.58228],[-0.0185518,51.58223],[-0.0185384,51.58216],[-0.0184016,51.58181],[-0.0183775,51.58173],[-0.018364,51.58166],[-0.0183614,51.58156],[-0.0183909,51.58116],[-0.0183989,51.58104],[-0.0183989,51.58089],[-0.0183962,51.58068],[-0.0183541,51.5802]]}},{"type":"Feature","properties":{"Name":null,"description":null,"timestamp":null,"begin":null,"end":null,"altitudeMode":null,"tessellate":"NA","extrude":"NA","visibility":"NA","drawOrder":"NA","icon":null,"ltla22cd":null,"ltla22nm":null,"ltla22nmw":null,"label":null,"stroke-opacity":"NA","stroke-width":4,"stroke":"#1A73E8","fill-opacity":"NA","fill":null,"LengthInMetres":16,"Title":"Norlington Road","Direction":"TwoWay","Flow":null,"Protection":null,"RoadOwnership":null,"YearBuilt":null,"Borough":"Waltham Forest"},"geometry":{"type":"LineString","coordinates":[[-0.0018295,51.56673],[-0.0016418,51.56664]]}},{"type":"Feature","properties":{"Name":null,"description":null,"timestamp":null,"begin":null,"end":null,"altitudeMode":null,"tessellate":"NA","extrude":"NA","visibility":"NA","drawOrder":"NA","icon":null,"ltla22cd":null,"ltla22nm":null,"ltla22nmw":null,"label":null,"stroke-opacity":"NA","stroke-width":4,"stroke":"#1A73E8","fill-opacity":"NA","fill":null,"LengthInMetres":16,"Title":"Northwall Road","Direction":"TwoWay","Flow":null,"Protection":null,"RoadOwnership":null,"YearBuilt":null,"Borough":"Waltham Forest"},"geometry":{"type":"LineString","coordinates":[[-0.0097605,51.55232],[-0.0095354,51.55236]]}},{"type":"Feature","properties":{"Name":null,"description":null,"timestamp":null,"begin":null,"end":null,"altitudeMode":null,"tessellate":"NA","extrude":"NA","visibility":"NA","drawOrder":"NA","icon":null,"ltla22cd":null,"ltla22nm":null,"ltla22nmw":null,"label":null,"stroke-opacity":"NA","stroke-width":4,"stroke":"#1A73E8","fill-opacity":"NA","fill":null,"LengthInMetres":109,"Title":"Forest Road","Direction":"TwoWay","Flow":null,"Protection":null,"RoadOwnership":null,"YearBuilt":null,"Borough":"Waltham Forest"},"geometry":{"type":"LineString","coordinates":[[-0.0175744,51.59022],[-0.0160694,51.58993]]}},{"type":"Feature","properties":{"Name":null,"description":null,"timestamp":null,"begin":null,"end":null,"altitudeMode":null,"tessellate":"NA","extrude":"NA","visibility":"NA","drawOrder":"NA","icon":null,"ltla22cd":null,"ltla22nm":null,"ltla22nmw":null,"label":null,"stroke-opacity":"NA","stroke-width":4,"stroke":"#1A73E8","fill-opacity":"NA","fill":null,"LengthInMetres":120,"Title":"Bell Junction","Direction":"TwoWay","Flow":null,"Protection":null,"RoadOwnership":null,"YearBuilt":null,"Borough":"Waltham Forest"},"geometry":{"type":"LineString","coordinates":[[-0.017864,51.58982],[-0.017579,51.59001],[-0.017451,51.59014],[-0.017374,51.59018],[-0.017335,51.59022],[-0.017292,51.59031],[-0.017312,51.5904],[-0.017345,51.59051],[-0.017439,51.59076]]}},{"type":"Feature","properties":{"Name":null,"description":null,"timestamp":null,"begin":null,"end":null,"altitudeMode":null,"tessellate":"NA","extrude":"NA","visibility":"NA","drawOrder":"NA","icon":null,"ltla22cd":null,"ltla22nm":null,"ltla22nmw":null,"label":null,"stroke-opacity":"NA","stroke-width":4,"stroke":"#1A73E8","fill-opacity":"NA","fill":null,"LengthInMetres":289,"Title":"South Grove","Direction":"TwoWay","Flow":null,"Protection":null,"RoadOwnership":null,"YearBuilt":null,"Borough":"Waltham Forest"},"geometry":{"type":"LineString","coordinates":[[-0.0313587,51.5801],[-0.0309993,51.58017],[-0.0307204,51.58022],[-0.0306238,51.58025],[-0.0305004,51.58031],[-0.0302939,51.58037],[-0.0300525,51.58044],[-0.0296287,51.58055],[-0.0295402,51.58058],[-0.0292478,51.58067],[-0.0291083,51.58071],[-0.028942,51.58078],[-0.0287167,51.58089],[-0.0284834,51.58103],[-0.0283546,51.58112],[-0.0282795,51.58119],[-0.0282125,51.58126],[-0.0281642,51.58133],[-0.0281267,51.58143],[-0.0280998,51.58148],[-0.0280584,51.58151]]}},{"type":"Feature","properties":{"Name":null,"description":null,"timestamp":null,"begin":null,"end":null,"altitudeMode":null,"tessellate":"NA","extrude":"NA","visibility":"NA","drawOrder":"NA","icon":null,"ltla22cd":null,"ltla22nm":null,"ltla22nmw":null,"label":null,"stroke-opacity":"NA","stroke-width":4,"stroke":"#1A73E8","fill-opacity":"NA","fill":null,"LengthInMetres":237,"Title":"Hoe Street","Direction":"TwoWay","Flow":null,"Protection":null,"RoadOwnership":null,"YearBuilt":null,"Borough":"Waltham Forest"},"geometry":{"type":"LineString","coordinates":[[-0.0170898,51.57824],[-0.0173336,51.57848],[-0.0176179,51.5788],[-0.0177466,51.57897],[-0.0179666,51.57927],[-0.0180685,51.57944],[-0.0181919,51.5797],[-0.0182777,51.5799],[-0.0183314,51.58008],[-0.0183541,51.5802]]}},{"type":"Feature","properties":{"Name":null,"description":null,"timestamp":null,"begin":null,"end":null,"altitudeMode":null,"tessellate":"NA","extrude":"NA","visibility":"NA","drawOrder":"NA","icon":null,"ltla22cd":null,"ltla22nm":null,"ltla22nmw":null,"label":null,"stroke-opacity":"NA","stroke-width":4,"stroke":"#1A73E8","fill-opacity":"NA","fill":null,"LengthInMetres":21,"Title":"Greenleaf Road","Direction":"TwoWay","Flow":null,"Protection":null,"RoadOwnership":null,"YearBuilt":null,"Borough":"Waltham Forest"},"geometry":{"type":"LineString","coordinates":[[-0.022841,51.58784],[-0.0227122,51.58781],[-0.0226331,51.58779],[-0.0225526,51.58778]]}},{"type":"Feature","properties":{"Name":null,"description":null,"timestamp":null,"begin":null,"end":null,"altitudeMode":null,"tessellate":"NA","extrude":"NA","visibility":"NA","drawOrder":"NA","icon":null,"ltla22cd":null,"ltla22nm":null,"ltla22nmw":null,"label":null,"stroke-opacity":"NA","stroke-width":2,"stroke":"#1A73E8","fill-opacity":"NA","fill":null,"LengthInMetres":49,"Title":"Queen Elizabeth Road","Direction":"OneWay","Flow":null,"Protection":null,"RoadOwnership":null,"YearBuilt":null,"Borough":"Waltham Forest"},"geometry":{"type":"LineString","coordinates":[[-0.0342854,51.58979],[-0.0348862,51.58955]]}},{"type":"Feature","properties":{"Name":null,"description":null,"timestamp":null,"begin":null,"end":null,"altitudeMode":null,"tessellate":"NA","extrude":"NA","visibility":"NA","drawOrder":"NA","icon":null,"ltla22cd":null,"ltla22nm":null,"ltla22nmw":null,"label":null,"stroke-opacity":"NA","stroke-width":2,"stroke":"#1A73E8","fill-opacity":"NA","fill":null,"LengthInMetres":44,"Title":"Queen Elizabeth Road","Direction":"OneWay","Flow":null,"Protection":null,"RoadOwnership":null,"YearBuilt":null,"Borough":"Waltham Forest"},"geometry":{"type":"LineString","coordinates":[[-0.0317762,51.59094],[-0.0322818,51.5907]]}},{"type":"Feature","properties":{"Name":null,"description":null,"timestamp":null,"begin":null,"end":null,"altitudeMode":null,"tessellate":"NA","extrude":"NA","visibility":"NA","drawOrder":"NA","icon":null,"ltla22cd":null,"ltla22nm":null,"ltla22nmw":null,"label":null,"stroke-opacity":"NA","stroke-width":2,"stroke":"#1A73E8","fill-opacity":"NA","fill":null,"LengthInMetres":21,"Title":"Winns Terrace","Direction":"OneWay","Flow":null,"Protection":null,"RoadOwnership":null,"YearBuilt":null,"Borough":"Waltham Forest"},"geometry":{"type":"LineString","coordinates":[[-0.0222153,51.59261],[-0.0222421,51.59267],[-0.0222595,51.59269],[-0.022281,51.5927],[-0.0223185,51.5927],[-0.0224204,51.59269]]}},{"type":"Feature","properties":{"Name":null,"description":null,"timestamp":null,"begin":null,"end":null,"altitudeMode":null,"tessellate":"NA","extrude":"NA","visibility":"NA","drawOrder":"NA","icon":null,"ltla22cd":null,"ltla22nm":null,"ltla22nmw":null,"label":null,"stroke-opacity":"NA","stroke-width":4,"stroke":"#1A73E8","fill-opacity":"NA","fill":null,"LengthInMetres":37,"Title":"Blackhorse Road - Chingford","Direction":"TwoWay","Flow":null,"Protection":null,"RoadOwnership":null,"YearBuilt":null,"Borough":"Waltham Forest"},"geometry":{"type":"LineString","coordinates":[[-0.0164692,51.60153],[-0.0163849,51.60154],[-0.016327,51.60148],[-0.016293,51.60146],[-0.016083,51.60143],[-0.016064,51.60145],[-0.016032,51.60146]]}},{"type":"Feature","properties":{"Name":null,"description":null,"timestamp":null,"begin":null,"end":null,"altitudeMode":null,"tessellate":"NA","extrude":"NA","visibility":"NA","drawOrder":"NA","icon":null,"ltla22cd":null,"ltla22nm":null,"ltla22nmw":null,"label":null,"stroke-opacity":"NA","stroke-width":4,"stroke":"#1A73E8","fill-opacity":"NA","fill":null,"LengthInMetres":1090,"Title":"Forest Road (LB Waltham Forest)","Direction":"TwoWay","Flow":null,"Protection":null,"RoadOwnership":null,"YearBuilt":null,"Borough":"Waltham Forest"},"geometry":{"type":"LineString","coordinates":[[-0.0160694,51.58993],[-0.0155085,51.58987],[-0.0148004,51.58984],[-0.0131911,51.58996],[-0.0117534,51.59007],[-0.010938,51.59017],[-0.0098651,51.5904],[-0.0088781,51.59068],[-0.0080412,51.59095],[-0.0072688,51.59119],[-0.0064319,51.59136],[-0.005072,51.59159],[-0.0042272,51.59182],[-0.0024086,51.59227],[-0.001089,51.59244]]}},{"type":"Feature","properties":{"Name":null,"description":null,"timestamp":null,"begin":null,"end":null,"altitudeMode":null,"tessellate":"NA","extrude":"NA","visibility":"NA","drawOrder":"NA","icon":null,"ltla22cd":null,"ltla22nm":null,"ltla22nmw":null,"label":null,"stroke-opacity":"NA","stroke-width":4,"stroke":"#1A73E8","fill-opacity":"NA","fill":null,"LengthInMetres":350,"Title":"Forest Road (LB Waltham Forest)","Direction":"TwoWay","Flow":null,"Protection":null,"RoadOwnership":null,"YearBuilt":null,"Borough":"Waltham Forest"},"geometry":{"type":"LineString","coordinates":[[0.0050908,51.59325],[0.0099334,51.59413]]}},{"type":"Feature","properties":{"Name":null,"description":null,"timestamp":null,"begin":null,"end":null,"altitudeMode":null,"tessellate":"NA","extrude":"NA","visibility":"NA","drawOrder":"NA","icon":null,"ltla22cd":null,"ltla22nm":null,"ltla22nmw":null,"label":null,"stroke-opacity":"NA","stroke-width":4,"stroke":"#1A73E8","fill-opacity":"NA","fill":null,"LengthInMetres":32,"Title":"High Road Leytonstone","Direction":"TwoWay","Flow":null,"Protection":null,"RoadOwnership":null,"YearBuilt":null,"Borough":"Waltham Forest"},"geometry":{"type":"LineString","coordinates":[[0.0153776,51.57083],[0.0149377,51.57074]]}},{"type":"Feature","properties":{"Name":null,"description":null,"timestamp":null,"begin":null,"end":null,"altitudeMode":null,"tessellate":"NA","extrude":"NA","visibility":"NA","drawOrder":"NA","icon":null,"ltla22cd":null,"ltla22nm":null,"ltla22nmw":null,"label":null,"stroke-opacity":"NA","stroke-width":4,"stroke":"#1A73E8","fill-opacity":"NA","fill":null,"LengthInMetres":125,"Title":"High Road Leytonstone","Direction":"TwoWay","Flow":null,"Protection":null,"RoadOwnership":null,"YearBuilt":null,"Borough":"Waltham Forest"},"geometry":{"type":"LineString","coordinates":[[0.0149377,51.57074],[0.0153963,51.57103],[0.015568,51.57114],[0.0153936,51.57103],[0.0149377,51.57074]]}},{"type":"Feature","properties":{"Name":null,"description":null,"timestamp":null,"begin":null,"end":null,"altitudeMode":null,"tessellate":"NA","extrude":"NA","visibility":"NA","drawOrder":"NA","icon":null,"ltla22cd":null,"ltla22nm":null,"ltla22nmw":null,"label":null,"stroke-opacity":"NA","stroke-width":4,"stroke":"#1A73E8","fill-opacity":"NA","fill":null,"LengthInMetres":201,"Title":"High Road Leytonstone","Direction":"TwoWay","Flow":null,"Protection":null,"RoadOwnership":null,"YearBuilt":null,"Borough":"Waltham Forest"},"geometry":{"type":"LineString","coordinates":[[0.0149377,51.57074],[0.0146051,51.57058],[0.0141008,51.57031],[0.0137307,51.57011],[0.0133176,51.56989],[0.0130038,51.56973],[0.0131594,51.56981],[0.0130521,51.56989]]}},{"type":"Feature","properties":{"Name":null,"description":null,"timestamp":null,"begin":null,"end":null,"altitudeMode":null,"tessellate":"NA","extrude":"NA","visibility":"NA","drawOrder":"NA","icon":null,"ltla22cd":null,"ltla22nm":null,"ltla22nmw":null,"label":null,"stroke-opacity":"NA","stroke-width":2,"stroke":"#1A73E8","fill-opacity":"NA","fill":null,"LengthInMetres":148,"Title":"New Route","Direction":"OneWay","Flow":null,"Protection":null,"RoadOwnership":null,"YearBuilt":null,"Borough":"Waltham Forest"},"geometry":{"type":"LineString","coordinates":[[-0.033562,51.59267],[-0.0347,51.5938]]}}]}